Source path,Class name,Line count,Method count,Field count,WMC,LCOM4,TCC,CBO,Maintainability index
exist-start/src/main/java/org/exist/start/classloader/EXistClassLoader.java,org.exist.start.classloader.EXistClassLoader,23,2,0,4,2,0.0,4,66.07742441934896
exist-start/src/main/java/org/exist/start/classloader/ReflectionUtils.java,org.exist.start.classloader.ReflectionUtils,58,3,0,3,3,0.0,6,58.59180883969969
exist-start/src/main/java/org/exist/start/classloader/Classpath.java,org.exist.start.classloader.Classpath,110,9,1,20,3,0.16666666666666666,17,61.884077900465215
exist-start/src/main/java/org/exist/start/Main.java,org.exist.start.Main,417,16,26,58,3,0.09166666666666666,15,52.652584017140015
exist-start/src/main/java/org/exist/start/StopException.java,org.exist.start.StopException,6,1,0,1,1,1.0,1,76.56748572033354
exist-start/src/main/java/org/exist/start/CompatibleJavaVersionCheck.java,org.exist.start.CompatibleJavaVersionCheck,133,3,3,15,1,0.3333333333333333,7,46.69608703836906
exist-start/src/main/java/org/exist/start/StartException.java,org.exist.start.StartException,22,4,1,5,1,0.5,2,74.30350214392297
exist-start/src/test/java/org/exist/start/CompatibleJavaVersionCheckTest.java,org.exist.start.CompatibleJavaVersionCheckTest,196,24,0,24,24,0.0,4,66.12577652427117
exist-samples/src/main/java/org/exist/samples/Samples.java,org.exist.samples.Samples,104,11,1,11,5,0.0,2,71.15184385760364
exist-core/src/main/java/org/exist/client/ResourceDescriptor.java,org.exist.client.ResourceDescriptor,79,8,3,8,3,0.2857142857142857,2,71.80559852985743
exist-core/src/main/java/org/exist/client/PrettyXmldbURI.java,org.exist.client.PrettyXmldbURI,17,3,1,3,1,1.0,2,76.64116544738636
exist-core/src/main/java/org/exist/client/EnterKeyAdapter.java,org.exist.client.EnterKeyAdapter,39,3,1,10,2,0.3333333333333333,4,62.43822045062253
exist-core/src/main/java/org/exist/client/ClientAction.java,org.exist.client.ClientAction,25,2,0,3,1,0.0,1,67.95567812742425
exist-core/src/main/java/org/exist/client/FavouriteConnection.java,org.exist.client.FavouriteConnection,110,7,7,8,1,1.0,4,64.86088370982435
exist-core/src/main/java/org/exist/client/CommandlineOptions.java,org.exist.client.CommandlineOptions,284,3,54,7,2,0.0,7,36.15976621014744
exist-core/src/main/java/org/exist/client/Messages.java,org.exist.client.Messages,18,2,2,3,2,0.0,1,69.78205222088991
exist-core/src/main/java/org/exist/client/IndexDialog.java,org.exist.client.IndexDialog,449,10,8,27,2,0.3111111111111111,43,44.54858979809474
exist-core/src/main/java/org/exist/client/FavouriteConnections.java,org.exist.client.FavouriteConnections,142,6,1,15,3,0.06666666666666667,11,53.02330400794334
exist-core/src/main/java/org/exist/client/Connection.java,org.exist.client.Connection,87,7,5,7,1,0.5238095238095238,0,67.02888482072775
exist-core/src/main/java/org/exist/client/InteractiveClient.java,org.exist.client.InteractiveClient,2536,70,50,455,3,0.26749482401656316,128,45.32335980652421
exist-core/src/main/java/org/exist/client/BackupContentsFilter.java,org.exist.client.BackupContentsFilter,14,2,0,3,2,0.0,3,70.85211309460352
exist-core/src/main/java/org/exist/client/CollectionXConf.java,org.exist.client.CollectionXConf,655,19,10,62,1,0.4152046783625731,29,49.74044320955522
exist-core/src/main/java/org/exist/client/CheckboxTableCellRenderer.java,org.exist.client.CheckboxTableCellRenderer,50,2,2,6,1,1.0,9,53.093914115226546
exist-core/src/main/java/org/exist/client/QueryDialog.java,org.exist.client.QueryDialog,644,15,25,45,4,0.2857142857142857,73,43.92594320996065
exist-core/src/main/java/org/exist/client/MimeTypeFileFilter.java,org.exist.client.MimeTypeFileFilter,59,3,2,9,1,1.0,7,56.35357630182274
exist-core/src/main/java/org/exist/client/ConnectionDialog.java,org.exist.client.ConnectionDialog,645,31,35,71,13,0.023655913978494623,58,51.844633755409944
exist-core/src/main/java/org/exist/client/security/UmaskEditor.java,org.exist.client.security.UmaskEditor,22,1,1,1,1,1.0,6,55.31860053545667
exist-core/src/main/java/org/exist/client/security/FindUserForm.java,org.exist.client.security.FindUserForm,157,10,9,15,2,0.08888888888888889,26,57.216227641667885
exist-core/src/main/java/org/exist/client/security/AclTableModel.java,org.exist.client.security.AclTableModel,49,3,3,5,3,0.0,4,58.23864403701471
exist-core/src/main/java/org/exist/client/security/ReadOnlyDefaultTableModel.java,org.exist.client.security.ReadOnlyDefaultTableModel,20,2,1,2,2,0.0,1,73.15733587651413
exist-core/src/main/java/org/exist/client/security/RegExpInputVerifier.java,org.exist.client.security.RegExpInputVerifier,23,2,1,3,1,1.0,3,65.76850094300374
exist-core/src/main/java/org/exist/client/security/MemberOfGroupsListCellRenderer.java,org.exist.client.security.MemberOfGroupsListCellRenderer,25,2,1,4,1,1.0,6,62.416406240755784
exist-core/src/main/java/org/exist/client/security/UmaskSpinnerModel.java,org.exist.client.security.UmaskSpinnerModel,79,8,2,17,1,0.25,4,66.3091202030273
exist-core/src/main/java/org/exist/client/security/BasicPermissionsTableModel.java,org.exist.client.security.BasicPermissionsTableModel,69,5,2,5,5,0.0,4,59.64492415992831
exist-core/src/main/java/org/exist/client/security/AutoCompletion.java,org.exist.client.security.AutoCompletion,214,13,9,40,2,0.1794871794871795,20,57.62294439418123
exist-core/src/main/java/org/exist/client/security/UserDialog.java,org.exist.client.security.UserDialog,550,24,38,56,2,0.08333333333333333,49,50.719650184002
exist-core/src/main/java/org/exist/client/security/SortedListModel.java,org.exist.client.security.SortedListModel,63,11,2,13,1,1.0,5,73.84463650720862
exist-core/src/main/java/org/exist/client/security/FindGroupForm.java,org.exist.client.security.FindGroupForm,155,10,9,14,2,0.08888888888888889,26,57.36426176477634
exist-core/src/main/java/org/exist/client/security/UmaskDocumentFilter.java,org.exist.client.security.UmaskDocumentFilter,83,6,2,14,1,0.0,5,59.977551792927905
exist-core/src/main/java/org/exist/client/security/EditUserDialog.java,org.exist.client.security.EditUserDialog,180,10,4,23,1,0.044444444444444446,27,56.36602750557609
exist-core/src/main/java/org/exist/client/security/EditPropertiesDialog.java,org.exist.client.security.EditPropertiesDialog,639,21,59,53,2,0.19523809523809524,65,47.02070378335885
exist-core/src/main/java/org/exist/client/security/ModeDisplay.java,org.exist.client.security.ModeDisplay,141,2,12,23,1,1.0,1,37.32004004360755
exist-core/src/main/java/org/exist/client/security/EditGroupDialog.java,org.exist.client.security.EditGroupDialog,152,11,2,31,2,0.38181818181818183,21,59.147806653209926
exist-core/src/main/java/org/exist/client/security/UmaskEditorFormatter.java,org.exist.client.security.UmaskEditorFormatter,26,3,1,3,3,0.0,2,74.66588033261387
exist-core/src/main/java/org/exist/client/security/AccessControlEntryDialog.java,org.exist.client.security.AccessControlEntryDialog,313,16,21,31,5,0.05,38,53.55939803796115
exist-core/src/main/java/org/exist/client/security/GroupDialog.java,org.exist.client.security.GroupDialog,368,25,21,38,4,0.016666666666666666,44,57.42068283760893
exist-core/src/main/java/org/exist/client/security/UserManagerDialog.java,org.exist.client.security.UserManagerDialog,477,29,22,60,2,0.26108374384236455,54,56.24138093011664
exist-core/src/main/java/org/exist/client/DialogWithResponse.java,org.exist.client.DialogWithResponse,9,1,0,1,1,1.0,0,79.0496852907329
exist-core/src/main/java/org/exist/client/TriggersDialog.java,org.exist.client.TriggersDialog,327,8,6,19,1,0.32142857142857145,34,46.533743667186194
exist-core/src/main/java/org/exist/client/DocumentView.java,org.exist.client.DocumentView,388,13,15,35,1,0.5256410256410257,66,48.22050834306223
exist-core/src/main/java/org/exist/client/ClientFrame.java,org.exist.client.ClientFrame,1884,60,25,202,7,0.20225988700564973,137,47.77736876289982
exist-core/src/main/java/org/exist/client/ZipFilter.java,org.exist.client.ZipFilter,14,2,0,3,2,0.0,3,71.11237000324326
exist-core/src/main/java/org/exist/client/DialogCompleteWithResponse.java,org.exist.client.DialogCompleteWithResponse,8,1,0,1,1,1.0,0,80.16552457589864
exist-core/src/main/java/org/exist/client/UploadDialog.java,org.exist.client.UploadDialog,232,11,9,13,2,0.23636363636363636,23,52.62217705465925
exist-core/src/main/java/org/exist/client/tristatecheckbox/TristateState.java,org.exist.client.tristatecheckbox.TristateState,43,6,0,10,6,0.0,0,73.69094947953543
exist-core/src/main/java/org/exist/client/tristatecheckbox/TristateCheckBox.java,org.exist.client.tristatecheckbox.TristateCheckBox,103,10,2,23,3,0.06666666666666667,10,63.912473275146084
exist-core/src/main/java/org/exist/client/tristatecheckbox/TristateCheckboxTableCellEditor.java,org.exist.client.tristatecheckbox.TristateCheckboxTableCellEditor,41,3,3,3,1,0.6666666666666666,8,61.19710574840086
exist-core/src/main/java/org/exist/client/tristatecheckbox/TristateCheckBoxTableCellRenderer.java,org.exist.client.tristatecheckbox.TristateCheckBoxTableCellRenderer,48,2,2,5,1,1.0,9,53.69281208653413
exist-core/src/main/java/org/exist/client/NewResourceDialog.java,org.exist.client.NewResourceDialog,258,4,4,13,1,0.16666666666666666,34,38.48797641980852
exist-core/src/main/java/org/exist/client/CheckboxTableCellEditor.java,org.exist.client.CheckboxTableCellEditor,41,3,3,3,1,0.6666666666666666,7,61.27392549009229
exist-core/src/main/java/org/exist/client/LabelledBoolean.java,org.exist.client.LabelledBoolean,27,4,2,4,1,0.3333333333333333,0,75.13516984939504
exist-core/src/main/java/org/exist/client/DefaultConnectionSettings.java,org.exist.client.DefaultConnectionSettings,23,5,0,5,5,0.0,1,78.65049374568932
exist-core/src/main/java/org/exist/client/HighlightedTableCellRenderer.java,org.exist.client.HighlightedTableCellRenderer,55,1,5,8,1,1.0,8,41.58973885022193
exist-core/src/main/java/org/exist/Version.java,org.exist.Version,44,5,6,5,5,0.0,0,77.15477004271631
exist-core/src/main/java/org/exist/xmlrpc/ExistRpcTypeFactory.java,org.exist.xmlrpc.ExistRpcTypeFactory,38,3,0,7,3,0.0,6,62.838185309137444
exist-core/src/main/java/org/exist/xmlrpc/TupleParser.java,org.exist.xmlrpc.TupleParser,92,6,2,23,2,0.3333333333333333,16,57.972061254815884
exist-core/src/main/java/org/exist/xmlrpc/function/XmlRpcDocumentFunction.java,org.exist.xmlrpc.function.XmlRpcDocumentFunction,36,2,0,3,1,0.0,1,63.19303269232071
exist-core/src/main/java/org/exist/xmlrpc/function/XmlRpcCompiledXQueryFunction.java,org.exist.xmlrpc.function.XmlRpcCompiledXQueryFunction,33,2,0,3,1,0.0,1,65.32548272807213
exist-core/src/main/java/org/exist/xmlrpc/function/XmlRpcCollectionFunction.java,org.exist.xmlrpc.function.XmlRpcCollectionFunction,37,2,0,3,1,0.0,1,62.58166850749827
exist-core/src/main/java/org/exist/xmlrpc/function/XmlRpcFunction.java,org.exist.xmlrpc.function.XmlRpcFunction,36,2,0,3,1,0.0,1,63.19303269232071
exist-core/src/main/java/org/exist/xmlrpc/TupleSerializer.java,org.exist.xmlrpc.TupleSerializer,75,4,4,10,1,0.16666666666666666,12,55.394785450881784
exist-core/src/main/java/org/exist/xmlrpc/XmldbRequestProcessorFactory.java,org.exist.xmlrpc.XmldbRequestProcessorFactory,71,5,9,11,1,0.7,15,59.89098782740507
exist-core/src/main/java/org/exist/xmlrpc/RpcConnection.java,org.exist.xmlrpc.RpcConnection,3924,240,8,597,35,0.05693863319386332,165,56.62747958984987
exist-core/src/main/java/org/exist/xmlrpc/RpcServlet.java,org.exist.xmlrpc.RpcServlet,172,5,5,16,2,0.3,22,49.92505442501748
exist-core/src/main/java/org/exist/xmlrpc/ACEAiderSerializer.java,org.exist.xmlrpc.ACEAiderSerializer,46,4,4,5,1,0.16666666666666666,8,62.63822136462319
exist-core/src/main/java/org/exist/xmlrpc/SerializedResult.java,org.exist.xmlrpc.SerializedResult,31,3,1,4,1,1.0,2,68.6823125966638
exist-core/src/main/java/org/exist/xmlrpc/CachedContentFile.java,org.exist.xmlrpc.CachedContentFile,27,3,2,4,1,1.0,3,69.75240815310188
exist-core/src/main/java/org/exist/xmlrpc/RpcAPI.java,org.exist.xmlrpc.RpcAPI,1009,138,10,138,132,0.0,0,81.01796863732062
exist-core/src/main/java/org/exist/xmlrpc/QueryResultCache.java,org.exist.xmlrpc.QueryResultCache,75,8,4,23,1,0.35714285714285715,8,65.20091562305211
exist-core/src/main/java/org/exist/xmlrpc/QueryResult.java,org.exist.xmlrpc.QueryResult,63,7,4,10,2,0.2857142857142857,4,69.68531939039859
exist-core/src/main/java/org/exist/xmlrpc/AbstractCachedResult.java,org.exist.xmlrpc.AbstractCachedResult,105,11,4,12,3,0.10909090909090909,1,72.39942933141526
exist-core/src/main/java/org/exist/xmlrpc/ACEAiderParser.java,org.exist.xmlrpc.ACEAiderParser,129,6,2,25,2,0.3333333333333333,13,54.59479168173706
exist-core/src/main/java/org/exist/management/client/JMXServlet.java,org.exist.management.client.JMXServlet,279,8,9,39,1,0.6071428571428571,27,47.54942320705258
exist-core/src/main/java/org/exist/management/client/JMXtoXML.java,org.exist.management.client.JMXtoXML,409,16,17,64,1,0.23333333333333334,46,51.53206571197819
exist-core/src/main/java/org/exist/management/client/JMXClient.java,org.exist.management.client.JMXClient,477,13,15,78,1,0.34615384615384615,32,45.80792073512462
exist-core/src/main/java/org/exist/management/CacheManager.java,org.exist.management.CacheManager,57,8,2,8,2,0.32142857142857145,2,74.02716951486782
exist-core/src/main/java/org/exist/management/CacheManagerMXBean.java,org.exist.management.CacheManagerMXBean,27,3,0,3,3,0.0,0,79.0496852907329
exist-core/src/main/java/org/exist/management/TaskStatus.java,org.exist.management.TaskStatus,169,13,4,24,1,0.3717948717948718,10,63.60829737559004
exist-core/src/main/java/org/exist/management/Cache.java,org.exist.management.Cache,73,11,2,11,2,0.5454545454545454,3,73.62590929747533
exist-core/src/main/java/org/exist/management/impl/RecentQueryHistory.java,org.exist.management.impl.RecentQueryHistory,46,7,6,7,1,0.2857142857142857,2,72.58183459409302
exist-core/src/main/java/org/exist/management/impl/CollectionCache.java,org.exist.management.impl.CollectionCache,42,7,1,7,1,0.47619047619047616,3,75.08137993498795
exist-core/src/main/java/org/exist/management/impl/LockTableMXBean.java,org.exist.management.impl.LockTableMXBean,62,10,0,10,10,0.0,1,82.58029325659243
exist-core/src/main/java/org/exist/management/impl/DiskUsage.java,org.exist.management.impl.DiskUsage,139,17,4,22,3,0.22058823529411764,12,67.2577403068368
exist-core/src/main/java/org/exist/management/impl/CollectionCacheMXBean.java,org.exist.management.impl.CollectionCacheMXBean,22,2,0,2,2,0.0,1,77.14859449161779
exist-core/src/main/java/org/exist/management/impl/ProcessReport.java,org.exist.management.impl.ProcessReport,161,17,3,25,1,0.5147058823529411,17,65.9895723618226
exist-core/src/main/java/org/exist/management/impl/LockTable.java,org.exist.management.impl.LockTable,103,15,2,19,1,0.7428571428571429,13,69.65719852217121
exist-core/src/main/java/org/exist/management/impl/PerInstanceMBean.java,org.exist.management.impl.PerInstanceMBean,13,1,0,1,1,1.0,0,75.56597684744041
exist-core/src/main/java/org/exist/management/impl/SanityReport.java,org.exist.management.impl.SanityReport,256,19,17,39,3,0.1871345029239766,28,60.122202971482935
exist-core/src/main/java/org/exist/management/impl/DatabaseMXBean.java,org.exist.management.impl.DatabaseMXBean,88,12,0,12,12,0.0,0,80.98984288422145
exist-core/src/main/java/org/exist/management/impl/RunningQuery.java,org.exist.management.impl.RunningQuery,56,9,7,9,1,0.25,5,72.26579513725636
exist-core/src/main/java/org/exist/management/impl/BinaryInputStreamCacheInfo.java,org.exist.management.impl.BinaryInputStreamCacheInfo,65,5,4,5,1,0.4,2,66.56308678806263
exist-core/src/main/java/org/exist/management/impl/BinaryValues.java,org.exist.management.impl.BinaryValues,72,6,1,9,3,0.06666666666666667,12,62.54359321650911
exist-core/src/main/java/org/exist/management/impl/ProcessReportMXBean.java,org.exist.management.impl.ProcessReportMXBean,86,12,0,12,12,0.0,0,81.20763832003439
exist-core/src/main/java/org/exist/management/impl/BinaryValuesMXBean.java,org.exist.management.impl.BinaryValuesMXBean,12,1,0,1,1,1.0,0,76.32427618329498
exist-core/src/main/java/org/exist/management/impl/SanityReportMXBean.java,org.exist.management.impl.SanityReportMXBean,21,9,0,9,9,0.0,0,91.8384647144604
exist-core/src/main/java/org/exist/management/impl/ExistMBean.java,org.exist.management.impl.ExistMBean,14,1,0,1,1,1.0,0,74.86390132177358
exist-core/src/main/java/org/exist/management/impl/Lock.java,org.exist.management.impl.Lock,94,8,7,8,1,0.25,1,66.85350293743608
exist-core/src/main/java/org/exist/management/impl/JMXAgent.java,org.exist.management.impl.JMXAgent,141,9,4,27,1,1.0,24,58.07014921474464
exist-core/src/main/java/org/exist/management/impl/SystemInfoMXBean.java,org.exist.management.impl.SystemInfoMXBean,22,7,0,7,7,0.0,0,89.01687524578442
exist-core/src/main/java/org/exist/management/impl/DiskUsageMXBean.java,org.exist.management.impl.DiskUsageMXBean,81,9,2,9,9,0.0,0,79.0496852907329
exist-core/src/main/java/org/exist/management/impl/SystemInfo.java,org.exist.management.impl.SystemInfo,51,8,1,8,8,0.0,5,72.60132372849733
exist-core/src/main/java/org/exist/management/impl/Database.java,org.exist.management.impl.Database,126,18,1,21,1,0.6862745098039216,19,70.10594783103687
exist-core/src/main/java/org/exist/management/Agent.java,org.exist.management.Agent,45,5,0,5,5,0.0,0,79.0496852907329
exist-core/src/main/java/org/exist/management/AgentFactory.java,org.exist.management.AgentFactory,58,1,2,7,1,1.0,9,41.29914694628173
exist-core/src/main/java/org/exist/management/DummyAgent.java,org.exist.management.DummyAgent,32,5,0,5,5,0.0,0,82.27951611466484
exist-core/src/main/java/org/exist/management/CacheMXBean.java,org.exist.management.CacheMXBean,49,6,0,6,6,0.0,1,79.97018396029377
exist-core/src/main/java/org/exist/util/TimestampedReference.java,org.exist.util.TimestampedReference,91,6,2,10,1,0.4,2,63.35241562532792
exist-core/src/main/java/org/exist/util/PatternFactory.java,org.exist.util.PatternFactory,32,4,2,4,2,0.5,3,70.23810692063884
exist-core/src/main/java/org/exist/util/MapUtil.java,org.exist.util.MapUtil,43,2,0,3,1,0.0,4,58.44465985526468
exist-core/src/main/java/org/exist/util/FixedByteArray.java,org.exist.util.FixedByteArray,89,14,3,14,6,0.2857142857142857,5,74.40351498600744
exist-core/src/main/java/org/exist/util/ProgressIndicator.java,org.exist.util.ProgressIndicator,68,8,3,8,1,0.7142857142857143,0,73.30523012896275
exist-core/src/main/java/org/exist/util/Range.java,org.exist.util.Range,27,5,2,6,1,0.9,0,76.52097210607889
exist-core/src/main/java/org/exist/util/IPUtil.java,org.exist.util.IPUtil,47,3,1,6,1,0.0,3,61.73914819697401
exist-core/src/main/java/org/exist/util/CharSlice.java,org.exist.util.CharSlice,173,12,4,16,1,0.7878787878787878,4,63.331437433221794
exist-core/src/main/java/org/exist/util/TraceableStateChanges.java,org.exist.util.TraceableStateChanges,64,4,1,6,1,1.0,6,60.26098079307406
exist-core/src/main/java/org/exist/util/Lockable.java,org.exist.util.Lockable,14,1,0,1,1,1.0,0,74.86390132177358
exist-core/src/main/java/org/exist/util/ExistSAXParserFactory.java,org.exist.util.ExistSAXParserFactory,97,2,2,13,1,1.0,7,44.656789864889845
exist-core/src/main/java/org/exist/util/Holder.java,org.exist.util.Holder,17,2,1,2,2,0.0,0,76.08283445720305
exist-core/src/main/java/org/exist/util/HeapSort.java,org.exist.util.HeapSort,254,12,0,72,6,0.0,6,53.24950466739358
exist-core/src/main/java/org/exist/util/ByteArrayPool.java,org.exist.util.ByteArrayPool,64,3,4,12,2,0.3333333333333333,2,55.90066070217928
exist-core/src/main/java/org/exist/util/XMLString.java,org.exist.util.XMLString,375,33,10,86,1,0.7916666666666666,10,62.62581002910787
exist-core/src/main/java/org/exist/util/LongLinkedList.java,org.exist.util.LongLinkedList,138,10,3,17,2,0.4,3,63.37692391835753
exist-core/src/main/java/org/exist/util/CollectionOfArrayIterator.java,org.exist.util.CollectionOfArrayIterator,75,3,3,16,1,1.0,4,53.39349119288199
exist-core/src/main/java/org/exist/util/Leasable.java,org.exist.util.Leasable,195,6,5,9,3,0.2,6,55.350156904319114
exist-core/src/main/java/org/exist/util/XMLReaderPool.java,org.exist.util.XMLReaderPool,74,8,0,10,5,0.0,5,68.36227493063554
exist-core/src/main/java/org/exist/util/OrderedLongLinkedList.java,org.exist.util.OrderedLongLinkedList,42,1,0,6,1,1.0,2,45.87397995623801
exist-core/src/main/java/org/exist/util/HtmlToXmlParser.java,org.exist.util.HtmlToXmlParser,64,1,9,7,1,1.0,9,39.28196875342081
exist-core/src/main/java/org/exist/util/HexEncoder.java,org.exist.util.HexEncoder,15,1,1,2,1,1.0,1,58.163505188728024
exist-core/src/main/java/org/exist/util/ZipEntryInputSource.java,org.exist.util.ZipEntryInputSource,93,7,3,9,4,0.2857142857142857,5,65.9137472476035
exist-core/src/main/java/org/exist/util/ProgressBar.java,org.exist.util.ProgressBar,43,4,3,8,1,0.8333333333333334,3,63.19282446246233
exist-core/src/main/java/org/exist/util/Stacktrace.java,org.exist.util.Stacktrace,71,4,1,7,2,0.0,2,59.79606925856544
exist-core/src/main/java/org/exist/util/MimeTable.java,org.exist.util.MimeTable,354,20,11,43,4,0.06842105263157895,20,58.686190082333894
exist-core/src/main/java/org/exist/util/XMLReaderObjectFactory.java,org.exist.util.XMLReaderObjectFactory,170,7,18,15,3,0.14285714285714285,19,54.27339935637417
exist-core/src/main/java/org/exist/util/Configuration.java,org.exist.util.Configuration,1251,57,12,193,6,0.12907268170426064,83,52.70023310693807
exist-core/src/main/java/org/exist/util/ParametersExtractor.java,org.exist.util.ParametersExtractor,240,8,4,28,2,0.0,11,50.605189293951476
exist-core/src/main/java/org/exist/util/IterableEnumeration.java,org.exist.util.IterableEnumeration,25,3,1,3,1,1.0,2,72.7837211852896
exist-core/src/main/java/org/exist/util/ConcurrentValueWrapper.java,org.exist.util.ConcurrentValueWrapper,94,6,2,6,1,1.0,6,62.459389548807685
exist-core/src/main/java/org/exist/util/JDKCompatibility.java,org.exist.util.JDKCompatibility,47,1,0,6,1,1.0,6,44.89033589882597
exist-core/src/main/java/org/exist/util/NamedThreadFactory.java,org.exist.util.NamedThreadFactory,71,4,4,5,1,0.16666666666666666,5,60.509282047345096
exist-core/src/main/java/org/exist/util/WeakLazyStripes.java,org.exist.util.WeakLazyStripes,382,8,13,46,1,0.5357142857142857,11,45.47484476630946
exist-core/src/main/java/org/exist/util/BinaryValueInputSource.java,org.exist.util.BinaryValueInputSource,159,10,4,17,5,0.17777777777777778,7,61.76332131227793
exist-core/src/main/java/org/exist/util/XMLCharUtil.java,org.exist.util.XMLCharUtil,16,1,0,1,1,1.0,0,65.26223172668723
exist-core/src/main/java/org/exist/util/DeadlockException.java,org.exist.util.DeadlockException,14,2,1,2,2,0.0,1,77.72937782131272
exist-core/src/main/java/org/exist/util/CharArrayPool.java,org.exist.util.CharArrayPool,61,3,4,12,2,0.3333333333333333,2,56.2825372286154
exist-core/src/main/java/org/exist/util/Compressor.java,org.exist.util.Compressor,87,4,0,5,2,0.0,6,57.61824947905045
exist-core/src/main/java/org/exist/util/StringInputSource.java,org.exist.util.StringInputSource,116,9,1,12,5,0.2777777777777778,7,65.58727676659535
exist-core/src/main/java/org/exist/util/CachingFilterInputStreamInputSource.java,org.exist.util.CachingFilterInputStreamInputSource,102,8,3,11,6,0.10714285714285714,8,64.65231873809489
exist-core/src/main/java/org/exist/util/UTF16CharacterSet.java,org.exist.util.UTF16CharacterSet,19,1,6,1,1,1.0,0,60.763589506603545
exist-core/src/main/java/org/exist/util/CompressedWhitespace.java,org.exist.util.CompressedWhitespace,247,12,2,46,2,0.42424242424242425,7,55.19638653978383
exist-core/src/main/java/org/exist/util/io/VirtualTempPath.java,org.exist.util.io.VirtualTempPath,135,8,8,24,1,0.75,13,57.998117386799855
exist-core/src/main/java/org/exist/util/io/ContentFilePool.java,org.exist.util.io.ContentFilePool,69,5,3,9,3,0.0,8,61.75876197549958
exist-core/src/main/java/org/exist/util/io/CachingFilterInputStream.java,org.exist.util.io.CachingFilterInputStream,294,19,3,41,2,0.24561403508771928,7,60.68937988895586
exist-core/src/main/java/org/exist/util/io/FilterInputStreamCacheFactory.java,org.exist.util.io.FilterInputStreamCacheFactory,59,3,2,6,2,0.0,14,55.875050823484294
exist-core/src/main/java/org/exist/util/io/OutputStreamSupplier.java,org.exist.util.io.OutputStreamSupplier,15,1,0,1,1,1.0,0,74.21028464452877
exist-core/src/main/java/org/exist/util/io/HexOutputStream.java,org.exist.util.io.HexOutputStream,32,2,0,2,1,0.0,2,65.23864118348008
exist-core/src/main/java/org/exist/util/io/FilterInputStreamCacheMonitor.java,org.exist.util.io.FilterInputStreamCacheMonitor,79,7,2,11,3,0.2857142857142857,10,64.17149244348474
exist-core/src/main/java/org/exist/util/io/MemoryContentsImpl.java,org.exist.util.io.MemoryContentsImpl,195,15,10,31,1,0.37142857142857144,11,61.08455702573765
exist-core/src/main/java/org/exist/util/io/FileFilterInputStreamCache.java,org.exist.util.io.FileFilterInputStreamCache,109,9,5,16,1,0.5277777777777778,4,63.87356377438936
exist-core/src/main/java/org/exist/util/io/MemoryMappedFileFilterInputStreamCache.java,org.exist.util.io.MemoryMappedFileFilterInputStreamCache,154,11,7,20,1,0.5454545454545454,11,61.215560257449994
exist-core/src/main/java/org/exist/util/io/ByteBufferAccessor.java,org.exist.util.io.ByteBufferAccessor,9,1,0,1,1,1.0,0,79.0496852907329
exist-core/src/main/java/org/exist/util/io/ContentFilePoolObjectFactory.java,org.exist.util.io.ContentFilePoolObjectFactory,31,3,2,3,2,0.3333333333333333,2,70.21760525112252
exist-core/src/main/java/org/exist/util/io/AbstractFilterInputStreamCache.java,org.exist.util.io.AbstractFilterInputStreamCache,174,15,4,27,4,0.3047619047619048,6,64.66810157760769
exist-core/src/main/java/org/exist/util/io/OverflowToDiskStream.java,org.exist.util.io.OverflowToDiskStream,98,6,7,17,1,0.8666666666666667,4,59.263164023151624
exist-core/src/main/java/org/exist/util/io/MemoryContents.java,org.exist.util.io.MemoryContents,64,6,0,6,6,0.0,0,77.4401154684607
exist-core/src/main/java/org/exist/util/io/MemoryContentsOutputStream.java,org.exist.util.io.MemoryContentsOutputStream,25,3,2,3,1,0.3333333333333333,1,70.9857036639191
exist-core/src/main/java/org/exist/util/io/Base64OutputStream.java,org.exist.util.io.Base64OutputStream,15,1,0,1,1,1.0,1,65.87364929535896
exist-core/src/main/java/org/exist/util/io/InputStreamUtil.java,org.exist.util.io.InputStreamUtil,70,4,1,5,3,0.0,4,61.451780320415594
exist-core/src/main/java/org/exist/util/io/TemporaryFileManager.java,org.exist.util.io.TemporaryFileManager,135,6,7,16,2,0.6666666666666666,12,54.93935355696586
exist-core/src/main/java/org/exist/util/io/ByteBufferInputStream.java,org.exist.util.io.ByteBufferInputStream,119,11,3,20,2,0.6909090909090909,4,64.71517947733169
exist-core/src/main/java/org/exist/util/io/ContentFile.java,org.exist.util.io.ContentFile,46,5,0,5,4,0.0,2,75.23589308176687
exist-core/src/main/java/org/exist/util/io/CloseNotifyingInputStream.java,org.exist.util.io.CloseNotifyingInputStream,26,2,1,2,1,1.0,2,66.98593677318149
exist-core/src/main/java/org/exist/util/io/FilterInputStreamCache.java,org.exist.util.io.FilterInputStreamCache,119,19,2,19,19,0.0,0,82.48427536496466
exist-core/src/main/java/org/exist/util/io/MemoryContentsInputStream.java,org.exist.util.io.MemoryContentsInputStream,88,5,5,13,1,0.7,5,57.88077827984433
exist-core/src/main/java/org/exist/util/io/CloseNotifyingOutputStream.java,org.exist.util.io.CloseNotifyingOutputStream,26,2,1,2,1,1.0,2,66.98593677318149
exist-core/src/main/java/org/exist/util/io/ByteArrayContent.java,org.exist.util.io.ByteArrayContent,36,6,2,8,3,0.4,2,75.160617188064
exist-core/src/main/java/org/exist/util/io/MemoryFilterInputStreamCache.java,org.exist.util.io.MemoryFilterInputStreamCache,60,7,1,8,2,0.7142857142857143,4,71.27632977894577
exist-core/src/main/java/org/exist/util/ByteConversion.java,org.exist.util.ByteConversion,321,17,0,17,13,0.0,1,56.56479821443335
exist-core/src/main/java/org/exist/util/EXistInputSource.java,org.exist.util.EXistInputSource,56,6,1,7,3,0.2,1,74.1813571212242
exist-core/src/main/java/org/exist/util/FastQSort.java,org.exist.util.FastQSort,449,18,2,110,1,0.19607843137254902,9,51.17370503392641
exist-core/src/main/java/org/exist/util/ConfigurationHelper.java,org.exist.util.ConfigurationHelper,212,7,2,30,1,0.0,18,49.02592502184747
exist-core/src/main/java/org/exist/util/XMLNames.java,org.exist.util.XMLNames,135,7,0,61,1,0.0,2,54.49683331408573
exist-core/src/main/java/org/exist/util/EXistURISchemeURIResolver.java,org.exist.util.EXistURISchemeURIResolver,36,3,1,6,1,0.3333333333333333,2,64.52213772786911
exist-core/src/main/java/org/exist/util/URIResolverHierarchy.java,org.exist.util.URIResolverHierarchy,55,3,1,9,1,1.0,2,59.58896146021575
exist-core/src/main/java/org/exist/util/InputStreamSupplierInputSource.java,org.exist.util.InputStreamSupplierInputSource,84,8,1,8,7,0.03571428571428571,3,70.63864022043012
exist-core/src/main/java/org/exist/util/serializer/encodings/CharacterSet.java,org.exist.util.serializer.encodings.CharacterSet,19,2,0,8,2,0.0,6,64.2795490953139
exist-core/src/main/java/org/exist/util/serializer/encodings/ASCIICharSet.java,org.exist.util.serializer.encodings.ASCIICharSet,19,2,1,2,2,0.0,0,73.64327234965934
exist-core/src/main/java/org/exist/util/serializer/encodings/UnicodeCharSet.java,org.exist.util.serializer.encodings.UnicodeCharSet,18,2,1,2,2,0.0,0,76.94186930306522
exist-core/src/main/java/org/exist/util/serializer/encodings/Latin2CharSet.java,org.exist.util.serializer.encodings.Latin2CharSet,130,2,4,3,2,0.0,0,53.23503517426832
exist-core/src/main/java/org/exist/util/serializer/encodings/KOI8RCharSet.java,org.exist.util.serializer.encodings.KOI8RCharSet,20,2,1,6,2,0.0,0,66.91973945197981
exist-core/src/main/java/org/exist/util/serializer/encodings/Latin1CharSet.java,org.exist.util.serializer.encodings.Latin1CharSet,19,2,1,2,2,0.0,0,73.64327234965934
exist-core/src/main/java/org/exist/util/serializer/IndentingXMLWriter.java,org.exist.util.serializer.IndentingXMLWriter,209,23,9,52,4,0.26877470355731226,14,65.83365912703864
exist-core/src/main/java/org/exist/util/serializer/AbstractSerializer.java,org.exist.util.serializer.AbstractSerializer,117,6,12,19,1,0.4666666666666667,11,56.45333713468689
exist-core/src/main/java/org/exist/util/serializer/AttrList.java,org.exist.util.serializer.AttrList,85,10,5,13,1,0.35555555555555557,3,67.5254638421231
exist-core/src/main/java/org/exist/util/serializer/Receiver.java,org.exist.util.serializer.Receiver,48,16,1,16,16,0.0,0,89.45759118337814
exist-core/src/main/java/org/exist/util/serializer/XHTMLWriter.java,org.exist.util.serializer.XHTMLWriter,196,14,6,32,1,0.2087912087912088,9,61.77967532565669
exist-core/src/main/java/org/exist/util/serializer/TEXTWriter.java,org.exist.util.serializer.TEXTWriter,199,30,2,34,27,0.0,13,73.0949536271724
exist-core/src/main/java/org/exist/util/serializer/AdaptiveSerializer.java,org.exist.util.serializer.AdaptiveSerializer,38,3,3,5,1,0.6666666666666666,8,62.521452341222286
exist-core/src/main/java/org/exist/util/serializer/SerializerObjectFactory.java,org.exist.util.serializer.SerializerObjectFactory,31,3,0,9,3,0.0,5,64.94300955914807
exist-core/src/main/java/org/exist/util/serializer/HTML5Writer.java,org.exist.util.serializer.HTML5Writer,226,9,3,26,5,0.05555555555555555,10,54.613891214589735
exist-core/src/main/java/org/exist/util/serializer/XQuerySerializer.java,org.exist.util.serializer.XQuerySerializer,92,7,3,16,1,0.7142857142857143,14,60.43517537174851
exist-core/src/main/java/org/exist/util/serializer/ExtendedDOMStreamer.java,org.exist.util.serializer.ExtendedDOMStreamer,54,6,1,8,2,0.6666666666666666,6,68.91510084572019
exist-core/src/main/java/org/exist/util/serializer/DOMSerializer.java,org.exist.util.serializer.DOMSerializer,143,6,2,40,3,0.2,14,50.68899445913989
exist-core/src/main/java/org/exist/util/serializer/SerializerWriter.java,org.exist.util.serializer.SerializerWriter,55,26,0,26,26,0.0,0,92.76746568139298
exist-core/src/main/java/org/exist/util/serializer/SAXSerializer.java,org.exist.util.serializer.SAXSerializer,448,34,4,115,26,0.040998217468805706,16,59.53706041875014
exist-core/src/main/java/org/exist/util/serializer/XMLWriter.java,org.exist.util.serializer.XMLWriter,649,38,20,136,2,0.47652916073968704,20,57.48082726196653
exist-core/src/main/java/org/exist/util/serializer/SerializerPool.java,org.exist.util.serializer.SerializerPool,52,5,1,8,4,0.0,7,64.81110839355446
exist-core/src/main/java/org/exist/util/serializer/ExtendedDOMSerializer.java,org.exist.util.serializer.ExtendedDOMSerializer,44,2,1,5,1,1.0,10,54.04224701904647
exist-core/src/main/java/org/exist/util/serializer/XHTML5Writer.java,org.exist.util.serializer.XHTML5Writer,106,5,2,6,2,0.1,2,62.91485664339714
exist-core/src/main/java/org/exist/util/serializer/EXISerializer.java,org.exist.util.serializer.EXISerializer,168,25,2,27,12,0.30333333333333334,11,72.01312768409481
exist-core/src/main/java/org/exist/util/serializer/CharacterMappingWriter.java,org.exist.util.serializer.CharacterMappingWriter,177,28,2,36,1,0.9338624338624338,8,72.03477799703138
exist-core/src/main/java/org/exist/util/serializer/DOMStreamer.java,org.exist.util.serializer.DOMStreamer,277,9,6,58,2,0.5,22,47.978633334370464
exist-core/src/main/java/org/exist/util/serializer/MicroXmlWriter.java,org.exist.util.serializer.MicroXmlWriter,139,21,0,30,12,0.0,9,71.27567862742711
exist-core/src/main/java/org/exist/util/serializer/AdaptiveWriter.java,org.exist.util.serializer.AdaptiveWriter,248,10,2,76,1,0.044444444444444446,40,50.544423616599545
exist-core/src/main/java/org/exist/util/serializer/SAXToReceiver.java,org.exist.util.serializer.SAXToReceiver,113,20,3,30,7,0.30526315789473685,7,71.33551250388085
exist-core/src/main/java/org/exist/util/serializer/ReceiverToSAX.java,org.exist.util.serializer.ReceiverToSAX,154,21,3,30,4,0.5,8,70.06385872516766
exist-core/src/main/java/org/exist/util/serializer/json/JSONWriter.java,org.exist.util.serializer.json.JSONWriter,270,25,17,43,12,0.10666666666666667,19,64.69725574643829
exist-core/src/main/java/org/exist/util/serializer/json/JSONSimpleProperty.java,org.exist.util.serializer.json.JSONSimpleProperty,52,4,1,9,2,0.16666666666666666,5,62.3920400149486
exist-core/src/main/java/org/exist/util/serializer/json/JSONObject.java,org.exist.util.serializer.json.JSONObject,183,10,3,40,4,0.2222222222222222,7,56.62942069897372
exist-core/src/main/java/org/exist/util/serializer/json/JSONSerializer.java,org.exist.util.serializer.json.JSONSerializer,115,7,2,24,1,0.2857142857142857,21,56.49765550021644
exist-core/src/main/java/org/exist/util/serializer/json/JSONValue.java,org.exist.util.serializer.json.JSONValue,94,7,2,21,1,0.19047619047619047,6,61.51933354597733
exist-core/src/main/java/org/exist/util/serializer/json/JSONNode.java,org.exist.util.serializer.json.JSONNode,96,18,8,21,7,0.058823529411764705,3,76.67724898875518
exist-core/src/main/java/org/exist/util/sax/event/SAXEvent.java,org.exist.util.sax.event.SAXEvent,23,1,0,1,1,1.0,0,70.16081503037883
exist-core/src/main/java/org/exist/util/sax/event/lexicalhandler/StartCDATA.java,org.exist.util.sax.event.lexicalhandler.StartCDATA,20,2,1,2,2,0.0,1,75.41800411736989
exist-core/src/main/java/org/exist/util/sax/event/lexicalhandler/Entity.java,org.exist.util.sax.event.lexicalhandler.Entity,11,1,1,1,1,1.0,0,71.532426907726
exist-core/src/main/java/org/exist/util/sax/event/lexicalhandler/EndEntity.java,org.exist.util.sax.event.lexicalhandler.EndEntity,15,2,0,2,2,0.0,2,75.14279581375823
exist-core/src/main/java/org/exist/util/sax/event/lexicalhandler/EndDTD.java,org.exist.util.sax.event.lexicalhandler.EndDTD,20,2,1,2,2,0.0,1,75.41800411736989
exist-core/src/main/java/org/exist/util/sax/event/lexicalhandler/StartEntity.java,org.exist.util.sax.event.lexicalhandler.StartEntity,15,2,0,2,2,0.0,2,75.14279581375823
exist-core/src/main/java/org/exist/util/sax/event/lexicalhandler/Comment.java,org.exist.util.sax.event.lexicalhandler.Comment,15,2,0,2,2,0.0,2,72.57204988858747
exist-core/src/main/java/org/exist/util/sax/event/lexicalhandler/StartDTD.java,org.exist.util.sax.event.lexicalhandler.StartDTD,20,2,3,2,1,1.0,1,68.69552298339872
exist-core/src/main/java/org/exist/util/sax/event/lexicalhandler/EndCDATA.java,org.exist.util.sax.event.lexicalhandler.EndCDATA,20,2,1,2,2,0.0,1,75.41800411736989
exist-core/src/main/java/org/exist/util/sax/event/contenthandler/EndDocument.java,org.exist.util.sax.event.contenthandler.EndDocument,20,2,1,2,2,0.0,1,75.41800411736989
exist-core/src/main/java/org/exist/util/sax/event/contenthandler/SkippedEntity.java,org.exist.util.sax.event.contenthandler.SkippedEntity,16,2,1,2,1,1.0,1,74.17520000780739
exist-core/src/main/java/org/exist/util/sax/event/contenthandler/SetDocumentLocator.java,org.exist.util.sax.event.contenthandler.SetDocumentLocator,17,2,1,2,1,1.0,1,73.60086148533588
exist-core/src/main/java/org/exist/util/sax/event/contenthandler/ProcessingInstruction.java,org.exist.util.sax.event.contenthandler.ProcessingInstruction,18,2,2,2,1,1.0,1,71.06717494957545
exist-core/src/main/java/org/exist/util/sax/event/contenthandler/PrefixMapping.java,org.exist.util.sax.event.contenthandler.PrefixMapping,11,1,1,1,1,1.0,0,71.532426907726
exist-core/src/main/java/org/exist/util/sax/event/contenthandler/StartElement.java,org.exist.util.sax.event.contenthandler.StartElement,18,2,1,2,1,1.0,3,68.90621996524553
exist-core/src/main/java/org/exist/util/sax/event/contenthandler/Element.java,org.exist.util.sax.event.contenthandler.Element,16,1,3,1,1,1.0,0,63.48074792870896
exist-core/src/main/java/org/exist/util/sax/event/contenthandler/EndPrefixMapping.java,org.exist.util.sax.event.contenthandler.EndPrefixMapping,15,2,0,2,2,0.0,2,75.14279581375823
exist-core/src/main/java/org/exist/util/sax/event/contenthandler/EndElement.java,org.exist.util.sax.event.contenthandler.EndElement,15,2,0,2,2,0.0,2,72.84891045362728
exist-core/src/main/java/org/exist/util/sax/event/contenthandler/IgnorableWhitespace.java,org.exist.util.sax.event.contenthandler.IgnorableWhitespace,15,2,0,2,2,0.0,2,72.57204988858747
exist-core/src/main/java/org/exist/util/sax/event/contenthandler/Characters.java,org.exist.util.sax.event.contenthandler.Characters,15,2,0,2,2,0.0,2,72.57204988858747
exist-core/src/main/java/org/exist/util/sax/event/contenthandler/StartPrefixMapping.java,org.exist.util.sax.event.contenthandler.StartPrefixMapping,18,2,1,2,1,1.0,2,70.84479303475
exist-core/src/main/java/org/exist/util/sax/event/contenthandler/StartDocument.java,org.exist.util.sax.event.contenthandler.StartDocument,20,2,1,2,2,0.0,1,75.41800411736989
exist-core/src/main/java/org/exist/util/sax/event/TextEvent.java,org.exist.util.sax.event.TextEvent,12,1,1,1,1,1.0,1,65.01607858777263
exist-core/src/main/java/org/exist/util/LockException.java,org.exist.util.LockException,21,3,1,3,3,0.0,1,76.58646356122246
exist-core/src/main/java/org/exist/util/InsertionSort.java,org.exist.util.InsertionSort,192,6,0,56,6,0.0,6,47.29061128437133
exist-core/src/main/java/org/exist/util/FileUtils.java,org.exist.util.FileUtils,525,25,2,56,17,0.02,24,57.179830887561316
exist-core/src/main/java/org/exist/util/HSort.java,org.exist.util.HSort,519,12,0,96,6,0.0,6,43.71975471327845
exist-core/src/main/java/org/exist/util/SyntaxException.java,org.exist.util.SyntaxException,27,2,1,2,2,0.0,1,71.50725589762679
exist-core/src/main/java/org/exist/util/XQueryFilenameFilter.java,org.exist.util.XQueryFilenameFilter,24,2,1,7,1,1.0,5,60.68999167598087
exist-core/src/main/java/org/exist/util/SSLHelper.java,org.exist.util.SSLHelper,113,8,3,14,5,0.07142857142857142,5,62.22809433463498
exist-core/src/main/java/org/exist/util/ValueOccurrences.java,org.exist.util.ValueOccurrences,80,9,3,12,1,0.4722222222222222,8,67.61693034893258
exist-core/src/main/java/org/exist/util/IndexCallback.java,org.exist.util.IndexCallback,5,1,0,1,1,1.0,0,84.61819053717403
exist-core/src/main/java/org/exist/util/SwapVals.java,org.exist.util.SwapVals,55,4,0,4,4,0.0,1,63.83427811674609
exist-core/src/main/java/org/exist/util/ArgumentUtil.java,org.exist.util.ArgumentUtil,75,5,0,6,5,0.0,5,62.40073536002629
exist-core/src/main/java/org/exist/util/NamedThreadGroupFactory.java,org.exist.util.NamedThreadGroupFactory,38,2,2,3,1,1.0,2,60.45560422685785
exist-core/src/main/java/org/exist/util/hashtable/AbstractHashSet.java,org.exist.util.hashtable.AbstractHashSet,111,7,5,18,2,0.2857142857142857,1,61.005281929548666
exist-core/src/main/java/org/exist/util/hashtable/NamePool.java,org.exist.util.hashtable.NamePool,81,2,1,3,1,1.0,3,53.66704455582908
exist-core/src/main/java/org/exist/util/hashtable/SequencedLongHashMap.java,org.exist.util.hashtable.SequencedLongHashMap,126,12,2,13,1,1.0,5,69.45536477465336
exist-core/src/main/java/org/exist/util/SingleInstanceConfiguration.java,org.exist.util.SingleInstanceConfiguration,61,5,3,7,1,0.2,4,65.10629675052532
exist-core/src/main/java/org/exist/util/ReadOnlyException.java,org.exist.util.ReadOnlyException,23,2,1,2,2,0.0,1,73.02629152991796
exist-core/src/main/java/org/exist/util/RingBuffer.java,org.exist.util.RingBuffer,50,3,4,8,1,1.0,1,59.33324386670602
exist-core/src/main/java/org/exist/util/SaxonConfiguration.java,org.exist.util.SaxonConfiguration,152,8,7,23,2,0.2857142857142857,13,55.85158461453107
exist-core/src/main/java/org/exist/util/StringBuilderUtil.java,org.exist.util.StringBuilderUtil,24,1,0,2,1,1.0,2,56.20577096667096
exist-core/src/main/java/org/exist/util/OSUtil.java,org.exist.util.OSUtil,21,2,0,2,1,0.0,2,68.51698011820662
exist-core/src/main/java/org/exist/util/ThreadUtils.java,org.exist.util.ThreadUtils,50,10,0,10,6,0.0,3,74.60043359415205
exist-core/src/main/java/org/exist/util/crypto/digest/RIPEMD256StreamableDigest.java,org.exist.util.crypto.digest.RIPEMD256StreamableDigest,43,6,1,6,2,0.4,4,72.45654005983445
exist-core/src/main/java/org/exist/util/crypto/digest/SHA512StreamableDigest.java,org.exist.util.crypto.digest.SHA512StreamableDigest,43,6,1,6,2,0.4,4,72.45654005983445
exist-core/src/main/java/org/exist/util/crypto/digest/DigestType.java,org.exist.util.crypto.digest.DigestType,115,8,4,13,1,0.2857142857142857,3,64.79011159829462
exist-core/src/main/java/org/exist/util/crypto/digest/RIPEMD160StreamableDigest.java,org.exist.util.crypto.digest.RIPEMD160StreamableDigest,43,6,1,6,2,0.4,4,72.45654005983445
exist-core/src/main/java/org/exist/util/crypto/digest/DigestOutputStream.java,org.exist.util.crypto.digest.DigestOutputStream,39,4,1,4,1,1.0,3,68.82903108764366
exist-core/src/main/java/org/exist/util/crypto/digest/StreamableDigest.java,org.exist.util.crypto.digest.StreamableDigest,66,7,0,7,5,0.0,0,76.5160537814293
exist-core/src/main/java/org/exist/util/crypto/digest/Blake512StreamableDigest.java,org.exist.util.crypto.digest.Blake512StreamableDigest,43,6,1,6,2,0.4,4,72.45654005983445
exist-core/src/main/java/org/exist/util/crypto/digest/MD5StreamableDigest.java,org.exist.util.crypto.digest.MD5StreamableDigest,43,6,1,6,2,0.4,4,72.45654005983445
exist-core/src/main/java/org/exist/util/crypto/digest/SHA256StreamableDigest.java,org.exist.util.crypto.digest.SHA256StreamableDigest,43,6,1,6,2,0.4,4,72.45654005983445
exist-core/src/main/java/org/exist/util/crypto/digest/DigestInputStream.java,org.exist.util.crypto.digest.DigestInputStream,60,5,1,10,1,0.6,3,63.947010261379674
exist-core/src/main/java/org/exist/util/crypto/digest/SHA1StreamableDigest.java,org.exist.util.crypto.digest.SHA1StreamableDigest,43,6,1,6,2,0.4,4,72.45654005983445
exist-core/src/main/java/org/exist/util/crypto/digest/Blake160StreamableDigest.java,org.exist.util.crypto.digest.Blake160StreamableDigest,43,6,1,6,2,0.4,4,72.45654005983445
exist-core/src/main/java/org/exist/util/crypto/digest/MD2StreamableDigest.java,org.exist.util.crypto.digest.MD2StreamableDigest,43,6,1,6,2,0.4,4,72.45654005983445
exist-core/src/main/java/org/exist/util/crypto/digest/MessageDigest.java,org.exist.util.crypto.digest.MessageDigest,67,7,2,11,1,0.8095238095238095,5,67.25155664668792
exist-core/src/main/java/org/exist/util/crypto/digest/MD4StreamableDigest.java,org.exist.util.crypto.digest.MD4StreamableDigest,43,6,1,6,2,0.4,4,72.45654005983445
exist-core/src/main/java/org/exist/util/crypto/digest/Blake256StreamableDigest.java,org.exist.util.crypto.digest.Blake256StreamableDigest,43,6,1,6,2,0.4,4,72.45654005983445
exist-core/src/main/java/org/exist/util/UTF8.java,org.exist.util.UTF8,401,11,11,58,5,0.0,3,47.36438056644311
exist-core/src/main/java/org/exist/util/OrderedLinkedList.java,org.exist.util.OrderedLinkedList,205,13,4,31,1,0.7692307692307693,2,60.3631304361655
exist-core/src/main/java/org/exist/util/PropertiesBuilder.java,org.exist.util.PropertiesBuilder,30,5,1,5,2,0.6,1,75.45636972574164
exist-core/src/main/java/org/exist/util/DatabaseConfigurationException.java,org.exist.util.DatabaseConfigurationException,18,3,1,3,3,0.0,1,78.04683842274385
exist-core/src/main/java/org/exist/util/Collations.java,org.exist.util.Collations,792,17,10,128,7,0.022058823529411766,25,44.02272497851787
exist-core/src/main/java/org/exist/util/ByteArray.java,org.exist.util.ByteArray,14,10,0,10,10,0.0,0,96.67786536066454
exist-core/src/main/java/org/exist/util/sanity/AssertFailure.java,org.exist.util.sanity.AssertFailure,33,3,1,3,3,0.0,1,72.30449923102506
exist-core/src/main/java/org/exist/util/sanity/SanityCheck.java,org.exist.util.sanity.SanityCheck,79,6,2,15,1,0.4,7,61.69738779333865
exist-core/src/main/java/org/exist/util/GZIPInputSource.java,org.exist.util.GZIPInputSource,131,8,3,13,4,0.2857142857142857,8,61.765026637691854
exist-core/src/main/java/org/exist/util/UUIDGenerator.java,org.exist.util.UUIDGenerator,58,3,4,3,2,0.0,3,63.93559379078664
exist-core/src/main/java/org/exist/util/MimeType.java,org.exist.util.MimeType,71,8,18,9,1,0.32142857142857145,2,72.64123968558803
exist-core/src/main/java/org/exist/util/FileInputSource.java,org.exist.util.FileInputSource,159,10,3,17,4,0.26666666666666666,10,61.08160292470728
exist-core/src/main/java/org/exist/util/Occurrences.java,org.exist.util.Occurrences,66,9,3,10,1,0.4166666666666667,4,73.2254922569596
exist-core/src/main/java/org/exist/util/IncludeXMLFilter.java,org.exist.util.IncludeXMLFilter,71,11,1,15,3,0.6545454545454545,3,73.26347965385438
exist-core/src/main/java/org/exist/util/CollectionScanner.java,org.exist.util.CollectionScanner,32,2,0,6,1,0.0,7,56.922723261692845
exist-core/src/main/java/org/exist/util/pool/NodePool.java,org.exist.util.pool.NodePool,89,6,4,14,4,0.2,13,61.34596606791261
exist-core/src/main/java/org/exist/util/XMLFilenameFilter.java,org.exist.util.XMLFilenameFilter,21,2,0,5,2,0.0,4,63.171235545352566
exist-core/src/main/java/org/exist/util/CodePointString.java,org.exist.util.CodePointString,362,21,1,52,2,0.8142857142857143,6,58.9292864824382
exist-core/src/main/java/org/exist/util/TraceableStateChange.java,org.exist.util.TraceableStateChange,44,7,4,7,2,0.2857142857142857,3,73.55526230086433
exist-core/src/main/java/org/exist/backup/ExportMain.java,org.exist.backup.ExportMain,222,3,12,23,1,0.3333333333333333,28,37.60086725190443
exist-core/src/main/java/org/exist/backup/xquery/BackupModule.java,org.exist.backup.xquery.BackupModule,50,5,5,5,5,0.0,1,73.89584084540189
exist-core/src/main/java/org/exist/backup/xquery/RetrieveBackup.java,org.exist.backup.xquery.RetrieveBackup,76,2,1,12,1,1.0,18,45.22995785050988
exist-core/src/main/java/org/exist/backup/xquery/ListBackups.java,org.exist.backup.xquery.ListBackups,87,2,4,13,2,0.0,25,43.3379972588654
exist-core/src/main/java/org/exist/backup/ExportGUI.java,org.exist.backup.ExportGUI,593,26,25,65,6,0.16615384615384615,66,51.25334494492608
exist-core/src/main/java/org/exist/backup/Main.java,org.exist.backup.Main,435,7,27,52,1,0.047619047619047616,40,39.293326275306875
exist-core/src/main/java/org/exist/backup/Backup.java,org.exist.backup.Backup,465,12,14,67,1,0.045454545454545456,67,44.310606743413786
exist-core/src/main/java/org/exist/backup/BackupDirectory.java,org.exist.backup.BackupDirectory,105,4,8,18,1,0.5,13,51.78163348459294
exist-core/src/main/java/org/exist/backup/BackupDialog.java,org.exist.backup.BackupDialog,109,7,4,7,1,0.23809523809523808,12,57.65592710384994
exist-core/src/main/java/org/exist/backup/ZipArchiveBackupDescriptor.java,org.exist.backup.ZipArchiveBackupDescriptor,239,15,5,46,1,0.8761904761904762,24,57.50009216043004
exist-core/src/main/java/org/exist/backup/RawDataBackup.java,org.exist.backup.RawDataBackup,17,2,0,2,2,0.0,0,79.59118605342715
exist-core/src/main/java/org/exist/backup/SystemExport.java,org.exist.backup.SystemExport,874,14,17,94,3,0.3076923076923077,70,39.82700641228198
exist-core/src/main/java/org/exist/backup/FileSystemBackupDescriptor.java,org.exist.backup.FileSystemBackupDescriptor,181,14,3,34,1,0.7802197802197802,17,60.26022686112352
exist-core/src/main/java/org/exist/backup/BackupDescriptor.java,org.exist.backup.BackupDescriptor,51,16,6,16,16,0.0,0,88.88325266090666
exist-core/src/main/java/org/exist/backup/CreateBackupDialog.java,org.exist.backup.CreateBackupDialog,182,10,9,24,1,0.24444444444444444,30,55.054065479235554
exist-core/src/main/java/org/exist/backup/DescriptorResourceCounter.java,org.exist.backup.DescriptorResourceCounter,43,2,3,2,1,1.0,5,58.105004287508784
exist-core/src/main/java/org/exist/backup/BackupFile.java,org.exist.backup.BackupFile,47,7,3,8,1,0.7619047619047619,2,73.63712642785693
exist-core/src/main/java/org/exist/backup/BackupWriter.java,org.exist.backup.BackupWriter,30,8,0,8,8,0.0,0,87.34359964461194
exist-core/src/main/java/org/exist/backup/ErrorReport.java,org.exist.backup.ErrorReport,164,9,12,10,1,0.5555555555555556,1,63.69933992816045
exist-core/src/main/java/org/exist/backup/RestoreDialog.java,org.exist.backup.RestoreDialog,226,13,14,16,1,0.16666666666666666,20,55.9927329787337
exist-core/src/main/java/org/exist/backup/Restore.java,org.exist.backup.Restore,149,5,1,23,1,0.0,29,49.21935929360755
exist-core/src/main/java/org/exist/backup/restore/listener/LogRestoreListener.java,org.exist.backup.restore.listener.LogRestoreListener,24,3,1,3,1,1.0,1,73.84207661289562
exist-core/src/main/java/org/exist/backup/restore/listener/RestoreListener.java,org.exist.backup.restore.listener.RestoreListener,24,9,0,9,9,0.0,0,90.57343046854389
exist-core/src/main/java/org/exist/backup/restore/listener/AbstractRestoreListener.java,org.exist.backup.restore.listener.AbstractRestoreListener,36,6,0,6,6,0.0,1,75.43737117080607
exist-core/src/main/java/org/exist/backup/restore/RestoreHandler.java,org.exist.backup.restore.RestoreHandler,30,2,0,2,2,0.0,1,64.83480594968296
exist-core/src/main/java/org/exist/backup/restore/DeferredPermission.java,org.exist.backup.restore.DeferredPermission,13,3,0,3,3,0.0,0,85.97388274008566
exist-core/src/main/java/org/exist/backup/restore/SkippedEntryDeferredPermission.java,org.exist.backup.restore.SkippedEntryDeferredPermission,21,3,0,3,3,0.0,1,77.31549308713167
exist-core/src/main/java/org/exist/backup/restore/ResourceDeferredPermission.java,org.exist.backup.restore.ResourceDeferredPermission,28,2,1,4,2,0.0,10,58.12328636345231
exist-core/src/main/java/org/exist/backup/restore/AbstractDeferredPermission.java,org.exist.backup.restore.AbstractDeferredPermission,52,8,6,8,2,0.21428571428571427,2,74.55484153866236
exist-core/src/main/java/org/exist/backup/restore/SystemImportHandler.java,org.exist.backup.restore.SystemImportHandler,59,5,0,17,5,0.0,3,63.28070008867602
exist-core/src/main/java/org/exist/backup/restore/CollectionDeferredPermission.java,org.exist.backup.restore.CollectionDeferredPermission,27,2,1,4,2,0.0,9,58.66202041195048
exist-core/src/main/java/org/exist/backup/restore/AbstractRestoreHandler.java,org.exist.backup.restore.AbstractRestoreHandler,587,19,17,87,1,0.2807017543859649,46,48.43003992781297
exist-core/src/main/java/org/exist/backup/restore/AppRestoreUtils.java,org.exist.backup.restore.AppRestoreUtils,168,7,2,37,2,0.2857142857142857,25,51.39212248011533
exist-core/src/main/java/org/exist/backup/ZipWriter.java,org.exist.backup.ZipWriter,114,12,4,17,1,0.4393939393939394,11,66.55342480148126
exist-core/src/main/java/org/exist/backup/SystemImport.java,org.exist.backup.SystemImport,119,5,2,16,1,0.1,25,52.51501926241842
exist-core/src/main/java/org/exist/backup/AbstractBackupDescriptor.java,org.exist.backup.AbstractBackupDescriptor,54,4,2,9,3,0.0,6,61.90238979895638
exist-core/src/main/java/org/exist/backup/FileSystemWriter.java,org.exist.backup.FileSystemWriter,101,11,7,15,2,0.4,11,66.42955287056321
exist-core/src/main/java/org/exist/backup/ConsistencyCheck.java,org.exist.backup.ConsistencyCheck,544,13,7,79,3,0.358974358974359,36,44.09878574455274
exist-core/src/main/java/org/exist/backup/GuiRestoreServiceTaskListener.java,org.exist.backup.GuiRestoreServiceTaskListener,123,19,2,22,1,0.631578947368421,9,71.14875441804281
exist-core/src/main/java/org/exist/xquery/SwitchExpression.java,org.exist.xquery.SwitchExpression,151,12,3,27,3,0.5757575757575758,16,61.4358658385028
exist-core/src/main/java/org/exist/xquery/value/SequenceType.java,org.exist.xquery.value.SequenceType,227,15,3,48,2,0.44761904761904764,13,59.507528641599464
exist-core/src/main/java/org/exist/xquery/value/Base64BinaryValueType.java,org.exist.xquery.value.Base64BinaryValueType,32,4,1,5,3,0.0,7,71.12941987427153
exist-core/src/main/java/org/exist/xquery/value/HexBinaryValueType.java,org.exist.xquery.value.HexBinaryValueType,33,4,1,6,3,0.0,10,68.25330769677386
exist-core/src/main/java/org/exist/xquery/value/GYearMonthValue.java,org.exist.xquery.value.GYearMonthValue,116,13,0,29,6,0.0,18,64.7181356020625
exist-core/src/main/java/org/exist/xquery/value/QNameValue.java,org.exist.xquery.value.QNameValue,234,19,2,41,4,0.2222222222222222,14,63.01580778425315
exist-core/src/main/java/org/exist/xquery/value/ValueSequence.java,org.exist.xquery.value.ValueSequence,937,64,14,190,5,0.4618055555555556,42,59.36519586447505
exist-core/src/main/java/org/exist/xquery/value/SubSequence.java,org.exist.xquery.value.SubSequence,536,32,4,91,3,0.3951612903225806,40,57.98126515430891
exist-core/src/main/java/org/exist/xquery/value/DayTimeDurationValue.java,org.exist.xquery.value.DayTimeDurationValue,256,20,1,54,9,0.0,21,59.81163274466258
exist-core/src/main/java/org/exist/xquery/value/BooleanValue.java,org.exist.xquery.value.BooleanValue,204,18,3,73,3,0.5947712418300654,18,62.04154270096959
exist-core/src/main/java/org/exist/xquery/value/ArrayListValueSequence.java,org.exist.xquery.value.ArrayListValueSequence,645,48,4,148,4,0.7358156028368794,31,60.39677579893753
exist-core/src/main/java/org/exist/xquery/value/Type.java,org.exist.xquery.value.Type,840,24,76,115,1,0.11956521739130435,16,51.04357036475188
exist-core/src/main/java/org/exist/xquery/value/EmptySequenceIterator.java,org.exist.xquery.value.EmptySequenceIterator,23,4,0,4,4,0.0,0,81.18631404279432
exist-core/src/main/java/org/exist/xquery/value/SequenceComparator.java,org.exist.xquery.value.SequenceComparator,57,3,3,14,1,0.3333333333333333,2,56.32867546600004
exist-core/src/main/java/org/exist/xquery/value/DecimalValue.java,org.exist.xquery.value.DecimalValue,555,39,10,135,5,0.5479082321187584,35,58.59203254424704
exist-core/src/main/java/org/exist/xquery/value/AbstractSequence.java,org.exist.xquery.value.AbstractSequence,310,24,4,71,20,0.0036231884057971015,25,61.1425786652562
exist-core/src/main/java/org/exist/xquery/value/FunctionParameterFunctionSequenceType.java,org.exist.xquery.value.FunctionParameterFunctionSequenceType,150,9,3,20,1,0.16666666666666666,13,58.20626579857177
exist-core/src/main/java/org/exist/xquery/value/JavaObjectValue.java,org.exist.xquery.value.JavaObjectValue,109,15,1,22,7,0.2,8,70.05653597114406
exist-core/src/main/java/org/exist/xquery/value/MixedNodeValueComparator.java,org.exist.xquery.value.MixedNodeValueComparator,27,1,0,4,1,1.0,3,52.44938570672598
exist-core/src/main/java/org/exist/xquery/value/AtomicValueComparator.java,org.exist.xquery.value.AtomicValueComparator,37,3,2,8,1,0.3333333333333333,4,63.34970050642274
exist-core/src/main/java/org/exist/xquery/value/NumericValue.java,org.exist.xquery.value.NumericValue,208,29,3,55,16,0.0,15,69.67593696122172
exist-core/src/main/java/org/exist/xquery/value/DateValue.java,org.exist.xquery.value.DateValue,158,16,1,36,9,0.0,24,63.75323542771967
exist-core/src/main/java/org/exist/xquery/value/DateTimeValue.java,org.exist.xquery.value.DateTimeValue,225,23,1,53,10,0.0,29,63.94681411199751
exist-core/src/main/java/org/exist/xquery/value/FunctionReturnSequenceType.java,org.exist.xquery.value.FunctionReturnSequenceType,56,5,1,5,2,0.6,2,68.98150144116066
exist-core/src/main/java/org/exist/xquery/value/BinaryValueFromFile.java,org.exist.xquery.value.BinaryValueFromFile,140,15,5,24,5,0.12380952380952381,22,65.83867527410345
exist-core/src/main/java/org/exist/xquery/value/SingleItemIterator.java,org.exist.xquery.value.SingleItemIterator,41,5,2,9,1,0.7,1,70.68494536082021
exist-core/src/main/java/org/exist/xquery/value/MemoryNodeSet.java,org.exist.xquery.value.MemoryNodeSet,62,20,1,20,20,0.0,0,89.14695075663403
exist-core/src/main/java/org/exist/xquery/value/UntypedAtomicValue.java,org.exist.xquery.value.UntypedAtomicValue,340,21,1,130,2,0.43333333333333335,40,56.202060435418666
exist-core/src/main/java/org/exist/xquery/value/FunctionParameterSequenceType.java,org.exist.xquery.value.FunctionParameterSequenceType,58,5,1,5,1,1.0,2,67.82961894619805
exist-core/src/main/java/org/exist/xquery/value/Sequence.java,org.exist.xquery.value.Sequence,347,39,1,43,37,0.0,7,73.38185252376277
exist-core/src/main/java/org/exist/xquery/value/YearMonthDurationValue.java,org.exist.xquery.value.YearMonthDurationValue,201,18,1,49,7,0.0,18,61.51542739970715
exist-core/src/main/java/org/exist/xquery/value/BinaryValue.java,org.exist.xquery.value.BinaryValue,267,24,4,63,6,0.010869565217391304,20,63.055642247774664
exist-core/src/main/java/org/exist/xquery/value/Base64BinaryDocument.java,org.exist.xquery.value.Base64BinaryDocument,36,6,1,6,3,0.06666666666666667,3,74.44955724201229
exist-core/src/main/java/org/exist/xquery/value/FloatValue.java,org.exist.xquery.value.FloatValue,513,35,6,158,3,0.6352941176470588,29,58.19799069455991
exist-core/src/main/java/org/exist/xquery/value/OrderedValueSequence.java,org.exist.xquery.value.OrderedValueSequence,556,26,7,90,6,0.1723076923076923,33,55.07375349736465
exist-core/src/main/java/org/exist/xquery/value/GMonthValue.java,org.exist.xquery.value.GMonthValue,156,14,1,36,6,0.0,19,62.204232584058516
exist-core/src/main/java/org/exist/xquery/value/GDayValue.java,org.exist.xquery.value.GDayValue,114,13,0,28,6,0.0,18,65.07907337089436
exist-core/src/main/java/org/exist/xquery/value/OrderedDurationValue.java,org.exist.xquery.value.OrderedDurationValue,213,10,0,55,5,0.0,18,51.80446918012376
exist-core/src/main/java/org/exist/xquery/value/FunctionReference.java,org.exist.xquery.value.FunctionReference,187,24,3,27,4,0.2028985507246377,9,71.18943144643417
exist-core/src/main/java/org/exist/xquery/value/ComputableValue.java,org.exist.xquery.value.ComputableValue,47,11,0,11,10,0.0,1,86.10731711791267
exist-core/src/main/java/org/exist/xquery/value/EmptySequence.java,org.exist.xquery.value.EmptySequence,82,15,0,17,15,0.0,8,77.20249831434387
exist-core/src/main/java/org/exist/xquery/value/BinaryValueManager.java,org.exist.xquery.value.BinaryValueManager,15,4,0,4,3,0.0,0,85.23578365694428
exist-core/src/main/java/org/exist/xquery/value/AbstractDateTimeValue.java,org.exist.xquery.value.AbstractDateTimeValue,833,42,17,139,9,0.17770034843205576,35,55.76605346272714
exist-core/src/main/java/org/exist/xquery/value/DurationValue.java,org.exist.xquery.value.DurationValue,440,41,16,109,4,0.11951219512195121,24,62.34184231578612
exist-core/src/main/java/org/exist/xquery/value/Item.java,org.exist.xquery.value.Item,80,12,0,12,12,0.0,0,81.8927814297361
exist-core/src/main/java/org/exist/xquery/value/ItemComparator.java,org.exist.xquery.value.ItemComparator,41,3,2,7,1,0.3333333333333333,4,62.01968765909803
exist-core/src/main/java/org/exist/xquery/value/AtomicValue.java,org.exist.xquery.value.AtomicValue,487,52,2,65,35,7.541478129713424E-4,18,69.54663293210123
exist-core/src/main/java/org/exist/xquery/value/StringValue.java,org.exist.xquery.value.StringValue,675,36,5,238,3,0.3396825396825397,51,53.90006156472634
exist-core/src/main/java/org/exist/xquery/value/BinaryValueFromBinaryString.java,org.exist.xquery.value.BinaryValueFromBinaryString,117,9,3,15,3,0.19444444444444445,12,62.562908577453214
exist-core/src/main/java/org/exist/xquery/value/AnyURIValue.java,org.exist.xquery.value.AnyURIValue,424,24,5,64,4,0.4927536231884058,21,58.20694568344974
exist-core/src/main/java/org/exist/xquery/value/NodeValue.java,org.exist.xquery.value.NodeValue,74,9,2,9,9,0.0,0,79.90595534674807
exist-core/src/main/java/org/exist/xquery/value/BinaryValueFromInputStream.java,org.exist.xquery.value.BinaryValueFromInputStream,114,11,3,20,2,0.34545454545454546,13,64.8289629559926
exist-core/src/main/java/org/exist/xquery/value/IntegerValue.java,org.exist.xquery.value.IntegerValue,565,51,18,158,9,0.3043137254901961,29,62.12561807832869
exist-core/src/main/java/org/exist/xquery/value/DateTimeStampValue.java,org.exist.xquery.value.DateTimeStampValue,53,9,1,12,5,0.0,7,73.84970737323758
exist-core/src/main/java/org/exist/xquery/value/GMonthDayValue.java,org.exist.xquery.value.GMonthDayValue,80,12,0,19,6,0.0,12,69.89863946771736
exist-core/src/main/java/org/exist/xquery/value/DoubleValue.java,org.exist.xquery.value.DoubleValue,476,46,6,151,4,0.5420289855072464,30,62.68680365228508
exist-core/src/main/java/org/exist/xquery/value/SequenceIterator.java,org.exist.xquery.value.SequenceIterator,47,4,1,4,2,0.0,0,76.52372953359023
exist-core/src/main/java/org/exist/xquery/value/PreorderedValueSequence.java,org.exist.xquery.value.PreorderedValueSequence,218,17,2,27,7,0.16176470588235295,12,64.22954791604698
exist-core/src/main/java/org/exist/xquery/value/GYearValue.java,org.exist.xquery.value.GYearValue,81,12,0,19,6,0.0,12,69.64974043148631
exist-core/src/main/java/org/exist/xquery/value/BinaryValueType.java,org.exist.xquery.value.BinaryValueType,36,7,2,7,2,0.19047619047619047,2,76.343169816708
exist-core/src/main/java/org/exist/xquery/value/TimeUtils.java,org.exist.xquery.value.TimeUtils,162,28,5,30,3,0.6772486772486772,4,73.81004525333884
exist-core/src/main/java/org/exist/xquery/value/TimeValue.java,org.exist.xquery.value.TimeValue,158,17,1,32,11,0.0,18,65.1829742537949
exist-core/src/main/java/org/exist/xquery/CastableExpression.java,org.exist.xquery.CastableExpression,151,10,3,29,3,0.4666666666666667,16,58.25247603258752
exist-core/src/main/java/org/exist/xquery/ExternalModule.java,org.exist.xquery.ExternalModule,89,15,0,15,15,0.0,0,82.99678600479248
exist-core/src/main/java/org/exist/xquery/LocalVariable.java,org.exist.xquery.LocalVariable,46,4,4,4,4,0.0,1,70.59165806551422
exist-core/src/main/java/org/exist/xquery/PerformanceStats.java,org.exist.xquery.PerformanceStats,93,9,6,9,9,0.0,1,77.74089261038833
exist-core/src/main/java/org/exist/xquery/ContextItemDeclaration.java,org.exist.xquery.ContextItemDeclaration,103,10,4,20,4,0.4666666666666667,12,63.927769174807565
exist-core/src/main/java/org/exist/xquery/util/NumberFormatter_fr.java,org.exist.xquery.util.NumberFormatter_fr,20,2,0,3,2,0.0,1,70.5772083979337
exist-core/src/main/java/org/exist/xquery/util/NumberFormatter_en.java,org.exist.xquery.util.NumberFormatter_en,138,6,4,31,2,0.06666666666666667,3,52.704433822041004
exist-core/src/main/java/org/exist/xquery/util/SerializerUtils.java,org.exist.xquery.util.SerializerUtils,592,17,11,93,2,0.014705882352941176,45,47.64338134763688
exist-core/src/main/java/org/exist/xquery/util/NumberFormatter_de.java,org.exist.xquery.util.NumberFormatter_de,17,2,0,2,2,0.0,1,75.8900050529247
exist-core/src/main/java/org/exist/xquery/util/HTTPUtils.java,org.exist.xquery.util.HTTPUtils,70,2,1,12,2,0.0,13,46.210482119473326
exist-core/src/main/java/org/exist/xquery/util/Messages.java,org.exist.xquery.util.Messages,56,7,1,10,1,0.0,4,68.26328673497922
exist-core/src/main/java/org/exist/xquery/util/NumberFormatter.java,org.exist.xquery.util.NumberFormatter,176,16,2,48,5,0.13333333333333333,19,62.37107505421516
exist-core/src/main/java/org/exist/xquery/util/NumberFormatter_nl.java,org.exist.xquery.util.NumberFormatter_nl,17,2,0,2,2,0.0,1,75.8900050529247
exist-core/src/main/java/org/exist/xquery/util/URIUtils.java,org.exist.xquery.util.URIUtils,425,9,2,16,4,0.0,7,44.91012713731288
exist-core/src/main/java/org/exist/xquery/util/Error.java,org.exist.xquery.util.Error,117,10,15,11,1,0.37777777777777777,2,66.88476513602268
exist-core/src/main/java/org/exist/xquery/util/DocUtils.java,org.exist.xquery.util.DocUtils,273,13,1,51,1,0.0,34,53.58518769815693
exist-core/src/main/java/org/exist/xquery/util/ExpressionDumper.java,org.exist.xquery.util.ExpressionDumper,98,13,6,19,2,0.24358974358974358,4,69.68957895881816
exist-core/src/main/java/org/exist/xquery/util/NumberFormatter_sv.java,org.exist.xquery.util.NumberFormatter_sv,27,2,0,6,2,0.0,1,63.088554874784506
exist-core/src/main/java/org/exist/xquery/util/NumberFormatter_ru.java,org.exist.xquery.util.NumberFormatter_ru,29,2,0,2,2,0.0,1,70.83027623884857
exist-core/src/main/java/org/exist/xquery/ValueComparison.java,org.exist.xquery.ValueComparison,205,9,0,41,5,0.0,22,52.4674187608714
exist-core/src/main/java/org/exist/xquery/AbstractInternalModule.java,org.exist.xquery.AbstractInternalModule,209,19,4,31,5,0.18128654970760233,11,65.1718886231328
exist-core/src/main/java/org/exist/xquery/Variable.java,org.exist.xquery.Variable,44,16,0,16,16,0.0,0,90.28190949170097
exist-core/src/main/java/org/exist/xquery/Dependency.java,org.exist.xquery.Dependency,102,5,9,12,3,0.1,3,57.07473348333988
exist-core/src/main/java/org/exist/xquery/CommentConstructor.java,org.exist.xquery.CommentConstructor,49,5,1,7,2,0.6,5,66.9865525801865
exist-core/src/main/java/org/exist/xquery/IndexUseReporter.java,org.exist.xquery.IndexUseReporter,13,1,0,1,1,1.0,0,75.56597684744041
exist-core/src/main/java/org/exist/xquery/ExtensionExpression.java,org.exist.xquery.ExtensionExpression,172,18,2,35,2,0.8300653594771242,8,66.63220347000458
exist-core/src/main/java/org/exist/xquery/CompiledXQuery.java,org.exist.xquery.CompiledXQuery,57,7,0,7,7,0.0,0,79.99784437179905
exist-core/src/main/java/org/exist/xquery/XQuery.java,org.exist.xquery.XQuery,454,15,1,61,1,0.009523809523809525,43,49.328660250537574
exist-core/src/main/java/org/exist/xquery/TextConstructor.java,org.exist.xquery.TextConstructor,79,8,2,18,2,0.42857142857142855,8,65.50100800197085
exist-core/src/main/java/org/exist/xquery/WindowCondition.java,org.exist.xquery.WindowCondition,92,11,8,15,1,0.2909090909090909,3,68.1416570784304
exist-core/src/main/java/org/exist/xquery/XPathErrorProvider.java,org.exist.xquery.XPathErrorProvider,15,1,0,1,1,1.0,1,74.21028464452877
exist-core/src/main/java/org/exist/xquery/CachedResult.java,org.exist.xquery.CachedResult,41,3,4,8,1,1.0,2,61.80232497083016
exist-core/src/main/java/org/exist/xquery/TypeTest.java,org.exist.xquery.TypeTest,110,12,1,26,4,0.22727272727272727,6,67.12149482867038
exist-core/src/main/java/org/exist/xquery/regex/RegexUtil.java,org.exist.xquery.regex.RegexUtil,126,6,0,17,6,0.0,9,56.36089762266916
exist-core/src/main/java/org/exist/xquery/OrderSpec.java,org.exist.xquery.OrderSpec,68,10,8,14,1,0.4666666666666667,4,71.35481890649775
exist-core/src/main/java/org/exist/xquery/AnyNodeTest.java,org.exist.xquery.AnyNodeTest,80,10,0,16,9,0.0,5,69.65895162613619
exist-core/src/main/java/org/exist/xquery/xqdoc/XQDocHelper.java,org.exist.xquery.xqdoc.XQDocHelper,124,9,4,34,1,0.3055555555555556,14,58.58536665556051
exist-core/src/main/java/org/exist/xquery/DynamicFunctionCall.java,org.exist.xquery.DynamicFunctionCall,135,8,4,24,2,0.75,18,56.79447114348156
exist-core/src/main/java/org/exist/xquery/Optimizer.java,org.exist.xquery.Optimizer,1014,26,6,133,4,0.11692307692307692,40,47.77964410798728
exist-core/src/main/java/org/exist/xquery/UnaryExpr.java,org.exist.xquery.UnaryExpr,79,6,1,17,3,0.4,12,59.78299222715263
exist-core/src/main/java/org/exist/xquery/update/Modification.java,org.exist.xquery.update.Modification,290,16,6,38,7,0.11666666666666667,41,56.45925149718363
exist-core/src/main/java/org/exist/xquery/update/Rename.java,org.exist.xquery.update.Rename,139,4,0,21,4,0.0,38,45.6354092533837
exist-core/src/main/java/org/exist/xquery/update/Replace.java,org.exist.xquery.update.Replace,155,4,0,22,4,0.0,38,44.202129810631
exist-core/src/main/java/org/exist/xquery/update/Update.java,org.exist.xquery.update.Update,159,4,1,23,4,0.0,40,43.84607629189968
exist-core/src/main/java/org/exist/xquery/update/Insert.java,org.exist.xquery.update.Insert,244,8,4,43,2,0.21428571428571427,45,48.14567173008935
exist-core/src/main/java/org/exist/xquery/update/Delete.java,org.exist.xquery.update.Delete,130,4,0,19,4,0.0,33,47.110721326702446
exist-core/src/main/java/org/exist/xquery/Cardinality.java,org.exist.xquery.Cardinality,160,9,1,23,3,0.5833333333333334,2,61.744640429579626
exist-core/src/main/java/org/exist/xquery/AbstractExpression.java,org.exist.xquery.AbstractExpression,162,25,7,27,15,0.043333333333333335,8,75.78454948280375
exist-core/src/main/java/org/exist/xquery/RangeExpression.java,org.exist.xquery.RangeExpression,111,9,2,18,3,0.2777777777777778,16,60.47190824840369
exist-core/src/main/java/org/exist/xquery/DescendantOrSelfSelector.java,org.exist.xquery.DescendantOrSelfSelector,20,2,0,3,2,0.0,3,65.07171426236779
exist-core/src/main/java/org/exist/xquery/Context.java,org.exist.xquery.Context,845,148,0,148,147,0.0,1,83.36116109461547
exist-core/src/main/java/org/exist/xquery/TreatAsExpression.java,org.exist.xquery.TreatAsExpression,55,9,2,9,1,0.7777777777777778,10,71.95447781140025
exist-core/src/main/java/org/exist/xquery/VariableDeclaration.java,org.exist.xquery.VariableDeclaration,248,21,4,44,6,0.29523809523809524,23,62.31790588900554
exist-core/src/main/java/org/exist/xquery/Annotations.java,org.exist.xquery.Annotations,33,3,3,4,1,0.3333333333333333,3,66.04753556571558
exist-core/src/main/java/org/exist/xquery/DynamicVariable.java,org.exist.xquery.DynamicVariable,95,18,2,18,8,0.026143790849673203,5,78.22850840888633
exist-core/src/main/java/org/exist/xquery/StaticXQueryException.java,org.exist.xquery.StaticXQueryException,51,9,1,10,6,0.0,3,75.31758828933323
exist-core/src/main/java/org/exist/xquery/Union.java,org.exist.xquery.Union,54,4,0,14,4,0.0,8,59.38539493095931
exist-core/src/main/java/org/exist/xquery/PerformanceStatsService.java,org.exist.xquery.PerformanceStatsService,153,12,2,25,1,0.8333333333333334,10,62.37279995956334
exist-core/src/main/java/org/exist/xquery/FunctionId.java,org.exist.xquery.FunctionId,62,5,2,14,1,1.0,3,62.707027257060794
exist-core/src/main/java/org/exist/xquery/TypeswitchExpression.java,org.exist.xquery.TypeswitchExpression,219,13,3,37,3,0.48717948717948717,17,57.14790724840042
exist-core/src/main/java/org/exist/xquery/ContextItemExpression.java,org.exist.xquery.ContextItemExpression,51,5,0,11,5,0.0,9,65.27703618347988
exist-core/src/main/java/org/exist/xquery/Lookup.java,org.exist.xquery.Lookup,147,10,3,37,3,0.4222222222222222,17,58.86275132863527
exist-core/src/main/java/org/exist/xquery/DeferredFunctionCall.java,org.exist.xquery.DeferredFunctionCall,277,36,4,54,7,0.6015873015873016,6,69.40213183074873
exist-core/src/main/java/org/exist/xquery/FunctionCall.java,org.exist.xquery.FunctionCall,456,19,7,61,2,0.2807017543859649,35,53.046561525445036
exist-core/src/main/java/org/exist/xquery/DocumentConstructor.java,org.exist.xquery.DocumentConstructor,138,8,1,28,2,0.75,20,55.51744764435365
exist-core/src/main/java/org/exist/xquery/SimpleStep.java,org.exist.xquery.SimpleStep,108,8,1,20,1,0.75,14,59.92165093093256
exist-core/src/main/java/org/exist/xquery/LiteralValue.java,org.exist.xquery.LiteralValue,90,11,1,13,4,0.509090909090909,8,69.93387702198795
exist-core/src/main/java/org/exist/xquery/InstanceOfExpression.java,org.exist.xquery.InstanceOfExpression,106,10,2,22,3,0.4666666666666667,15,63.17018710521447
exist-core/src/main/java/org/exist/xquery/GeneralComparison.java,org.exist.xquery.GeneralComparison,1321,36,16,258,4,0.11587301587301588,55,45.97056849532464
exist-core/src/main/java/org/exist/xquery/QueryRewriter.java,org.exist.xquery.QueryRewriter,32,3,1,3,2,0.3333333333333333,0,73.6772827293708
exist-core/src/main/java/org/exist/xquery/NodeComparison.java,org.exist.xquery.NodeComparison,112,7,1,29,3,0.2857142857142857,19,55.92350355812547
exist-core/src/main/java/org/exist/xquery/Option.java,org.exist.xquery.Option,81,8,12,17,2,0.21428571428571427,6,65.0232141989047
exist-core/src/main/java/org/exist/xquery/Optimizable.java,org.exist.xquery.Optimizable,24,5,0,5,5,0.0,0,85.00492522210276
exist-core/src/main/java/org/exist/xquery/DefaultExpressionVisitor.java,org.exist.xquery.DefaultExpressionVisitor,203,28,0,44,28,0.0,31,69.28176108074574
exist-core/src/main/java/org/exist/xquery/ExpressionVisitor.java,org.exist.xquery.ExpressionVisitor,88,31,0,31,31,0.0,0,89.98113234977336
exist-core/src/main/java/org/exist/xquery/PartialFunctionApplication.java,org.exist.xquery.PartialFunctionApplication,140,7,3,13,3,0.3333333333333333,19,55.230307845532444
exist-core/src/main/java/org/exist/xquery/InlineFunction.java,org.exist.xquery.InlineFunction,69,6,4,6,2,0.4666666666666667,10,64.547236631333
exist-core/src/main/java/org/exist/xquery/LogicalOp.java,org.exist.xquery.LogicalOp,87,7,3,17,3,0.23809523809523808,5,62.70129366447502
exist-core/src/main/java/org/exist/xquery/Except.java,org.exist.xquery.Except,50,3,0,13,3,0.0,11,56.14947043098998
exist-core/src/main/java/org/exist/xquery/NamedFunctionReference.java,org.exist.xquery.NamedFunctionReference,98,8,3,19,2,0.32142857142857145,21,60.64588854606102
exist-core/src/main/java/org/exist/xquery/UserSwitchingBasicFunction.java,org.exist.xquery.UserSwitchingBasicFunction,47,3,1,4,2,0.3333333333333333,4,63.62749212844706
exist-core/src/main/java/org/exist/xquery/Expression.java,org.exist.xquery.Expression,189,27,14,27,26,0.0,0,81.43055882181517
exist-core/src/main/java/org/exist/xquery/OpAnd.java,org.exist.xquery.OpAnd,113,5,0,30,5,0.0,16,51.71784851928571
exist-core/src/main/java/org/exist/xquery/XQueryContext.java,org.exist.xquery.XQueryContext,3734,233,104,633,13,0.03803463075329288,151,58.35327426697383
exist-core/src/main/java/org/exist/xquery/DynamicCardinalityCheck.java,org.exist.xquery.DynamicCardinalityCheck,127,13,3,23,1,0.8461538461538461,14,64.59366753682325
exist-core/src/main/java/org/exist/xquery/pragmas/Optimize.java,org.exist.xquery.pragmas.Optimize,329,15,13,90,6,0.1619047619047619,36,52.1591451861431
exist-core/src/main/java/org/exist/xquery/pragmas/ProfilePragma.java,org.exist.xquery.pragmas.ProfilePragma,22,3,2,3,3,0.0,4,69.91195861438663
exist-core/src/main/java/org/exist/xquery/pragmas/NoIndexPragma.java,org.exist.xquery.pragmas.NoIndexPragma,19,2,3,3,2,0.0,4,68.4975929460225
exist-core/src/main/java/org/exist/xquery/pragmas/TimePragma.java,org.exist.xquery.pragmas.TimePragma,491,12,5,60,1,0.21212121212121213,19,46.31411648838502
exist-core/src/main/java/org/exist/xquery/pragmas/ForceIndexUse.java,org.exist.xquery.pragmas.ForceIndexUse,57,4,3,13,2,0.5,8,59.52348020277964
exist-core/src/main/java/org/exist/xquery/LocationStep.java,org.exist.xquery.LocationStep,1418,29,10,267,6,0.1748768472906404,54,42.17547885063823
exist-core/src/main/java/org/exist/xquery/DynamicPIConstructor.java,org.exist.xquery.DynamicPIConstructor,125,8,2,26,2,0.7142857142857143,23,56.126378295913156
exist-core/src/main/java/org/exist/xquery/CountClause.java,org.exist.xquery.CountClause,165,11,4,18,4,0.2909090909090909,21,59.10955735464107
exist-core/src/main/java/org/exist/xquery/DynamicTextConstructor.java,org.exist.xquery.DynamicTextConstructor,109,8,1,19,2,0.75,17,59.619553133744255
exist-core/src/main/java/org/exist/xquery/FunctionDef.java,org.exist.xquery.FunctionDef,28,3,2,3,1,0.6666666666666666,0,72.93612987729736
exist-core/src/main/java/org/exist/xquery/Step.java,org.exist.xquery.Step,213,22,7,52,4,0.354978354978355,20,64.71122674415878
exist-core/src/main/java/org/exist/xquery/VariableImpl.java,org.exist.xquery.VariableImpl,247,22,7,53,3,0.23809523809523808,19,62.312288319789594
exist-core/src/main/java/org/exist/xquery/TryCatchExpression.java,org.exist.xquery.TryCatchExpression,549,29,12,70,5,0.13054187192118227,37,56.06760452843589
exist-core/src/main/java/org/exist/xquery/functions/response/ResponseModule.java,org.exist.xquery.functions.response.ResponseModule,54,5,6,5,5,0.0,1,73.78536164684307
exist-core/src/main/java/org/exist/xquery/functions/response/SetCookie.java,org.exist.xquery.functions.response.SetCookie,112,2,8,12,2,0.0,10,41.985149567604516
exist-core/src/main/java/org/exist/xquery/functions/response/StrictResponseFunction.java,org.exist.xquery.functions.response.StrictResponseFunction,36,3,0,3,2,0.0,4,67.4185146900069
exist-core/src/main/java/org/exist/xquery/functions/response/GetExists.java,org.exist.xquery.functions.response.GetExists,28,2,2,2,2,0.0,3,66.87678575856023
exist-core/src/main/java/org/exist/xquery/functions/response/ResponseFunction.java,org.exist.xquery.functions.response.ResponseFunction,34,3,0,3,2,0.0,3,67.43844235261223
exist-core/src/main/java/org/exist/xquery/functions/response/SetHeader.java,org.exist.xquery.functions.response.SetHeader,35,2,4,2,2,0.0,3,61.37857636477486
exist-core/src/main/java/org/exist/xquery/functions/response/Stream.java,org.exist.xquery.functions.response.Stream,89,2,2,11,2,0.0,22,43.078670594352566
exist-core/src/main/java/org/exist/xquery/functions/response/RedirectTo.java,org.exist.xquery.functions.response.RedirectTo,33,2,2,3,2,0.0,5,60.96106421448755
exist-core/src/main/java/org/exist/xquery/functions/response/SetStatusCode.java,org.exist.xquery.functions.response.SetStatusCode,34,2,2,2,2,0.0,5,61.96286303842813
exist-core/src/main/java/org/exist/xquery/functions/response/SetDateHeader.java,org.exist.xquery.functions.response.SetDateHeader,35,2,4,2,2,0.0,5,60.24401944982629
exist-core/src/main/java/org/exist/xquery/functions/response/StreamBinary.java,org.exist.xquery.functions.response.StreamBinary,60,2,5,9,1,1.0,11,49.43623569241211
exist-core/src/main/java/org/exist/xquery/functions/fn/FunOneOrMore.java,org.exist.xquery.functions.fn.FunOneOrMore,47,2,1,7,2,0.0,9,52.918074864717326
exist-core/src/main/java/org/exist/xquery/functions/fn/FunSerialize.java,org.exist.xquery.functions.fn.FunSerialize,186,5,2,31,2,0.0,30,45.92163636367456
exist-core/src/main/java/org/exist/xquery/functions/fn/FunNamespaceURIForPrefix.java,org.exist.xquery.functions.fn.FunNamespaceURIForPrefix,68,2,2,8,2,0.0,13,48.25701488668473
exist-core/src/main/java/org/exist/xquery/functions/fn/FunDistinctValues.java,org.exist.xquery.functions.fn.FunDistinctValues,133,3,2,12,3,0.0,15,45.665007204176135
exist-core/src/main/java/org/exist/xquery/functions/fn/FunNormalizeSpace.java,org.exist.xquery.functions.fn.FunNormalizeSpace,120,4,7,18,3,0.0,15,50.201015846399386
exist-core/src/main/java/org/exist/xquery/functions/fn/FnFormatIntegers.java,org.exist.xquery.functions.fn.FnFormatIntegers,63,2,4,5,2,0.0,9,51.00454440451122
exist-core/src/main/java/org/exist/xquery/functions/fn/FunEncodeForURI.java,org.exist.xquery.functions.fn.FunEncodeForURI,51,2,1,7,2,0.0,9,51.52689209953657
exist-core/src/main/java/org/exist/xquery/functions/fn/QNameFunctions.java,org.exist.xquery.functions.fn.QNameFunctions,81,2,3,11,2,0.0,12,45.94175729059869
exist-core/src/main/java/org/exist/xquery/functions/fn/FnFormatNumbers.java,org.exist.xquery.functions.fn.FnFormatNumbers,1201,16,4,174,2,0.0,34,36.77164106403113
exist-core/src/main/java/org/exist/xquery/functions/fn/FunDefaultCollation.java,org.exist.xquery.functions.fn.FunDefaultCollation,37,2,1,5,2,0.0,6,56.58128513356866
exist-core/src/main/java/org/exist/xquery/functions/fn/FunAnalyzeString.java,org.exist.xquery.functions.fn.FunAnalyzeString,219,9,6,30,4,0.08333333333333333,29,51.581410788449034
exist-core/src/main/java/org/exist/xquery/functions/fn/FunHeadTail.java,org.exist.xquery.functions.fn.FunHeadTail,50,3,1,6,3,0.0,9,59.72375874584924
exist-core/src/main/java/org/exist/xquery/functions/fn/FunContainsToken.java,org.exist.xquery.functions.fn.FunContainsToken,71,2,5,9,2,0.0,13,48.25226823515742
exist-core/src/main/java/org/exist/xquery/functions/fn/FunMin.java,org.exist.xquery.functions.fn.FunMin,212,3,4,32,2,0.0,18,36.96644452960133
exist-core/src/main/java/org/exist/xquery/functions/fn/FnDefaultLanguage.java,org.exist.xquery.functions.fn.FnDefaultLanguage,22,2,1,2,2,0.0,3,69.16147892840442
exist-core/src/main/java/org/exist/xquery/functions/fn/FunString.java,org.exist.xquery.functions.fn.FunString,71,2,1,11,2,0.0,11,47.52043890333968
exist-core/src/main/java/org/exist/xquery/functions/fn/FunIRIToURI.java,org.exist.xquery.functions.fn.FunIRIToURI,86,2,2,8,2,0.0,9,46.284917212448676
exist-core/src/main/java/org/exist/xquery/functions/fn/FunEquals.java,org.exist.xquery.functions.fn.FunEquals,88,3,1,14,3,0.0,13,49.84302026030795
exist-core/src/main/java/org/exist/xquery/functions/fn/FunStartsWith.java,org.exist.xquery.functions.fn.FunStartsWith,83,2,6,10,2,0.0,11,45.83614640092785
exist-core/src/main/java/org/exist/xquery/functions/fn/FunUriCollection.java,org.exist.xquery.functions.fn.FunUriCollection,198,4,16,47,2,0.16666666666666666,27,40.75646107693018
exist-core/src/main/java/org/exist/xquery/functions/fn/FunTrueOrFalse.java,org.exist.xquery.functions.fn.FunTrueOrFalse,57,5,2,9,4,0.0,8,63.625343824504995
exist-core/src/main/java/org/exist/xquery/functions/fn/FunReverse.java,org.exist.xquery.functions.fn.FunReverse,82,3,1,15,3,0.0,11,49.616757065883036
exist-core/src/main/java/org/exist/xquery/functions/fn/FunSubstringAfter.java,org.exist.xquery.functions.fn.FunSubstringAfter,103,2,4,12,2,0.0,12,42.45561534645465
exist-core/src/main/java/org/exist/xquery/functions/fn/FunAvg.java,org.exist.xquery.functions.fn.FunAvg,99,2,3,19,2,0.0,16,41.13197759082464
exist-core/src/main/java/org/exist/xquery/functions/fn/FnFormatDates.java,org.exist.xquery.functions.fn.FnFormatDates,1637,50,28,349,2,8.163265306122449E-4,39,47.60975935239577
exist-core/src/main/java/org/exist/xquery/functions/fn/FunCurrentDateTime.java,org.exist.xquery.functions.fn.FunCurrentDateTime,71,2,4,9,2,0.0,10,48.073408681161
exist-core/src/main/java/org/exist/xquery/functions/fn/FunStringToCodepoints.java,org.exist.xquery.functions.fn.FunStringToCodepoints,178,9,1,27,6,0.0,13,55.505204985037395
exist-core/src/main/java/org/exist/xquery/functions/fn/FunCompare.java,org.exist.xquery.functions.fn.FunCompare,93,3,1,11,2,0.0,11,49.85449700605562
exist-core/src/main/java/org/exist/xquery/functions/fn/FunRoundHalfToEven.java,org.exist.xquery.functions.fn.FunRoundHalfToEven,78,2,6,2,2,0.0,2,59.52392462398304
exist-core/src/main/java/org/exist/xquery/functions/fn/FunReplace.java,org.exist.xquery.functions.fn.FunReplace,144,2,6,15,2,0.0,20,38.124362729431496
exist-core/src/main/java/org/exist/xquery/functions/fn/FunCeiling.java,org.exist.xquery.functions.fn.FunCeiling,56,3,1,9,3,0.0,9,55.400404572994184
exist-core/src/main/java/org/exist/xquery/functions/fn/FnOuterMost.java,org.exist.xquery.functions.fn.FnOuterMost,58,3,1,9,2,0.0,11,55.63336869753841
exist-core/src/main/java/org/exist/xquery/functions/fn/FunGetDurationComponent.java,org.exist.xquery.functions.fn.FunGetDurationComponent,124,2,10,15,2,0.0,15,40.08036715241278
exist-core/src/main/java/org/exist/xquery/functions/fn/CollatingFunction.java,org.exist.xquery.functions.fn.CollatingFunction,31,2,1,3,2,0.0,6,60.723260704529224
exist-core/src/main/java/org/exist/xquery/functions/fn/FunLang.java,org.exist.xquery.functions.fn.FunLang,118,3,6,16,2,0.3333333333333333,17,45.91837840560852
exist-core/src/main/java/org/exist/xquery/functions/fn/FunGetDateComponent.java,org.exist.xquery.functions.fn.FunGetDateComponent,224,2,19,23,2,0.0,15,33.37160311449581
exist-core/src/main/java/org/exist/xquery/functions/fn/FunRemove.java,org.exist.xquery.functions.fn.FunRemove,78,3,1,13,2,0.0,12,50.857545976347495
exist-core/src/main/java/org/exist/xquery/functions/fn/FunSubSequence.java,org.exist.xquery.functions.fn.FunSubSequence,143,4,1,17,3,0.0,14,47.74530964031726
exist-core/src/main/java/org/exist/xquery/functions/fn/FnRandomNumberGenerator.java,org.exist.xquery.functions.fn.FnRandomNumberGenerator,217,7,3,11,2,0.0,17,53.01892698576652
exist-core/src/main/java/org/exist/xquery/functions/fn/transform/TreeUtils.java,org.exist.xquery.functions.fn.transform.TreeUtils,87,5,0,17,4,0.0,8,57.01668551794631
exist-core/src/main/java/org/exist/xquery/functions/fn/transform/Transform.java,org.exist.xquery.functions.fn.transform.Transform,442,9,6,43,3,0.2777777777777778,56,43.09428708760319
exist-core/src/main/java/org/exist/xquery/functions/fn/transform/Delivery.java,org.exist.xquery.functions.fn.transform.Delivery,85,6,6,15,1,0.4,14,60.71137079743077
exist-core/src/main/java/org/exist/xquery/functions/fn/transform/SerializationParameters.java,org.exist.xquery.functions.fn.transform.SerializationParameters,256,6,9,28,2,0.0,28,45.215249307084534
exist-core/src/main/java/org/exist/xquery/functions/fn/transform/URIResolution.java,org.exist.xquery.functions.fn.transform.URIResolution,92,2,0,12,2,0.0,11,45.048249127255644
exist-core/src/main/java/org/exist/xquery/functions/fn/transform/Options.java,org.exist.xquery.functions.fn.transform.Options,606,12,69,58,1,0.5606060606060606,55,42.79606096277038
exist-core/src/main/java/org/exist/xquery/functions/fn/transform/Convert.java,org.exist.xquery.functions.fn.transform.Convert,178,1,1,1,1,1.0,1,48.66710008558861
exist-core/src/main/java/org/exist/xquery/functions/fn/FunUnordered.java,org.exist.xquery.functions.fn.FunUnordered,66,5,1,9,5,0.0,8,61.24195490404679
exist-core/src/main/java/org/exist/xquery/functions/fn/FunAbs.java,org.exist.xquery.functions.fn.FunAbs,58,2,1,8,2,0.0,9,49.88071946966284
exist-core/src/main/java/org/exist/xquery/functions/fn/LoadXQueryModule.java,org.exist.xquery.functions.fn.LoadXQueryModule,251,7,9,34,2,0.0,42,45.84109921039852
exist-core/src/main/java/org/exist/xquery/functions/fn/FunEmpty.java,org.exist.xquery.functions.fn.FunEmpty,47,2,1,7,2,0.0,8,52.93578302815795
exist-core/src/main/java/org/exist/xquery/functions/fn/FunDateTime.java,org.exist.xquery.functions.fn.FunDateTime,93,2,1,16,2,0.0,19,41.56039155028296
exist-core/src/main/java/org/exist/xquery/functions/fn/FunNodeName.java,org.exist.xquery.functions.fn.FunNodeName,96,2,1,13,2,0.0,15,43.10609211640233
exist-core/src/main/java/org/exist/xquery/functions/fn/FunExists.java,org.exist.xquery.functions.fn.FunExists,47,2,1,7,2,0.0,8,52.93578302815795
exist-core/src/main/java/org/exist/xquery/functions/fn/FunXmlToJson.java,org.exist.xquery.functions.fn.FunXmlToJson,232,5,5,46,2,0.1,28,42.515548847132514
exist-core/src/main/java/org/exist/xquery/functions/fn/FunGenerateId.java,org.exist.xquery.functions.fn.FunGenerateId,86,2,2,14,2,0.0,18,44.10581216926484
exist-core/src/main/java/org/exist/xquery/functions/fn/FnHasChildren.java,org.exist.xquery.functions.fn.FnHasChildren,72,2,3,11,2,0.0,10,47.61830552485011
exist-core/src/main/java/org/exist/xquery/functions/fn/FunCodepointsToString.java,org.exist.xquery.functions.fn.FunCodepointsToString,64,2,2,11,2,0.0,14,47.982602341205904
exist-core/src/main/java/org/exist/xquery/functions/fn/FunUpperOrLowerCase.java,org.exist.xquery.functions.fn.FunUpperOrLowerCase,59,2,2,9,2,0.0,9,49.52251435654668
exist-core/src/main/java/org/exist/xquery/functions/fn/FunIndexOf.java,org.exist.xquery.functions.fn.FunIndexOf,364,10,16,43,2,0.13333333333333333,23,48.09890035140598
exist-core/src/main/java/org/exist/xquery/functions/fn/JSON.java,org.exist.xquery.functions.fn.JSON,405,9,17,82,2,0.027777777777777776,34,43.0037790214804
exist-core/src/main/java/org/exist/xquery/functions/fn/FunSubstring.java,org.exist.xquery.functions.fn.FunSubstring,229,7,1,28,3,0.0,13,49.40350016983111
exist-core/src/main/java/org/exist/xquery/functions/fn/FnInnerMost.java,org.exist.xquery.functions.fn.FnInnerMost,58,3,1,9,2,0.0,12,55.51963168511546
exist-core/src/main/java/org/exist/xquery/functions/fn/FunMax.java,org.exist.xquery.functions.fn.FunMax,177,2,4,24,2,0.0,20,34.17601855750445
exist-core/src/main/java/org/exist/xquery/functions/fn/FunInsertBefore.java,org.exist.xquery.functions.fn.FunInsertBefore,88,2,2,12,2,0.0,10,44.31404063319013
exist-core/src/main/java/org/exist/xquery/functions/fn/FunEscapeURI.java,org.exist.xquery.functions.fn.FunEscapeURI,100,4,2,23,2,0.0,11,51.204901941805865
exist-core/src/main/java/org/exist/xquery/functions/fn/FunLocalName.java,org.exist.xquery.functions.fn.FunLocalName,115,2,2,14,2,0.0,14,41.13998962935595
exist-core/src/main/java/org/exist/xquery/functions/fn/FunInScopePrefixes.java,org.exist.xquery.functions.fn.FunInScopePrefixes,185,4,1,49,2,0.0,24,41.9414785241087
exist-core/src/main/java/org/exist/xquery/functions/fn/FunTokenize.java,org.exist.xquery.functions.fn.FunTokenize,92,2,4,10,2,0.0,14,44.25863708321045
exist-core/src/main/java/org/exist/xquery/functions/fn/FunNilled.java,org.exist.xquery.functions.fn.FunNilled,72,2,3,9,2,0.0,7,49.08741069677558
exist-core/src/main/java/org/exist/xquery/functions/fn/FunSubstringBefore.java,org.exist.xquery.functions.fn.FunSubstringBefore,99,2,4,11,2,0.0,12,43.18769882056958
exist-core/src/main/java/org/exist/xquery/functions/fn/FunMatches.java,org.exist.xquery.functions.fn.FunMatches,548,19,14,102,5,0.0935672514619883,52,48.900698799803116
exist-core/src/main/java/org/exist/xquery/functions/fn/FunName.java,org.exist.xquery.functions.fn.FunName,112,2,4,12,2,0.0,15,41.92861298515747
exist-core/src/main/java/org/exist/xquery/functions/fn/FunDocumentURI.java,org.exist.xquery.functions.fn.FunDocumentURI,89,2,6,16,2,0.0,15,43.66347783749985
exist-core/src/main/java/org/exist/xquery/functions/fn/FunResolveQName.java,org.exist.xquery.functions.fn.FunResolveQName,176,5,1,33,3,0.0,22,46.81317569516891
exist-core/src/main/java/org/exist/xquery/functions/fn/FunLast.java,org.exist.xquery.functions.fn.FunLast,79,3,1,10,2,0.0,9,52.36754203517033
exist-core/src/main/java/org/exist/xquery/functions/fn/FunPath.java,org.exist.xquery.functions.fn.FunPath,188,4,4,30,2,0.0,21,43.30977377381063
exist-core/src/main/java/org/exist/xquery/functions/fn/FunTranslate.java,org.exist.xquery.functions.fn.FunTranslate,83,2,1,11,2,0.0,13,44.312043762781556
exist-core/src/main/java/org/exist/xquery/functions/fn/FunEndsWith.java,org.exist.xquery.functions.fn.FunEndsWith,77,3,1,10,3,0.0,11,52.02508786447451
exist-core/src/main/java/org/exist/xquery/functions/fn/FunRound.java,org.exist.xquery.functions.fn.FunRound,64,3,4,4,3,0.0,4,63.10608084899737
exist-core/src/main/java/org/exist/xquery/functions/fn/FunConcat.java,org.exist.xquery.functions.fn.FunConcat,90,5,2,15,5,0.0,19,56.137969580485745
exist-core/src/main/java/org/exist/xquery/functions/fn/FunEscapeHTMLURI.java,org.exist.xquery.functions.fn.FunEscapeHTMLURI,51,2,1,7,2,0.0,9,51.585710870768885
exist-core/src/main/java/org/exist/xquery/functions/fn/FunResolveURI.java,org.exist.xquery.functions.fn.FunResolveURI,120,2,7,15,2,0.0,13,39.96655166523227
exist-core/src/main/java/org/exist/xquery/functions/fn/FunCount.java,org.exist.xquery.functions.fn.FunCount,67,4,1,11,3,0.0,10,57.503057458733174
exist-core/src/main/java/org/exist/xquery/functions/fn/FunUnparsedText.java,org.exist.xquery.functions.fn.FunUnparsedText,271,12,5,59,2,0.0,30,52.60304460702956
exist-core/src/main/java/org/exist/xquery/functions/fn/FunBoolean.java,org.exist.xquery.functions.fn.FunBoolean,47,3,1,8,3,0.0,9,58.09231863541938
exist-core/src/main/java/org/exist/xquery/functions/fn/ParsingFunctions.java,org.exist.xquery.functions.fn.ParsingFunctions,127,6,5,11,2,0.0,20,55.80577575171557
exist-core/src/main/java/org/exist/xquery/functions/fn/FunRoundBase.java,org.exist.xquery.functions.fn.FunRoundBase,92,6,0,17,3,0.0,13,58.93878586752047
exist-core/src/main/java/org/exist/xquery/functions/fn/FunCodepointEqual.java,org.exist.xquery.functions.fn.FunCodepointEqual,67,3,1,8,2,0.0,10,54.384885304497516
exist-core/src/main/java/org/exist/xquery/functions/fn/ExtCollection.java,org.exist.xquery.functions.fn.ExtCollection,156,9,3,31,2,0.027777777777777776,27,56.39299943015722
exist-core/src/main/java/org/exist/xquery/functions/fn/FunElementWithId.java,org.exist.xquery.functions.fn.FunElementWithId,138,5,5,33,3,0.0,33,48.93860624850437
exist-core/src/main/java/org/exist/xquery/functions/fn/FunTrace.java,org.exist.xquery.functions.fn.FunTrace,97,2,5,7,2,0.0,15,44.68610859606336
exist-core/src/main/java/org/exist/xquery/functions/fn/FunError.java,org.exist.xquery.functions.fn.FunError,104,3,4,9,3,0.0,10,49.909975002034464
exist-core/src/main/java/org/exist/xquery/functions/fn/FunCollationKey.java,org.exist.xquery.functions.fn.FunCollationKey,44,2,6,6,2,0.0,12,53.97500103080932
exist-core/src/main/java/org/exist/xquery/functions/fn/FunSort.java,org.exist.xquery.functions.fn.FunSort,217,6,2,16,2,0.06666666666666667,19,49.73359397732217
exist-core/src/main/java/org/exist/xquery/functions/fn/FunHigherOrderFun.java,org.exist.xquery.functions.fn.FunHigherOrderFun,281,14,8,33,3,0.23076923076923078,17,55.63076325124402
exist-core/src/main/java/org/exist/xquery/functions/fn/FunImplicitTimezone.java,org.exist.xquery.functions.fn.FunImplicitTimezone,39,2,1,6,2,0.0,7,55.15561500673246
exist-core/src/main/java/org/exist/xquery/functions/fn/FunNot.java,org.exist.xquery.functions.fn.FunNot,146,6,2,29,4,0.0,19,51.83529668600152
exist-core/src/main/java/org/exist/xquery/functions/fn/FunExactlyOne.java,org.exist.xquery.functions.fn.FunExactlyOne,50,2,2,8,2,0.0,10,51.52060464258331
exist-core/src/main/java/org/exist/xquery/functions/fn/FunFloor.java,org.exist.xquery.functions.fn.FunFloor,56,3,1,9,3,0.0,9,55.400404572994184
exist-core/src/main/java/org/exist/xquery/functions/fn/FunSum.java,org.exist.xquery.functions.fn.FunSum,132,3,2,27,2,0.0,18,42.80142117084042
exist-core/src/main/java/org/exist/xquery/functions/fn/FunZeroOrOne.java,org.exist.xquery.functions.fn.FunZeroOrOne,48,2,1,7,2,0.0,9,52.452798047063936
exist-core/src/main/java/org/exist/xquery/functions/fn/FunBaseURI.java,org.exist.xquery.functions.fn.FunBaseURI,142,2,7,19,2,0.0,17,38.75853252703925
exist-core/src/main/java/org/exist/xquery/functions/fn/FunStringJoin.java,org.exist.xquery.functions.fn.FunStringJoin,76,2,1,10,2,0.0,11,46.897124979028554
exist-core/src/main/java/org/exist/xquery/functions/fn/FunRoot.java,org.exist.xquery.functions.fn.FunRoot,134,3,3,20,2,0.0,20,44.08973680253012
exist-core/src/main/java/org/exist/xquery/functions/fn/FunIdRef.java,org.exist.xquery.functions.fn.FunIdRef,148,4,2,27,2,0.0,29,45.43500387726605
exist-core/src/main/java/org/exist/xquery/functions/fn/FunId.java,org.exist.xquery.functions.fn.FunId,175,5,2,37,2,0.0,34,45.76707957496271
exist-core/src/main/java/org/exist/xquery/functions/fn/FunContains.java,org.exist.xquery.functions.fn.FunContains,78,3,1,11,3,0.0,12,51.670704540689066
exist-core/src/main/java/org/exist/xquery/functions/fn/FunNamespaceURI.java,org.exist.xquery.functions.fn.FunNamespaceURI,107,2,4,12,2,0.0,15,42.38758707626878
exist-core/src/main/java/org/exist/xquery/functions/fn/FunEnvironment.java,org.exist.xquery.functions.fn.FunEnvironment,66,2,2,7,2,0.0,11,49.620017394407526
exist-core/src/main/java/org/exist/xquery/functions/fn/FunNormalizeUnicode.java,org.exist.xquery.functions.fn.FunNormalizeUnicode,114,2,7,11,2,0.0,13,42.11202965599857
exist-core/src/main/java/org/exist/xquery/functions/fn/FunParseIetfDate.java,org.exist.xquery.functions.fn.FunParseIetfDate,510,2,3,4,2,0.0,7,33.40787446978994
exist-core/src/main/java/org/exist/xquery/functions/fn/FunData.java,org.exist.xquery.functions.fn.FunData,78,2,2,10,2,0.0,9,46.76291447989502
exist-core/src/main/java/org/exist/xquery/functions/fn/FunPosition.java,org.exist.xquery.functions.fn.FunPosition,56,3,1,10,2,0.0,9,55.49814110088109
exist-core/src/main/java/org/exist/xquery/functions/fn/FnModule.java,org.exist.xquery.functions.fn.FnModule,293,7,6,7,7,0.0,4,56.156257793674015
exist-core/src/main/java/org/exist/xquery/functions/fn/FnTransform.java,org.exist.xquery.functions.fn.FnTransform,36,2,3,2,1,1.0,2,62.67167311553898
exist-core/src/main/java/org/exist/xquery/functions/fn/FunDoc.java,org.exist.xquery.functions.fn.FunDoc,116,8,3,20,5,0.10714285714285714,16,59.026992566016375
exist-core/src/main/java/org/exist/xquery/functions/fn/FunQName.java,org.exist.xquery.functions.fn.FunQName,114,2,1,27,2,0.0,15,38.550606873285595
exist-core/src/main/java/org/exist/xquery/functions/fn/FunStrLength.java,org.exist.xquery.functions.fn.FunStrLength,87,3,1,13,3,0.0,16,50.44767166231235
exist-core/src/main/java/org/exist/xquery/functions/fn/FunDocAvailable.java,org.exist.xquery.functions.fn.FunDocAvailable,81,4,2,11,3,0.0,15,54.99849270302883
exist-core/src/main/java/org/exist/xquery/functions/fn/FunAdjustTimezone.java,org.exist.xquery.functions.fn.FunAdjustTimezone,107,2,10,8,2,0.0,9,44.32527960311427
exist-core/src/main/java/org/exist/xquery/functions/fn/FunNumber.java,org.exist.xquery.functions.fn.FunNumber,119,2,5,13,2,0.0,12,41.866895782991705
exist-core/src/main/java/org/exist/xquery/functions/fn/FunDeepEqual.java,org.exist.xquery.functions.fn.FunDeepEqual,464,16,2,103,2,0.0,28,49.18050741105471
exist-core/src/main/java/org/exist/xquery/functions/fn/FunOnFunctions.java,org.exist.xquery.functions.fn.FunOnFunctions,114,4,1,21,4,0.0,20,50.0799083675991
exist-core/src/main/java/org/exist/xquery/functions/util/Compile.java,org.exist.xquery.functions.util.Compile,146,3,8,17,2,0.0,24,43.13636488204577
exist-core/src/main/java/org/exist/xquery/functions/util/InspectFunction.java,org.exist.xquery.functions.util.InspectFunction,35,3,2,4,2,0.0,8,62.90596511717988
exist-core/src/main/java/org/exist/xquery/functions/util/QNameIndexLookup.java,org.exist.xquery.functions.util.QNameIndexLookup,118,5,6,12,5,0.0,23,52.54666873802558
exist-core/src/main/java/org/exist/xquery/functions/util/DeepCopyFunction.java,org.exist.xquery.functions.util.DeepCopyFunction,50,2,2,4,2,0.0,10,53.579396695564895
exist-core/src/main/java/org/exist/xquery/functions/util/Hash.java,org.exist.xquery.functions.util.Hash,59,2,6,4,2,0.0,7,52.662931743578284
exist-core/src/main/java/org/exist/xquery/functions/util/IndexKeyOccurrences.java,org.exist.xquery.functions.util.IndexKeyOccurrences,79,2,6,12,2,0.0,22,44.3365225504836
exist-core/src/main/java/org/exist/xquery/functions/util/BinaryDoc.java,org.exist.xquery.functions.util.BinaryDoc,123,3,10,16,3,0.0,24,45.08813880165069
exist-core/src/main/java/org/exist/xquery/functions/util/NodeId.java,org.exist.xquery.functions.util.NodeId,39,2,2,3,2,0.0,7,57.864067531239755
exist-core/src/main/java/org/exist/xquery/functions/util/BinaryToString.java,org.exist.xquery.functions.util.BinaryToString,84,4,2,9,2,0.0,13,56.89196027467337
exist-core/src/main/java/org/exist/xquery/functions/util/UtilModule.java,org.exist.xquery.functions.util.UtilModule,196,10,9,14,6,0.13333333333333333,6,61.008543415741805
exist-core/src/main/java/org/exist/xquery/functions/util/Profile.java,org.exist.xquery.functions.util.Profile,42,2,2,3,2,0.0,6,57.69519072480102
exist-core/src/main/java/org/exist/xquery/functions/util/LockFunction.java,org.exist.xquery.functions.util.LockFunction,42,4,2,5,3,0.16666666666666666,7,65.04424244106974
exist-core/src/main/java/org/exist/xquery/functions/util/Base64Functions.java,org.exist.xquery.functions.util.Base64Functions,81,2,2,5,2,0.0,6,49.337391213588646
exist-core/src/main/java/org/exist/xquery/functions/util/LineNumber.java,org.exist.xquery.functions.util.LineNumber,22,2,2,2,2,0.0,3,69.6549106430678
exist-core/src/main/java/org/exist/xquery/functions/util/Expand.java,org.exist.xquery.functions.util.Expand,104,2,3,13,2,0.0,24,41.525267373924834
exist-core/src/main/java/org/exist/xquery/functions/util/IndexType.java,org.exist.xquery.functions.util.IndexType,62,3,2,8,3,0.0,10,55.07929596841071
exist-core/src/main/java/org/exist/xquery/functions/util/PrologFunctions.java,org.exist.xquery.functions.util.PrologFunctions,122,6,2,15,2,0.0,12,56.00141477517765
exist-core/src/main/java/org/exist/xquery/functions/util/BaseConverter.java,org.exist.xquery.functions.util.BaseConverter,90,2,7,6,2,0.0,10,46.953253238885026
exist-core/src/main/java/org/exist/xquery/functions/util/IndexKeys.java,org.exist.xquery.functions.util.IndexKeys,213,4,2,27,3,0.0,40,40.59364481730101
exist-core/src/main/java/org/exist/xquery/functions/util/DescribeFunction.java,org.exist.xquery.functions.util.DescribeFunction,170,4,4,22,2,0.0,21,44.16510225931871
exist-core/src/main/java/org/exist/xquery/functions/util/LogFunction.java,org.exist.xquery.functions.util.LogFunction,179,3,9,22,2,0.0,22,41.39455850314966
exist-core/src/main/java/org/exist/xquery/functions/util/FunUnEscapeURI.java,org.exist.xquery.functions.util.FunUnEscapeURI,40,2,2,3,2,0.0,6,58.70062943472602
exist-core/src/main/java/org/exist/xquery/functions/util/GetSequenceType.java,org.exist.xquery.functions.util.GetSequenceType,27,2,2,2,2,0.0,4,64.28071752286225
exist-core/src/main/java/org/exist/xquery/functions/util/CallFunction.java,org.exist.xquery.functions.util.CallFunction,52,2,2,5,2,0.0,11,52.0676236888932
exist-core/src/main/java/org/exist/xquery/functions/util/RandomFunction.java,org.exist.xquery.functions.util.RandomFunction,56,2,2,4,2,0.0,8,52.971367398855236
exist-core/src/main/java/org/exist/xquery/functions/util/ExclusiveLockFunction.java,org.exist.xquery.functions.util.ExclusiveLockFunction,20,1,1,1,1,1.0,1,64.02900050353357
exist-core/src/main/java/org/exist/xquery/functions/util/Parse.java,org.exist.xquery.functions.util.Parse,85,2,4,11,2,0.0,26,43.83727578480555
exist-core/src/main/java/org/exist/xquery/functions/util/BuiltinFunctions.java,org.exist.xquery.functions.util.BuiltinFunctions,147,6,2,24,2,0.0,20,52.54862585444302
exist-core/src/main/java/org/exist/xquery/functions/util/ModuleInfo.java,org.exist.xquery.functions.util.ModuleInfo,230,4,18,27,2,0.0,27,40.671714481142125
exist-core/src/main/java/org/exist/xquery/functions/util/DocumentNameOrId.java,org.exist.xquery.functions.util.DocumentNameOrId,157,7,9,27,4,0.0,24,52.61742347072423
exist-core/src/main/java/org/exist/xquery/functions/util/Eval.java,org.exist.xquery.functions.util.Eval,604,8,23,104,2,0.0,65,35.52505973686839
exist-core/src/main/java/org/exist/xquery/functions/util/SystemProperty.java,org.exist.xquery.functions.util.SystemProperty,37,2,1,4,2,0.0,5,58.69046987303799
exist-core/src/main/java/org/exist/xquery/functions/util/Collations.java,org.exist.xquery.functions.util.Collations,43,2,2,5,2,0.0,6,55.20576308998956
exist-core/src/main/java/org/exist/xquery/functions/util/FunDoctype.java,org.exist.xquery.functions.util.FunDoctype,61,2,2,10,2,0.0,19,48.11730833281091
exist-core/src/main/java/org/exist/xquery/functions/util/GetNodeById.java,org.exist.xquery.functions.util.GetNodeById,48,2,2,4,2,0.0,11,53.78029470764249
exist-core/src/main/java/org/exist/xquery/functions/util/SharedLockFunction.java,org.exist.xquery.functions.util.SharedLockFunction,22,1,2,1,1,1.0,1,63.12606195801891
exist-core/src/main/java/org/exist/xquery/functions/util/SystemTime.java,org.exist.xquery.functions.util.SystemTime,86,3,1,10,2,0.0,11,51.5073873376021
exist-core/src/main/java/org/exist/xquery/functions/util/CollectionName.java,org.exist.xquery.functions.util.CollectionName,67,2,2,10,2,0.0,13,47.70869161260216
exist-core/src/main/java/org/exist/xquery/functions/util/GetFragmentBetween.java,org.exist.xquery.functions.util.GetFragmentBetween,437,16,4,88,2,0.0,26,49.834042482743754
exist-core/src/main/java/org/exist/xquery/functions/util/FunctionFunction.java,org.exist.xquery.functions.util.FunctionFunction,97,5,6,13,2,0.1,21,55.550291675013845
exist-core/src/main/java/org/exist/xquery/functions/util/BaseConversionFunctions.java,org.exist.xquery.functions.util.BaseConversionFunctions,46,2,4,5,2,0.0,8,54.79489676265191
exist-core/src/main/java/org/exist/xquery/functions/util/IndexKeyDocuments.java,org.exist.xquery.functions.util.IndexKeyDocuments,77,2,6,11,2,0.0,22,45.01314384234514
exist-core/src/main/java/org/exist/xquery/functions/util/NodeXPath.java,org.exist.xquery.functions.util.NodeXPath,95,5,2,14,2,0.0,11,56.25730319235252
exist-core/src/main/java/org/exist/xquery/functions/util/Wait.java,org.exist.xquery.functions.util.Wait,39,2,1,4,2,0.0,4,59.88746111809309
exist-core/src/main/java/org/exist/xquery/functions/util/UUID.java,org.exist.xquery.functions.util.UUID,56,2,2,4,2,0.0,7,53.297534552718744
exist-core/src/main/java/org/exist/xquery/functions/inspect/InspectFunction.java,org.exist.xquery.functions.inspect.InspectFunction,35,3,2,4,2,0.0,8,62.90596511717988
exist-core/src/main/java/org/exist/xquery/functions/inspect/InspectionModule.java,org.exist.xquery.functions.inspect.InspectionModule,54,7,4,7,4,0.23809523809523808,3,72.25632313367069
exist-core/src/main/java/org/exist/xquery/functions/inspect/FunctionCallVisitor.java,org.exist.xquery.functions.inspect.FunctionCallVisitor,19,2,1,3,1,1.0,4,66.83007292638254
exist-core/src/main/java/org/exist/xquery/functions/inspect/InspectFunctionHelper.java,org.exist.xquery.functions.inspect.InspectFunctionHelper,182,5,10,34,1,0.1,25,45.22764527718108
exist-core/src/main/java/org/exist/xquery/functions/inspect/ModuleFunctions.java,org.exist.xquery.functions.inspect.ModuleFunctions,124,3,3,16,2,0.0,23,45.42941997204488
exist-core/src/main/java/org/exist/xquery/functions/inspect/InspectModule.java,org.exist.xquery.functions.inspect.InspectModule,120,2,7,19,2,0.0,23,38.479771085808345
exist-core/src/main/java/org/exist/xquery/functions/array/ArrayType.java,org.exist.xquery.functions.array.ArrayType,443,45,4,90,4,0.38686868686868686,29,63.676797833497034
exist-core/src/main/java/org/exist/xquery/functions/array/ArrayFunction.java,org.exist.xquery.functions.array.ArrayFunction,475,22,28,61,2,0.004329004329004329,21,55.059285357319716
exist-core/src/main/java/org/exist/xquery/functions/array/ArrayConstructor.java,org.exist.xquery.functions.array.ArrayConstructor,76,8,2,16,3,0.39285714285714285,13,65.82525554353418
exist-core/src/main/java/org/exist/xquery/functions/array/ArrayModule.java,org.exist.xquery.functions.array.ArrayModule,62,6,3,6,4,0.13333333333333333,3,70.60846313110882
exist-core/src/main/java/org/exist/xquery/functions/integer/RomanNumberHelper.java,org.exist.xquery.functions.integer.RomanNumberHelper,44,2,1,3,2,0.0,1,58.42394952744386
exist-core/src/main/java/org/exist/xquery/functions/integer/IntegerPicture.java,org.exist.xquery.functions.integer.IntegerPicture,151,8,3,25,4,0.0,25,55.620847367589995
exist-core/src/main/java/org/exist/xquery/functions/integer/NumberingPicture.java,org.exist.xquery.functions.integer.NumberingPicture,95,5,5,11,2,0.4,9,56.64934518056069
exist-core/src/main/java/org/exist/xquery/functions/integer/SequenceIntegerPicture.java,org.exist.xquery.functions.integer.SequenceIntegerPicture,41,2,2,3,1,1.0,4,55.41905271451386
exist-core/src/main/java/org/exist/xquery/functions/integer/FormatModifier.java,org.exist.xquery.functions.integer.FormatModifier,56,3,6,12,1,0.6666666666666666,10,55.218928951291325
exist-core/src/main/java/org/exist/xquery/functions/integer/RomanIntegerPicture.java,org.exist.xquery.functions.integer.RomanIntegerPicture,28,2,1,5,1,1.0,5,60.25576421414562
exist-core/src/main/java/org/exist/xquery/functions/integer/DigitsIntegerPicture.java,org.exist.xquery.functions.integer.DigitsIntegerPicture,324,10,10,45,1,0.35555555555555557,17,49.12894439819213
exist-core/src/main/java/org/exist/xquery/functions/integer/WordPicture.java,org.exist.xquery.functions.integer.WordPicture,195,6,8,26,2,0.06666666666666667,12,50.27052004038438
exist-core/src/main/java/org/exist/xquery/functions/session/SetAttribute.java,org.exist.xquery.functions.session.SetAttribute,35,2,1,2,2,0.0,3,60.73711500837376
exist-core/src/main/java/org/exist/xquery/functions/session/SetCurrentUser.java,org.exist.xquery.functions.session.SetCurrentUser,54,2,2,3,2,0.0,13,51.9296286280986
exist-core/src/main/java/org/exist/xquery/functions/session/StrictSessionFunction.java,org.exist.xquery.functions.session.StrictSessionFunction,36,3,0,3,2,0.0,4,67.4185146900069
exist-core/src/main/java/org/exist/xquery/functions/session/Invalidate.java,org.exist.xquery.functions.session.Invalidate,31,2,1,3,2,0.0,4,62.002011998456894
exist-core/src/main/java/org/exist/xquery/functions/session/EncodeURL.java,org.exist.xquery.functions.session.EncodeURL,26,2,1,2,2,0.0,4,65.23299475413496
exist-core/src/main/java/org/exist/xquery/functions/session/GetAttributeNames.java,org.exist.xquery.functions.session.GetAttributeNames,40,2,1,5,2,0.0,7,56.619593455481215
exist-core/src/main/java/org/exist/xquery/functions/session/GetExists.java,org.exist.xquery.functions.session.GetExists,22,2,1,2,2,0.0,3,69.16147892840442
exist-core/src/main/java/org/exist/xquery/functions/session/SessionModule.java,org.exist.xquery.functions.session.SessionModule,60,5,6,5,5,0.0,1,72.7872093932426
exist-core/src/main/java/org/exist/xquery/functions/session/Create.java,org.exist.xquery.functions.session.Create,23,2,1,2,2,0.0,2,69.23378868187042
exist-core/src/main/java/org/exist/xquery/functions/session/GetLastAccessedTime.java,org.exist.xquery.functions.session.GetLastAccessedTime,37,2,1,3,2,0.0,5,58.77212082777514
exist-core/src/main/java/org/exist/xquery/functions/session/Clear.java,org.exist.xquery.functions.session.Clear,33,2,1,4,2,0.0,6,59.86064352184498
exist-core/src/main/java/org/exist/xquery/functions/session/SetMaxInactiveInterval.java,org.exist.xquery.functions.session.SetMaxInactiveInterval,35,2,1,2,2,0.0,5,60.76138074838998
exist-core/src/main/java/org/exist/xquery/functions/session/GetCreationTime.java,org.exist.xquery.functions.session.GetCreationTime,33,2,1,3,2,0.0,5,59.85600836524851
exist-core/src/main/java/org/exist/xquery/functions/session/GetID.java,org.exist.xquery.functions.session.GetID,29,2,1,2,2,0.0,5,62.09387745418475
exist-core/src/main/java/org/exist/xquery/functions/session/GetAttribute.java,org.exist.xquery.functions.session.GetAttribute,42,2,1,4,2,0.0,5,56.000260801437314
exist-core/src/main/java/org/exist/xquery/functions/session/SessionFunction.java,org.exist.xquery.functions.session.SessionFunction,144,9,0,14,4,0.0,10,61.02088841940103
exist-core/src/main/java/org/exist/xquery/functions/session/RemoveAttribute.java,org.exist.xquery.functions.session.RemoveAttribute,31,2,1,2,2,0.0,5,62.06722256620451
exist-core/src/main/java/org/exist/xquery/functions/session/GetMaxInactiveInterval.java,org.exist.xquery.functions.session.GetMaxInactiveInterval,35,2,1,3,2,0.0,3,60.06100279377229
exist-core/src/main/java/org/exist/xquery/functions/websocket/WebSocketAdapter.java,org.exist.xquery.functions.websocket.WebSocketAdapter,62,7,2,8,1,0.19047619047619047,5,66.88012205120378
exist-core/src/main/java/org/exist/xquery/functions/websocket/WebSocketFunctions.java,org.exist.xquery.functions.websocket.WebSocketFunctions,159,4,7,18,2,0.16666666666666666,23,46.59319208165743
exist-core/src/main/java/org/exist/xquery/functions/websocket/ConsoleAdapter.java,org.exist.xquery.functions.websocket.ConsoleAdapter,17,5,0,5,5,0.0,0,88.27183509223494
exist-core/src/main/java/org/exist/xquery/functions/websocket/ConsoleCompatFunctions.java,org.exist.xquery.functions.websocket.ConsoleCompatFunctions,127,4,5,16,2,0.16666666666666666,21,49.336951362325706
exist-core/src/main/java/org/exist/xquery/functions/websocket/WebSocketEndpoint.java,org.exist.xquery.functions.websocket.WebSocketEndpoint,170,10,7,31,1,0.4666666666666667,26,57.2810059494291
exist-core/src/main/java/org/exist/xquery/functions/websocket/ConsoleCompatModule.java,org.exist.xquery.functions.websocket.ConsoleCompatModule,46,5,3,5,5,0.0,1,74.68577187745606
exist-core/src/main/java/org/exist/xquery/functions/websocket/WebSocketModule.java,org.exist.xquery.functions.websocket.WebSocketModule,86,12,4,15,6,0.15151515151515152,2,73.31727161771602
exist-core/src/main/java/org/exist/xquery/functions/transform/Transform.java,org.exist.xquery.functions.transform.Transform,407,9,4,54,3,0.027777777777777776,49,43.277239590343605
exist-core/src/main/java/org/exist/xquery/functions/transform/TransformModule.java,org.exist.xquery.functions.transform.TransformModule,52,5,5,5,5,0.0,1,74.14290159615423
exist-core/src/main/java/org/exist/xquery/functions/map/MapFunction.java,org.exist.xquery.functions.map.MapFunction,408,18,19,48,2,0.006535947712418301,28,54.627924406683434
exist-core/src/main/java/org/exist/xquery/functions/map/SingleKeyMapType.java,org.exist.xquery.functions.map.SingleKeyMapType,129,14,3,21,2,0.6703296703296703,7,67.2724164943601
exist-core/src/main/java/org/exist/xquery/functions/map/MapModule.java,org.exist.xquery.functions.map.MapModule,49,6,3,6,6,0.0,3,72.83775448101429
exist-core/src/main/java/org/exist/xquery/functions/map/MapType.java,org.exist.xquery.functions.map.MapType,345,33,3,72,1,0.38257575757575757,16,64.21680623776852
exist-core/src/main/java/org/exist/xquery/functions/map/MapExpr.java,org.exist.xquery.functions.map.MapExpr,121,9,1,20,4,0.4166666666666667,20,60.2765548321409
exist-core/src/main/java/org/exist/xquery/functions/map/AbstractMapType.java,org.exist.xquery.functions.map.AbstractMapType,284,24,6,90,12,0.010869565217391304,16,61.587123174906914
exist-core/src/main/java/org/exist/xquery/functions/map/MapErrorCode.java,org.exist.xquery.functions.map.MapErrorCode,13,2,1,2,2,0.0,1,75.80918638447898
exist-core/src/main/java/org/exist/xquery/functions/request/SetAttribute.java,org.exist.xquery.functions.request.SetAttribute,34,2,2,2,2,0.0,3,61.941635205236956
exist-core/src/main/java/org/exist/xquery/functions/request/GetUploadedFileSize.java,org.exist.xquery.functions.request.GetUploadedFileSize,40,2,2,5,2,0.0,7,57.04398806000643
exist-core/src/main/java/org/exist/xquery/functions/request/GetHeaderNames.java,org.exist.xquery.functions.request.GetHeaderNames,40,2,2,4,2,0.0,6,58.032129453937
exist-core/src/main/java/org/exist/xquery/functions/request/GetServerPort.java,org.exist.xquery.functions.request.GetServerPort,25,2,2,2,2,0.0,3,67.95042593515288
exist-core/src/main/java/org/exist/xquery/functions/request/GetUploadedFileName.java,org.exist.xquery.functions.request.GetUploadedFileName,40,2,2,5,2,0.0,6,57.380500367447674
exist-core/src/main/java/org/exist/xquery/functions/request/GetQueryString.java,org.exist.xquery.functions.request.GetQueryString,32,2,2,3,2,0.0,4,62.84384957136604
exist-core/src/main/java/org/exist/xquery/functions/request/GetRequestAttribute.java,org.exist.xquery.functions.request.GetRequestAttribute,52,2,2,6,2,0.0,8,53.34924126052046
exist-core/src/main/java/org/exist/xquery/functions/request/IsMultiPartContent.java,org.exist.xquery.functions.request.IsMultiPartContent,25,2,2,2,2,0.0,3,67.95042593515288
exist-core/src/main/java/org/exist/xquery/functions/request/GetExists.java,org.exist.xquery.functions.request.GetExists,27,2,2,2,2,0.0,3,67.22132133491587
exist-core/src/main/java/org/exist/xquery/functions/request/StrictRequestFunction.java,org.exist.xquery.functions.request.StrictRequestFunction,36,3,0,3,2,0.0,4,67.4185146900069
exist-core/src/main/java/org/exist/xquery/functions/request/GetContextPath.java,org.exist.xquery.functions.request.GetContextPath,39,2,2,3,2,0.0,4,60.892100487869754
exist-core/src/main/java/org/exist/xquery/functions/request/GetRemoteHost.java,org.exist.xquery.functions.request.GetRemoteHost,25,2,2,2,2,0.0,3,67.95042593515288
exist-core/src/main/java/org/exist/xquery/functions/request/GetRemotePort.java,org.exist.xquery.functions.request.GetRemotePort,25,2,2,2,2,0.0,3,67.95042593515288
exist-core/src/main/java/org/exist/xquery/functions/request/RequestFunction.java,org.exist.xquery.functions.request.RequestFunction,34,3,0,3,2,0.0,3,67.43844235261223
exist-core/src/main/java/org/exist/xquery/functions/request/GetUploadedFile.java,org.exist.xquery.functions.request.GetUploadedFile,44,2,2,6,2,0.0,8,55.333391198244804
exist-core/src/main/java/org/exist/xquery/functions/request/GetScheme.java,org.exist.xquery.functions.request.GetScheme,25,2,2,2,2,0.0,3,67.95042593515288
exist-core/src/main/java/org/exist/xquery/functions/request/GetCookieNames.java,org.exist.xquery.functions.request.GetCookieNames,42,3,2,6,3,0.0,7,62.00265826549867
exist-core/src/main/java/org/exist/xquery/functions/request/RequestModule.java,org.exist.xquery.functions.request.RequestModule,78,5,6,5,5,0.0,1,69.68302780187241
exist-core/src/main/java/org/exist/xquery/functions/request/GetParameter.java,org.exist.xquery.functions.request.GetParameter,78,2,2,8,2,0.0,9,48.56899330039927
exist-core/src/main/java/org/exist/xquery/functions/request/GetURL.java,org.exist.xquery.functions.request.GetURL,25,2,2,2,2,0.0,4,67.10372012477762
exist-core/src/main/java/org/exist/xquery/functions/request/GetData.java,org.exist.xquery.functions.request.GetData,167,4,2,22,2,0.0,32,44.98907708153328
exist-core/src/main/java/org/exist/xquery/functions/request/GetParameterNames.java,org.exist.xquery.functions.request.GetParameterNames,38,2,2,4,2,0.0,6,58.51806592708222
exist-core/src/main/java/org/exist/xquery/functions/request/GetMethod.java,org.exist.xquery.functions.request.GetMethod,25,2,2,2,2,0.0,3,67.95042593515288
exist-core/src/main/java/org/exist/xquery/functions/request/GetRemoteAddr.java,org.exist.xquery.functions.request.GetRemoteAddr,25,2,2,2,2,0.0,3,67.95042593515288
exist-core/src/main/java/org/exist/xquery/functions/request/GetServerName.java,org.exist.xquery.functions.request.GetServerName,26,2,2,2,2,0.0,3,67.57886128422705
exist-core/src/main/java/org/exist/xquery/functions/request/GetHostname.java,org.exist.xquery.functions.request.GetHostname,25,2,2,2,2,0.0,3,67.95042593515288
exist-core/src/main/java/org/exist/xquery/functions/request/GetURI.java,org.exist.xquery.functions.request.GetURI,39,2,2,4,2,0.0,6,58.87323089048362
exist-core/src/main/java/org/exist/xquery/functions/request/GetHeader.java,org.exist.xquery.functions.request.GetHeader,37,2,2,3,2,0.0,4,59.69620357574157
exist-core/src/main/java/org/exist/xquery/functions/request/GetCookieValue.java,org.exist.xquery.functions.request.GetCookieValue,53,4,2,8,2,0.0,7,62.78923003857989
exist-core/src/main/java/org/exist/xquery/functions/request/GetPathInfo.java,org.exist.xquery.functions.request.GetPathInfo,28,2,2,3,2,0.0,3,64.54700188108473
exist-core/src/main/java/org/exist/xquery/functions/securitymanager/SecurityManagerModule.java,org.exist.xquery.functions.securitymanager.SecurityManagerModule,116,5,5,5,5,0.0,1,66.54172448802326
exist-core/src/main/java/org/exist/xquery/functions/securitymanager/GroupMembershipFunction.java,org.exist.xquery.functions.securitymanager.GroupMembershipFunction,272,7,16,33,2,0.0,20,46.52859555530343
exist-core/src/main/java/org/exist/xquery/functions/securitymanager/AccountStatusFunction.java,org.exist.xquery.functions.securitymanager.AccountStatusFunction,72,2,4,9,2,0.0,16,47.67666729043022
exist-core/src/main/java/org/exist/xquery/functions/securitymanager/UMaskFunction.java,org.exist.xquery.functions.securitymanager.UMaskFunction,78,4,4,10,2,0.0,16,55.885333140908465
exist-core/src/main/java/org/exist/xquery/functions/securitymanager/AccountManagementFunction.java,org.exist.xquery.functions.securitymanager.AccountManagementFunction,216,3,11,25,2,0.0,22,38.11345127882634
exist-core/src/main/java/org/exist/xquery/functions/securitymanager/FindUserFunction.java,org.exist.xquery.functions.securitymanager.FindUserFunction,119,3,10,11,2,0.0,16,47.33054865151925
exist-core/src/main/java/org/exist/xquery/functions/securitymanager/FindGroupFunction.java,org.exist.xquery.functions.securitymanager.FindGroupFunction,127,2,12,13,2,0.0,18,40.25115419735939
exist-core/src/main/java/org/exist/xquery/functions/securitymanager/GetPrincipalMetadataFunction.java,org.exist.xquery.functions.securitymanager.GetPrincipalMetadataFunction,176,6,11,30,2,0.0,20,50.27058838257825
exist-core/src/main/java/org/exist/xquery/functions/securitymanager/IdFunction.java,org.exist.xquery.functions.securitymanager.IdFunction,106,5,1,16,2,0.0,11,54.28251952806871
exist-core/src/main/java/org/exist/xquery/functions/securitymanager/SetPrincipalMetadataFunction.java,org.exist.xquery.functions.securitymanager.SetPrincipalMetadataFunction,111,3,4,18,2,0.0,20,46.8259034907079
exist-core/src/main/java/org/exist/xquery/functions/securitymanager/IsAuthenticatedFunction.java,org.exist.xquery.functions.securitymanager.IsAuthenticatedFunction,34,2,2,3,2,0.0,5,61.25079228973897
exist-core/src/main/java/org/exist/xquery/functions/securitymanager/GroupManagementFunction.java,org.exist.xquery.functions.securitymanager.GroupManagementFunction,140,3,6,15,2,0.0,19,44.378869498880825
exist-core/src/main/java/org/exist/xquery/functions/securitymanager/PermissionsFunction.java,org.exist.xquery.functions.securitymanager.PermissionsFunction,415,16,29,52,2,0.0,32,50.79954697231313
exist-core/src/main/java/org/exist/xquery/functions/math/NoParamFunctions.java,org.exist.xquery.functions.math.NoParamFunctions,45,3,2,4,3,0.0,9,62.20931353244365
exist-core/src/main/java/org/exist/xquery/functions/math/OneParamFunctions.java,org.exist.xquery.functions.math.OneParamFunctions,139,2,22,15,2,0.0,11,40.646548396272024
exist-core/src/main/java/org/exist/xquery/functions/math/MathModule.java,org.exist.xquery.functions.math.MathModule,55,5,5,5,5,0.0,1,73.61152770156541
exist-core/src/main/java/org/exist/xquery/functions/math/TwoParamFunctions.java,org.exist.xquery.functions.math.TwoParamFunctions,66,2,4,5,2,0.0,12,49.39895701131569
exist-core/src/main/java/org/exist/xquery/functions/xmldb/XMLDBSize.java,org.exist.xquery.functions.xmldb.XMLDBSize,38,2,2,3,2,0.0,11,56.9824744946296
exist-core/src/main/java/org/exist/xquery/functions/xmldb/XMLDBGetMimeType.java,org.exist.xquery.functions.xmldb.XMLDBGetMimeType,55,2,2,6,2,0.0,18,50.83102314566911
exist-core/src/main/java/org/exist/xquery/functions/xmldb/XMLDBCollectionAvailable.java,org.exist.xquery.functions.xmldb.XMLDBCollectionAvailable,33,2,1,3,2,0.0,2,64.61835648211454
exist-core/src/main/java/org/exist/xquery/functions/xmldb/XMLDBCopy.java,org.exist.xquery.functions.xmldb.XMLDBCopy,146,2,10,15,2,0.0,17,37.36393978794229
exist-core/src/main/java/org/exist/xquery/functions/xmldb/XMLDBRename.java,org.exist.xquery.functions.xmldb.XMLDBRename,86,2,2,8,2,0.0,14,44.68191561890222
exist-core/src/main/java/org/exist/xquery/functions/xmldb/XMLDBGetChildCollections.java,org.exist.xquery.functions.xmldb.XMLDBGetChildCollections,39,2,2,4,2,0.0,5,59.399029733452466
exist-core/src/main/java/org/exist/xquery/functions/xmldb/XMLDBModule.java,org.exist.xquery.functions.xmldb.XMLDBModule,128,8,11,11,4,0.21428571428571427,5,62.901352999108546
exist-core/src/main/java/org/exist/xquery/functions/xmldb/XMLDBCreated.java,org.exist.xquery.functions.xmldb.XMLDBCreated,78,2,3,6,2,0.0,12,49.11962854745939
exist-core/src/main/java/org/exist/xquery/functions/xmldb/XMLDBAuthenticate.java,org.exist.xquery.functions.xmldb.XMLDBAuthenticate,184,5,3,18,2,0.0,19,48.14695001513375
exist-core/src/main/java/org/exist/xquery/functions/xmldb/XMLDBLoadFromPattern.java,org.exist.xquery.functions.xmldb.XMLDBLoadFromPattern,164,2,11,18,2,0.0,20,35.361342522373235
exist-core/src/main/java/org/exist/xquery/functions/xmldb/FindLastModified.java,org.exist.xquery.functions.xmldb.FindLastModified,64,2,1,6,2,0.0,9,51.011881634705254
exist-core/src/main/java/org/exist/xquery/functions/xmldb/XMLDBCreateCollection.java,org.exist.xquery.functions.xmldb.XMLDBCreateCollection,49,2,2,4,2,0.0,7,54.86878696356282
exist-core/src/main/java/org/exist/xquery/functions/xmldb/XMLDBAbstractCollectionManipulator.java,org.exist.xquery.functions.xmldb.XMLDBAbstractCollectionManipulator,156,8,3,34,2,0.03571428571428571,24,54.330803415163906
exist-core/src/main/java/org/exist/xquery/functions/xmldb/XMLDBStore.java,org.exist.xquery.functions.xmldb.XMLDBStore,236,5,11,40,2,0.0,35,42.073705199244365
exist-core/src/main/java/org/exist/xquery/functions/xmldb/XMLDBGetChildResources.java,org.exist.xquery.functions.xmldb.XMLDBGetChildResources,35,2,2,4,2,0.0,5,60.42421106162309
exist-core/src/main/java/org/exist/xquery/functions/xmldb/XMLDBXUpdate.java,org.exist.xquery.functions.xmldb.XMLDBXUpdate,58,2,2,4,2,0.0,16,50.4565681570761
exist-core/src/main/java/org/exist/xquery/functions/xmldb/XMLDBTouch.java,org.exist.xquery.functions.xmldb.XMLDBTouch,69,2,7,6,2,0.0,11,49.58132539229617
exist-core/src/main/java/org/exist/xquery/functions/xmldb/XMLDBHasLock.java,org.exist.xquery.functions.xmldb.XMLDBHasLock,62,2,2,7,2,0.0,11,50.18246381167198
exist-core/src/main/java/org/exist/xquery/functions/xmldb/XMLDBURIFunctions.java,org.exist.xquery.functions.xmldb.XMLDBURIFunctions,68,2,2,5,2,0.0,9,51.14647989591856
exist-core/src/main/java/org/exist/xquery/functions/xmldb/XMLDBReindex.java,org.exist.xquery.functions.xmldb.XMLDBReindex,103,3,4,13,2,0.0,11,49.47450689662412
exist-core/src/main/java/org/exist/xquery/functions/xmldb/XMLDBRegisterDatabase.java,org.exist.xquery.functions.xmldb.XMLDBRegisterDatabase,48,2,2,4,2,0.0,9,54.761629276450144
exist-core/src/main/java/org/exist/xquery/functions/xmldb/XMLDBMove.java,org.exist.xquery.functions.xmldb.XMLDBMove,75,2,5,7,2,0.0,14,46.52649005543568
exist-core/src/main/java/org/exist/xquery/functions/xmldb/XMLDBSetMimeType.java,org.exist.xquery.functions.xmldb.XMLDBSetMimeType,152,3,2,18,2,0.3333333333333333,19,42.242572731754684
exist-core/src/main/java/org/exist/xquery/functions/xmldb/XMLDBRemove.java,org.exist.xquery.functions.xmldb.XMLDBRemove,63,2,2,6,2,0.0,13,49.41568619531762
exist-core/src/main/java/org/exist/xquery/functions/xmldb/XMLDBMatchCollection.java,org.exist.xquery.functions.xmldb.XMLDBMatchCollection,47,3,2,5,2,0.0,7,60.731657053727346
exist-core/src/main/java/org/exist/xquery/functions/xmldb/XMLDBDefragment.java,org.exist.xquery.functions.xmldb.XMLDBDefragment,72,2,2,4,2,0.0,8,50.43192294718583
exist-core/src/main/java/org/exist/xquery/functions/xmldb/FunXCollection.java,org.exist.xquery.functions.xmldb.FunXCollection,38,2,2,4,2,0.0,3,58.88950126218759
exist-core/src/main/java/org/exist/xquery/functions/validation/ValidationModule.java,org.exist.xquery.functions.validation.ValidationModule,81,6,7,6,6,0.0,1,69.88259174861366
exist-core/src/main/java/org/exist/xquery/functions/validation/Jaxv.java,org.exist.xquery.functions.validation.Jaxv,194,2,5,13,2,0.0,17,35.8696261052951
exist-core/src/main/java/org/exist/xquery/functions/validation/Jaxp.java,org.exist.xquery.functions.validation.Jaxp,384,7,7,30,2,0.047619047619047616,55,41.876402349789046
exist-core/src/main/java/org/exist/xquery/functions/validation/Jing.java,org.exist.xquery.functions.validation.Jing,141,2,5,8,1,1.0,19,39.74181212593192
exist-core/src/main/java/org/exist/xquery/functions/validation/Shared.java,org.exist.xquery.functions.validation.Shared,428,13,3,52,3,0.07692307692307693,36,48.26467629783324
exist-core/src/main/java/org/exist/xquery/functions/validation/GrammarTooling.java,org.exist.xquery.functions.validation.GrammarTooling,265,6,5,22,1,0.26666666666666666,28,45.10600060703271
exist-core/src/main/java/org/exist/xquery/functions/system/GetMainModuleLoadPath.java,org.exist.xquery.functions.system.GetMainModuleLoadPath,22,2,2,2,2,0.0,3,68.31477311802917
exist-core/src/main/java/org/exist/xquery/functions/system/GetModuleLoadPath.java,org.exist.xquery.functions.system.GetModuleLoadPath,22,2,2,2,2,0.0,3,69.16147892840442
exist-core/src/main/java/org/exist/xquery/functions/system/GetScheduledJobs.java,org.exist.xquery.functions.system.GetScheduledJobs,132,5,6,17,2,0.1,20,49.9515992903214
exist-core/src/main/java/org/exist/xquery/functions/system/GetMemory.java,org.exist.xquery.functions.system.GetMemory,64,2,4,5,2,0.0,5,53.10940486739314
exist-core/src/main/java/org/exist/xquery/functions/system/AsUser.java,org.exist.xquery.functions.system.AsUser,106,4,5,11,4,0.0,15,51.096953478118216
exist-core/src/main/java/org/exist/xquery/functions/system/GetIndexStatistics.java,org.exist.xquery.functions.system.GetIndexStatistics,35,2,2,4,2,0.0,12,57.194146005373305
exist-core/src/main/java/org/exist/xquery/functions/system/GetRevision.java,org.exist.xquery.functions.system.GetRevision,28,2,1,2,2,0.0,3,65.32551406164286
exist-core/src/main/java/org/exist/xquery/functions/system/CountInstances.java,org.exist.xquery.functions.system.CountInstances,67,2,5,5,1,1.0,7,52.68780859519445
exist-core/src/main/java/org/exist/xquery/functions/system/GetUptime.java,org.exist.xquery.functions.system.GetUptime,34,2,2,2,2,0.0,7,59.80113504715572
exist-core/src/main/java/org/exist/xquery/functions/system/FunctionAvailable.java,org.exist.xquery.functions.system.FunctionAvailable,49,2,2,7,2,0.0,10,52.719676940660584
exist-core/src/main/java/org/exist/xquery/functions/system/UpdateStatistics.java,org.exist.xquery.functions.system.UpdateStatistics,33,2,2,4,2,0.0,11,58.43952155505722
exist-core/src/main/java/org/exist/xquery/functions/system/FnImport.java,org.exist.xquery.functions.system.FnImport,171,2,9,9,2,0.0,16,38.77051096420589
exist-core/src/main/java/org/exist/xquery/functions/system/FnExport.java,org.exist.xquery.functions.system.FnExport,152,2,9,9,2,0.0,16,39.829876027835134
exist-core/src/main/java/org/exist/xquery/functions/system/GetExistHome.java,org.exist.xquery.functions.system.GetExistHome,28,2,2,2,2,0.0,8,61.6271188938986
exist-core/src/main/java/org/exist/xquery/functions/system/GetVersion.java,org.exist.xquery.functions.system.GetVersion,27,2,1,2,2,0.0,3,65.67004963799852
exist-core/src/main/java/org/exist/xquery/functions/system/GetBuild.java,org.exist.xquery.functions.system.GetBuild,27,2,1,2,2,0.0,3,65.67004963799852
exist-core/src/main/java/org/exist/xquery/functions/system/GetProductName.java,org.exist.xquery.functions.system.GetProductName,24,2,1,2,2,0.0,3,66.78588892316426
exist-core/src/main/java/org/exist/xquery/functions/system/GetRunningXQueries.java,org.exist.xquery.functions.system.GetRunningXQueries,95,4,4,8,2,0.16666666666666666,22,52.32583892802155
exist-core/src/main/java/org/exist/xquery/functions/system/GetRunningJobs.java,org.exist.xquery.functions.system.GetRunningJobs,56,2,4,4,2,0.0,18,49.420601767610194
exist-core/src/main/java/org/exist/xquery/functions/system/TriggerSystemTask.java,org.exist.xquery.functions.system.TriggerSystemTask,87,3,2,16,2,0.3333333333333333,15,48.71339757539403
exist-core/src/main/java/org/exist/xquery/functions/system/ClearXQueryCache.java,org.exist.xquery.functions.system.ClearXQueryCache,36,2,1,3,2,0.0,8,58.76562075879337
exist-core/src/main/java/org/exist/xquery/functions/system/SystemModule.java,org.exist.xquery.functions.system.SystemModule,86,7,5,7,4,0.23809523809523808,3,67.95333298780191
exist-core/src/main/java/org/exist/xquery/functions/system/FunctionTrace.java,org.exist.xquery.functions.system.FunctionTrace,90,2,2,7,2,0.0,17,43.66885742022878
exist-core/src/main/java/org/exist/xquery/functions/system/Restore.java,org.exist.xquery.functions.system.Restore,134,2,7,6,2,0.0,16,40.9870811645934
exist-core/src/main/java/org/exist/xquery/functions/system/KillRunningXQuery.java,org.exist.xquery.functions.system.KillRunningXQuery,91,3,6,12,2,0.0,13,51.403037440150385
exist-core/src/main/java/org/exist/xquery/functions/system/Shutdown.java,org.exist.xquery.functions.system.Shutdown,99,2,2,6,2,0.0,12,45.70034644101904
exist-core/src/main/java/org/exist/xquery/TerminatedException.java,org.exist.xquery.TerminatedException,41,3,1,3,2,0.0,1,68.34267688572915
exist-core/src/main/java/org/exist/xquery/OpNumeric.java,org.exist.xquery.OpNumeric,386,14,7,72,1,0.21978021978021978,26,49.836219289071025
exist-core/src/main/java/org/exist/xquery/DebuggableExpression.java,org.exist.xquery.DebuggableExpression,169,34,3,37,8,0.46702317290552586,6,76.97865529555234
exist-core/src/main/java/org/exist/xquery/CombiningExpression.java,org.exist.xquery.CombiningExpression,127,15,2,19,2,0.6095238095238096,10,67.48233750733067
exist-core/src/main/java/org/exist/xquery/DynamicNameCheck.java,org.exist.xquery.DynamicNameCheck,154,13,2,31,1,0.3974358974358974,22,61.18088136507441
exist-core/src/main/java/org/exist/xquery/Profiler.java,org.exist.xquery.Profiler,455,23,18,84,2,0.35177865612648224,26,54.83441569542184
exist-core/src/main/java/org/exist/xquery/DynamicAttributeConstructor.java,org.exist.xquery.DynamicAttributeConstructor,203,13,3,40,3,0.4230769230769231,27,56.65463429000355
exist-core/src/main/java/org/exist/xquery/Intersect.java,org.exist.xquery.Intersect,50,4,0,13,4,0.0,12,60.26959001866928
exist-core/src/main/java/org/exist/xquery/BinaryOp.java,org.exist.xquery.BinaryOp,61,10,1,10,7,0.0,6,72.89625913984821
exist-core/src/main/java/org/exist/xquery/VariableReference.java,org.exist.xquery.VariableReference,161,15,2,33,5,0.44761904761904764,14,63.47401407031598
exist-core/src/main/java/org/exist/xquery/OpSimpleMap.java,org.exist.xquery.OpSimpleMap,100,12,2,15,3,0.6212121212121212,14,67.91676378518947
exist-core/src/main/java/org/exist/xquery/FunctionFactory.java,org.exist.xquery.FunctionFactory,482,14,5,80,2,0.0,41,46.2129926241819
exist-core/src/main/java/org/exist/xquery/NodeTest.java,org.exist.xquery.NodeTest,55,8,0,8,8,0.0,0,81.60126045289316
exist-core/src/main/java/org/exist/xquery/modules/ModuleUtils.java,org.exist.xquery.modules.ModuleUtils,540,19,3,36,5,0.011695906432748537,34,53.01474501204673
exist-core/src/main/java/org/exist/xquery/UserDefinedFunction.java,org.exist.xquery.UserDefinedFunction,262,20,10,46,4,0.18421052631578946,24,60.60491386640291
exist-core/src/main/java/org/exist/xquery/ForExpr.java,org.exist.xquery.ForExpr,299,12,3,50,3,0.3787878787878788,30,51.36830498486993
exist-core/src/main/java/org/exist/xquery/XPathException.java,org.exist.xquery.XPathException,523,42,8,89,1,0.37630662020905925,18,62.19571288317697
exist-core/src/main/java/org/exist/xquery/StringConstructor.java,org.exist.xquery.StringConstructor,158,10,1,14,4,0.3333333333333333,15,62.754557113784365
exist-core/src/main/java/org/exist/xquery/OrderByClause.java,org.exist.xquery.OrderByClause,471,15,5,73,4,0.37142857142857144,35,48.81027687195531
exist-core/src/main/java/org/exist/xquery/Annotation.java,org.exist.xquery.Annotation,40,5,3,5,1,0.3,0,73.20189128599083
exist-core/src/main/java/org/exist/xquery/ConcatExpr.java,org.exist.xquery.ConcatExpr,70,7,0,16,7,0.0,18,62.863933297662406
exist-core/src/main/java/org/exist/xquery/UntypedValueCheck.java,org.exist.xquery.UntypedValueCheck,187,21,4,39,2,0.5142857142857142,18,65.46753620254623
exist-core/src/main/java/org/exist/xquery/FilteredExpression.java,org.exist.xquery.FilteredExpression,199,17,4,38,2,0.5735294117647058,24,61.6590871787581
exist-core/src/main/java/org/exist/xquery/AnnotationTriggerOnResult.java,org.exist.xquery.AnnotationTriggerOnResult,10,1,0,1,1,1.0,0,78.05153303713244
exist-core/src/main/java/org/exist/xquery/PIConstructor.java,org.exist.xquery.PIConstructor,70,4,3,10,1,1.0,11,57.44484675429117
exist-core/src/main/java/org/exist/xquery/ConditionalExpression.java,org.exist.xquery.ConditionalExpression,159,18,3,24,7,0.39869281045751637,12,67.37105058574068
exist-core/src/main/java/org/exist/xquery/JavaCall.java,org.exist.xquery.JavaCall,284,9,4,50,4,0.19444444444444445,25,47.9125097062027
exist-core/src/main/java/org/exist/xquery/QuantifiedExpression.java,org.exist.xquery.QuantifiedExpression,188,9,3,37,4,0.2777777777777778,24,53.15386450152992
exist-core/src/main/java/org/exist/xquery/Pragma.java,org.exist.xquery.Pragma,22,7,0,7,7,0.0,0,89.01687524578442
exist-core/src/main/java/org/exist/xquery/FLWORClause.java,org.exist.xquery.FLWORClause,97,10,0,10,10,0.0,0,78.34009395014547
exist-core/src/main/java/org/exist/xquery/FunctionSignature.java,org.exist.xquery.FunctionSignature,276,32,11,61,1,0.17540322580645162,11,67.14227730485453
exist-core/src/main/java/org/exist/xquery/FailTest.java,org.exist.xquery.FailTest,56,9,2,9,9,0.0,0,81.20281312929026
exist-core/src/main/java/org/exist/xquery/DynamicTypeCheck.java,org.exist.xquery.DynamicTypeCheck,209,16,3,49,1,0.6833333333333333,16,59.53498251189597
exist-core/src/main/java/org/exist/xquery/AncestorSelector.java,org.exist.xquery.AncestorSelector,29,2,5,4,1,1.0,3,60.80577513982571
exist-core/src/main/java/org/exist/xquery/RewritableExpression.java,org.exist.xquery.RewritableExpression,15,4,0,4,4,0.0,0,87.34359964461194
exist-core/src/main/java/org/exist/xquery/AbstractPragma.java,org.exist.xquery.AbstractPragma,76,11,3,14,6,0.10909090909090909,4,71.8477626866088
exist-core/src/main/java/org/exist/xquery/LibraryModuleRoot.java,org.exist.xquery.LibraryModuleRoot,20,2,1,3,2,0.0,5,64.90708016120921
exist-core/src/main/java/org/exist/xquery/DynamicCommentConstructor.java,org.exist.xquery.DynamicCommentConstructor,96,6,1,17,1,1.0,20,56.726172909278446
exist-core/src/main/java/org/exist/xquery/Module.java,org.exist.xquery.Module,117,17,0,17,16,0.0,0,81.59113358478776
exist-core/src/main/java/org/exist/xquery/NodeSelector.java,org.exist.xquery.NodeSelector,8,1,0,1,1,1.0,0,80.16552457589864
exist-core/src/main/java/org/exist/xquery/Atomize.java,org.exist.xquery.Atomize,127,16,1,26,2,0.65,15,67.85112512959053
exist-core/src/main/java/org/exist/xquery/CastExpression.java,org.exist.xquery.CastExpression,209,14,3,40,3,0.5604395604395604,21,57.97084583283343
exist-core/src/main/java/org/exist/xquery/ModuleContext.java,org.exist.xquery.ModuleContext,569,74,5,115,3,0.5831173639392817,15,68.9567462943319
exist-core/src/main/java/org/exist/xquery/parser/XQueryFunctionAST.java,org.exist.xquery.parser.XQueryFunctionAST,30,5,1,5,4,0.1,1,78.0266984985509
exist-core/src/main/java/org/exist/xquery/parser/XQueryAST.java,org.exist.xquery.parser.XQueryAST,87,12,2,13,5,0.030303030303030304,2,73.50264731405247
exist-core/src/main/java/org/exist/xquery/ElementConstructor.java,org.exist.xquery.ElementConstructor,412,19,5,97,5,0.34502923976608185,33,52.2549115083476
exist-core/src/main/java/org/exist/xquery/Predicate.java,org.exist.xquery.Predicate,620,22,4,164,9,0.03896103896103896,36,48.714182342352814
exist-core/src/main/java/org/exist/xquery/ParentSelector.java,org.exist.xquery.ParentSelector,16,2,1,2,1,1.0,1,71.4477771463828
exist-core/src/main/java/org/exist/xquery/DecimalFormat.java,org.exist.xquery.DecimalFormat,94,2,18,8,1,0.0,2,45.418409449760546
exist-core/src/main/java/org/exist/xquery/SelfSelector.java,org.exist.xquery.SelfSelector,30,2,2,4,1,1.0,3,60.22972342623732
exist-core/src/main/java/org/exist/xquery/FunctionDSL.java,org.exist.xquery.FunctionDSL,510,31,0,31,11,0.0,10,63.543217826692214
exist-core/src/main/java/org/exist/xquery/AtomicToString.java,org.exist.xquery.AtomicToString,79,9,1,11,3,0.5833333333333334,11,68.06015090980998
exist-core/src/main/java/org/exist/xquery/AttributeConstructor.java,org.exist.xquery.AttributeConstructor,168,14,3,30,2,0.4835164835164835,17,63.16181322540176
exist-core/src/main/java/org/exist/xquery/ClosureVariable.java,org.exist.xquery.ClosureVariable,17,2,0,2,2,0.0,1,75.8900050529247
exist-core/src/main/java/org/exist/xquery/AbstractFLWORClause.java,org.exist.xquery.AbstractFLWORClause,84,13,4,14,5,0.1794871794871795,4,75.20191452688834
exist-core/src/main/java/org/exist/xquery/EnclosedExpr.java,org.exist.xquery.EnclosedExpr,330,9,0,54,9,0.0,30,46.49775591068217
exist-core/src/main/java/org/exist/xquery/SequenceConstructor.java,org.exist.xquery.SequenceConstructor,135,10,0,27,10,0.0,16,59.93107354889779
exist-core/src/main/java/org/exist/xquery/XPathUtil.java,org.exist.xquery.XPathUtil,226,7,0,61,2,0.0,48,46.85559827711701
exist-core/src/main/java/org/exist/xquery/PerformanceStatsImpl.java,org.exist.xquery.PerformanceStatsImpl,368,13,14,37,1,0.28205128205128205,22,51.12010572538423
exist-core/src/main/java/org/exist/xquery/BindingExpression.java,org.exist.xquery.BindingExpression,170,18,6,28,13,0.05228758169934641,11,68.71380874356207
exist-core/src/main/java/org/exist/xquery/NodeConstructor.java,org.exist.xquery.NodeConstructor,62,8,2,9,7,0.03571428571428571,4,73.43879956839044
exist-core/src/main/java/org/exist/xquery/WhereClause.java,org.exist.xquery.WhereClause,250,17,2,64,4,0.19117647058823528,27,58.30474142588928
exist-core/src/main/java/org/exist/xquery/GroupSpec.java,org.exist.xquery.GroupSpec,81,12,5,14,1,0.42424242424242425,6,72.52770323701618
exist-core/src/main/java/org/exist/xquery/CDATAConstructor.java,org.exist.xquery.CDATAConstructor,61,4,1,10,1,1.0,8,58.70962883698187
exist-core/src/main/java/org/exist/xquery/RootNode.java,org.exist.xquery.RootNode,202,11,3,35,6,0.07272727272727272,25,55.65703045489644
exist-core/src/main/java/org/exist/xquery/NameTest.java,org.exist.xquery.NameTest,167,11,1,41,1,0.6545454545454545,20,58.30031695814372
exist-core/src/main/java/org/exist/xquery/NamespaceConstructor.java,org.exist.xquery.NamespaceConstructor,142,8,2,31,2,0.7142857142857143,25,54.968786530663415
exist-core/src/main/java/org/exist/xquery/PathExpr.java,org.exist.xquery.PathExpr,582,41,6,132,7,0.5353658536585366,28,59.27759197240277
exist-core/src/main/java/org/exist/xquery/Materializable.java,org.exist.xquery.Materializable,42,1,0,1,1,1.0,1,64.45599542912834
exist-core/src/main/java/org/exist/xquery/DescendantSelector.java,org.exist.xquery.DescendantSelector,24,2,2,3,1,1.0,2,63.45779447045994
exist-core/src/main/java/org/exist/xquery/ChildSelector.java,org.exist.xquery.ChildSelector,24,2,2,3,1,1.0,2,63.12253087541473
exist-core/src/main/java/org/exist/xquery/ArrowOperator.java,org.exist.xquery.ArrowOperator,167,9,6,26,1,0.7777777777777778,21,56.18910290766244
exist-core/src/main/java/org/exist/xquery/ExternalModuleImpl.java,org.exist.xquery.ExternalModuleImpl,293,35,12,59,8,0.0957983193277311,21,67.66925998257129
exist-core/src/main/java/org/exist/xquery/LetExpr.java,org.exist.xquery.LetExpr,219,9,0,38,9,0.0,29,50.68876579570246
exist-core/src/main/java/org/exist/xquery/BasicExpressionVisitor.java,org.exist.xquery.BasicExpressionVisitor,258,37,0,50,36,0.0,7,72.49577899905557
exist-core/src/main/java/org/exist/xquery/OpOr.java,org.exist.xquery.OpOr,104,5,0,27,5,0.0,16,52.74543780153029
exist-core/src/main/java/org/exist/xquery/RangeSequence.java,org.exist.xquery.RangeSequence,212,19,3,28,7,0.21052631578947367,10,66.00683062156207
exist-core/src/main/java/org/exist/xquery/GroupByClause.java,org.exist.xquery.GroupByClause,364,12,3,50,4,0.4696969696969697,40,49.47680337242547
exist-core/src/main/java/org/exist/xquery/FunctionTypeCheck.java,org.exist.xquery.FunctionTypeCheck,114,14,2,18,1,0.7582417582417582,9,69.65206772272415
exist-core/src/main/java/org/exist/xquery/Function.java,org.exist.xquery.Function,557,28,5,86,7,0.17989417989417988,40,55.50576762545712
exist-core/src/main/java/org/exist/xquery/AnalyzeContextInfo.java,org.exist.xquery.AnalyzeContextInfo,169,21,7,26,3,0.23809523809523808,3,69.67049847052196
exist-core/src/main/java/org/exist/xquery/XQueryWatchDog.java,org.exist.xquery.XQueryWatchDog,175,16,10,35,2,0.26666666666666666,16,63.10745720055897
exist-core/src/main/java/org/exist/xquery/EmptySequenceExpr.java,org.exist.xquery.EmptySequenceExpr,34,6,0,6,6,0.0,5,78.85643076906682
exist-core/src/main/java/org/exist/xquery/InternalModule.java,org.exist.xquery.InternalModule,42,3,0,3,3,0.0,0,74.86390132177358
exist-core/src/main/java/org/exist/xquery/InternalFunctionCall.java,org.exist.xquery.InternalFunctionCall,241,40,1,46,1,1.0,8,73.70833185684225
exist-core/src/main/java/org/exist/xquery/BasicFunction.java,org.exist.xquery.BasicFunction,68,3,0,12,2,0.0,9,52.69910378822803
exist-core/src/main/java/org/exist/xquery/WindowExpr.java,org.exist.xquery.WindowExpr,640,21,4,95,4,0.10952380952380952,31,49.03509336911167
exist-core/src/main/java/org/exist/jetty/JettyStart.java,org.exist.jetty.JettyStart,635,21,17,92,3,0.2523809523809524,75,48.389206247554014
exist-core/src/main/java/org/exist/jetty/WebAppContext.java,org.exist.jetty.WebAppContext,20,2,0,2,2,0.0,2,70.80824674747248
exist-core/src/main/java/org/exist/jetty/ServerShutdown.java,org.exist.jetty.ServerShutdown,104,3,4,15,1,0.3333333333333333,23,47.16186473414316
exist-core/src/main/java/org/exist/indexing/MatchListener.java,org.exist.indexing.MatchListener,35,3,0,3,3,0.0,0,76.59115817561104
exist-core/src/main/java/org/exist/indexing/RawBackupSupport.java,org.exist.indexing.RawBackupSupport,10,1,0,1,1,1.0,0,78.05153303713244
exist-core/src/main/java/org/exist/indexing/ReindexScope.java,org.exist.indexing.ReindexScope,41,1,0,6,1,1.0,1,50.537944541172514
exist-core/src/main/java/org/exist/indexing/Index.java,org.exist.indexing.Index,105,11,0,11,11,0.0,0,78.49224897472615
exist-core/src/main/java/org/exist/indexing/StreamListener.java,org.exist.indexing.StreamListener,137,11,0,11,7,0.0,0,75.97205404732047
exist-core/src/main/java/org/exist/indexing/AbstractStreamListener.java,org.exist.indexing.AbstractStreamListener,78,10,2,18,1,1.0,1,71.33786660095407
exist-core/src/main/java/org/exist/indexing/IndexManager.java,org.exist.indexing.IndexManager,263,18,11,39,1,0.21568627450980393,22,60.53863173881939
exist-core/src/main/java/org/exist/indexing/AbstractMatchListener.java,org.exist.indexing.AbstractMatchListener,125,20,2,36,2,0.7210526315789474,2,73.19025408878616
exist-core/src/main/java/org/exist/indexing/IndexController.java,org.exist.indexing.IndexController,495,32,7,72,8,0.15120967741935484,23,61.11355516323905
exist-core/src/main/java/org/exist/indexing/IndexWorker.java,org.exist.indexing.IndexWorker,186,16,1,16,16,0.0,0,76.62505332522257
exist-core/src/main/java/org/exist/indexing/IndexUtils.java,org.exist.indexing.IndexUtils,55,2,1,15,1,0.0,11,49.84002873212846
exist-core/src/main/java/org/exist/indexing/AbstractIndex.java,org.exist.indexing.AbstractIndex,56,8,4,10,3,0.17857142857142858,1,73.57214446650535
exist-core/src/main/java/org/exist/indexing/StructuralIndex.java,org.exist.indexing.StructuralIndex,45,8,2,8,8,0.0,0,83.5023512520083
exist-core/src/main/java/org/exist/LifeCycle.java,org.exist.LifeCycle,26,3,0,3,3,0.0,0,79.40722524004408
exist-core/src/main/java/org/exist/Indexer.java,org.exist.Indexer,732,34,44,147,5,0.31194295900178254,48,53.511491881287334
exist-core/src/main/java/org/exist/debugger/DebuggingSource.java,org.exist.debugger.DebuggingSource,71,21,0,21,21,0.0,0,88.32505817722232
exist-core/src/main/java/org/exist/debugger/model/Variable.java,org.exist.debugger.model.Variable,13,3,0,3,3,0.0,0,85.97388274008566
exist-core/src/main/java/org/exist/debugger/model/Location.java,org.exist.debugger.model.Location,15,3,0,3,3,0.0,0,84.61819053717403
exist-core/src/main/java/org/exist/debugger/model/Breakpoint.java,org.exist.debugger.model.Breakpoint,118,24,6,24,24,0.0,0,84.77741586859239
exist-core/src/main/java/org/exist/debugger/ExceptionTimeout.java,org.exist.debugger.ExceptionTimeout,15,1,1,1,1,1.0,1,72.1024686568611
exist-core/src/main/java/org/exist/debugger/Debugger.java,org.exist.debugger.Debugger,45,20,0,20,20,0.0,0,92.18300029081608
exist-core/src/main/java/org/exist/debugger/Response.java,org.exist.debugger.Response,16,5,0,5,5,0.0,0,88.84617361470642
exist-core/src/main/java/org/exist/debugger/ResponseListener.java,org.exist.debugger.ResponseListener,8,1,0,1,1,1.0,0,80.16552457589864
exist-core/src/main/java/org/exist/protocolhandler/xmlrpc/XmlrpcUpload.java,org.exist.protocolhandler.xmlrpc.XmlrpcUpload,94,1,1,8,1,1.0,17,34.35873332530502
exist-core/src/main/java/org/exist/protocolhandler/xmlrpc/XmlrpcDownload.java,org.exist.protocolhandler.xmlrpc.XmlrpcDownload,79,1,1,5,1,1.0,18,36.491926942923854
exist-core/src/main/java/org/exist/protocolhandler/xmlrpc/XmlrpcOutputStream.java,org.exist.protocolhandler.xmlrpc.XmlrpcOutputStream,50,6,2,6,1,1.0,6,69.01091611217925
exist-core/src/main/java/org/exist/protocolhandler/xmlrpc/XmlrpcUploadRunnable.java,org.exist.protocolhandler.xmlrpc.XmlrpcUploadRunnable,36,2,3,3,1,1.0,3,59.95885661662061
exist-core/src/main/java/org/exist/protocolhandler/xmlrpc/XmlrpcDownloadRunnable.java,org.exist.protocolhandler.xmlrpc.XmlrpcDownloadRunnable,46,2,3,4,1,1.0,3,56.94439068385385
exist-core/src/main/java/org/exist/protocolhandler/xmlrpc/XmlrpcInputStream.java,org.exist.protocolhandler.xmlrpc.XmlrpcInputStream,59,8,2,8,1,1.0,6,70.86541210308432
exist-core/src/main/java/org/exist/protocolhandler/protocols/xmldb/Handler.java,org.exist.protocolhandler.protocols.xmldb.Handler,86,3,6,13,1,0.6666666666666666,5,51.007346222330604
exist-core/src/main/java/org/exist/protocolhandler/protocols/xmldb/EmbeddedURLConnection.java,org.exist.protocolhandler.protocols.xmldb.EmbeddedURLConnection,75,4,2,10,1,1.0,7,58.31146427941993
exist-core/src/main/java/org/exist/protocolhandler/protocols/xmldb/InMemoryURLConnection.java,org.exist.protocolhandler.protocols.xmldb.InMemoryURLConnection,51,4,2,7,2,0.5,7,63.93400455240711
exist-core/src/main/java/org/exist/protocolhandler/eXistURLStreamHandlerFactory.java,org.exist.protocolhandler.eXistURLStreamHandlerFactory,40,2,2,4,1,1.0,3,60.746229759093026
exist-core/src/main/java/org/exist/protocolhandler/URLStreamHandlerStartupTrigger.java,org.exist.protocolhandler.URLStreamHandlerStartupTrigger,64,2,4,10,1,0.0,10,49.03450996591476
exist-core/src/main/java/org/exist/protocolhandler/xmldb/XmldbURL.java,org.exist.protocolhandler.xmldb.XmldbURL,340,24,3,47,2,0.4420289855072464,5,62.226936737866275
exist-core/src/main/java/org/exist/protocolhandler/embedded/InMemoryOutputStream.java,org.exist.protocolhandler.embedded.InMemoryOutputStream,98,8,3,13,1,0.5357142857142857,22,60.98090362664218
exist-core/src/main/java/org/exist/protocolhandler/embedded/InMemoryInputStream.java,org.exist.protocolhandler.embedded.InMemoryInputStream,67,1,1,7,1,1.0,17,38.66016907133882
exist-core/src/main/java/org/exist/protocolhandler/embedded/EmbeddedInputStream.java,org.exist.protocolhandler.embedded.EmbeddedInputStream,204,12,4,34,1,0.7121212121212122,22,57.53330524472303
exist-core/src/main/java/org/exist/protocolhandler/embedded/EmbeddedOutputStream.java,org.exist.protocolhandler.embedded.EmbeddedOutputStream,147,9,4,23,1,0.4444444444444444,23,58.11776515779415
exist-core/src/main/java/org/exist/http/urlrewrite/RewriteConfig.java,org.exist.http.urlrewrite.RewriteConfig,236,7,6,37,1,0.3333333333333333,34,48.21141721809643
exist-core/src/main/java/org/exist/http/urlrewrite/ModuleCall.java,org.exist.http.urlrewrite.ModuleCall,81,4,2,15,2,0.5,19,53.93716801617432
exist-core/src/main/java/org/exist/http/urlrewrite/PathForward.java,org.exist.http.urlrewrite.PathForward,49,5,2,10,2,0.6,9,65.26526236835826
exist-core/src/main/java/org/exist/http/urlrewrite/Forward.java,org.exist.http.urlrewrite.Forward,23,4,0,5,3,0.0,4,73.21946095493713
exist-core/src/main/java/org/exist/http/urlrewrite/PassThrough.java,org.exist.http.urlrewrite.PassThrough,32,5,1,5,2,0.6,5,70.60619740431115
exist-core/src/main/java/org/exist/http/urlrewrite/Redirect.java,org.exist.http.urlrewrite.Redirect,32,4,0,6,4,0.0,6,68.71280263160972
exist-core/src/main/java/org/exist/http/urlrewrite/ControllerForward.java,org.exist.http.urlrewrite.ControllerForward,76,9,1,15,7,0.08333333333333333,7,67.24624529541094
exist-core/src/main/java/org/exist/http/urlrewrite/XQueryURLRewrite.java,org.exist.http.urlrewrite.XQueryURLRewrite,1410,26,21,181,1,0.28923076923076924,85,41.809955555001316
exist-core/src/main/java/org/exist/http/urlrewrite/URLRewrite.java,org.exist.http.urlrewrite.URLRewrite,239,26,9,64,6,0.11076923076923077,17,65.05595635420153
exist-core/src/main/java/org/exist/http/SessionManager.java,org.exist.http.SessionManager,138,6,4,15,1,1.0,8,55.825859912354616
exist-core/src/main/java/org/exist/http/filter/PathFilter.java,org.exist.http.filter.PathFilter,171,8,12,36,1,0.35714285714285715,10,53.89483290199564
exist-core/src/main/java/org/exist/http/filter/GuestFilter.java,org.exist.http.filter.GuestFilter,108,5,3,16,1,0.7,12,53.24140086151582
exist-core/src/main/java/org/exist/http/filter/DumpFilter.java,org.exist.http.filter.DumpFilter,147,4,2,15,2,0.5,11,45.9025669667349
exist-core/src/main/java/org/exist/http/servlets/HttpResponseWrapper.java,org.exist.http.servlets.HttpResponseWrapper,172,26,3,31,1,0.8523076923076923,7,71.98134998950077
exist-core/src/main/java/org/exist/http/servlets/XQueryServlet.java,org.exist.http.servlets.XQueryServlet,547,11,18,87,1,0.07272727272727272,61,41.391766634569734
exist-core/src/main/java/org/exist/http/servlets/XSLTServlet.java,org.exist.http.servlets.XSLTServlet,332,7,10,52,2,0.14285714285714285,53,42.27152939482043
exist-core/src/main/java/org/exist/http/servlets/RedirectorServlet.java,org.exist.http.servlets.RedirectorServlet,298,4,9,38,1,0.3333333333333333,35,37.28844168943156
exist-core/src/main/java/org/exist/http/servlets/AbstractExistHttpServlet.java,org.exist.http.servlets.AbstractExistHttpServlet,271,23,10,53,2,0.04743083003952569,29,61.313705808945535
exist-core/src/main/java/org/exist/http/servlets/ResponseWrapper.java,org.exist.http.servlets.ResponseWrapper,251,24,0,24,23,0.0,2,77.62697920333441
exist-core/src/main/java/org/exist/http/servlets/HttpSessionWrapper.java,org.exist.http.servlets.HttpSessionWrapper,91,14,1,15,1,1.0,1,75.2698221448776
exist-core/src/main/java/org/exist/http/servlets/DigestAuthenticator.java,org.exist.http.servlets.DigestAuthenticator,149,5,1,22,1,0.1,15,50.389535755485056
exist-core/src/main/java/org/exist/http/servlets/EXistServlet.java,org.exist.http.servlets.EXistServlet,542,11,3,99,1,0.4727272727272727,26,42.005754035402084
exist-core/src/main/java/org/exist/http/servlets/SessionWrapper.java,org.exist.http.servlets.SessionWrapper,127,12,0,12,12,0.0,1,77.51441925493359
exist-core/src/main/java/org/exist/http/servlets/ExistExtensionServlet.java,org.exist.http.servlets.ExistExtensionServlet,11,1,0,1,1,1.0,0,77.14859449161779
exist-core/src/main/java/org/exist/http/servlets/HttpServletRequestWrapper.java,org.exist.http.servlets.HttpServletRequestWrapper,699,77,6,110,1,0.7860560492139439,26,67.4136088472502
exist-core/src/main/java/org/exist/http/servlets/BasicAuthenticator.java,org.exist.http.servlets.BasicAuthenticator,93,3,2,18,1,0.3333333333333333,12,48.77495043497707
exist-core/src/main/java/org/exist/http/servlets/RequestWrapper.java,org.exist.http.servlets.RequestWrapper,549,46,0,46,46,0.0,2,76.37590401793507
exist-core/src/main/java/org/exist/http/servlets/Authenticator.java,org.exist.http.servlets.Authenticator,31,2,0,2,2,0.0,0,73.89964421778465
exist-core/src/main/java/org/exist/http/servlets/HttpRequestWrapper.java,org.exist.http.servlets.HttpRequestWrapper,901,64,14,132,1,0.4548611111111111,24,61.90230441378444
exist-core/src/main/java/org/exist/http/Descriptor.java,org.exist.http.Descriptor,368,13,8,40,3,0.3333333333333333,33,50.8908100779947
exist-core/src/main/java/org/exist/http/NotFoundException.java,org.exist.http.NotFoundException,14,2,1,2,2,0.0,1,75.79641249100304
exist-core/src/main/java/org/exist/http/BadRequestException.java,org.exist.http.BadRequestException,14,2,1,2,2,0.0,1,75.79641249100304
exist-core/src/main/java/org/exist/http/RESTServer.java,org.exist.http.RESTServer,2198,29,15,330,1,0.1206896551724138,128,35.66634356291902
exist-core/src/main/java/org/exist/http/ws/EvalWebSocketEndpoint.java,org.exist.http.ws.EvalWebSocketEndpoint,292,11,5,44,1,0.5272727272727272,25,51.397836656510336
exist-core/src/main/java/org/exist/http/ws/EvalSession.java,org.exist.http.ws.EvalSession,57,6,2,8,2,0.4666666666666667,2,69.08061278460228
exist-core/src/main/java/org/exist/http/ws/EvalProtocol.java,org.exist.http.ws.EvalProtocol,264,10,17,37,2,0.3333333333333333,12,51.221768098047924
exist-core/src/main/java/org/exist/http/ws/QueryMonitorBroadcaster.java,org.exist.http.ws.QueryMonitorBroadcaster,112,4,4,13,2,0.3333333333333333,14,49.96211155728501
exist-core/src/main/java/org/exist/http/ws/QueryExecutor.java,org.exist.http.ws.QueryExecutor,359,14,3,55,1,0.1978021978021978,33,49.96551278787953
exist-core/src/main/java/org/exist/http/SessionCountListener.java,org.exist.http.SessionCountListener,19,3,1,3,1,1.0,1,77.01406033471214
exist-core/src/main/java/org/exist/http/AuditTrailSessionListener.java,org.exist.http.AuditTrailSessionListener,120,3,3,15,1,1.0,25,45.0704392216313
exist-core/src/main/java/org/exist/http/jaxb/Collection.java,org.exist.http.jaxb.Collection,192,11,6,12,6,0.09090909090909091,1,66.72870539170864
exist-core/src/main/java/org/exist/http/jaxb/YesNo.java,org.exist.http.jaxb.YesNo,44,3,1,5,1,1.0,2,65.29307880950519
exist-core/src/main/java/org/exist/http/jaxb/Sequence.java,org.exist.http.jaxb.Sequence,148,1,1,2,1,1.0,1,42.0461606902796
exist-core/src/main/java/org/exist/http/jaxb/Result.java,org.exist.http.jaxb.Result,318,13,7,14,7,0.07692307692307693,1,63.683029973817725
exist-core/src/main/java/org/exist/http/jaxb/Query.java,org.exist.http.jaxb.Query,847,24,12,24,12,0.043478260869565216,0,61.210434885155635
exist-core/src/main/java/org/exist/http/jaxb/ObjectFactory.java,org.exist.http.jaxb.ObjectFactory,127,12,0,12,12,0.0,11,71.39573481399394
exist-core/src/main/java/org/exist/http/Response.java,org.exist.http.Response,98,15,7,22,2,0.2571428571428571,4,70.67128504078724
exist-core/src/main/java/org/exist/http/RESTServerParameter.java,org.exist.http.RESTServerParameter,382,2,0,2,1,0.0,2,40.986741776808735
exist-core/src/main/java/org/exist/http/MethodNotAllowedException.java,org.exist.http.MethodNotAllowedException,15,2,1,2,2,0.0,1,75.14279581375823
exist-core/src/main/java/org/exist/debuggee/DebuggeeFactory.java,org.exist.debuggee.DebuggeeFactory,67,2,2,14,2,0.0,10,48.18419213514478
exist-core/src/main/java/org/exist/debuggee/Packet.java,org.exist.debuggee.Packet,12,2,0,2,2,0.0,0,82.89093368333656
exist-core/src/main/java/org/exist/debuggee/CommandContinuation.java,org.exist.debuggee.CommandContinuation,35,8,7,8,8,0.0,0,85.88322478309055
exist-core/src/main/java/org/exist/debuggee/DebuggeeJoint.java,org.exist.debuggee.DebuggeeJoint,53,22,0,22,22,0.0,0,91.53576534787156
exist-core/src/main/java/org/exist/debuggee/Debuggee.java,org.exist.debuggee.Debuggee,19,3,4,3,3,0.0,0,82.37871790288132
exist-core/src/main/java/org/exist/debuggee/DummyDebuggee.java,org.exist.debuggee.DummyDebuggee,25,3,0,3,3,0.0,0,77.67097390330223
exist-core/src/main/java/org/exist/storage/UpdateListener.java,org.exist.storage.UpdateListener,41,4,3,4,4,0.0,0,77.81760302311838
exist-core/src/main/java/org/exist/storage/IndexStats.java,org.exist.storage.IndexStats,26,4,2,4,1,0.8333333333333334,3,73.70137039681134
exist-core/src/main/java/org/exist/storage/blob/BlobStoreDumpTool.java,org.exist.storage.blob.BlobStoreDumpTool,126,3,3,12,1,0.0,17,45.88027569598368
exist-core/src/main/java/org/exist/storage/blob/BlobStoreImplService.java,org.exist.storage.blob.BlobStoreImplService,61,5,7,9,1,0.8,10,62.97521012045708
exist-core/src/main/java/org/exist/storage/blob/UpdateBlobRefCountLoggable.java,org.exist.storage.blob.UpdateBlobRefCountLoggable,68,9,2,9,5,0.25,5,70.83913189770341
exist-core/src/main/java/org/exist/storage/blob/AbstractBlobLoggable.java,org.exist.storage.blob.AbstractBlobLoggable,46,6,2,6,2,0.6666666666666666,3,70.48795979344338
exist-core/src/main/java/org/exist/storage/blob/BlobStore.java,org.exist.storage.blob.BlobStore,146,11,0,11,9,0.0,1,75.36928429687634
exist-core/src/main/java/org/exist/storage/blob/BlobId.java,org.exist.storage.blob.BlobId,49,5,1,8,1,1.0,3,67.97755035220096
exist-core/src/main/java/org/exist/storage/blob/BlobStoreImpl.java,org.exist.storage.blob.BlobStoreImpl,1704,31,21,138,1,0.3032258064516129,56,43.94597357158814
exist-core/src/main/java/org/exist/storage/blob/StoreBlobFileLoggable.java,org.exist.storage.blob.StoreBlobFileLoggable,59,8,1,8,4,0.35714285714285715,6,69.837342162629
exist-core/src/main/java/org/exist/storage/blob/BlobStoreService.java,org.exist.storage.blob.BlobStoreService,15,1,0,1,1,1.0,0,74.21028464452877
exist-core/src/main/java/org/exist/storage/CacheManager.java,org.exist.storage.CacheManager,64,9,0,9,9,0.0,1,81.28136386106438
exist-core/src/main/java/org/exist/storage/RangeIndexSpec.java,org.exist.storage.RangeIndexSpec,146,10,15,13,6,0.06666666666666667,1,66.21485642193757
exist-core/src/main/java/org/exist/storage/ElementIndex.java,org.exist.storage.ElementIndex,46,8,5,10,8,0.0,5,74.59010888578152
exist-core/src/main/java/org/exist/storage/NativeBroker.java,org.exist.storage.NativeBroker,4400,197,45,679,10,0.20061120895058532,176,52.885283069467846
exist-core/src/main/java/org/exist/storage/BufferStats.java,org.exist.storage.BufferStats,41,5,6,5,1,0.4,0,72.58495617172936
exist-core/src/main/java/org/exist/storage/Indexable.java,org.exist.storage.Indexable,75,2,0,2,2,0.0,0,65.529635605721
exist-core/src/main/java/org/exist/storage/ConsistencyCheckTask.java,org.exist.storage.ConsistencyCheckTask,264,7,19,24,3,0.19047619047619047,22,47.38538689366076
exist-core/src/main/java/org/exist/storage/XQueryPool.java,org.exist.storage.XQueryPool,156,5,11,14,1,0.6,16,51.242487404506456
exist-core/src/main/java/org/exist/storage/structural/NativeStructuralIndexWorker.java,org.exist.storage.structural.NativeStructuralIndexWorker,767,42,6,109,12,0.1997677119628339,39,55.73355224130609
exist-core/src/main/java/org/exist/storage/structural/NativeStructuralIndex.java,org.exist.storage.structural.NativeStructuralIndex,90,9,8,13,4,0.3055555555555556,13,65.43226548332788
exist-core/src/main/java/org/exist/storage/vector/VectorStoreService.java,org.exist.storage.vector.VectorStoreService,14,1,0,1,1,1.0,0,74.86390132177358
exist-core/src/main/java/org/exist/storage/vector/VectorStoreImpl.java,org.exist.storage.vector.VectorStoreImpl,78,8,4,11,1,0.75,11,65.77944990404715
exist-core/src/main/java/org/exist/storage/vector/VectorStore.java,org.exist.storage.vector.VectorStore,49,5,0,5,5,0.0,0,78.2429271064563
exist-core/src/main/java/org/exist/storage/vector/VectorStoreServiceImpl.java,org.exist.storage.vector.VectorStoreServiceImpl,51,5,3,9,1,0.7,8,65.86830269398662
exist-core/src/main/java/org/exist/storage/BrokerPoolService.java,org.exist.storage.BrokerPoolService,169,10,0,10,7,0.0,0,73.08042065774839
exist-core/src/main/java/org/exist/storage/BackupSystemTask.java,org.exist.storage.BackupSystemTask,159,5,10,18,3,0.3,20,48.9062444640408
exist-core/src/main/java/org/exist/storage/RegexMatcher.java,org.exist.storage.RegexMatcher,30,3,2,5,1,0.3333333333333333,5,65.54294028753617
exist-core/src/main/java/org/exist/storage/NodePath.java,org.exist.storage.NodePath,333,28,8,73,2,0.4021164021164021,14,62.392456371461705
exist-core/src/main/java/org/exist/storage/BrokerWatchdog.java,org.exist.storage.BrokerWatchdog,84,5,4,10,1,1.0,9,58.746016137350836
exist-core/src/main/java/org/exist/storage/TermMatcher.java,org.exist.storage.TermMatcher,11,1,0,1,1,1.0,0,77.14859449161779
exist-core/src/main/java/org/exist/storage/StartupTrigger.java,org.exist.storage.StartupTrigger,28,1,0,1,1,1.0,0,68.297243821732
exist-core/src/main/java/org/exist/storage/cache/BTreeCacheable.java,org.exist.storage.cache.BTreeCacheable,5,1,0,1,1,1.0,0,84.61819053717403
exist-core/src/main/java/org/exist/storage/cache/BTreeCache.java,org.exist.storage.cache.BTreeCache,52,4,0,12,2,0.0,10,60.26559195317341
exist-core/src/main/java/org/exist/storage/cache/GClockCache.java,org.exist.storage.cache.GClockCache,258,22,13,49,1,0.31601731601731603,8,62.48264652893103
exist-core/src/main/java/org/exist/storage/cache/LRUCache.java,org.exist.storage.cache.LRUCache,204,22,9,36,1,0.3463203463203463,10,66.29942935796488
exist-core/src/main/java/org/exist/storage/cache/Cache.java,org.exist.storage.cache.Cache,158,17,0,17,17,0.0,0,78.7450389699847
exist-core/src/main/java/org/exist/storage/cache/Cacheable.java,org.exist.storage.cache.Cacheable,95,10,1,10,10,0.0,0,78.53746951027766
exist-core/src/main/java/org/exist/storage/cache/LRDCache.java,org.exist.storage.cache.LRDCache,141,5,5,25,1,0.8,6,50.65107000481855
exist-core/src/main/java/org/exist/storage/cache/Accounting.java,org.exist.storage.cache.Accounting,149,11,11,15,1,0.3090909090909091,4,64.38496251834754
exist-core/src/main/java/org/exist/storage/report/XMLStatistics.java,org.exist.storage.report.XMLStatistics,101,7,3,9,1,1.0,17,56.25416157701875
exist-core/src/main/java/org/exist/storage/report/Statistics.java,org.exist.storage.report.Statistics,25,1,0,4,1,1.0,7,52.22169392717726
exist-core/src/main/java/org/exist/storage/recovery/RecoveryManager.java,org.exist.storage.recovery.RecoveryManager,321,4,5,56,1,0.5,30,35.024083719802405
exist-core/src/main/java/org/exist/storage/StorageAddress.java,org.exist.storage.StorageAddress,105,13,0,13,6,0.0,3,70.12302543062218
exist-core/src/main/java/org/exist/storage/ProcessMonitor.java,org.exist.storage.ProcessMonitor,357,20,21,37,2,0.13157894736842105,24,59.15074470567612
exist-core/src/main/java/org/exist/storage/index/BFile.java,org.exist.storage.index.BFile,2595,73,26,221,12,0.1936834094368341,51,48.94036847677351
exist-core/src/main/java/org/exist/storage/index/OverflowCreateLoggable.java,org.exist.storage.index.OverflowCreateLoggable,59,8,1,8,5,0.21428571428571427,3,72.01558979285944
exist-core/src/main/java/org/exist/storage/index/OverflowAppendLoggable.java,org.exist.storage.index.OverflowAppendLoggable,76,8,4,8,4,0.32142857142857145,5,67.29993006348543
exist-core/src/main/java/org/exist/storage/index/CollectionStore.java,org.exist.storage.index.CollectionStore,171,10,11,14,6,0.044444444444444446,13,59.92797528643634
exist-core/src/main/java/org/exist/storage/index/FreeSpace.java,org.exist.storage.index.FreeSpace,57,6,4,8,1,0.6,1,70.37560636791815
exist-core/src/main/java/org/exist/storage/index/RemoveEmptyPageLoggable.java,org.exist.storage.index.RemoveEmptyPageLoggable,59,8,1,8,5,0.21428571428571427,3,71.98499964246986
exist-core/src/main/java/org/exist/storage/index/OverflowCreatePageLoggable.java,org.exist.storage.index.OverflowCreatePageLoggable,60,8,2,8,5,0.21428571428571427,3,71.04883756697039
exist-core/src/main/java/org/exist/storage/index/OverflowRemoveLoggable.java,org.exist.storage.index.OverflowRemoveLoggable,82,8,5,8,4,0.32142857142857145,3,66.00331735695322
exist-core/src/main/java/org/exist/storage/index/StoreValueLoggable.java,org.exist.storage.index.StoreValueLoggable,79,10,3,10,4,0.37777777777777777,5,68.94876805552576
exist-core/src/main/java/org/exist/storage/index/FreeList.java,org.exist.storage.index.FreeList,178,7,4,22,1,0.7142857142857143,3,53.72178959329651
exist-core/src/main/java/org/exist/storage/index/OverflowModifiedLoggable.java,org.exist.storage.index.OverflowModifiedLoggable,76,8,4,8,5,0.21428571428571427,3,67.54130441023574
exist-core/src/main/java/org/exist/storage/index/CreatePageLoggable.java,org.exist.storage.index.CreatePageLoggable,55,8,1,8,5,0.21428571428571427,3,72.68068276976392
exist-core/src/main/java/org/exist/storage/index/RemoveValueLoggable.java,org.exist.storage.index.RemoveValueLoggable,94,12,5,12,4,0.3333333333333333,3,69.8301820586919
exist-core/src/main/java/org/exist/storage/index/AbstractBFileLoggable.java,org.exist.storage.index.AbstractBFileLoggable,46,8,2,8,3,0.39285714285714285,5,75.10951941807579
exist-core/src/main/java/org/exist/storage/index/BFileCallback.java,org.exist.storage.index.BFileCallback,6,1,0,1,1,1.0,0,82.89093368333656
exist-core/src/main/java/org/exist/storage/index/OverflowStoreLoggable.java,org.exist.storage.index.OverflowStoreLoggable,75,7,5,7,3,0.42857142857142855,3,65.53535551068981
exist-core/src/main/java/org/exist/storage/index/BTreeStore.java,org.exist.storage.index.BTreeStore,22,2,0,4,2,0.0,4,63.57471864007355
exist-core/src/main/java/org/exist/storage/BrokerPoolServicesManager.java,org.exist.storage.BrokerPoolServicesManager,345,10,2,35,1,1.0,12,50.521046869698196
exist-core/src/main/java/org/exist/storage/journal/JournalException.java,org.exist.storage.journal.JournalException,10,2,0,2,2,0.0,1,78.9840442063619
exist-core/src/main/java/org/exist/storage/journal/AbstractLoggable.java,org.exist.storage.journal.AbstractLoggable,60,9,3,9,4,0.1388888888888889,3,74.76219921233408
exist-core/src/main/java/org/exist/storage/journal/JournalManager.java,org.exist.storage.journal.JournalManager,188,11,7,23,1,0.6727272727272727,12,60.66555635517672
exist-core/src/main/java/org/exist/storage/journal/JournalReader.java,org.exist.storage.journal.JournalReader,308,11,7,40,1,0.6545454545454545,15,50.666041560773
exist-core/src/main/java/org/exist/storage/journal/LogException.java,org.exist.storage.journal.LogException,14,2,1,2,2,0.0,1,75.79641249100304
exist-core/src/main/java/org/exist/storage/journal/Journal.java,org.exist.storage.journal.Journal,750,24,38,80,3,0.19202898550724637,36,50.78083203019331
exist-core/src/main/java/org/exist/storage/journal/Loggable.java,org.exist.storage.journal.Loggable,86,10,0,10,10,0.0,0,79.48038146619692
exist-core/src/main/java/org/exist/storage/journal/Lsn.java,org.exist.storage.journal.Lsn,124,13,6,27,2,0.6282051282051282,5,66.43128767068275
exist-core/src/main/java/org/exist/storage/journal/LogEntryTypes.java,org.exist.storage.journal.LogEntryTypes,55,2,5,3,1,1.0,2,56.77097204879302
exist-core/src/main/java/org/exist/storage/io/VariableByteArrayInput.java,org.exist.storage.io.VariableByteArrayInput,171,17,3,36,2,0.8823529411764706,6,64.58373527204084
exist-core/src/main/java/org/exist/storage/io/VariableByteInputStream.java,org.exist.storage.io.VariableByteInputStream,32,3,1,3,1,1.0,2,70.44504676278042
exist-core/src/main/java/org/exist/storage/io/VariableByteOutputStream.java,org.exist.storage.io.VariableByteOutputStream,203,18,1,21,1,0.8888888888888888,5,65.46672354719765
exist-core/src/main/java/org/exist/storage/io/BlockingInputStream.java,org.exist.storage.io.BlockingInputStream,356,23,11,66,2,0.2727272727272727,6,60.056950242197445
exist-core/src/main/java/org/exist/storage/io/VariableByteInput.java,org.exist.storage.io.VariableByteInput,111,15,0,15,15,0.0,0,80.90410760034854
exist-core/src/main/java/org/exist/storage/io/BlockingOutputStream.java,org.exist.storage.io.BlockingOutputStream,106,7,1,7,1,1.0,1,68.28012405858719
exist-core/src/main/java/org/exist/storage/io/AbstractVariableByteInput.java,org.exist.storage.io.AbstractVariableByteInput,152,14,0,36,4,0.0,6,63.46314936684154
exist-core/src/main/java/org/exist/storage/BrokerPoolServiceException.java,org.exist.storage.BrokerPoolServiceException,19,3,0,3,3,0.0,1,77.01406033471214
exist-core/src/main/java/org/exist/storage/DBBroker.java,org.exist.storage.DBBroker,1186,115,15,115,104,0.0,5,77.75951280154993
exist-core/src/main/java/org/exist/storage/sync/SyncTask.java,org.exist.storage.sync.SyncTask,69,7,4,10,4,0.14285714285714285,11,64.33921230624374
exist-core/src/main/java/org/exist/storage/txn/TxnCommit.java,org.exist.storage.txn.TxnCommit,32,6,0,6,5,0.0,2,77.4628344381601
exist-core/src/main/java/org/exist/storage/txn/Checkpoint.java,org.exist.storage.txn.Checkpoint,52,8,4,8,2,0.39285714285714285,6,72.61026173613918
exist-core/src/main/java/org/exist/storage/txn/TransactionException.java,org.exist.storage.txn.TransactionException,17,2,1,2,2,0.0,1,73.95703972261501
exist-core/src/main/java/org/exist/storage/txn/TxnStart.java,org.exist.storage.txn.TxnStart,32,6,0,6,5,0.0,2,77.4628344381601
exist-core/src/main/java/org/exist/storage/txn/Txn.java,org.exist.storage.txn.Txn,194,15,5,18,1,0.41904761904761906,10,64.8396432564454
exist-core/src/main/java/org/exist/storage/txn/TxnListener.java,org.exist.storage.txn.TxnListener,7,2,0,2,2,0.0,0,87.99721632185675
exist-core/src/main/java/org/exist/storage/txn/TransactionManager.java,org.exist.storage.txn.TransactionManager,579,16,11,71,1,0.5,23,48.952660777885676
exist-core/src/main/java/org/exist/storage/txn/TxnAbort.java,org.exist.storage.txn.TxnAbort,29,6,0,6,5,0.0,2,78.39542460165408
exist-core/src/main/java/org/exist/storage/SystemTaskManager.java,org.exist.storage.SystemTaskManager,76,4,3,14,1,0.5,12,56.67508647237996
exist-core/src/main/java/org/exist/storage/BrokerPoolServicesManagerException.java,org.exist.storage.BrokerPoolServicesManagerException,17,2,1,2,1,1.0,0,75.24903993530238
exist-core/src/main/java/org/exist/storage/ElementValue.java,org.exist.storage.ElementValue,87,7,10,10,1,1.0,5,60.57242492766204
exist-core/src/main/java/org/exist/storage/NativeValueIndex.java,org.exist.storage.NativeValueIndex,1531,42,22,168,4,0.22996515679442509,75,47.617841990052355
exist-core/src/main/java/org/exist/storage/statistics/DataGuide.java,org.exist.storage.statistics.DataGuide,151,9,2,13,1,0.7777777777777778,8,60.25441188064944
exist-core/src/main/java/org/exist/storage/statistics/IndexStatisticsWorker.java,org.exist.storage.statistics.IndexStatisticsWorker,217,19,6,28,8,0.14619883040935672,17,65.16351230162114
exist-core/src/main/java/org/exist/storage/statistics/IndexStatistics.java,org.exist.storage.statistics.IndexStatistics,108,14,4,19,5,0.32967032967032966,15,68.1327060369978
exist-core/src/main/java/org/exist/storage/statistics/NodeStats.java,org.exist.storage.statistics.NodeStats,174,15,6,43,1,0.5714285714285714,15,61.646453418680345
exist-core/src/main/java/org/exist/storage/ContentLoadingObserver.java,org.exist.storage.ContentLoadingObserver,87,12,0,12,12,0.0,0,81.0981147393926
exist-core/src/main/java/org/exist/storage/Signatures.java,org.exist.storage.Signatures,120,5,11,23,2,0.6,5,55.78683732126111
exist-core/src/main/java/org/exist/storage/SystemTask.java,org.exist.storage.SystemTask,43,4,0,4,4,0.0,0,77.36638992743072
exist-core/src/main/java/org/exist/storage/FluentBrokerAPI.java,org.exist.storage.FluentBrokerAPI,495,2,0,2,2,0.0,2,40.710060302838315
exist-core/src/main/java/org/exist/storage/BrokerPools.java,org.exist.storage.BrokerPools,279,13,7,25,1,0.358974358974359,12,56.848972280114346
exist-core/src/main/java/org/exist/storage/dom/RemovePageLoggable.java,org.exist.storage.dom.RemovePageLoggable,87,11,8,12,2,0.41818181818181815,5,68.4976662465705
exist-core/src/main/java/org/exist/storage/dom/RemoveEmptyPageLoggable.java,org.exist.storage.dom.RemoveEmptyPageLoggable,56,8,4,8,3,0.32142857142857145,5,71.28774598127833
exist-core/src/main/java/org/exist/storage/dom/IRawNodeIterator.java,org.exist.storage.dom.IRawNodeIterator,25,3,0,3,3,0.0,0,79.7787898909699
exist-core/src/main/java/org/exist/storage/dom/AddValueLoggable.java,org.exist.storage.dom.AddValueLoggable,87,13,5,16,3,0.34615384615384615,5,70.70625152837265
exist-core/src/main/java/org/exist/storage/dom/UpdateLinkLoggable.java,org.exist.storage.dom.UpdateLinkLoggable,57,8,5,8,3,0.32142857142857145,5,70.12984573554978
exist-core/src/main/java/org/exist/storage/dom/SplitPageLoggable.java,org.exist.storage.dom.SplitPageLoggable,63,8,5,8,1,0.5357142857142857,7,68.64364234412719
exist-core/src/main/java/org/exist/storage/dom/CreatePageLoggable.java,org.exist.storage.dom.CreatePageLoggable,64,9,5,10,3,0.25,5,70.08114968141729
exist-core/src/main/java/org/exist/storage/dom/DOMFile.java,org.exist.storage.dom.DOMFile,3452,85,35,462,4,0.3686274509803922,82,44.369950725911835
exist-core/src/main/java/org/exist/storage/dom/RawNodeIterator.java,org.exist.storage.dom.RawNodeIterator,167,5,8,21,1,0.8,22,47.18729821910833
exist-core/src/main/java/org/exist/storage/dom/RemoveValueLoggable.java,org.exist.storage.dom.RemoveValueLoggable,77,8,7,12,2,0.4642857142857143,6,64.97765795273625
exist-core/src/main/java/org/exist/storage/dom/DOMTransaction.java,org.exist.storage.dom.DOMTransaction,74,4,5,6,1,0.16666666666666666,6,59.274615365407755
exist-core/src/main/java/org/exist/storage/dom/AddMovedValueLoggable.java,org.exist.storage.dom.AddMovedValueLoggable,49,8,1,8,6,0.10714285714285714,3,72.84657383972495
exist-core/src/main/java/org/exist/storage/dom/InsertValueLoggable.java,org.exist.storage.dom.InsertValueLoggable,73,9,6,10,2,0.4444444444444444,5,67.96307722643328
exist-core/src/main/java/org/exist/storage/dom/RecordPos.java,org.exist.storage.dom.RecordPos,42,7,4,7,1,0.5714285714285714,0,75.19640821339827
exist-core/src/main/java/org/exist/storage/dom/UpdateValueLoggable.java,org.exist.storage.dom.UpdateValueLoggable,68,8,6,8,2,0.42857142857142855,6,67.26539929942427
exist-core/src/main/java/org/exist/storage/dom/AddLinkLoggable.java,org.exist.storage.dom.AddLinkLoggable,56,8,4,8,3,0.32142857142857145,5,70.85690087731557
exist-core/src/main/java/org/exist/storage/dom/WriteOverflowPageLoggable.java,org.exist.storage.dom.WriteOverflowPageLoggable,68,10,4,11,2,0.4444444444444444,6,70.44191930912619
exist-core/src/main/java/org/exist/storage/dom/RemoveOverflowLoggable.java,org.exist.storage.dom.RemoveOverflowLoggable,60,8,4,8,2,0.42857142857142855,5,69.80360523114962
exist-core/src/main/java/org/exist/storage/dom/UpdateHeaderLoggable.java,org.exist.storage.dom.UpdateHeaderLoggable,66,8,6,9,3,0.32142857142857145,5,67.85101233706223
exist-core/src/main/java/org/exist/storage/dom/ItemId.java,org.exist.storage.dom.ItemId,58,9,9,9,4,0.16666666666666666,0,74.4957067388814
exist-core/src/main/java/org/exist/storage/dom/NodeIterator.java,org.exist.storage.dom.NodeIterator,256,8,12,38,3,0.32142857142857145,24,47.88067484770114
exist-core/src/main/java/org/exist/storage/OccurrenceList.java,org.exist.storage.OccurrenceList,71,9,3,16,1,0.8055555555555556,3,68.46150030487165
exist-core/src/main/java/org/exist/storage/btree/BTreeException.java,org.exist.storage.btree.BTreeException,26,4,1,4,4,0.0,1,77.64279945577438
exist-core/src/main/java/org/exist/storage/btree/Value.java,org.exist.storage.btree.Value,247,25,5,56,2,0.49,6,64.57332868275743
exist-core/src/main/java/org/exist/storage/btree/DBException.java,org.exist.storage.btree.DBException,31,4,2,4,1,0.0,1,73.30906924194838
exist-core/src/main/java/org/exist/storage/btree/BTAbstractLoggable.java,org.exist.storage.btree.BTAbstractLoggable,37,6,2,6,2,0.4666666666666667,4,74.3322155951297
exist-core/src/main/java/org/exist/storage/btree/Repair.java,org.exist.storage.btree.Repair,98,5,1,19,1,0.3,24,54.068936727359514
exist-core/src/main/java/org/exist/storage/btree/TreeMetrics.java,org.exist.storage.btree.TreeMetrics,49,7,4,9,1,0.19047619047619047,4,70.99338480247614
exist-core/src/main/java/org/exist/storage/btree/SetParentLoggable.java,org.exist.storage.btree.SetParentLoggable,59,7,2,7,4,0.2857142857142857,4,69.36393491022328
exist-core/src/main/java/org/exist/storage/btree/UpdatePageLoggable.java,org.exist.storage.btree.UpdatePageLoggable,113,7,6,16,3,0.42857142857142855,5,57.91283851004035
exist-core/src/main/java/org/exist/storage/btree/BTree.java,org.exist.storage.btree.BTree,2693,51,19,137,6,0.06823529411764706,53,46.23486884352901
exist-core/src/main/java/org/exist/storage/btree/IndexQuery.java,org.exist.storage.btree.IndexQuery,157,16,19,37,1,0.14166666666666666,2,65.38521697755017
exist-core/src/main/java/org/exist/storage/btree/SetPageLinkLoggable.java,org.exist.storage.btree.SetPageLinkLoggable,45,7,2,7,4,0.2857142857142857,4,71.93011868624286
exist-core/src/main/java/org/exist/storage/btree/RemoveValueLoggable.java,org.exist.storage.btree.RemoveValueLoggable,78,8,4,8,4,0.32142857142857145,5,65.88724880143437
exist-core/src/main/java/org/exist/storage/btree/CreateBTNodeLoggable.java,org.exist.storage.btree.CreateBTNodeLoggable,49,7,3,7,4,0.2857142857142857,4,70.54754471352369
exist-core/src/main/java/org/exist/storage/btree/InsertValueLoggable.java,org.exist.storage.btree.InsertValueLoggable,70,8,5,8,4,0.35714285714285715,6,66.36596280990939
exist-core/src/main/java/org/exist/storage/btree/UpdateValueLoggable.java,org.exist.storage.btree.UpdateValueLoggable,82,8,5,8,4,0.32142857142857145,5,65.10310438984486
exist-core/src/main/java/org/exist/storage/btree/BTreeCallback.java,org.exist.storage.btree.BTreeCallback,15,1,0,1,1,1.0,0,74.21028464452877
exist-core/src/main/java/org/exist/storage/btree/Paged.java,org.exist.storage.btree.Paged,1096,30,35,65,4,0.17701149425287357,19,51.326489730122105
exist-core/src/main/java/org/exist/storage/NodePath2.java,org.exist.storage.NodePath2,107,9,3,22,1,0.6944444444444444,9,61.504584012080244
exist-core/src/main/java/org/exist/storage/BrokerPool.java,org.exist.storage.BrokerPool,1989,86,61,233,9,0.08317373461012312,112,53.69777438195426
exist-core/src/main/java/org/exist/storage/NotificationService.java,org.exist.storage.NotificationService,78,7,3,9,2,0.7142857142857143,7,65.86064958963593
exist-core/src/main/java/org/exist/storage/StartupTriggersManager.java,org.exist.storage.StartupTriggersManager,38,2,2,6,1,1.0,8,56.12371383004224
exist-core/src/main/java/org/exist/storage/DataBackup.java,org.exist.storage.DataBackup,97,7,5,14,4,0.19047619047619047,16,60.21914419879515
exist-core/src/main/java/org/exist/storage/lock/LockManager.java,org.exist.storage.lock.LockManager,735,31,16,74,5,0.12903225806451613,23,54.26551273152319
exist-core/src/main/java/org/exist/storage/lock/LockEventJsonListener.java,org.exist.storage.lock.LockEventJsonListener,131,7,6,20,1,0.47619047619047616,12,56.286075814909864
exist-core/src/main/java/org/exist/storage/lock/EnsureLocked.java,org.exist.storage.lock.EnsureLocked,82,3,1,3,3,0.0,3,68.52553641563888
exist-core/src/main/java/org/exist/storage/lock/ManagedCollectionLock.java,org.exist.storage.lock.ManagedCollectionLock,35,5,2,7,2,0.2,7,70.43490203159445
exist-core/src/main/java/org/exist/storage/lock/FileLockService.java,org.exist.storage.lock.FileLockService,96,6,7,14,1,0.5333333333333333,10,58.60769595753432
exist-core/src/main/java/org/exist/storage/lock/FileLock.java,org.exist.storage.lock.FileLock,255,10,8,32,1,0.6666666666666666,22,53.297588948739666
exist-core/src/main/java/org/exist/storage/lock/LockTableUtils.java,org.exist.storage.lock.LockTableUtils,203,2,1,31,2,0.0,16,30.076625095449025
exist-core/src/main/java/org/exist/storage/lock/LockEventLogListener.java,org.exist.storage.lock.LockEventLogListener,32,2,2,4,1,1.0,4,59.87815601639785
exist-core/src/main/java/org/exist/storage/lock/LockTable.java,org.exist.storage.lock.LockTable,898,18,15,68,4,0.08496732026143791,25,45.82445118279449
exist-core/src/main/java/org/exist/storage/lock/EnsureLockingAspect.java,org.exist.storage.lock.EnsureLockingAspect,944,35,11,167,10,0.030252100840336135,42,50.67537857198198
exist-core/src/main/java/org/exist/storage/lock/FileLockHeartBeat.java,org.exist.storage.lock.FileLockHeartBeat,50,6,1,8,4,0.2,7,68.16208199880084
exist-core/src/main/java/org/exist/storage/lock/LockedPath.java,org.exist.storage.lock.LockedPath,15,1,3,1,1,1.0,1,64.09216549738068
exist-core/src/main/java/org/exist/storage/lock/LockInfo.java,org.exist.storage.lock.LockInfo,85,12,11,12,1,0.10606060606060606,2,70.91186286920444
exist-core/src/main/java/org/exist/storage/lock/ManagedLockGroupDocumentLock.java,org.exist.storage.lock.ManagedLockGroupDocumentLock,21,2,1,3,1,1.0,7,64.8110742153907
exist-core/src/main/java/org/exist/storage/lock/EnsureContainerLocked.java,org.exist.storage.lock.EnsureContainerLocked,68,2,1,2,2,0.0,2,66.45787105334398
exist-core/src/main/java/org/exist/storage/lock/EnsureUnlocked.java,org.exist.storage.lock.EnsureUnlocked,45,1,0,1,1,1.0,2,63.80237875188353
exist-core/src/main/java/org/exist/storage/lock/LockGroup.java,org.exist.storage.lock.LockGroup,14,1,2,1,1,1.0,0,66.43263737110291
exist-core/src/main/java/org/exist/storage/lock/Lock.java,org.exist.storage.lock.Lock,151,12,0,12,11,0.0,0,75.87459319892623
exist-core/src/main/java/org/exist/storage/lock/ManagedSingleLockDocumentLock.java,org.exist.storage.lock.ManagedSingleLockDocumentLock,35,4,3,6,2,0.16666666666666666,7,67.2180108524323
exist-core/src/main/java/org/exist/storage/lock/ManagedDocumentLock.java,org.exist.storage.lock.ManagedDocumentLock,17,2,1,2,1,1.0,1,71.97715599885586
exist-core/src/main/java/org/exist/storage/lock/LockedDocumentMap.java,org.exist.storage.lock.LockedDocumentMap,96,7,3,18,1,1.0,10,59.50636695624739
exist-core/src/main/java/org/exist/storage/lock/ManagedLock.java,org.exist.storage.lock.ManagedLock,156,10,3,20,8,0.044444444444444446,7,61.478334944375675
exist-core/src/main/java/org/exist/storage/lock/LockEventXmlListener.java,org.exist.storage.lock.LockEventXmlListener,146,10,6,22,1,0.5555555555555556,13,59.52287647939858
exist-core/src/main/java/org/exist/storage/GeneralRangeIndexSpec.java,org.exist.storage.GeneralRangeIndexSpec,49,4,1,6,1,1.0,5,62.45433931871564
exist-core/src/main/java/org/exist/storage/ValueIndexFactory.java,org.exist.storage.ValueIndexFactory,183,3,1,28,1,0.3333333333333333,23,37.498116159476425
exist-core/src/main/java/org/exist/storage/BrokerFactory.java,org.exist.storage.BrokerFactory,112,5,4,10,1,0.1,20,55.03296113775513
exist-core/src/main/java/org/exist/storage/QNameRangeIndexSpec.java,org.exist.storage.QNameRangeIndexSpec,45,2,1,8,1,1.0,7,53.18083221969336
exist-core/src/main/java/org/exist/storage/IndexSpec.java,org.exist.storage.IndexSpec,190,13,7,37,1,0.24358974358974358,20,59.20929103452573
exist-core/src/main/java/org/exist/storage/DefaultCacheManager.java,org.exist.storage.DefaultCacheManager,325,13,23,41,1,0.46153846153846156,14,52.98147556451877
exist-core/src/main/java/org/exist/storage/serializers/Serializer.java,org.exist.storage.serializers.Serializer,1303,68,67,232,6,0.1514486391571554,72,55.696338515507115
exist-core/src/main/java/org/exist/storage/serializers/ChainOfReceiversFactory.java,org.exist.storage.serializers.ChainOfReceiversFactory,43,3,3,7,1,0.6666666666666666,5,60.51920362770978
exist-core/src/main/java/org/exist/storage/serializers/XmlSerializerPoolObjectFactory.java,org.exist.storage.serializers.XmlSerializerPoolObjectFactory,26,4,2,4,3,0.16666666666666666,4,74.62606048651855
exist-core/src/main/java/org/exist/storage/serializers/AbstractChainOfReceivers.java,org.exist.storage.serializers.AbstractChainOfReceivers,148,20,2,36,2,0.7210526315789474,3,71.4856702237962
exist-core/src/main/java/org/exist/storage/serializers/CustomMatchListenerFactory.java,org.exist.storage.serializers.CustomMatchListenerFactory,74,4,6,12,1,0.3333333333333333,10,56.752959770033875
exist-core/src/main/java/org/exist/storage/serializers/NativeSerializer.java,org.exist.storage.serializers.NativeSerializer,327,5,9,78,2,0.0,39,36.29402895692213
exist-core/src/main/java/org/exist/storage/serializers/XIncludeFilter.java,org.exist.storage.serializers.XIncludeFilter,1168,52,19,235,4,0.22699849170437406,61,52.9197488175368
exist-core/src/main/java/org/exist/storage/serializers/WSDLFilter.java,org.exist.storage.serializers.WSDLFilter,133,12,3,14,1,1.0,2,67.76817612353665
exist-core/src/main/java/org/exist/storage/serializers/XmlSerializerPool.java,org.exist.storage.serializers.XmlSerializerPool,39,4,0,8,3,0.0,7,64.67208390237079
exist-core/src/main/java/org/exist/storage/serializers/ChainOfReceivers.java,org.exist.storage.serializers.ChainOfReceivers,23,3,0,3,3,0.0,0,80.56872092302406
exist-core/src/main/java/org/exist/storage/serializers/CustomMatchListener.java,org.exist.storage.serializers.CustomMatchListener,25,3,1,3,2,0.3333333333333333,1,75.29767272897159
exist-core/src/main/java/org/exist/xslt/EXistURIResolver.java,org.exist.xslt.EXistURIResolver,177,6,3,32,1,0.3333333333333333,19,49.50401261982288
exist-core/src/main/java/org/exist/xslt/EXistDbInputSource.java,org.exist.xslt.EXistDbInputSource,36,5,2,5,3,0.2,2,74.88932363457086
exist-core/src/main/java/org/exist/xslt/StylesheetResolverAndCompiler.java,org.exist.xslt.StylesheetResolverAndCompiler,152,7,7,22,1,0.2857142857142857,25,53.73670601245972
exist-core/src/main/java/org/exist/xslt/Stylesheet.java,org.exist.xslt.Stylesheet,14,2,0,2,2,0.0,0,81.43055882181517
exist-core/src/main/java/org/exist/xslt/TransformerFactoryAllocator.java,org.exist.xslt.TransformerFactoryAllocator,92,2,9,10,2,0.0,11,45.15640907176779
exist-core/src/main/java/org/exist/xslt/EXistDbXMLReader.java,org.exist.xslt.EXistDbXMLReader,140,19,4,26,13,0.05263157894736842,11,70.13159305150735
exist-core/src/main/java/org/exist/xslt/XSLTErrorsListener.java,org.exist.xslt.XSLTErrorsListener,74,6,5,14,1,0.6,4,63.62515499726323
exist-core/src/main/java/org/exist/xslt/TemplatesFactory.java,org.exist.xslt.TemplatesFactory,113,7,1,15,4,0.0,21,57.25377213471052
exist-core/src/main/java/org/exist/xslt/EXistDbSource.java,org.exist.xslt.EXistDbSource,58,7,2,10,3,0.47619047619047616,5,70.80899005091928
exist-core/src/main/java/org/exist/xslt/XsltURIResolverHelper.java,org.exist.xslt.XsltURIResolverHelper,50,1,0,6,1,1.0,10,44.786876282954275
exist-core/src/main/java/org/exist/EventListener.java,org.exist.EventListener,10,1,0,1,1,1.0,0,78.05153303713244
exist-core/src/main/java/org/exist/Debuggable.java,org.exist.Debuggable,12,1,0,1,1,1.0,0,76.32427618329498
exist-core/src/main/java/org/exist/Transaction.java,org.exist.Transaction,31,3,0,3,3,0.0,0,77.74089261038833
exist-core/src/main/java/org/exist/resolver/XercesXmlResolverAdapter.java,org.exist.resolver.XercesXmlResolverAdapter,96,5,1,15,2,0.3,11,57.07341954972302
exist-core/src/main/java/org/exist/resolver/ResolverFactory.java,org.exist.resolver.ResolverFactory,90,4,0,9,2,0.0,12,55.08787828476817
exist-core/src/main/java/org/exist/xqj/Marshaller.java,org.exist.xqj.Marshaller,386,14,11,64,1,0.23076923076923078,31,49.7399007266296
exist-core/src/main/java/org/exist/source/SourceFactory.java,org.exist.source.SourceFactory,366,5,1,85,1,0.3,27,35.98564456133244
exist-core/src/main/java/org/exist/source/Source.java,org.exist.source.Source,128,14,0,14,14,0.0,0,78.9004903299821
exist-core/src/main/java/org/exist/source/DBSource.java,org.exist.source.DBSource,185,17,5,31,2,0.4852941176470588,20,63.63151352048614
exist-core/src/main/java/org/exist/source/AbstractSource.java,org.exist.source.AbstractSource,119,14,2,22,8,0.06593406593406594,8,68.42690298574448
exist-core/src/main/java/org/exist/source/StringSource.java,org.exist.source.StringSource,50,8,1,8,4,0.35714285714285715,6,75.70178295600216
exist-core/src/main/java/org/exist/source/FileSource.java,org.exist.source.FileSource,116,15,5,20,2,0.4666666666666667,9,69.90006134305244
exist-core/src/main/java/org/exist/source/URLSource.java,org.exist.source.URLSource,203,14,7,49,1,0.6813186813186813,14,59.314704662538325
exist-core/src/main/java/org/exist/source/ClassLoaderSource.java,org.exist.source.ClassLoaderSource,52,4,2,12,2,0.16666666666666666,6,61.24456354974307
exist-core/src/main/java/org/exist/source/BinarySource.java,org.exist.source.BinarySource,62,9,3,11,4,0.2777777777777778,7,72.51634356288879
exist-core/src/main/java/org/exist/EXistException.java,org.exist.EXistException,27,4,1,4,4,0.0,1,76.9563630777968
exist-core/src/main/java/org/exist/config/ConfigurationImpl.java,org.exist.config.ConfigurationImpl,444,32,6,98,5,0.1774193548387097,21,60.14004170599683
exist-core/src/main/java/org/exist/config/Configurable.java,org.exist.config.Configurable,14,2,0,2,2,0.0,0,81.43055882181517
exist-core/src/main/java/org/exist/config/annotation/NewClass.java,org.exist.config.annotation.NewClass,13,2,0,2,2,0.0,0,82.13263434748201
exist-core/src/main/java/org/exist/config/annotation/ConfigurationReferenceBy.java,org.exist.config.annotation.ConfigurationReferenceBy,11,1,0,1,1,1.0,0,77.14859449161779
exist-core/src/main/java/org/exist/config/annotation/ConfigurationFieldAsAttribute.java,org.exist.config.annotation.ConfigurationFieldAsAttribute,13,1,0,1,1,1.0,0,75.56597684744041
exist-core/src/main/java/org/exist/config/annotation/ConfigurationFieldAsElement.java,org.exist.config.annotation.ConfigurationFieldAsElement,13,1,0,1,1,1.0,0,75.56597684744041
exist-core/src/main/java/org/exist/config/annotation/ConfigurationFieldSettings.java,org.exist.config.annotation.ConfigurationFieldSettings,51,1,3,1,1,1.0,0,62.616622660740305
exist-core/src/main/java/org/exist/config/annotation/ConfigurationClass.java,org.exist.config.annotation.ConfigurationClass,13,1,0,1,1,1.0,0,75.56597684744041
exist-core/src/main/java/org/exist/config/annotation/ConfigurationFieldClassMask.java,org.exist.config.annotation.ConfigurationFieldClassMask,15,1,0,1,1,1.0,0,74.21028464452877
exist-core/src/main/java/org/exist/config/Configuration.java,org.exist.config.Configuration,159,19,2,19,19,0.0,0,79.73898443656643
exist-core/src/main/java/org/exist/config/ConfigurationDocumentTrigger.java,org.exist.config.ConfigurationDocumentTrigger,557,21,7,82,9,0.09523809523809523,28,52.23045767410498
exist-core/src/main/java/org/exist/config/ReferenceImpl.java,org.exist.config.ReferenceImpl,74,7,4,15,1,0.42857142857142855,5,64.91955686682493
exist-core/src/main/java/org/exist/config/mapper/CallMethod.java,org.exist.config.mapper.CallMethod,76,5,6,20,1,0.6,9,58.14885237372278
exist-core/src/main/java/org/exist/config/mapper/Constructor.java,org.exist.config.mapper.Constructor,125,2,1,19,1,1.0,24,38.37882927739504
exist-core/src/main/java/org/exist/config/Configurator.java,org.exist.config.Configurator,1405,33,4,225,2,0.19696969696969696,92,43.75587728287008
exist-core/src/main/java/org/exist/config/Reference.java,org.exist.config.Reference,32,3,0,3,3,0.0,0,77.4401154684607
exist-core/src/main/java/org/exist/config/ConfigurationException.java,org.exist.config.ConfigurationException,25,4,1,4,4,0.0,1,77.6854676780338
exist-core/src/main/java/org/exist/numbering/NodeId.java,org.exist.numbering.NodeId,192,22,7,22,22,0.0,0,79.34120626757584
exist-core/src/main/java/org/exist/numbering/DLNBase.java,org.exist.numbering.DLNBase,579,35,11,90,2,0.5579831932773109,9,58.29339328037044
exist-core/src/main/java/org/exist/numbering/NodeIdFactory.java,org.exist.numbering.NodeIdFactory,99,9,0,9,8,0.0,2,77.14859449161779
exist-core/src/main/java/org/exist/numbering/DLN.java,org.exist.numbering.DLN,363,27,0,62,19,0.0,9,61.2722411886355
exist-core/src/main/java/org/exist/numbering/DLNFactory.java,org.exist.numbering.DLNFactory,51,9,0,12,8,0.0,5,73.34979705248269
exist-core/src/main/java/org/exist/repo/RepoBackup.java,org.exist.repo.RepoBackup,102,5,1,14,2,0.0,19,54.20427872698004
exist-core/src/main/java/org/exist/repo/ExistPkgInfo.java,org.exist.repo.ExistPkgInfo,51,9,3,9,9,0.0,3,77.00769901702893
exist-core/src/main/java/org/exist/repo/ClasspathHelper.java,org.exist.repo.ClasspathHelper,145,5,1,30,1,0.3,24,48.980325435571984
exist-core/src/main/java/org/exist/repo/PkgXsltModuleURIResolver.java,org.exist.repo.PkgXsltModuleURIResolver,23,2,1,3,1,1.0,3,66.79303421058609
exist-core/src/main/java/org/exist/repo/PackageLoader.java,org.exist.repo.PackageLoader,79,1,0,1,1,1.0,0,58.470727947388454
exist-core/src/main/java/org/exist/repo/Deployment.java,org.exist.repo.Deployment,944,28,15,150,1,0.10317460317460317,76,46.727666978286834
exist-core/src/main/java/org/exist/repo/ExistRepository.java,org.exist.repo.ExistRepository,331,14,6,57,2,0.2857142857142857,43,52.37276319427896
exist-core/src/main/java/org/exist/repo/ExistPkgExtension.java,org.exist.repo.ExistPkgExtension,143,7,2,23,3,0.0,16,54.83494003199532
exist-core/src/main/java/org/exist/repo/AutoDeploymentTrigger.java,org.exist.repo.AutoDeploymentTrigger,101,2,6,19,2,0.0,23,40.58112990218654
exist-core/src/main/java/org/exist/stax/IEmbeddedXMLStreamReader.java,org.exist.stax.IEmbeddedXMLStreamReader,65,6,0,6,6,0.0,0,77.29323370127788
exist-core/src/main/java/org/exist/stax/ExtendedXMLStreamReader.java,org.exist.stax.ExtendedXMLStreamReader,11,3,1,3,3,0.0,0,87.55650038426303
exist-core/src/main/java/org/exist/stax/EmbeddedXMLStreamReader.java,org.exist.stax.EmbeddedXMLStreamReader,684,65,19,154,15,0.2514423076923077,34,64.12715392119287
exist-core/src/main/java/org/exist/stax/StaXUtil.java,org.exist.stax.StaXUtil,31,2,0,18,2,0.0,3,57.289228197596174
exist-core/src/main/java/org/exist/security/User.java,org.exist.security.User,134,20,3,20,19,0.0,0,81.84553103647362
exist-core/src/main/java/org/exist/security/Principal.java,org.exist.security.Principal,25,9,0,9,9,0.0,0,90.18669578361515
exist-core/src/main/java/org/exist/security/AuthenticationException.java,org.exist.security.AuthenticationException,44,4,7,4,1,1.0,1,68.88090624405008
exist-core/src/main/java/org/exist/security/management/GroupsManagement.java,org.exist.security.management.GroupsManagement,22,8,0,8,8,0.0,0,90.28190949170097
exist-core/src/main/java/org/exist/security/management/AccountsManagement.java,org.exist.security.management.AccountsManagement,21,8,0,8,8,0.0,0,90.72262542929467
exist-core/src/main/java/org/exist/security/UnixStylePermission.java,org.exist.security.UnixStylePermission,494,44,3,82,1,0.41226215644820297,12,63.76339459105207
exist-core/src/main/java/org/exist/security/Subject.java,org.exist.security.Subject,17,5,0,5,5,0.0,0,88.27183509223494
exist-core/src/main/java/org/exist/security/Group.java,org.exist.security.Group,17,6,1,6,6,0.0,0,89.9990919460724
exist-core/src/main/java/org/exist/security/AbstractGroup.java,org.exist.security.AbstractGroup,225,19,3,50,5,0.15789473684210525,25,62.16866148130113
exist-core/src/main/java/org/exist/security/AbstractRealm.java,org.exist.security.AbstractRealm,482,42,10,94,11,0.03716608594657375,29,62.1305968576675
exist-core/src/main/java/org/exist/security/ACLPermission.java,org.exist.security.ACLPermission,102,15,0,15,15,0.0,0,81.70517759219334
exist-core/src/main/java/org/exist/security/AbstractUnixStylePermission.java,org.exist.security.AbstractUnixStylePermission,416,10,12,94,4,0.022222222222222223,7,45.04644583484088
exist-core/src/main/java/org/exist/security/Permission.java,org.exist.security.Permission,233,33,35,33,33,0.0,0,81.34888862455709
exist-core/src/main/java/org/exist/security/AXSchemaType.java,org.exist.security.AXSchemaType,52,5,2,9,1,0.2,1,67.81372460626119
exist-core/src/main/java/org/exist/security/Session.java,org.exist.security.Session,58,8,4,9,1,0.21428571428571427,6,71.29488114649233
exist-core/src/main/java/org/exist/security/realm/Realm.java,org.exist.security.realm.Realm,29,14,0,14,14,0.0,0,92.96639549355925
exist-core/src/main/java/org/exist/security/realm/AuthenticatingRealm.java,org.exist.security.realm.AuthenticatingRealm,10,1,0,1,1,1.0,0,78.05153303713244
exist-core/src/main/java/org/exist/security/PermissionRequiredAspect.java,org.exist.security.PermissionRequiredAspect,107,4,0,29,4,0.0,8,51.24045263826654
exist-core/src/main/java/org/exist/security/SecurityManager.java,org.exist.security.SecurityManager,185,47,12,47,47,0.0,0,86.88457706516616
exist-core/src/main/java/org/exist/security/EXistSchemaType.java,org.exist.security.EXistSchemaType,44,5,2,9,1,0.2,1,69.39634225043855
exist-core/src/main/java/org/exist/security/PermissionFactory.java,org.exist.security.PermissionFactory,604,25,1,90,6,0.0,34,52.91357866749425
exist-core/src/main/java/org/exist/security/XmldbPrincipal.java,org.exist.security.XmldbPrincipal,9,1,0,1,1,1.0,0,79.0496852907329
exist-core/src/main/java/org/exist/security/utils/Utils.java,org.exist.security.utils.Utils,29,2,0,4,1,0.0,4,60.417699176357644
exist-core/src/main/java/org/exist/security/AbstractPrincipal.java,org.exist.security.AbstractPrincipal,118,14,5,21,2,0.46153846153846156,5,67.9788243813616
exist-core/src/main/java/org/exist/security/Credential.java,org.exist.security.Credential,12,2,0,2,2,0.0,0,82.89093368333656
exist-core/src/main/java/org/exist/security/AbstractAccount.java,org.exist.security.AbstractAccount,339,30,9,65,14,0.08735632183908046,25,63.93866083577443
exist-core/src/main/java/org/exist/security/PermissionRequired.java,org.exist.security.PermissionRequired,29,3,8,3,3,0.0,0,78.37270563195469
exist-core/src/main/java/org/exist/security/Account.java,org.exist.security.Account,33,4,1,4,4,0.0,0,79.87400359905571
exist-core/src/main/java/org/exist/security/internal/aider/UserAider.java,org.exist.security.internal.aider.UserAider,280,44,9,57,18,0.040169133192389,17,72.99424481639663
exist-core/src/main/java/org/exist/security/internal/aider/PermissionAiderFactory.java,org.exist.security.internal.aider.PermissionAiderFactory,20,1,1,2,1,1.0,2,58.18089111048912
exist-core/src/main/java/org/exist/security/internal/aider/UnixStylePermissionAider.java,org.exist.security.internal.aider.UnixStylePermissionAider,360,37,3,72,10,0.2897897897897898,8,65.94630732724902
exist-core/src/main/java/org/exist/security/internal/aider/GroupAider.java,org.exist.security.internal.aider.GroupAider,148,22,5,28,9,0.06493506493506493,6,74.32262471252683
exist-core/src/main/java/org/exist/security/internal/aider/SimpleACLPermissionAider.java,org.exist.security.internal.aider.SimpleACLPermissionAider,172,21,1,37,3,0.5,9,67.87653361510111
exist-core/src/main/java/org/exist/security/internal/aider/ACEAider.java,org.exist.security.internal.aider.ACEAider,57,11,4,11,2,0.38181818181818183,0,77.74383149021342
exist-core/src/main/java/org/exist/security/internal/AccountImpl.java,org.exist.security.internal.AccountImpl,291,16,5,26,5,0.11666666666666667,20,58.74646527913058
exist-core/src/main/java/org/exist/security/internal/SubjectImpl.java,org.exist.security.internal.SubjectImpl,49,5,1,6,1,0.1,3,68.22680028630924
exist-core/src/main/java/org/exist/security/internal/SecurityManagerImpl.java,org.exist.security.internal.SecurityManagerImpl,882,56,21,145,2,0.1448051948051948,59,58.53856349331918
exist-core/src/main/java/org/exist/security/internal/web/HttpAccount.java,org.exist.security.internal.web.HttpAccount,30,1,1,8,1,1.0,7,48.893694748905325
exist-core/src/main/java/org/exist/security/internal/RealmImpl.java,org.exist.security.internal.RealmImpl,330,17,17,48,10,0.03676470588235294,42,54.49315244028942
exist-core/src/main/java/org/exist/security/internal/EXistDBLoginModule.java,org.exist.security.internal.EXistDBLoginModule,226,5,6,19,1,0.9,18,46.793240453032006
exist-core/src/main/java/org/exist/security/internal/EventAuthentication.java,org.exist.security.internal.EventAuthentication,39,4,4,4,1,0.6666666666666666,2,69.79158401152758
exist-core/src/main/java/org/exist/security/internal/Password.java,org.exist.security.internal.Password,140,12,5,25,1,0.18181818181818182,14,63.13847297558357
exist-core/src/main/java/org/exist/security/internal/SMEvents.java,org.exist.security.internal.SMEvents,140,8,6,21,1,0.21428571428571427,26,57.02272084436222
exist-core/src/main/java/org/exist/security/internal/SubjectAccreditedImpl.java,org.exist.security.internal.SubjectAccreditedImpl,44,4,1,5,2,0.5,5,67.43091099700659
exist-core/src/main/java/org/exist/security/internal/GroupImpl.java,org.exist.security.internal.GroupImpl,25,5,0,5,4,0.0,1,76.13523729572093
exist-core/src/main/java/org/exist/security/EffectiveSubject.java,org.exist.security.EffectiveSubject,257,43,2,48,24,0.1893687707641196,13,74.93508359855859
exist-core/src/main/java/org/exist/security/BouncyCastleJceProviderStartupTrigger.java,org.exist.security.BouncyCastleJceProviderStartupTrigger,20,1,1,1,1,1.0,3,60.41891191324326
exist-core/src/main/java/org/exist/security/PermissionDeniedException.java,org.exist.security.PermissionDeniedException,34,4,1,4,4,0.0,1,74.77245473305312
exist-core/src/main/java/org/exist/security/MessageDigester.java,org.exist.security.MessageDigester,81,4,2,11,1,0.16666666666666666,6,55.49739754522997
exist-core/src/main/java/org/exist/security/SchemaType.java,org.exist.security.SchemaType,11,2,0,2,2,0.0,0,83.71525199165937
exist-core/src/main/java/org/exist/security/AccountComparator.java,org.exist.security.AccountComparator,12,1,0,1,1,1.0,2,66.50367384166923
exist-core/src/main/java/org/exist/security/AbstractSubject.java,org.exist.security.AbstractSubject,214,40,2,41,3,0.8115384615384615,5,76.734563686244
exist-core/src/main/java/org/exist/security/SimpleACLPermission.java,org.exist.security.SimpleACLPermission,430,35,3,92,5,0.20168067226890757,14,61.67761385452722
exist-core/src/main/java/org/exist/Resource.java,org.exist.Resource,24,2,0,2,2,0.0,0,76.32427618329498
exist-core/src/main/java/org/exist/xupdate/XUpdateProcessor.java,org.exist.xupdate.XUpdateProcessor,804,29,36,166,10,0.1724137931034483,55,49.687165139631006
exist-core/src/main/java/org/exist/xupdate/Append.java,org.exist.xupdate.Append,101,4,1,14,2,0.16666666666666666,20,51.67322774079122
exist-core/src/main/java/org/exist/xupdate/Modification.java,org.exist.xupdate.Modification,305,15,10,32,5,0.21904761904761905,35,56.121672484415974
exist-core/src/main/java/org/exist/xupdate/Rename.java,org.exist.xupdate.Rename,66,3,0,8,3,0.0,20,52.73103214015837
exist-core/src/main/java/org/exist/xupdate/Replace.java,org.exist.xupdate.Replace,96,3,0,13,3,0.0,22,47.47670113468884
exist-core/src/main/java/org/exist/xupdate/Update.java,org.exist.xupdate.Update,90,3,0,12,3,0.0,23,48.355146291802924
exist-core/src/main/java/org/exist/xupdate/Insert.java,org.exist.xupdate.Insert,88,4,3,11,1,0.5,14,54.469114963498726
exist-core/src/main/java/org/exist/xupdate/Remove.java,org.exist.xupdate.Remove,63,3,0,7,3,0.0,15,54.3887354801183
exist-core/src/main/java/org/exist/xupdate/Conditional.java,org.exist.xupdate.Conditional,79,4,1,10,3,0.16666666666666666,14,55.23112525530547
exist-core/src/main/java/org/exist/test/ExistEmbeddedServer.java,org.exist.test.ExistEmbeddedServer,167,18,9,31,1,0.06535947712418301,19,64.90346541258795
exist-core/src/main/java/org/exist/test/XQueryAssertions.java,org.exist.test.XQueryAssertions,71,11,0,12,2,0.0,10,69.37473344755928
exist-core/src/main/java/org/exist/test/XQueryCompilationTest.java,org.exist.test.XQueryCompilationTest,34,2,1,4,1,1.0,6,57.70968526761723
exist-core/src/main/java/org/exist/test/DiffMatcher.java,org.exist.test.DiffMatcher,124,8,2,15,4,0.10714285714285714,8,59.935441739731736
exist-core/src/main/java/org/exist/test/ExistXmldbEmbeddedServer.java,org.exist.test.ExistXmldbEmbeddedServer,188,20,5,29,3,0.1,30,65.36114450961166
exist-core/src/main/java/org/exist/test/ExistWebServer.java,org.exist.test.ExistWebServer,152,10,17,24,1,0.17777777777777778,15,59.07019007857968
exist-core/src/main/java/org/exist/test/XmlStringDiffMatcher.java,org.exist.test.XmlStringDiffMatcher,87,7,2,11,3,0.14285714285714285,6,63.47787728604937
exist-core/src/main/java/org/exist/test/runner/ExtTestIgnoredFunction.java,org.exist.test.runner.ExtTestIgnoredFunction,19,2,0,2,2,0.0,7,65.18643606859752
exist-core/src/main/java/org/exist/test/runner/ExtTestFinishedFunction.java,org.exist.test.runner.ExtTestFinishedFunction,19,2,0,2,2,0.0,7,65.18643606859752
exist-core/src/main/java/org/exist/test/runner/ExtTestErrorFunction.java,org.exist.test.runner.ExtTestErrorFunction,178,12,2,48,2,0.0,23,57.19751884891724
exist-core/src/main/java/org/exist/test/runner/ExtTestStartedFunction.java,org.exist.test.runner.ExtTestStartedFunction,19,2,0,2,2,0.0,7,65.18643606859752
exist-core/src/main/java/org/exist/test/runner/AbstractTestRunner.java,org.exist.test.runner.AbstractTestRunner,98,5,2,15,3,0.1,19,54.58553470373652
exist-core/src/main/java/org/exist/test/runner/XMLTestRunner.java,org.exist.test.runner.XMLTestRunner,168,8,3,28,1,0.14285714285714285,38,53.10297323523906
exist-core/src/main/java/org/exist/test/runner/XQueryFailureLog.java,org.exist.test.runner.XQueryFailureLog,38,2,1,7,2,0.0,5,55.92930198050522
exist-core/src/main/java/org/exist/test/runner/JUnitIntegrationFunction.java,org.exist.test.runner.JUnitIntegrationFunction,42,3,2,4,2,0.3333333333333333,5,63.67196955044393
exist-core/src/main/java/org/exist/test/runner/ExtTestFailureFunction.java,org.exist.test.runner.ExtTestFailureFunction,164,10,1,36,1,0.022222222222222223,24,56.41270854476007
exist-core/src/main/java/org/exist/test/runner/XQueryTestRunner.java,org.exist.test.runner.XQueryTestRunner,278,11,2,47,1,0.05454545454545454,56,50.434561321328154
exist-core/src/main/java/org/exist/test/runner/XSuite.java,org.exist.test.runner.XSuite,614,18,3,47,5,0.013071895424836602,30,51.761763307123395
exist-core/src/main/java/org/exist/test/runner/ExtTestAssumptionFailedFunction.java,org.exist.test.runner.ExtTestAssumptionFailedFunction,56,3,0,10,2,0.0,12,54.8113874341997
exist-core/src/main/java/org/exist/dom/NamedNodeMapImpl.java,org.exist.dom.NamedNodeMapImpl,158,13,4,24,1,0.14102564102564102,7,64.18689333276835
exist-core/src/main/java/org/exist/dom/TypedQNameComparator.java,org.exist.dom.TypedQNameComparator,21,1,0,4,1,1.0,3,54.854626987875754
exist-core/src/main/java/org/exist/dom/INode.java,org.exist.dom.INode,36,3,1,3,3,0.0,0,76.32427618329498
exist-core/src/main/java/org/exist/dom/memtree/AbstractCharacterData.java,org.exist.dom.memtree.AbstractCharacterData,272,19,0,40,12,0.0,5,59.320797828861444
exist-core/src/main/java/org/exist/dom/memtree/CDATASectionImpl.java,org.exist.dom.memtree.CDATASectionImpl,60,9,0,10,8,0.0,4,73.03760110425911
exist-core/src/main/java/org/exist/dom/memtree/SAXAdapter.java,org.exist.dom.memtree.SAXAdapter,157,25,5,35,8,0.19666666666666666,10,71.91929948383083
exist-core/src/main/java/org/exist/dom/memtree/DOMIndexer.java,org.exist.dom.memtree.DOMIndexer,338,11,14,47,1,0.6909090909090909,30,48.79849873509497
exist-core/src/main/java/org/exist/dom/memtree/InMemoryXMLStreamReader.java,org.exist.dom.memtree.InMemoryXMLStreamReader,546,49,6,114,14,0.2542517006802721,15,64.48016334191124
exist-core/src/main/java/org/exist/dom/memtree/DocumentImpl.java,org.exist.dom.memtree.DocumentImpl,1582,108,34,373,29,0.11855313257182416,53,58.77160556191306
exist-core/src/main/java/org/exist/dom/memtree/ReferenceNode.java,org.exist.dom.memtree.ReferenceNode,68,12,0,12,5,0.0,4,75.21951062425369
exist-core/src/main/java/org/exist/dom/memtree/InMemoryNodeSet.java,org.exist.dom.memtree.InMemoryNodeSet,141,13,1,32,13,0.0,9,62.995298554604766
exist-core/src/main/java/org/exist/dom/memtree/AppendingSAXAdapter.java,org.exist.dom.memtree.AppendingSAXAdapter,29,4,0,4,3,0.0,1,75.7122468785103
exist-core/src/main/java/org/exist/dom/memtree/ProcessingInstructionImpl.java,org.exist.dom.memtree.ProcessingInstructionImpl,113,15,0,22,9,0.0,7,69.26800542016329
exist-core/src/main/java/org/exist/dom/memtree/DOMImplementationImpl.java,org.exist.dom.memtree.DOMImplementationImpl,52,7,1,15,4,0.14285714285714285,2,69.88893731166277
exist-core/src/main/java/org/exist/dom/memtree/DocumentBuilderReceiver.java,org.exist.dom.memtree.DocumentBuilderReceiver,284,43,6,68,12,0.2857142857142857,12,71.02444733971582
exist-core/src/main/java/org/exist/dom/memtree/ElementImpl.java,org.exist.dom.memtree.ElementImpl,725,48,0,198,30,0.0,34,57.87692624960508
exist-core/src/main/java/org/exist/dom/memtree/AttrImpl.java,org.exist.dom.memtree.AttrImpl,181,29,4,38,21,0.0,10,73.45600815581896
exist-core/src/main/java/org/exist/dom/memtree/CommentImpl.java,org.exist.dom.memtree.CommentImpl,37,7,0,8,6,0.0,5,75.87709066626171
exist-core/src/main/java/org/exist/dom/memtree/MemTreeBuilder.java,org.exist.dom.memtree.MemTreeBuilder,488,33,6,97,4,0.3162878787878788,18,58.86279598742816
exist-core/src/main/java/org/exist/dom/memtree/NamespaceNode.java,org.exist.dom.memtree.NamespaceNode,106,19,0,19,17,0.0,5,77.4464170479711
exist-core/src/main/java/org/exist/dom/memtree/NodeImpl.java,org.exist.dom.memtree.NodeImpl,920,110,5,262,46,0.06722268557130942,39,67.1465751575829
exist-core/src/main/java/org/exist/dom/memtree/DocumentFragmentImpl.java,org.exist.dom.memtree.DocumentFragmentImpl,51,10,0,10,9,0.0,2,77.23663219024834
exist-core/src/main/java/org/exist/dom/memtree/TextImpl.java,org.exist.dom.memtree.TextImpl,43,8,0,8,7,0.0,2,78.12237363573963
exist-core/src/main/java/org/exist/dom/QName.java,org.exist.dom.QName,582,32,16,97,2,0.1875,17,57.862848133977096
exist-core/src/main/java/org/exist/dom/NodeListImpl.java,org.exist.dom.NodeListImpl,57,6,1,11,5,0.0,2,67.81419071623712
exist-core/src/main/java/org/exist/dom/INodeHandle.java,org.exist.dom.INodeHandle,33,3,0,3,3,0.0,1,77.14859449161779
exist-core/src/main/java/org/exist/dom/persistent/NodeSet.java,org.exist.dom.persistent.NodeSet,357,41,5,41,41,0.0,0,79.36289345952027
exist-core/src/main/java/org/exist/dom/persistent/AbstractCharacterData.java,org.exist.dom.persistent.AbstractCharacterData,236,32,1,55,7,0.3084677419354839,7,69.241461224692
exist-core/src/main/java/org/exist/dom/persistent/LockToken.java,org.exist.dom.persistent.LockToken,230,15,9,19,2,0.2571428571428571,8,62.45657319980887
exist-core/src/main/java/org/exist/dom/persistent/CDATASectionImpl.java,org.exist.dom.persistent.CDATASectionImpl,111,16,0,16,11,0.0,12,69.94143997177457
exist-core/src/main/java/org/exist/dom/persistent/NodeVisitor.java,org.exist.dom.persistent.NodeVisitor,11,1,0,1,1,1.0,0,77.14859449161779
exist-core/src/main/java/org/exist/dom/persistent/AbstractArrayNodeSet.java,org.exist.dom.persistent.AbstractArrayNodeSet,241,28,7,43,5,0.023809523809523808,7,69.35583217492704
exist-core/src/main/java/org/exist/dom/persistent/DocumentImpl.java,org.exist.dom.persistent.DocumentImpl,1552,119,30,212,36,0.044295684375445094,70,62.15686848468957
exist-core/src/main/java/org/exist/dom/persistent/IStoredNode.java,org.exist.dom.persistent.IStoredNode,82,8,0,8,8,0.0,1,77.81760302311838
exist-core/src/main/java/org/exist/dom/persistent/NodeProxy.java,org.exist.dom.persistent.NodeProxy,1555,148,10,300,62,0.05745541459827174,63,64.83901881346442
exist-core/src/main/java/org/exist/dom/persistent/MutableDocumentSet.java,org.exist.dom.persistent.MutableDocumentSet,18,5,0,5,5,0.0,0,87.7303343295407
exist-core/src/main/java/org/exist/dom/persistent/ExtNodeSet.java,org.exist.dom.persistent.ExtNodeSet,6,1,0,1,1,1.0,0,82.89093368333656
exist-core/src/main/java/org/exist/dom/persistent/DocumentMetadata.java,org.exist.dom.persistent.DocumentMetadata,162,25,1,27,1,0.92,5,71.85567427046817
exist-core/src/main/java/org/exist/dom/persistent/DefaultDocumentSet.java,org.exist.dom.persistent.DefaultDocumentSet,263,23,6,56,1,0.15810276679841898,23,62.64167404348011
exist-core/src/main/java/org/exist/dom/persistent/XMLUtil.java,org.exist.dom.persistent.XMLUtil,258,12,1,63,6,0.0,11,53.71283304801892
exist-core/src/main/java/org/exist/dom/persistent/XMLDeclarationImpl.java,org.exist.dom.persistent.XMLDeclarationImpl,109,7,3,16,2,0.5714285714285714,4,60.75097045291197
exist-core/src/main/java/org/exist/dom/persistent/NamedNode.java,org.exist.dom.persistent.NamedNode,92,15,1,16,3,0.26666666666666666,6,74.03605094330739
exist-core/src/main/java/org/exist/dom/persistent/ContextItem.java,org.exist.dom.persistent.ContextItem,47,8,3,9,1,0.35714285714285715,2,74.6476793129292
exist-core/src/main/java/org/exist/dom/persistent/NodeImplRef.java,org.exist.dom.persistent.NodeImplRef,22,3,1,3,1,1.0,0,75.63827130053207
exist-core/src/main/java/org/exist/dom/persistent/NodeHandle.java,org.exist.dom.persistent.NodeHandle,19,3,0,3,3,0.0,0,82.37871790288132
exist-core/src/main/java/org/exist/dom/persistent/ProcessingInstructionImpl.java,org.exist.dom.persistent.ProcessingInstructionImpl,199,18,3,20,5,0.19607843137254902,14,63.96156882805767
exist-core/src/main/java/org/exist/dom/persistent/DOMImplementationImpl.java,org.exist.dom.persistent.DOMImplementationImpl,30,4,0,10,4,0.0,1,69.68623663334797
exist-core/src/main/java/org/exist/dom/persistent/ElementImpl.java,org.exist.dom.persistent.ElementImpl,1989,89,11,342,12,0.055669050051072526,85,52.11591126753292
exist-core/src/main/java/org/exist/dom/persistent/AttrImpl.java,org.exist.dom.persistent.AttrImpl,424,45,10,77,20,0.047474747474747475,26,64.41082606654318
exist-core/src/main/java/org/exist/dom/persistent/CommentImpl.java,org.exist.dom.persistent.CommentImpl,87,9,0,10,6,0.0,16,64.38999056736728
exist-core/src/main/java/org/exist/dom/persistent/NewArrayNodeSet.java,org.exist.dom.persistent.NewArrayNodeSet,1272,55,6,269,6,0.30774410774410776,29,52.89467562606647
exist-core/src/main/java/org/exist/dom/persistent/AbstractNodeSet.java,org.exist.dom.persistent.AbstractNodeSet,672,51,5,111,43,0.002352941176470588,28,62.093695069702406
exist-core/src/main/java/org/exist/dom/persistent/Visitable.java,org.exist.dom.persistent.Visitable,17,1,0,1,1,1.0,0,73.02452855338557
exist-core/src/main/java/org/exist/dom/persistent/EmptyDocumentSet.java,org.exist.dom.persistent.EmptyDocumentSet,71,12,1,12,12,0.0,4,78.5053523897923
exist-core/src/main/java/org/exist/dom/persistent/VirtualNodeSet.java,org.exist.dom.persistent.VirtualNodeSet,673,39,15,180,4,0.32793522267206476,22,56.38453921787338
exist-core/src/main/java/org/exist/dom/persistent/ExtArrayNodeSet.java,org.exist.dom.persistent.ExtArrayNodeSet,1069,38,8,100,8,0.33428165007112376,25,53.79454206394882
exist-core/src/main/java/org/exist/dom/persistent/NodeSetHelper.java,org.exist.dom.persistent.NodeSetHelper,687,16,0,150,13,0.0,21,44.2657143141074
exist-core/src/main/java/org/exist/dom/persistent/Match.java,org.exist.dom.persistent.Match,408,31,7,72,2,0.2946236559139785,14,61.205442369332935
exist-core/src/main/java/org/exist/dom/persistent/DocumentSet.java,org.exist.dom.persistent.DocumentSet,35,11,1,11,11,0.0,0,88.9001548673714
exist-core/src/main/java/org/exist/dom/persistent/StoredNode.java,org.exist.dom.persistent.StoredNode,511,39,6,98,6,0.17543859649122806,35,61.029235022507414
exist-core/src/main/java/org/exist/dom/persistent/DocumentTypeImpl.java,org.exist.dom.persistent.DocumentTypeImpl,91,11,3,18,5,0.21818181818181817,6,68.146428274196
exist-core/src/main/java/org/exist/dom/persistent/QNamePool.java,org.exist.dom.persistent.QNamePool,198,10,2,34,2,0.2222222222222222,8,56.129430858847904
exist-core/src/main/java/org/exist/dom/persistent/SortedNodeSet.java,org.exist.dom.persistent.SortedNodeSet,275,20,4,40,2,0.6368421052631579,25,61.192799266506384
exist-core/src/main/java/org/exist/dom/persistent/LockedDocument.java,org.exist.dom.persistent.LockedDocument,35,3,2,3,1,0.6666666666666666,1,70.42971263271164
exist-core/src/main/java/org/exist/dom/persistent/EmptyNodeSet.java,org.exist.dom.persistent.EmptyNodeSet,161,21,2,21,21,0.0,1,78.35351122891575
exist-core/src/main/java/org/exist/dom/persistent/NodeSetIterator.java,org.exist.dom.persistent.NodeSetIterator,27,2,0,2,2,0.0,1,75.20843689812924
exist-core/src/main/java/org/exist/dom/persistent/NodeImpl.java,org.exist.dom.persistent.NodeImpl,278,42,2,61,14,0.0011614401858304297,12,73.22632284133982
exist-core/src/main/java/org/exist/dom/persistent/SymbolTable.java,org.exist.dom.persistent.SymbolTable,550,26,15,50,3,0.16307692307692306,24,57.49019147143549
exist-core/src/main/java/org/exist/dom/persistent/BinaryDocument.java,org.exist.dom.persistent.BinaryDocument,213,13,2,17,5,0.14102564102564102,11,58.96915481006415
exist-core/src/main/java/org/exist/dom/persistent/TextImpl.java,org.exist.dom.persistent.TextImpl,167,22,0,25,19,0.0,17,69.0739250588774
exist-core/src/main/java/org/exist/dom/persistent/AVLTreeNodeSet.java,org.exist.dom.persistent.AVLTreeNodeSet,639,29,3,92,3,0.23399014778325122,8,55.5841021887327
exist-core/src/main/java/org/exist/ResourceMetadata.java,org.exist.ResourceMetadata,23,1,0,1,1,1.0,0,70.16081503037883
exist-core/src/main/java/org/exist/BTreeTest.java,org.exist.BTreeTest,113,6,4,18,1,0.6666666666666666,13,55.21217963678297
exist-core/src/main/java/org/exist/xmldb/AbstractLocal.java,org.exist.xmldb.AbstractLocal,237,13,4,20,2,0.02564102564102564,18,59.06743518663777
exist-core/src/main/java/org/exist/xmldb/AbstractEXistResource.java,org.exist.xmldb.AbstractEXistResource,223,21,6,27,6,0.047619047619047616,15,65.72959755182896
exist-core/src/main/java/org/exist/xmldb/EXistXQueryService.java,org.exist.xmldb.EXistXQueryService,239,15,0,15,12,0.0,0,73.6384232260616
exist-core/src/main/java/org/exist/xmldb/RemoteBinaryResource.java,org.exist.xmldb.RemoteBinaryResource,128,18,4,25,11,0.0784313725490196,17,69.96905728372569
exist-core/src/main/java/org/exist/xmldb/UserManagementService.java,org.exist.xmldb.UserManagementService,412,51,0,51,51,0.0,0,80.0730976553636
exist-core/src/main/java/org/exist/xmldb/AbstractRemoteResource.java,org.exist.xmldb.AbstractRemoteResource,500,32,11,111,5,0.0846774193548387,38,57.938087145563216
exist-core/src/main/java/org/exist/xmldb/LocalXMLResource.java,org.exist.xmldb.LocalXMLResource,592,23,8,80,7,0.16996047430830039,56,51.987269496579074
exist-core/src/main/java/org/exist/xmldb/ConsoleRestoreServiceTaskListener.java,org.exist.xmldb.ConsoleRestoreServiceTaskListener,29,5,1,6,3,0.1,2,75.71543730153894
exist-core/src/main/java/org/exist/xmldb/RemoteXUpdateQueryService.java,org.exist.xmldb.RemoteXUpdateQueryService,67,9,2,9,6,0.16666666666666666,5,69.303906073078
exist-core/src/main/java/org/exist/xmldb/FullXmldbURI.java,org.exist.xmldb.FullXmldbURI,357,28,3,67,2,0.42063492063492064,8,61.35615398211922
exist-core/src/main/java/org/exist/xmldb/RemoteCompiledExpression.java,org.exist.xmldb.RemoteCompiledExpression,23,3,1,3,2,0.3333333333333333,0,77.4595681161054
exist-core/src/main/java/org/exist/xmldb/EXistCollectionManagementService.java,org.exist.xmldb.EXistCollectionManagementService,189,16,0,16,13,0.0,0,76.47347114404576
exist-core/src/main/java/org/exist/xmldb/EXistUserManagementService.java,org.exist.xmldb.EXistUserManagementService,8,1,0,1,1,1.0,0,80.16552457589864
exist-core/src/main/java/org/exist/xmldb/function/LocalXmldbCollectionFunction.java,org.exist.xmldb.function.LocalXmldbCollectionFunction,43,2,0,5,1,0.0,3,57.19310604108044
exist-core/src/main/java/org/exist/xmldb/function/LocalXmldbDocumentFunction.java,org.exist.xmldb.function.LocalXmldbDocumentFunction,42,2,0,5,1,0.0,3,57.54964114473849
exist-core/src/main/java/org/exist/xmldb/function/LocalXmldbFunction.java,org.exist.xmldb.function.LocalXmldbFunction,41,2,0,5,1,0.0,3,57.917610433571866
exist-core/src/main/java/org/exist/xmldb/LocalXUpdateQueryService.java,org.exist.xmldb.LocalXUpdateQueryService,92,5,2,14,4,0.0,22,55.46996159796738
exist-core/src/main/java/org/exist/xmldb/RemoteXPathQueryService.java,org.exist.xmldb.RemoteXPathQueryService,340,30,6,69,4,0.1724137931034483,27,61.43758363055786
exist-core/src/main/java/org/exist/xmldb/LocalCollectionManagementService.java,org.exist.xmldb.LocalCollectionManagementService,257,21,0,44,9,0.0,19,60.57756543290206
exist-core/src/main/java/org/exist/xmldb/AbstractRestoreServiceTaskListener.java,org.exist.xmldb.AbstractRestoreServiceTaskListener,63,12,0,12,12,0.0,2,76.63108826134582
exist-core/src/main/java/org/exist/xmldb/LocalCollection.java,org.exist.xmldb.LocalCollection,766,50,8,106,13,0.0563265306122449,71,58.69832565485697
exist-core/src/main/java/org/exist/xmldb/LocalBinaryResource.java,org.exist.xmldb.LocalBinaryResource,280,26,5,64,10,0.046153846153846156,27,63.511959843237165
exist-core/src/main/java/org/exist/xmldb/NullRestoreServiceTaskListener.java,org.exist.xmldb.NullRestoreServiceTaskListener,14,3,0,3,3,0.0,0,85.27180721441883
exist-core/src/main/java/org/exist/xmldb/AbstractRemoteService.java,org.exist.xmldb.AbstractRemoteService,35,5,0,6,4,0.0,6,72.52776885783733
exist-core/src/main/java/org/exist/xmldb/LocalDatabaseInstanceManager.java,org.exist.xmldb.LocalDatabaseInstanceManager,65,9,0,12,9,0.0,11,70.839724612249
exist-core/src/main/java/org/exist/xmldb/ShutdownListener.java,org.exist.xmldb.ShutdownListener,18,1,0,1,1,1.0,0,72.48302779069131
exist-core/src/main/java/org/exist/xmldb/IndexQueryService.java,org.exist.xmldb.IndexQueryService,82,9,0,9,9,0.0,0,78.93344230828414
exist-core/src/main/java/org/exist/xmldb/LocalXPathQueryService.java,org.exist.xmldb.LocalXPathQueryService,424,32,9,73,5,0.07661290322580645,51,59.415740943108716
exist-core/src/main/java/org/exist/xmldb/LocalUserManagementService.java,org.exist.xmldb.LocalUserManagementService,572,55,0,82,49,0.0,34,62.722480716185856
exist-core/src/main/java/org/exist/xmldb/RemoteCollectionManagementService.java,org.exist.xmldb.RemoteCollectionManagementService,239,20,0,37,8,0.0,9,62.34157074072356
exist-core/src/main/java/org/exist/xmldb/ResourceSetHelper.java,org.exist.xmldb.ResourceSetHelper,69,3,0,9,1,0.0,8,54.093077685452606
exist-core/src/main/java/org/exist/xmldb/RemoteCallSite.java,org.exist.xmldb.RemoteCallSite,17,1,0,1,1,1.0,0,73.02452855338557
exist-core/src/main/java/org/exist/xmldb/AbstractLocalService.java,org.exist.xmldb.AbstractLocalService,35,5,0,6,4,0.0,6,72.31059422598926
exist-core/src/main/java/org/exist/xmldb/DatabaseInstanceManager.java,org.exist.xmldb.DatabaseInstanceManager,52,6,0,6,6,0.0,0,79.40722524004408
exist-core/src/main/java/org/exist/xmldb/EXistRestoreService.java,org.exist.xmldb.EXistRestoreService,11,1,0,1,1,1.0,0,77.14859449161779
exist-core/src/main/java/org/exist/xmldb/txn/bridge/InTxnLocalXUpdateQueryService.java,org.exist.xmldb.txn.bridge.InTxnLocalXUpdateQueryService,14,2,0,2,2,0.0,2,73.07033292943821
exist-core/src/main/java/org/exist/xmldb/txn/bridge/InTxnLocalCollectionManagementService.java,org.exist.xmldb.txn.bridge.InTxnLocalCollectionManagementService,34,3,0,5,3,0.0,9,62.73027050942775
exist-core/src/main/java/org/exist/xmldb/txn/bridge/InTxnLocalCollection.java,org.exist.xmldb.txn.bridge.InTxnLocalCollection,74,6,0,12,5,0.0,16,61.43705603205757
exist-core/src/main/java/org/exist/xmldb/txn/bridge/InTxnLocalIndexQueryService.java,org.exist.xmldb.txn.bridge.InTxnLocalIndexQueryService,14,2,0,2,2,0.0,2,73.07033292943821
exist-core/src/main/java/org/exist/xmldb/txn/bridge/InTxnLocalXPathQueryService.java,org.exist.xmldb.txn.bridge.InTxnLocalXPathQueryService,14,2,0,2,2,0.0,2,73.07033292943821
exist-core/src/main/java/org/exist/xmldb/txn/bridge/InTxnLocalUserManagementService.java,org.exist.xmldb.txn.bridge.InTxnLocalUserManagementService,14,2,0,2,2,0.0,2,73.07033292943821
exist-core/src/main/java/org/exist/xmldb/RemoteRestoreService.java,org.exist.xmldb.RemoteRestoreService,240,11,2,39,8,0.05454545454545454,28,52.68905600665871
exist-core/src/main/java/org/exist/xmldb/RemoteCollection.java,org.exist.xmldb.RemoteCollection,638,44,8,121,4,0.03171247357293869,66,58.05833655857417
exist-core/src/main/java/org/exist/xmldb/ExtendedResource.java,org.exist.xmldb.ExtendedResource,58,5,0,5,5,0.0,0,76.64544877811721
exist-core/src/main/java/org/exist/xmldb/RemoteUserManagementService.java,org.exist.xmldb.RemoteUserManagementService,712,51,0,106,44,0.0,33,58.31099511400038
exist-core/src/main/java/org/exist/xmldb/RemoteResourceSet.java,org.exist.xmldb.RemoteResourceSet,257,16,9,39,3,0.25,30,57.00849263296634
exist-core/src/main/java/org/exist/xmldb/AbstractRemote.java,org.exist.xmldb.AbstractRemote,39,4,1,7,3,0.16666666666666666,8,64.85127269855033
exist-core/src/main/java/org/exist/xmldb/LocalResourceSet.java,org.exist.xmldb.LocalResourceSet,211,11,3,35,3,0.509090909090909,40,54.55472314423361
exist-core/src/main/java/org/exist/xmldb/RemoteIndexQueryService.java,org.exist.xmldb.RemoteIndexQueryService,99,12,0,13,9,0.0,17,66.33917613449887
exist-core/src/main/java/org/exist/xmldb/LocalRestoreService.java,org.exist.xmldb.LocalRestoreService,85,4,0,5,4,0.0,8,59.495427344688395
exist-core/src/main/java/org/exist/xmldb/EXistResource.java,org.exist.xmldb.EXistResource,43,13,0,13,13,0.0,0,88.53259515593051
exist-core/src/main/java/org/exist/xmldb/DatabaseStatus.java,org.exist.xmldb.DatabaseStatus,93,8,7,8,2,0.21428571428571427,5,66.37873970123796
exist-core/src/main/java/org/exist/xmldb/MapResourceSet.java,org.exist.xmldb.MapResourceSet,192,13,2,18,4,0.46153846153846156,8,63.38790612053238
exist-core/src/main/java/org/exist/xmldb/RemoteDatabaseInstanceManager.java,org.exist.xmldb.RemoteDatabaseInstanceManager,60,9,1,10,5,0.2777777777777778,8,72.69822522745157
exist-core/src/main/java/org/exist/xmldb/EXistXPathQueryService.java,org.exist.xmldb.EXistXPathQueryService,143,8,1,8,8,0.0,0,72.54904676315957
exist-core/src/main/java/org/exist/xmldb/XmldbURI.java,org.exist.xmldb.XmldbURI,845,77,33,185,17,0.039644565960355434,15,63.480129137885626
exist-core/src/main/java/org/exist/xmldb/EXistBinaryResource.java,org.exist.xmldb.EXistBinaryResource,35,3,0,3,3,0.0,0,76.59115817561104
exist-core/src/main/java/org/exist/xmldb/RestoreServiceTaskListener.java,org.exist.xmldb.RestoreServiceTaskListener,22,15,0,15,15,0.0,0,96.23714942307082
exist-core/src/main/java/org/exist/xmldb/RemoteResourceIterator.java,org.exist.xmldb.RemoteResourceIterator,65,5,5,9,1,0.8,13,59.94235348965491
exist-core/src/main/java/org/exist/xmldb/RemoteXMLResource.java,org.exist.xmldb.RemoteXMLResource,377,27,9,54,5,0.1396011396011396,32,60.73290455740255
exist-core/src/main/java/org/exist/xmldb/LocalIndexQueryService.java,org.exist.xmldb.LocalIndexQueryService,101,14,0,18,7,0.0,17,68.84572815664139
exist-core/src/main/java/org/exist/xmldb/DatabaseImpl.java,org.exist.xmldb.DatabaseImpl,358,19,25,64,3,0.0935672514619883,27,56.063570397217916
exist-core/src/main/java/org/exist/xmldb/EXistCollection.java,org.exist.xmldb.EXistCollection,23,5,0,5,5,0.0,0,85.40812156922819
exist-core/src/main/java/org/exist/scheduler/SystemTaskJob.java,org.exist.scheduler.SystemTaskJob,5,1,0,1,1,1.0,0,84.61819053717403
exist-core/src/main/java/org/exist/scheduler/JobConfig.java,org.exist.scheduler.JobConfig,98,12,20,14,4,0.12121212121212122,6,70.72278012722724
exist-core/src/main/java/org/exist/scheduler/Scheduler.java,org.exist.scheduler.Scheduler,176,18,0,18,17,0.0,0,78.26443377678352
exist-core/src/main/java/org/exist/scheduler/UserJob.java,org.exist.scheduler.UserJob,17,1,1,1,1,1.0,0,70.91671256571789
exist-core/src/main/java/org/exist/scheduler/ScheduledJobInfo.java,org.exist.scheduler.ScheduledJobInfo,141,11,2,20,1,1.0,7,65.43906222497851
exist-core/src/main/java/org/exist/scheduler/UserJavaJob.java,org.exist.scheduler.UserJavaJob,46,2,0,3,1,0.0,6,57.35840724479515
exist-core/src/main/java/org/exist/scheduler/JobException.java,org.exist.scheduler.JobException,57,2,2,6,1,1.0,3,54.09538758929509
exist-core/src/main/java/org/exist/scheduler/impl/SystemTaskJobImpl.java,org.exist.scheduler.impl.SystemTaskJobImpl,87,7,3,10,4,0.19047619047619047,7,64.53970594501384
exist-core/src/main/java/org/exist/scheduler/impl/ShutdownTask.java,org.exist.scheduler.impl.ShutdownTask,43,4,0,4,4,0.0,5,68.3989767709043
exist-core/src/main/java/org/exist/scheduler/impl/QuartzSchedulerImpl.java,org.exist.scheduler.impl.QuartzSchedulerImpl,621,25,6,68,1,0.3333333333333333,45,52.7390450120647
exist-core/src/main/java/org/exist/scheduler/JobDescription.java,org.exist.scheduler.JobDescription,38,3,7,3,3,0.0,0,75.81206040283973
exist-core/src/main/java/org/exist/scheduler/UserXQueryJob.java,org.exist.scheduler.UserXQueryJob,208,11,5,33,1,0.2545454545454545,29,55.5929525997234
exist-core/src/main/java/org/exist/launcher/ServiceManager.java,org.exist.launcher.ServiceManager,71,7,0,7,7,0.0,0,77.91715228457706
exist-core/src/main/java/org/exist/launcher/ConfigurationDialog.java,org.exist.launcher.ConfigurationDialog,631,15,34,47,2,0.24761904761904763,52,42.62806194274362
exist-core/src/main/java/org/exist/launcher/ServiceManagerFactory.java,org.exist.launcher.ServiceManagerFactory,19,1,1,2,1,1.0,2,62.373877379378264
exist-core/src/main/java/org/exist/launcher/ServiceManagerException.java,org.exist.launcher.ServiceManagerException,14,3,0,3,3,0.0,1,79.90714964624965
exist-core/src/main/java/org/exist/launcher/SplashScreen.java,org.exist.launcher.SplashScreen,111,4,3,13,2,0.3333333333333333,24,48.828436511456
exist-core/src/main/java/org/exist/launcher/UtilityPanel.java,org.exist.launcher.UtilityPanel,156,5,4,17,1,0.4,34,47.230341413746835
exist-core/src/main/java/org/exist/launcher/LauncherWrapper.java,org.exist.launcher.LauncherWrapper,184,9,4,40,1,0.19444444444444445,31,53.28034353975735
exist-core/src/main/java/org/exist/launcher/Launcher.java,org.exist.launcher.Launcher,821,37,21,137,6,0.22672672672672672,76,52.48529821511216
exist-core/src/main/java/org/exist/launcher/ConfigurationUtility.java,org.exist.launcher.ConfigurationUtility,160,12,5,32,4,0.045454545454545456,31,59.063132826992685
exist-core/src/main/java/org/exist/launcher/WindowsServiceManager.java,org.exist.launcher.WindowsServiceManager,400,14,7,63,3,0.34065934065934067,31,48.809607064095324
exist-core/src/main/java/org/exist/TestUtils.java,org.exist.TestUtils,153,6,4,15,4,0.0,21,52.69454071724961
exist-core/src/main/java/org/exist/webstart/JnlpWriter.java,org.exist.webstart.JnlpWriter,266,4,7,19,1,0.5,22,38.29123704677078
exist-core/src/main/java/org/exist/webstart/JnlpJarFiles.java,org.exist.webstart.JnlpJarFiles,150,7,5,14,1,0.23809523809523808,14,56.06080280677438
exist-core/src/main/java/org/exist/webstart/LatestFileResolver.java,org.exist.webstart.LatestFileResolver,71,1,2,4,1,1.0,9,38.43660016121616
exist-core/src/main/java/org/exist/webstart/JnlpServlet.java,org.exist.webstart.JnlpServlet,99,4,3,13,1,0.5,15,51.31198027431569
exist-core/src/main/java/org/exist/validation/ValidationContentHandler.java,org.exist.validation.ValidationContentHandler,35,2,2,3,1,1.0,1,65.95851253645421
exist-core/src/main/java/org/exist/validation/resolver/unstable/ExistResolver.java,org.exist.validation.resolver.unstable.ExistResolver,122,7,4,17,1,0.9047619047619048,10,57.51329370153529
exist-core/src/main/java/org/exist/validation/resolver/unstable/eXistLSInput.java,org.exist.validation.resolver.unstable.eXistLSInput,82,16,8,16,8,0.06666666666666667,0,80.04211440503522
exist-core/src/main/java/org/exist/validation/resolver/unstable/eXistLSResourceResolver.java,org.exist.validation.resolver.unstable.eXistLSResourceResolver,54,2,2,6,1,0.0,10,52.3244062565878
exist-core/src/main/java/org/exist/validation/resolver/SearchResourceResolver.java,org.exist.validation.resolver.SearchResourceResolver,171,5,4,30,1,0.3,31,46.33433841637473
exist-core/src/main/java/org/exist/validation/resolver/AnyUriResolver.java,org.exist.validation.resolver.AnyUriResolver,107,4,5,16,1,0.16666666666666666,10,50.76824898001039
exist-core/src/main/java/org/exist/validation/XmlLibraryChecker.java,org.exist.validation.XmlLibraryChecker,326,9,4,21,1,0.1388888888888889,14,49.12214802370823
exist-core/src/main/java/org/exist/validation/ValidationReport.java,org.exist.validation.ValidationReport,192,20,6,28,2,0.13157894736842105,15,66.64346108345572
exist-core/src/main/java/org/exist/validation/GrammarPool.java,org.exist.validation.GrammarPool,130,9,8,19,1,0.5555555555555556,14,61.38162045515601
exist-core/src/main/java/org/exist/validation/Validator.java,org.exist.validation.Validator,253,7,5,30,1,0.19047619047619047,29,47.61885639587541
exist-core/src/main/java/org/exist/validation/internal/DatabaseResources.java,org.exist.validation.internal.DatabaseResources,186,7,9,23,1,0.8095238095238095,13,51.881108609226715
exist-core/src/main/java/org/exist/validation/internal/node/NodeInputStream.java,org.exist.validation.internal.node.NodeInputStream,58,8,2,8,1,1.0,6,71.45426953654031
exist-core/src/main/java/org/exist/validation/internal/node/NodeSerializerRunnable.java,org.exist.validation.internal.node.NodeSerializerRunnable,57,2,4,4,1,1.0,6,53.097634000170025
exist-core/src/main/java/org/exist/validation/internal/node/NodeSerializer.java,org.exist.validation.internal.node.NodeSerializer,49,1,1,2,1,1.0,10,43.828099311679075
exist-core/src/main/java/org/exist/validation/ValidationReportItem.java,org.exist.validation.ValidationReportItem,92,16,10,19,4,0.125,0,76.10259869726326
exist-core/src/main/java/org/exist/SystemProperties.java,org.exist.SystemProperties,39,5,3,7,4,0.1,5,69.4314639373056
exist-core/src/main/java/org/exist/collections/ManagedLocks.java,org.exist.collections.ManagedLocks,88,5,2,9,2,0.3,5,61.149984253321186
exist-core/src/main/java/org/exist/collections/CollectionCache.java,org.exist.collections.CollectionCache,326,10,7,11,1,0.4222222222222222,13,54.49723304333634
exist-core/src/main/java/org/exist/collections/Collection.java,org.exist.collections.Collection,1220,73,2,73,59,0.0,3,73.18621258211793
exist-core/src/main/java/org/exist/collections/LockedCollection.java,org.exist.collections.LockedCollection,433,76,2,77,1,1.0,5,74.5861048151707
exist-core/src/main/java/org/exist/collections/MutableCollection.java,org.exist.collections.MutableCollection,1944,102,12,290,8,0.19899048728402252,88,55.24383108858793
exist-core/src/main/java/org/exist/collections/IndexInfo.java,org.exist.collections.IndexInfo,93,14,7,18,3,0.21978021978021978,4,72.50248189292948
exist-core/src/main/java/org/exist/collections/CollectionConfigurationException.java,org.exist.collections.CollectionConfigurationException,39,4,1,4,4,0.0,1,73.47265463450431
exist-core/src/main/java/org/exist/collections/triggers/TriggersVisitor.java,org.exist.collections.triggers.TriggersVisitor,10,1,0,1,1,1.0,0,78.05153303713244
exist-core/src/main/java/org/exist/collections/triggers/HistoryTrigger.java,org.exist.collections.triggers.HistoryTrigger,148,14,3,18,10,0.01098901098901099,12,66.25993251522192
exist-core/src/main/java/org/exist/collections/triggers/DocumentTriggerProxy.java,org.exist.collections.triggers.DocumentTriggerProxy,15,2,0,2,2,0.0,1,75.14279581375823
exist-core/src/main/java/org/exist/collections/triggers/TriggerProxies.java,org.exist.collections.triggers.TriggerProxies,11,2,0,2,2,0.0,0,83.71525199165937
exist-core/src/main/java/org/exist/collections/triggers/CollectionTriggersVisitor.java,org.exist.collections.triggers.CollectionTriggersVisitor,11,1,0,1,1,1.0,1,72.40724958418757
exist-core/src/main/java/org/exist/collections/triggers/STXTransformerTrigger.java,org.exist.collections.triggers.STXTransformerTrigger,138,14,3,22,9,0.0,16,65.79314196636707
exist-core/src/main/java/org/exist/collections/triggers/DeferrableFilteringTrigger.java,org.exist.collections.triggers.DeferrableFilteringTrigger,317,39,2,78,1,0.2807017543859649,20,68.08559655251793
exist-core/src/main/java/org/exist/collections/triggers/AbstractTriggersVisitor.java,org.exist.collections.triggers.AbstractTriggersVisitor,21,3,1,3,2,0.3333333333333333,0,78.32140601489651
exist-core/src/main/java/org/exist/collections/triggers/TriggerException.java,org.exist.collections.triggers.TriggerException,36,4,1,4,4,0.0,1,74.23095397035887
exist-core/src/main/java/org/exist/collections/triggers/TriggerProxy.java,org.exist.collections.triggers.TriggerProxy,13,3,0,3,3,0.0,0,85.97388274008566
exist-core/src/main/java/org/exist/collections/triggers/XQueryStartupTrigger.java,org.exist.collections.triggers.XQueryStartupTrigger,277,7,5,30,1,0.5238095238095238,26,46.79028655496401
exist-core/src/main/java/org/exist/collections/triggers/CSVExtractingTrigger.java,org.exist.collections.triggers.CSVExtractingTrigger,424,18,5,43,13,0.058823529411764705,16,55.2257593050912
exist-core/src/main/java/org/exist/collections/triggers/DocumentTriggers.java,org.exist.collections.triggers.DocumentTriggers,328,42,6,74,3,0.281068524970964,17,69.24608085467472
exist-core/src/main/java/org/exist/collections/triggers/SAXTrigger.java,org.exist.collections.triggers.SAXTrigger,184,28,5,50,3,0.36243386243386244,3,73.0890196289166
exist-core/src/main/java/org/exist/collections/triggers/DocumentTriggersVisitor.java,org.exist.collections.triggers.DocumentTriggersVisitor,11,1,0,1,1,1.0,1,72.40724958418757
exist-core/src/main/java/org/exist/collections/triggers/DocumentTrigger.java,org.exist.collections.triggers.DocumentTrigger,100,14,0,14,14,0.0,0,81.2391647524913
exist-core/src/main/java/org/exist/collections/triggers/CollectionTriggerProxy.java,org.exist.collections.triggers.CollectionTriggerProxy,15,2,0,2,2,0.0,1,75.14279581375823
exist-core/src/main/java/org/exist/collections/triggers/XQueryTrigger.java,org.exist.collections.triggers.XQueryTrigger,638,29,31,128,3,0.5246305418719212,39,52.98438052015667
exist-core/src/main/java/org/exist/collections/triggers/TriggerStatePerThread.java,org.exist.collections.triggers.TriggerStatePerThread,283,4,1,19,1,1.0,9,41.94910055152295
exist-core/src/main/java/org/exist/collections/triggers/AbstractTriggerProxy.java,org.exist.collections.triggers.AbstractTriggerProxy,46,6,2,7,1,0.4,4,69.9993995296565
exist-core/src/main/java/org/exist/collections/triggers/CollectionTriggers.java,org.exist.collections.triggers.CollectionTriggers,125,13,1,30,2,0.5769230769230769,12,65.53736142363395
exist-core/src/main/java/org/exist/collections/triggers/STXTemplatesCache.java,org.exist.collections.triggers.STXTemplatesCache,100,4,4,7,2,0.3333333333333333,15,53.64056095378934
exist-core/src/main/java/org/exist/collections/triggers/TriggerPhase.java,org.exist.collections.triggers.TriggerPhase,14,1,0,3,1,1.0,1,64.40492527984871
exist-core/src/main/java/org/exist/collections/triggers/TriggerEvent.java,org.exist.collections.triggers.TriggerEvent,75,4,1,12,1,0.16666666666666666,6,56.940482097531344
exist-core/src/main/java/org/exist/collections/triggers/Trigger.java,org.exist.collections.triggers.Trigger,101,1,12,1,1,1.0,0,56.14330270594831
exist-core/src/main/java/org/exist/collections/triggers/CollectionTrigger.java,org.exist.collections.triggers.CollectionTrigger,38,8,0,8,8,0.0,0,85.10412701031925
exist-core/src/main/java/org/exist/collections/triggers/Dumper.java,org.exist.collections.triggers.Dumper,92,14,0,18,9,0.0,11,70.34917261403261
exist-core/src/main/java/org/exist/collections/CollectionConfiguration.java,org.exist.collections.CollectionConfiguration,248,14,24,46,3,0.18681318681318682,26,56.32634601132024
exist-core/src/main/java/org/exist/collections/CollectionConfigurationManager.java,org.exist.collections.CollectionConfigurationManager,388,14,8,50,2,0.4065934065934066,34,50.93728804002025
exist-core/src/main/java/org/exist/collections/CollectionURI.java,org.exist.collections.CollectionURI,102,7,4,16,1,0.7142857142857143,2,59.976564691506496
exist-core/src/main/java/org/exist/collections/CollectionMetadata.java,org.exist.collections.CollectionMetadata,23,2,1,2,1,1.0,1,70.73714796232916
exist-core/src/main/java/org/exist/Database.java,org.exist.Database,141,31,0,31,31,0.0,0,85.51501899914214
exist-core/src/test/java/org/exist/client/InteractiveClientTest.java,org.exist.client.InteractiveClientTest,289,22,10,24,2,0.8441558441558441,37,58.67677936015388
exist-core/src/test/java/org/exist/client/security/BasicPermissionsTableModelTest.java,org.exist.client.security.BasicPermissionsTableModelTest,40,1,0,2,1,1.0,4,47.47987760014078
exist-core/src/test/java/org/exist/xmlrpc/QueryResultCacheTest.java,org.exist.xmlrpc.QueryResultCacheTest,81,7,2,7,1,1.0,8,62.12445156179393
exist-core/src/test/java/org/exist/xmlrpc/QuerySessionTest.java,org.exist.xmlrpc.QuerySessionTest,138,5,7,8,2,0.0,21,51.73426282435572
exist-core/src/test/java/org/exist/xmlrpc/CachedContentFileTest.java,org.exist.xmlrpc.CachedContentFileTest,41,4,4,4,1,1.0,7,65.82858150979385
exist-core/src/test/java/org/exist/xmlrpc/XmlRpcTest.java,org.exist.xmlrpc.XmlRpcTest,945,53,10,63,1,0.18577648766328012,48,54.653972713884436
exist-core/src/test/java/org/exist/xmlrpc/MoveResourceTest.java,org.exist.xmlrpc.MoveResourceTest,197,6,5,9,4,0.06666666666666667,24,51.34648910067232
exist-core/src/test/java/org/exist/xmlrpc/MimeTypeTest.java,org.exist.xmlrpc.MimeTypeTest,60,4,4,4,1,0.5,14,58.00139099028197
exist-core/src/test/java/org/exist/management/JmxRemoteTest.java,org.exist.management.JmxRemoteTest,82,5,1,6,2,0.0,21,56.16365675967229
exist-core/src/test/java/org/exist/util/XMLReaderExpansionTest.java,org.exist.util.XMLReaderExpansionTest,63,2,2,2,1,1.0,25,48.158870080649805
exist-core/src/test/java/org/exist/util/TimestampedReferenceTest.java,org.exist.util.TimestampedReferenceTest,66,6,0,6,6,0.0,3,62.89486880262602
exist-core/src/test/java/org/exist/util/XMLReaderPoolTest.java,org.exist.util.XMLReaderPoolTest,944,25,0,30,24,0.0,26,45.34528846155716
exist-core/src/test/java/org/exist/util/TestJavaCollator.java,org.exist.util.TestJavaCollator,89,16,1,16,1,1.0,1,76.72541228166168
exist-core/src/test/java/org/exist/util/MimeTableTest.java,org.exist.util.MimeTableTest,126,3,0,3,3,0.0,7,44.336591108440146
exist-core/src/test/java/org/exist/util/ConfigurationTest.java,org.exist.util.ConfigurationTest,78,11,0,13,4,0.0,13,67.08072813984391
exist-core/src/test/java/org/exist/util/XMLReaderSecurityTest.java,org.exist.util.XMLReaderSecurityTest,73,2,4,2,1,1.0,20,47.41134417780177
exist-core/src/test/java/org/exist/util/CodePointStringTest.java,org.exist.util.CodePointStringTest,517,14,2,20,9,0.16483516483516483,4,45.172481638189865
exist-core/src/test/java/org/exist/util/DOMSerializerTest.java,org.exist.util.DOMSerializerTest,24,1,0,1,1,1.0,8,52.82106277477305
exist-core/src/test/java/org/exist/util/AbstractXMLReaderSecurityTest.java,org.exist.util.AbstractXMLReaderSecurityTest,102,7,7,10,3,0.047619047619047616,18,59.63436291562877
exist-core/src/test/java/org/exist/util/io/FilterInputStreamCacheMonitorTest.java,org.exist.util.io.FilterInputStreamCacheMonitorTest,137,5,3,12,1,1.0,18,49.90181312301457
exist-core/src/test/java/org/exist/util/io/CachingFilterInputStreamTest.java,org.exist.util.io.CachingFilterInputStreamTest,830,34,2,38,2,0.0,16,52.44311354934436
exist-core/src/test/java/org/exist/util/io/ContentFilePoolTest.java,org.exist.util.io.ContentFilePoolTest,53,6,4,6,1,0.8,9,67.08123216238259
exist-core/src/test/java/org/exist/util/io/MemoryContentsInputStreamTest.java,org.exist.util.io.MemoryContentsInputStreamTest,94,8,2,12,3,0.35714285714285715,8,60.45220470123534
exist-core/src/test/java/org/exist/util/io/VirtualTempPathTest.java,org.exist.util.io.VirtualTempPathTest,110,12,2,13,1,0.6818181818181818,9,65.76133127598051
exist-core/src/test/java/org/exist/util/io/MemoryContentsOutputStreamTest.java,org.exist.util.io.MemoryContentsOutputStreamTest,38,3,2,3,1,1.0,4,61.70466530822382
exist-core/src/test/java/org/exist/util/io/MemoryContentsImplTest.java,org.exist.util.io.MemoryContentsImplTest,72,7,2,7,1,1.0,6,63.620970801374135
exist-core/src/test/java/org/exist/util/io/ByteBufferInputStreamTest.java,org.exist.util.io.ByteBufferInputStreamTest,266,17,0,24,12,0.0,11,58.46092648745124
exist-core/src/test/java/org/exist/util/io/CachingFilterInputStreamNonMarkableByteArrayInputStreamTest.java,org.exist.util.io.CachingFilterInputStreamNonMarkableByteArrayInputStreamTest,862,38,6,41,2,0.012802275960170697,18,53.46945663705542
exist-core/src/test/java/org/exist/util/io/OverflowToDiskStreamTest.java,org.exist.util.io.OverflowToDiskStreamTest,106,5,3,5,1,1.0,6,53.87125610477389
exist-core/src/test/java/org/exist/util/io/ByteArrayContentTest.java,org.exist.util.io.ByteArrayContentTest,43,6,1,6,2,0.6666666666666666,4,70.74218167106271
exist-core/src/test/java/org/exist/util/CollectionOfArrayIteratorTest.java,org.exist.util.CollectionOfArrayIteratorTest,455,16,0,31,16,0.0,5,49.39890644698014
exist-core/src/test/java/org/exist/util/serializer/SerializerPoolTest.java,org.exist.util.serializer.SerializerPoolTest,76,1,0,1,1,1.0,5,37.11234663294052
exist-core/src/test/java/org/exist/util/serializer/HTML5WriterTest.java,org.exist.util.serializer.HTML5WriterTest,62,5,2,5,1,1.0,5,61.28528524207877
exist-core/src/test/java/org/exist/util/serializer/EXISerializerTest.java,org.exist.util.serializer.EXISerializerTest,83,8,3,8,1,1.0,12,63.0905938017851
exist-core/src/test/java/org/exist/util/serializer/json/JSONObjectTest.java,org.exist.util.serializer.json.JSONObjectTest,294,16,0,16,16,0.0,7,55.40520537311116
exist-core/src/test/java/org/exist/util/serializer/json/JSONWriterTest.java,org.exist.util.serializer.json.JSONWriterTest,132,5,3,5,1,0.6,14,50.91932832581497
exist-core/src/test/java/org/exist/util/LeasableTest.java,org.exist.util.LeasableTest,30,1,0,1,1,1.0,6,49.6869234401212
exist-core/src/test/java/org/exist/util/WeakLazyStripesTest.java,org.exist.util.WeakLazyStripesTest,19,1,0,3,1,1.0,5,55.512890304920845
exist-core/src/test/java/org/exist/util/sorters/SortMethodChecker.java,org.exist.util.sorters.SortMethodChecker,57,10,2,10,5,0.022222222222222223,8,75.12001961210859
exist-core/src/test/java/org/exist/util/sorters/LongArrayAndObjectChecker.java,org.exist.util.sorters.LongArrayAndObjectChecker,68,6,2,8,2,0.6666666666666666,4,64.68596421125707
exist-core/src/test/java/org/exist/util/sorters/HeapSortTester.java,org.exist.util.sorters.HeapSortTester,73,9,0,9,9,0.0,1,71.43408123506215
exist-core/src/test/java/org/exist/util/sorters/SortTestNodeId.java,org.exist.util.sorters.SortTestNodeId,122,25,1,26,22,0.01,2,80.37223500100615
exist-core/src/test/java/org/exist/util/sorters/ComparatorChecker.java,org.exist.util.sorters.ComparatorChecker,37,5,0,5,3,0.0,1,73.73899868196439
exist-core/src/test/java/org/exist/util/sorters/FastQSortTester.java,org.exist.util.sorters.FastQSortTester,73,9,0,9,9,0.0,1,71.43408123506215
exist-core/src/test/java/org/exist/util/sorters/SortingAlgorithmTester.java,org.exist.util.sorters.SortingAlgorithmTester,50,10,0,10,10,0.0,3,82.40874565982865
exist-core/src/test/java/org/exist/util/sorters/NodeProxyByIdChecker.java,org.exist.util.sorters.NodeProxyByIdChecker,57,5,0,7,5,0.0,6,64.8220723949744
exist-core/src/test/java/org/exist/util/sorters/SortComparatorTest.java,org.exist.util.sorters.SortComparatorTest,174,10,3,39,2,0.7111111111111111,10,56.08825998712419
exist-core/src/test/java/org/exist/util/sorters/ListChecker.java,org.exist.util.sorters.ListChecker,62,6,1,8,2,0.6666666666666666,6,66.73055834904356
exist-core/src/test/java/org/exist/util/sorters/HSortTester.java,org.exist.util.sorters.HSortTester,65,9,0,9,9,0.0,1,72.53371233114086
exist-core/src/test/java/org/exist/util/sorters/SortTest.java,org.exist.util.sorters.SortTest,183,13,3,38,2,0.3974358974358974,7,59.59656205389996
exist-core/src/test/java/org/exist/util/sorters/InsertionSortTester.java,org.exist.util.sorters.InsertionSortTester,71,9,0,9,9,0.0,1,71.69725605291866
exist-core/src/test/java/org/exist/util/sorters/NodeProxyChecker.java,org.exist.util.sorters.NodeProxyChecker,59,6,1,8,2,0.6666666666666666,5,67.06809531094268
exist-core/src/test/java/org/exist/util/sorters/SortTestNodeProxy.java,org.exist.util.sorters.SortTestNodeProxy,38,3,1,5,2,0.3333333333333333,3,64.74159968821365
exist-core/src/test/java/org/exist/util/sorters/PlainArrayChecker.java,org.exist.util.sorters.PlainArrayChecker,110,9,1,18,2,0.5833333333333334,6,63.16417382993767
exist-core/src/test/java/org/exist/util/sorters/ObjectAndIntArrayChecker.java,org.exist.util.sorters.ObjectAndIntArrayChecker,70,6,2,8,2,0.6666666666666666,4,64.26498858676395
exist-core/src/test/java/org/exist/util/CollationsTest.java,org.exist.util.CollationsTest,24,2,0,2,2,0.0,4,61.51721039823552
exist-core/src/test/java/org/exist/util/hashtable/NamePoolTest.java,org.exist.util.hashtable.NamePoolTest,47,4,0,4,4,0.0,4,61.21927619475436
exist-core/src/test/java/org/exist/util/hashtable/SequencedLongHashMapTest.java,org.exist.util.hashtable.SequencedLongHashMapTest,167,9,0,27,9,0.0,6,54.69892891951369
exist-core/src/test/java/org/exist/util/XMLStringTest.java,org.exist.util.XMLStringTest,89,5,0,8,5,0.0,3,56.575839430905035
exist-core/src/test/java/org/exist/util/pool/NodePoolTest.java,org.exist.util.pool.NodePoolTest,20,1,0,3,1,1.0,3,54.898709023341546
exist-core/src/test/java/org/exist/backup/RestoreAppsTest.java,org.exist.backup.RestoreAppsTest,290,10,4,12,1,0.6444444444444445,28,51.214534481784526
exist-core/src/test/java/org/exist/backup/XMLDBBackupTest.java,org.exist.backup.XMLDBBackupTest,154,7,13,7,1,0.09523809523809523,27,53.58169052617738
exist-core/src/test/java/org/exist/backup/SystemExportFiltersTest.java,org.exist.backup.SystemExportFiltersTest,155,6,15,6,1,0.06666666666666667,29,51.02776101265953
exist-core/src/test/java/org/exist/backup/XMLDBRestoreTest.java,org.exist.backup.XMLDBRestoreTest,610,29,7,41,2,0.1206896551724138,37,52.94788640694618
exist-core/src/test/java/org/exist/backup/SystemExportImportTest.java,org.exist.backup.SystemExportImportTest,171,6,17,7,2,0.2,24,49.99730947845499
exist-core/src/test/java/org/exist/backup/DeepEmbeddedBackupRestoreTest.java,org.exist.backup.DeepEmbeddedBackupRestoreTest,146,3,6,8,2,0.3333333333333333,27,42.260974673617234
exist-core/src/test/java/org/exist/backup/FilterForBackup.java,org.exist.backup.FilterForBackup,15,1,0,2,1,1.0,3,62.27645979527311
exist-core/src/test/java/org/exist/xquery/value/DateTimeStampTest.java,org.exist.xquery.value.DateTimeStampTest,29,4,0,4,4,0.0,7,69.09810935775823
exist-core/src/test/java/org/exist/xquery/value/HashCodeContractTest.java,org.exist.xquery.value.HashCodeContractTest,129,14,0,16,14,0.0,13,64.8876626275644
exist-core/src/test/java/org/exist/xquery/value/MapTest.java,org.exist.xquery.value.MapTest,21,1,1,3,1,1.0,7,55.22363895011891
exist-core/src/test/java/org/exist/xquery/value/OrderedValueSequenceTest.java,org.exist.xquery.value.OrderedValueSequenceTest,80,4,0,10,1,0.0,12,54.56139337231088
exist-core/src/test/java/org/exist/xquery/value/PreorderedValueSequenceTest.java,org.exist.xquery.value.PreorderedValueSequenceTest,84,4,0,10,1,0.0,10,53.53988739038689
exist-core/src/test/java/org/exist/xquery/value/DoubleValueTest.java,org.exist.xquery.value.DoubleValueTest,72,7,0,7,7,0.0,6,65.15204641064227
exist-core/src/test/java/org/exist/xquery/value/AbstractTimeRelatedTestCase.java,org.exist.xquery.value.AbstractTimeRelatedTestCase,56,7,0,14,7,0.0,7,66.5883738410526
exist-core/src/test/java/org/exist/xquery/value/DurationTest.java,org.exist.xquery.value.DurationTest,215,26,0,27,26,0.0,8,66.2706166931561
exist-core/src/test/java/org/exist/xquery/value/ShortTest.java,org.exist.xquery.value.ShortTest,27,4,0,4,4,0.0,3,74.31921936461353
exist-core/src/test/java/org/exist/xquery/value/BifurcanMapTest.java,org.exist.xquery.value.BifurcanMapTest,150,6,0,8,3,0.0,7,53.77753526922975
exist-core/src/test/java/org/exist/xquery/value/Base64BinaryTest.java,org.exist.xquery.value.Base64BinaryTest,24,1,1,1,1,1.0,7,53.989630642428224
exist-core/src/test/java/org/exist/xquery/value/UnsignedLongTest.java,org.exist.xquery.value.UnsignedLongTest,27,4,0,4,4,0.0,3,74.31921936461353
exist-core/src/test/java/org/exist/xquery/value/AnyURITest.java,org.exist.xquery.value.AnyURITest,41,4,0,4,4,0.0,5,64.04440375773572
exist-core/src/test/java/org/exist/xquery/value/EmptySequenceTest.java,org.exist.xquery.value.EmptySequenceTest,65,3,0,8,3,0.0,4,54.30680927056811
exist-core/src/test/java/org/exist/xquery/value/UnsignedShortTest.java,org.exist.xquery.value.UnsignedShortTest,27,4,0,4,4,0.0,3,74.31921936461353
exist-core/src/test/java/org/exist/xquery/value/Base64BinaryValueTypeTest.java,org.exist.xquery.value.Base64BinaryValueTypeTest,68,6,0,6,6,0.0,12,64.054203940963
exist-core/src/test/java/org/exist/xquery/value/NumericOpPromotionTest.java,org.exist.xquery.value.NumericOpPromotionTest,50,6,5,6,2,0.4,8,69.44328867249044
exist-core/src/test/java/org/exist/xquery/value/MockBinaryValueManager.java,org.exist.xquery.value.MockBinaryValueManager,45,3,1,10,2,0.3333333333333333,7,60.81464444388419
exist-core/src/test/java/org/exist/xquery/value/LongTest.java,org.exist.xquery.value.LongTest,27,4,0,4,4,0.0,3,74.31921936461353
exist-core/src/test/java/org/exist/xquery/value/DateTimeTest.java,org.exist.xquery.value.DateTimeTest,396,52,0,52,52,0.0,16,67.05635615310985
exist-core/src/test/java/org/exist/xquery/value/ByteTest.java,org.exist.xquery.value.ByteTest,27,4,0,4,4,0.0,3,74.31921936461353
exist-core/src/test/java/org/exist/xquery/value/DateTest.java,org.exist.xquery.value.DateTest,342,46,0,46,46,0.0,15,67.30998821726764
exist-core/src/test/java/org/exist/xquery/value/BinaryValueTypeTest.java,org.exist.xquery.value.BinaryValueTypeTest,42,2,0,2,2,0.0,5,56.83501055266504
exist-core/src/test/java/org/exist/xquery/value/SubSequenceTest.java,org.exist.xquery.value.SubSequenceTest,91,9,7,12,2,0.027777777777777776,6,65.22838677006818
exist-core/src/test/java/org/exist/xquery/value/HexBinaryValueTypeTest.java,org.exist.xquery.value.HexBinaryValueTypeTest,53,5,0,5,5,0.0,4,67.09593117745814
exist-core/src/test/java/org/exist/xquery/value/UnsignedByteTest.java,org.exist.xquery.value.UnsignedByteTest,27,4,0,4,4,0.0,3,74.31921936461353
exist-core/src/test/java/org/exist/xquery/value/YearMonthDurationTest.java,org.exist.xquery.value.YearMonthDurationTest,174,22,0,22,22,0.0,10,66.34010628925219
exist-core/src/test/java/org/exist/xquery/value/SingleItemIteratorTest.java,org.exist.xquery.value.SingleItemIteratorTest,69,4,0,9,1,0.0,5,57.40593682570678
exist-core/src/test/java/org/exist/xquery/value/IntTest.java,org.exist.xquery.value.IntTest,27,4,0,4,4,0.0,3,74.31921936461353
exist-core/src/test/java/org/exist/xquery/value/DayTimeDurationTest.java,org.exist.xquery.value.DayTimeDurationTest,195,25,0,25,25,0.0,10,66.46462412123734
exist-core/src/test/java/org/exist/xquery/value/BinaryValueFromInputStreamTest.java,org.exist.xquery.value.BinaryValueFromInputStreamTest,470,10,0,10,8,0.0,15,44.33339070311777
exist-core/src/test/java/org/exist/xquery/value/TimeTest.java,org.exist.xquery.value.TimeTest,330,44,0,44,44,0.0,12,67.39964439058922
exist-core/src/test/java/org/exist/xquery/value/SubSequenceRangeTest.java,org.exist.xquery.value.SubSequenceRangeTest,158,10,7,20,2,0.6222222222222222,8,58.77735444913508
exist-core/src/test/java/org/exist/xquery/value/AbstractDateTimeValueTest.java,org.exist.xquery.value.AbstractDateTimeValueTest,32,3,1,3,1,1.0,9,61.872190439054606
exist-core/src/test/java/org/exist/xquery/value/UnsignedIntTest.java,org.exist.xquery.value.UnsignedIntTest,27,4,0,4,4,0.0,3,74.31921936461353
exist-core/src/test/java/org/exist/xquery/value/BinaryValueFromBinaryStringTest.java,org.exist.xquery.value.BinaryValueFromBinaryStringTest,78,5,0,5,5,0.0,10,58.026223495867534
exist-core/src/test/java/org/exist/xquery/value/ValueSequenceTest.java,org.exist.xquery.value.ValueSequenceTest,116,5,1,11,2,0.0,22,52.43290025423091
exist-core/src/test/java/org/exist/xquery/value/BinaryValueTest.java,org.exist.xquery.value.BinaryValueTest,78,3,0,3,3,0.0,11,51.16151709141608
exist-core/src/test/java/org/exist/xquery/ReservedNamesConflictTest.java,org.exist.xquery.ReservedNamesConflictTest,48,1,0,3,1,1.0,13,42.76358102443127
exist-core/src/test/java/org/exist/xquery/XQueryWatchDogTest.java,org.exist.xquery.XQueryWatchDogTest,74,10,0,10,1,0.0,13,68.69686119696549
exist-core/src/test/java/org/exist/xquery/util/URIUtilsTest.java,org.exist.xquery.util.URIUtilsTest,158,5,0,5,5,0.0,2,50.00966942795522
exist-core/src/test/java/org/exist/xquery/CastExpressionTest.java,org.exist.xquery.CastExpressionTest,237,8,3,9,1,0.21428571428571427,19,48.525820690206906
exist-core/src/test/java/org/exist/xquery/UnionStepDistributionOptimizerTest.java,org.exist.xquery.UnionStepDistributionOptimizerTest,448,28,6,41,2,0.05555555555555555,25,59.14274238635609
exist-core/src/test/java/org/exist/xquery/DuplicateAttributesTest.java,org.exist.xquery.DuplicateAttributesTest,125,6,6,7,1,0.7333333333333333,12,56.28650067236456
exist-core/src/test/java/org/exist/xquery/EmbeddedBinariesTest.java,org.exist.xquery.EmbeddedBinariesTest,119,9,1,13,7,0.08333333333333333,27,60.12609185806002
exist-core/src/test/java/org/exist/xquery/XQueryTest.java,org.exist.xquery.XQueryTest,3126,105,37,149,3,0.02271062271062271,53,49.003821650779905
exist-core/src/test/java/org/exist/xquery/OrderByCountClauseTest.java,org.exist.xquery.OrderByCountClauseTest,307,13,1,13,1,1.0,5,54.070162840395874
exist-core/src/test/java/org/exist/xquery/NamespaceUpdateTest.java,org.exist.xquery.NamespaceUpdateTest,61,3,3,3,1,1.0,10,56.38173861577194
exist-core/src/test/java/org/exist/xquery/UnknownAtomicTypeTest.java,org.exist.xquery.UnknownAtomicTypeTest,57,7,0,7,7,0.0,3,67.58766310667524
exist-core/src/test/java/org/exist/xquery/TestModule.java,org.exist.xquery.TestModule,71,5,2,5,5,0.0,1,71.19245377916583
exist-core/src/test/java/org/exist/xquery/StoredModuleTest.java,org.exist.xquery.StoredModuleTest,362,11,8,13,1,0.6545454545454545,20,48.703666494433946
exist-core/src/test/java/org/exist/xquery/update/AbstractTestUpdate.java,org.exist.xquery.update.AbstractTestUpdate,89,5,3,6,2,0.3,12,58.521820966830425
exist-core/src/test/java/org/exist/xquery/update/IndexIntegrationTest.java,org.exist.xquery.update.IndexIntegrationTest,276,6,0,6,1,0.0,21,44.58326268114866
exist-core/src/test/java/org/exist/xquery/update/UpdateValueTest.java,org.exist.xquery.update.UpdateValueTest,32,2,0,2,2,0.0,1,59.250215537415826
exist-core/src/test/java/org/exist/xquery/update/UpdateInsertTest.java,org.exist.xquery.update.UpdateInsertTest,78,3,1,3,3,0.0,2,51.241840018629695
exist-core/src/test/java/org/exist/xquery/update/UpdateInsertTriggersDefragTest.java,org.exist.xquery.update.UpdateInsertTriggersDefragTest,49,3,1,3,1,0.3333333333333333,15,56.721273501841836
exist-core/src/test/java/org/exist/xquery/update/UpdateReplaceTest.java,org.exist.xquery.update.UpdateReplaceTest,139,4,0,4,4,0.0,11,46.55649309202878
exist-core/src/test/java/org/exist/xquery/WindowClauseTest.java,org.exist.xquery.WindowClauseTest,449,12,0,36,12,0.0,17,44.78136683085963
exist-core/src/test/java/org/exist/xquery/SpecialNamesTest.java,org.exist.xquery.SpecialNamesTest,106,8,3,10,2,0.21428571428571427,9,62.548785958837385
exist-core/src/test/java/org/exist/xquery/RestBinariesTest.java,org.exist.xquery.RestBinariesTest,158,14,2,20,7,0.07692307692307693,28,62.2433557120676
exist-core/src/test/java/org/exist/xquery/XQueryDeclareContextItemTest.java,org.exist.xquery.XQueryDeclareContextItemTest,214,11,2,12,1,0.8181818181818182,24,55.061175033930766
exist-core/src/test/java/org/exist/xquery/CompAttrConstructorErrorCodeTest.java,org.exist.xquery.CompAttrConstructorErrorCodeTest,87,7,1,14,1,0.0,15,60.94527770562309
exist-core/src/test/java/org/exist/xquery/AbstractBinariesTest.java,org.exist.xquery.AbstractBinariesTest,71,14,4,14,5,0.03296703296703297,7,74.66462945727189
exist-core/src/test/java/org/exist/xquery/CountExpressionTest.java,org.exist.xquery.CountExpressionTest,49,1,0,3,1,1.0,15,42.7729928149221
exist-core/src/test/java/org/exist/xquery/LexerTest.java,org.exist.xquery.LexerTest,68,1,2,3,1,1.0,20,38.91601038137597
exist-core/src/test/java/org/exist/xquery/OrderByClauseMemoryBenchmark.java,org.exist.xquery.OrderByClauseMemoryBenchmark,173,5,2,14,1,0.0,13,47.83818722009509
exist-core/src/test/java/org/exist/xquery/OptimizerTest.java,org.exist.xquery.OptimizerTest,202,11,8,14,2,0.2909090909090909,17,56.5741579729029
exist-core/src/test/java/org/exist/xquery/TestXPathOpOrSpecialCase.java,org.exist.xquery.TestXPathOpOrSpecialCase,69,4,3,5,1,0.5,9,60.10521171979484
exist-core/src/test/java/org/exist/xquery/LocationStepTest.java,org.exist.xquery.LocationStepTest,146,6,0,6,6,0.0,10,51.123768857365604
exist-core/src/test/java/org/exist/xquery/CardinalityTest.java,org.exist.xquery.CardinalityTest,141,9,0,9,5,0.0,4,57.92083572838197
exist-core/src/test/java/org/exist/xquery/XPathQueryTest.java,org.exist.xquery.XPathQueryTest,2351,83,27,105,1,0.041140170437848955,39,49.45254282355445
exist-core/src/test/java/org/exist/xquery/QueryPoolTest.java,org.exist.xquery.QueryPoolTest,47,4,2,5,1,1.0,10,62.359443927939765
exist-core/src/test/java/org/exist/xquery/PathExprDedupTest.java,org.exist.xquery.PathExprDedupTest,116,8,1,10,1,0.10714285714285714,7,61.27216414893714
exist-core/src/test/java/org/exist/xquery/JavaFunctionsTest.java,org.exist.xquery.JavaFunctionsTest,54,2,3,7,1,1.0,9,52.38721462799451
exist-core/src/test/java/org/exist/xquery/ContextDependencyRegressionTest.java,org.exist.xquery.ContextDependencyRegressionTest,203,14,3,14,2,0.01098901098901099,13,61.45195176086203
exist-core/src/test/java/org/exist/xquery/JavaMethodsTest.java,org.exist.xquery.JavaMethodsTest,32,6,1,6,5,0.06666666666666667,0,76.87821076149122
exist-core/src/test/java/org/exist/xquery/CleanupTest.java,org.exist.xquery.CleanupTest,146,6,8,6,2,0.4666666666666667,32,51.532362745356444
exist-core/src/test/java/org/exist/xquery/DescendantOrSelfWithNonLocationStepTest.java,org.exist.xquery.DescendantOrSelfWithNonLocationStepTest,73,5,1,5,1,0.0,7,62.0133720335872
exist-core/src/test/java/org/exist/xquery/PersistentDescendantOrSelfNodeKindTest.java,org.exist.xquery.PersistentDescendantOrSelfNodeKindTest,35,4,1,4,1,0.5,4,67.64923401702548
exist-core/src/test/java/org/exist/xquery/ValueIndexTest.java,org.exist.xquery.ValueIndexTest,392,17,7,23,1,0.6176470588235294,14,52.52817088077919
exist-core/src/test/java/org/exist/xquery/functions/response/StreamBinaryTest.java,org.exist.xquery.functions.response.StreamBinaryTest,27,1,0,1,1,1.0,12,50.654509105993604
exist-core/src/test/java/org/exist/xquery/functions/fn/FunStrLengthTest.java,org.exist.xquery.functions.fn.FunStrLengthTest,38,1,1,1,1,1.0,6,45.7516233498882
exist-core/src/test/java/org/exist/xquery/functions/fn/FunSubSequenceTest.java,org.exist.xquery.functions.fn.FunSubSequenceTest,176,26,4,28,1,0.9230769230769231,12,69.57029402554791
exist-core/src/test/java/org/exist/xquery/functions/fn/FunLangTest.java,org.exist.xquery.functions.fn.FunLangTest,126,8,3,9,1,0.32142857142857145,13,58.54473335778719
exist-core/src/test/java/org/exist/xquery/functions/fn/ExtDocTest.java,org.exist.xquery.functions.fn.ExtDocTest,70,4,4,5,2,0.5,14,57.069033398480485
exist-core/src/test/java/org/exist/xquery/functions/fn/transform/FunTransformTest.java,org.exist.xquery.functions.fn.transform.FunTransformTest,154,6,0,6,6,0.0,12,51.413370910147904
exist-core/src/test/java/org/exist/xquery/functions/fn/FunNumberTest.java,org.exist.xquery.functions.fn.FunNumberTest,46,2,1,2,1,1.0,4,54.47392341342923
exist-core/src/test/java/org/exist/xquery/functions/fn/FunIndexOfPerformanceTest.java,org.exist.xquery.functions.fn.FunIndexOfPerformanceTest,164,12,1,14,1,0.0,7,61.94065325803161
exist-core/src/test/java/org/exist/xquery/functions/fn/CollectionTest.java,org.exist.xquery.functions.fn.CollectionTest,95,3,2,4,1,0.0,23,47.393263925943806
exist-core/src/test/java/org/exist/xquery/functions/fn/FunUnparsedTextTest.java,org.exist.xquery.functions.fn.FunUnparsedTextTest,120,5,1,5,5,0.0,18,50.11934560367102
exist-core/src/test/java/org/exist/xquery/functions/fn/FunNotBenchmark.java,org.exist.xquery.functions.fn.FunNotBenchmark,143,8,5,17,1,0.4642857142857143,13,56.84297970972396
exist-core/src/test/java/org/exist/xquery/functions/fn/DocTest.java,org.exist.xquery.functions.fn.DocTest,212,9,3,11,2,0.08333333333333333,36,51.33814235605487
exist-core/src/test/java/org/exist/xquery/functions/fn/FunXmlToJsonTest.java,org.exist.xquery.functions.fn.FunXmlToJsonTest,65,4,1,4,1,0.0,7,61.261582456823255
exist-core/src/test/java/org/exist/xquery/functions/util/ParseHtmlTest.java,org.exist.xquery.functions.util.ParseHtmlTest,29,1,1,1,1,1.0,10,49.32820330963238
exist-core/src/test/java/org/exist/xquery/functions/util/Base64FunctionsTest.java,org.exist.xquery.functions.util.Base64FunctionsTest,77,8,1,8,1,1.0,5,64.73255980577014
exist-core/src/test/java/org/exist/xquery/functions/util/BinaryToStringTest.java,org.exist.xquery.functions.util.BinaryToStringTest,50,1,0,1,1,1.0,4,47.62530826789041
exist-core/src/test/java/org/exist/xquery/functions/util/ExpandTest.java,org.exist.xquery.functions.util.ExpandTest,97,6,5,6,1,1.0,7,57.52009779980731
exist-core/src/test/java/org/exist/xquery/functions/util/BaseConversionFunctionsTest.java,org.exist.xquery.functions.util.BaseConversionFunctionsTest,40,2,0,2,2,0.0,8,55.348708871708524
exist-core/src/test/java/org/exist/xquery/functions/util/BaseConverterTest.java,org.exist.xquery.functions.util.BaseConverterTest,34,3,1,3,1,1.0,5,63.18470801422505
exist-core/src/test/java/org/exist/xquery/functions/util/EvalTest.java,org.exist.xquery.functions.util.EvalTest,370,24,4,29,1,0.7608695652173914,20,59.06570439377886
exist-core/src/test/java/org/exist/xquery/functions/inspect/InspectModuleTest.java,org.exist.xquery.functions.inspect.InspectModuleTest,193,7,6,11,1,0.14285714285714285,18,50.82678907338808
exist-core/src/test/java/org/exist/xquery/functions/integer/IntegerPictureTest.java,org.exist.xquery.functions.integer.IntegerPictureTest,485,40,0,56,5,0.0,14,59.61834720868388
exist-core/src/test/java/org/exist/xquery/functions/session/AttributeTest.java,org.exist.xquery.functions.session.AttributeTest,192,9,0,9,1,0.0,13,53.075150354835095
exist-core/src/test/java/org/exist/xquery/functions/session/AbstractSessionTest.java,org.exist.xquery.functions.session.AbstractSessionTest,19,2,1,2,1,0.0,2,70.20083416110785
exist-core/src/test/java/org/exist/xquery/functions/websocket/WebSocketEndpointTest.java,org.exist.xquery.functions.websocket.WebSocketEndpointTest,150,10,1,33,7,0.06666666666666667,25,56.6380419364929
exist-core/src/test/java/org/exist/xquery/functions/transform/ImportLocalStylesheetTest.java,org.exist.xquery.functions.transform.ImportLocalStylesheetTest,97,9,4,10,2,0.4166666666666667,12,63.55766423408409
exist-core/src/test/java/org/exist/xquery/functions/transform/TransformTest.java,org.exist.xquery.functions.transform.TransformTest,398,15,27,17,1,0.3047619047619048,28,51.84593705782867
exist-core/src/test/java/org/exist/xquery/functions/map/MapEntryRegressionTest.java,org.exist.xquery.functions.map.MapEntryRegressionTest,79,7,1,7,1,0.0,7,66.66793539424101
exist-core/src/test/java/org/exist/xquery/functions/validate/ParseXsdNokTest.java,org.exist.xquery.functions.validate.ParseXsdNokTest,85,5,2,6,1,1.0,8,57.41458520621533
exist-core/src/test/java/org/exist/xquery/functions/validate/JingOnvdlTest.java,org.exist.xquery.functions.validate.JingOnvdlTest,130,9,5,9,1,0.1111111111111111,7,61.27185685308012
exist-core/src/test/java/org/exist/xquery/functions/validate/JingRelaxNgTest.java,org.exist.xquery.functions.validate.JingRelaxNgTest,118,11,2,12,1,0.05454545454545454,9,64.25923404007855
exist-core/src/test/java/org/exist/xquery/functions/validate/ParseDtdNokTest.java,org.exist.xquery.functions.validate.ParseDtdNokTest,84,5,2,6,1,1.0,8,57.52000834632319
exist-core/src/test/java/org/exist/xquery/functions/validate/JaxvTest.java,org.exist.xquery.functions.validate.JaxvTest,100,6,2,7,1,1.0,9,57.411928623969885
exist-core/src/test/java/org/exist/xquery/functions/validate/JaxpDtdCatalogTest.java,org.exist.xquery.functions.validate.JaxpDtdCatalogTest,125,9,2,9,1,0.08333333333333333,8,60.677085928407735
exist-core/src/test/java/org/exist/xquery/functions/validate/AdditionalJingXsdRngTest.java,org.exist.xquery.functions.validate.AdditionalJingXsdRngTest,162,5,1,6,1,0.6,5,53.44872240773986
exist-core/src/test/java/org/exist/xquery/functions/validate/JingXsdTest.java,org.exist.xquery.functions.validate.JingXsdTest,77,6,2,7,1,0.06666666666666667,8,61.82850272862545
exist-core/src/test/java/org/exist/xquery/functions/validate/JaxpXsdCatalogTest.java,org.exist.xquery.functions.validate.JaxpXsdCatalogTest,158,13,2,13,1,0.2692307692307692,8,62.148465941660895
exist-core/src/test/java/org/exist/xquery/functions/validate/JaxpParseTest.java,org.exist.xquery.functions.validate.JaxpParseTest,69,4,3,5,1,0.5,8,58.20051142207434
exist-core/src/test/java/org/exist/xquery/functions/validate/JingSchematronTest.java,org.exist.xquery.functions.validate.JingSchematronTest,93,7,3,8,1,0.14285714285714285,8,61.584788688358735
exist-core/src/test/java/org/exist/xquery/functions/request/GetHeaderTest.java,org.exist.xquery.functions.request.GetHeaderTest,50,4,2,5,1,0.0,13,61.30312881389426
exist-core/src/test/java/org/exist/xquery/functions/request/GetDataTest.java,org.exist.xquery.functions.request.GetDataTest,180,16,4,19,1,0.65,22,61.12493956226947
exist-core/src/test/java/org/exist/xquery/functions/request/GetData2Test.java,org.exist.xquery.functions.request.GetData2Test,113,2,0,2,2,0.0,21,39.18327224728376
exist-core/src/test/java/org/exist/xquery/functions/request/PatchTest.java,org.exist.xquery.functions.request.PatchTest,115,10,5,10,1,0.17777777777777778,23,62.02341307573183
exist-core/src/test/java/org/exist/xquery/functions/request/GetParameterTest.java,org.exist.xquery.functions.request.GetParameterTest,447,23,5,47,1,0.1225296442687747,26,56.07870206322199
exist-core/src/test/java/org/exist/xquery/functions/securitymanager/PermissionsFunctionChownTest.java,org.exist.xquery.functions.securitymanager.PermissionsFunctionChownTest,1718,162,16,169,1,0.8916494133885439,35,62.67152833693202
exist-core/src/test/java/org/exist/xquery/functions/securitymanager/GetPermissionsTest.java,org.exist.xquery.functions.securitymanager.GetPermissionsTest,37,1,1,1,1,1.0,12,46.83092942491794
exist-core/src/test/java/org/exist/xquery/functions/securitymanager/GroupMembershipFunctionRemoveGroupMemberTest.java,org.exist.xquery.functions.securitymanager.GroupMembershipFunctionRemoveGroupMemberTest,140,10,5,14,1,0.3333333333333333,18,58.68860928836441
exist-core/src/test/java/org/exist/xquery/functions/securitymanager/AccountManagementFunctionRemoveAccountTest.java,org.exist.xquery.functions.securitymanager.AccountManagementFunctionRemoveAccountTest,60,7,1,10,1,0.14285714285714285,9,66.49276986208201
exist-core/src/test/java/org/exist/xquery/functions/securitymanager/GroupManagementFunctionRemoveGroupTest.java,org.exist.xquery.functions.securitymanager.GroupManagementFunctionRemoveGroupTest,285,14,7,24,1,0.06593406593406594,18,53.66589126019293
exist-core/src/test/java/org/exist/xquery/functions/securitymanager/IdFunctionTest.java,org.exist.xquery.functions.securitymanager.IdFunctionTest,177,3,0,3,3,0.0,18,39.10163323848724
exist-core/src/test/java/org/exist/xquery/functions/securitymanager/PermissionsFunctionModeConversionTest.java,org.exist.xquery.functions.securitymanager.PermissionsFunctionModeConversionTest,53,3,0,3,3,0.0,8,57.12434290887744
exist-core/src/test/java/org/exist/xquery/functions/securitymanager/PermissionsFunctionChmodTest.java,org.exist.xquery.functions.securitymanager.PermissionsFunctionChmodTest,328,24,15,29,1,0.6195652173913043,32,58.93541316723445
exist-core/src/test/java/org/exist/xquery/functions/xquery3/TryCatchTest.java,org.exist.xquery.functions.xquery3.TryCatchTest,280,13,1,15,1,1.0,13,53.44630210463007
exist-core/src/test/java/org/exist/xquery/functions/xquery3/DeclareVariableTest.java,org.exist.xquery.functions.xquery3.DeclareVariableTest,24,1,1,1,1,1.0,5,56.0765497514892
exist-core/src/test/java/org/exist/xquery/functions/xquery3/SwitchTest.java,org.exist.xquery.functions.xquery3.SwitchTest,53,3,1,3,1,1.0,5,57.45324172657081
exist-core/src/test/java/org/exist/xquery/functions/xmldb/AbstractXMLDBTest.java,org.exist.xquery.functions.xmldb.AbstractXMLDBTest,19,2,1,2,1,0.0,2,70.20083416110785
exist-core/src/test/java/org/exist/xquery/functions/xmldb/XMLDBAuthenticateTest.java,org.exist.xquery.functions.xmldb.XMLDBAuthenticateTest,337,11,2,11,1,0.509090909090909,23,48.430258002925186
exist-core/src/test/java/org/exist/xquery/functions/xmldb/DbStoreTest.java,org.exist.xquery.functions.xmldb.DbStoreTest,35,1,2,2,1,1.0,7,50.1333779747628
exist-core/src/test/java/org/exist/xquery/functions/xmldb/DbStore2Test.java,org.exist.xquery.functions.xmldb.DbStore2Test,115,5,9,9,2,0.4,25,53.1246951984742
exist-core/src/test/java/org/exist/xquery/functions/system/GetRunningXQueriesTest.java,org.exist.xquery.functions.system.GetRunningXQueriesTest,15,1,1,1,1,1.0,6,60.276944137294244
exist-core/src/test/java/org/exist/xquery/FunctionTypeInElementContentTest.java,org.exist.xquery.FunctionTypeInElementContentTest,113,13,0,13,13,0.0,4,67.36676244536807
exist-core/src/test/java/org/exist/xquery/XmldbBinariesTest.java,org.exist.xquery.XmldbBinariesTest,137,12,4,17,7,0.015151515151515152,22,62.76311873126729
exist-core/src/test/java/org/exist/xquery/AbsolutePathTests.java,org.exist.xquery.AbsolutePathTests,100,10,0,10,10,0.0,6,65.5208783714871
exist-core/src/test/java/org/exist/xquery/AxisPerformanceRegressionTest.java,org.exist.xquery.AxisPerformanceRegressionTest,85,5,2,5,1,0.4,9,57.85040962817364
exist-core/src/test/java/org/exist/xquery/OpNumericTest.java,org.exist.xquery.OpNumericTest,309,44,10,45,2,0.3202959830866808,20,68.7922430431608
exist-core/src/test/java/org/exist/xquery/ValueIndexByQNameTest.java,org.exist.xquery.ValueIndexByQNameTest,50,2,1,2,1,1.0,1,56.22797715762934
exist-core/src/test/java/org/exist/xquery/VariablesTest.java,org.exist.xquery.VariablesTest,67,4,2,5,1,0.16666666666666666,13,58.67586624222509
exist-core/src/test/java/org/exist/xquery/AnnotationsTest.java,org.exist.xquery.AnnotationsTest,182,12,1,12,3,0.0,11,59.62623868142499
exist-core/src/test/java/org/exist/xquery/ConversionsTest.java,org.exist.xquery.ConversionsTest,29,1,1,1,1,1.0,5,52.976001892719665
exist-core/src/test/java/org/exist/xquery/ConstructedNodesRecoveryTest.java,org.exist.xquery.ConstructedNodesRecoveryTest,217,10,4,12,1,0.044444444444444446,27,54.582215402413695
exist-core/src/test/java/org/exist/xquery/XQueryProcessingInstructionTest.java,org.exist.xquery.XQueryProcessingInstructionTest,23,1,1,1,1,1.0,5,56.47974609861464
exist-core/src/test/java/org/exist/xquery/DocumentUpdateTest.java,org.exist.xquery.DocumentUpdateTest,140,5,3,5,1,0.6,8,50.78959167444378
exist-core/src/test/java/org/exist/xquery/XQueryFunctionsTest.java,org.exist.xquery.XQueryFunctionsTest,1020,62,2,70,1,1.0,20,56.746005333363726
exist-core/src/test/java/org/exist/xquery/StaticXQueryExceptionErrorCodeTest.java,org.exist.xquery.StaticXQueryExceptionErrorCodeTest,104,13,1,16,1,0.0,12,68.87116199114872
exist-core/src/test/java/org/exist/xquery/SeqOpTest.java,org.exist.xquery.SeqOpTest,250,40,3,44,1,0.00641025641025641,14,71.1298471443897
exist-core/src/test/java/org/exist/xquery/ForwardReferenceTest.java,org.exist.xquery.ForwardReferenceTest,123,2,11,3,1,1.0,16,41.800033003404984
exist-core/src/test/java/org/exist/xquery/ConstructedNodesTest.java,org.exist.xquery.ConstructedNodesTest,159,4,1,8,1,1.0,8,48.31958898757036
exist-core/src/test/java/org/exist/xquery/GeneralComparisonBenchmark.java,org.exist.xquery.GeneralComparisonBenchmark,140,8,6,19,2,0.4642857142857143,15,57.085261496558005
exist-core/src/test/java/org/exist/xquery/ModuleImportTest.java,org.exist.xquery.ModuleImportTest,128,10,1,13,2,0.022222222222222223,18,61.04568805923852
exist-core/src/test/java/org/exist/xquery/NodeTypeTest.java,org.exist.xquery.NodeTypeTest,162,5,2,7,1,0.6,9,49.04690835660977
exist-core/src/test/java/org/exist/xquery/RangeSequenceTest.java,org.exist.xquery.RangeSequenceTest,131,8,1,18,1,1.0,5,58.11688808936041
exist-core/src/test/java/org/exist/xquery/XQueryContextTest.java,org.exist.xquery.XQueryContextTest,311,19,1,28,13,0.05847953216374269,23,57.310620377516514
exist-core/src/test/java/org/exist/xquery/ExpressionVisitorTraversalTest.java,org.exist.xquery.ExpressionVisitorTraversalTest,91,6,1,7,1,0.0,14,60.06241153505045
exist-core/src/test/java/org/exist/xquery/InternalModuleTest.java,org.exist.xquery.InternalModuleTest,156,6,3,7,1,0.26666666666666666,15,51.93789896516571
exist-core/src/test/java/org/exist/xquery/ImportModuleTest.java,org.exist.xquery.ImportModuleTest,1691,31,1,51,2,0.6451612903225806,33,42.47042390342995
exist-core/src/test/java/org/exist/xquery/DirectElementConstructorInScopeNamespaceTest.java,org.exist.xquery.DirectElementConstructorInScopeNamespaceTest,93,9,1,9,1,0.0,9,65.67995423721302
exist-core/src/test/java/org/exist/xquery/EntitiesTest.java,org.exist.xquery.EntitiesTest,140,10,3,12,2,0.13333333333333333,9,60.99481050376036
exist-core/src/test/java/org/exist/xquery/DeferredFunctionCallTest.java,org.exist.xquery.DeferredFunctionCallTest,112,1,0,1,1,1.0,16,32.138935890345095
exist-core/src/test/java/org/exist/xquery/DeepEqualTest.java,org.exist.xquery.DeepEqualTest,552,67,3,70,1,0.003618272274988693,12,68.21061753611522
exist-core/src/test/java/org/exist/xquery/XQueryContextAttributesTest.java,org.exist.xquery.XQueryContextAttributesTest,150,6,1,9,2,0.06666666666666667,30,50.797534052323506
exist-core/src/test/java/org/exist/xquery/XQueryUpdateTest.java,org.exist.xquery.XQueryUpdateTest,495,14,5,20,2,0.3626373626373626,18,46.93640031990112
exist-core/src/test/java/org/exist/xquery/AbstractDescendantOrSelfNodeKindTest.java,org.exist.xquery.AbstractDescendantOrSelfNodeKindTest,82,9,2,9,1,0.0,5,65.28471478221917
exist-core/src/test/java/org/exist/xquery/UnionTest.java,org.exist.xquery.UnionTest,173,10,7,20,1,0.4666666666666667,10,57.788570419355736
exist-core/src/test/java/org/exist/xquery/XQueryIsLibraryModuleTest.java,org.exist.xquery.XQueryIsLibraryModuleTest,102,6,0,6,6,0.0,5,57.108496105218016
exist-core/src/test/java/org/exist/xquery/XmlnsUriEscapeTest.java,org.exist.xquery.XmlnsUriEscapeTest,87,10,0,11,1,0.0,7,67.82877879803695
exist-core/src/test/java/org/exist/xquery/TransformTest.java,org.exist.xquery.TransformTest,123,5,3,5,1,0.5,14,53.65703626939965
exist-core/src/test/java/org/exist/xquery/OrderByClauseBenchmark.java,org.exist.xquery.OrderByClauseBenchmark,94,1,5,6,1,1.0,11,35.68858603391423
exist-core/src/test/java/org/exist/xquery/MemtreeDescendantOrSelfNodeKindTest.java,org.exist.xquery.MemtreeDescendantOrSelfNodeKindTest,22,2,0,2,1,0.0,1,66.43863823994425
exist-core/src/test/java/org/exist/http/urlrewrite/ControllerTest.java,org.exist.http.urlrewrite.ControllerTest,77,5,4,5,1,0.4,14,58.079752534417366
exist-core/src/test/java/org/exist/http/urlrewrite/XQueryURLRewriteTest.java,org.exist.http.urlrewrite.XQueryURLRewriteTest,109,5,0,7,5,0.0,9,53.61229006377493
exist-core/src/test/java/org/exist/http/urlrewrite/URLRewriteTest.java,org.exist.http.urlrewrite.URLRewriteTest,88,1,0,2,1,1.0,11,35.03831876219747
exist-core/src/test/java/org/exist/http/urlrewrite/URLRewritingTest.java,org.exist.http.urlrewrite.URLRewritingTest,68,3,4,3,1,1.0,17,51.938265936521006
exist-core/src/test/java/org/exist/http/AbstractHttpTest.java,org.exist.http.AbstractHttpTest,79,5,0,5,2,0.0,6,61.968235644053486
exist-core/src/test/java/org/exist/http/RESTTest.java,org.exist.http.RESTTest,14,2,1,2,1,0.0,2,73.09392347264536
exist-core/src/test/java/org/exist/http/RESTServiceTest.java,org.exist.http.RESTServiceTest,1647,63,34,81,1,0.13978494623655913,45,51.22466614463136
exist-core/src/test/java/org/exist/http/ws/EvalWebSocketEndpointTest.java,org.exist.http.ws.EvalWebSocketEndpointTest,1220,79,4,328,27,0.0012982797792924375,92,55.35513542246339
exist-core/src/test/java/org/exist/http/AuditTrailSessionListenerTest.java,org.exist.http.AuditTrailSessionListenerTest,108,6,6,7,1,0.5333333333333333,21,55.37354702468014
exist-core/src/test/java/org/exist/storage/AbstractUpdateTest.java,org.exist.storage.AbstractUpdateTest,89,6,3,7,2,0.13333333333333333,20,58.16717207896538
exist-core/src/test/java/org/exist/storage/ModificationTimeTest.java,org.exist.storage.ModificationTimeTest,126,6,4,7,2,0.06666666666666667,19,54.06517168946846
exist-core/src/test/java/org/exist/storage/util/PauseFunction.java,org.exist.storage.util.PauseFunction,26,2,1,3,2,0.0,4,63.876020232906356
exist-core/src/test/java/org/exist/storage/util/TestUtilModule.java,org.exist.storage.util.TestUtilModule,40,5,5,5,5,0.0,1,76.62845778584628
exist-core/src/test/java/org/exist/storage/blob/BlobStoreImplTest.java,org.exist.storage.blob.BlobStoreImplTest,398,18,3,22,1,0.42483660130718953,29,52.98977122554855
exist-core/src/test/java/org/exist/storage/blob/BlobStoreRecoveryTest.java,org.exist.storage.blob.BlobStoreRecoveryTest,494,18,7,28,3,0.24836601307189543,37,49.8950635643979
exist-core/src/test/java/org/exist/storage/NodePathTest.java,org.exist.storage.NodePathTest,349,11,0,33,9,0.0,5,47.51329452330676
exist-core/src/test/java/org/exist/storage/UpdateAttributeTest.java,org.exist.storage.UpdateAttributeTest,58,1,0,3,1,1.0,6,40.542730197618845
exist-core/src/test/java/org/exist/storage/RecoveryTest.java,org.exist.storage.RecoveryTest,167,4,2,7,2,0.0,30,43.918203785497745
exist-core/src/test/java/org/exist/storage/RemoveCollectionIT.java,org.exist.storage.RemoveCollectionIT,180,9,3,15,2,0.05555555555555555,19,54.83016167442839
exist-core/src/test/java/org/exist/storage/StartupTriggerTest.java,org.exist.storage.StartupTriggerTest,59,2,3,2,2,0.0,9,55.03176061665485
exist-core/src/test/java/org/exist/storage/UpdateTest.java,org.exist.storage.UpdateTest,59,1,0,3,1,1.0,6,40.414766280719896
exist-core/src/test/java/org/exist/storage/structural/NativeStructuralIndexWorkerTest.java,org.exist.storage.structural.NativeStructuralIndexWorkerTest,135,7,0,7,1,0.0,13,54.01400400495935
exist-core/src/test/java/org/exist/storage/ResourceTest.java,org.exist.storage.ResourceTest,154,10,3,12,3,0.13333333333333333,18,58.15423035213048
exist-core/src/test/java/org/exist/storage/ReplaceTest.java,org.exist.storage.ReplaceTest,77,1,0,3,1,1.0,6,36.7000875408482
exist-core/src/test/java/org/exist/storage/StoreBinaryTest.java,org.exist.storage.StoreBinaryTest,86,4,1,4,1,0.5,16,53.57293960437863
exist-core/src/test/java/org/exist/storage/RemoveRootCollectionTest.java,org.exist.storage.RemoveRootCollectionTest,81,7,3,8,1,1.0,11,61.54032847809715
exist-core/src/test/java/org/exist/storage/NativeBrokerLockingTest.java,org.exist.storage.NativeBrokerLockingTest,480,11,5,37,1,0.8181818181818182,13,45.52481185648853
exist-core/src/test/java/org/exist/storage/BTreeRecoverTest.java,org.exist.storage.BTreeRecoverTest,96,3,2,6,1,0.0,15,48.25597156045395
exist-core/src/test/java/org/exist/storage/BinaryDocumentTest.java,org.exist.storage.BinaryDocumentTest,60,2,1,3,1,1.0,12,48.26925334329105
exist-core/src/test/java/org/exist/storage/NativeBrokerTest.java,org.exist.storage.NativeBrokerTest,686,10,0,12,10,0.0,17,37.36053785491775
exist-core/src/test/java/org/exist/storage/CopyCollectionTest.java,org.exist.storage.CopyCollectionTest,483,26,13,28,1,0.6461538461538462,22,54.90750552689486
exist-core/src/test/java/org/exist/storage/RecoverBinaryTest.java,org.exist.storage.RecoverBinaryTest,69,5,3,5,3,0.2,15,60.09953998822181
exist-core/src/test/java/org/exist/storage/BFileRecoverTest.java,org.exist.storage.BFileRecoverTest,60,2,1,5,1,1.0,14,48.157498471315684
exist-core/src/test/java/org/exist/storage/AppendTest.java,org.exist.storage.AppendTest,55,1,0,3,1,1.0,5,41.32703267069573
exist-core/src/test/java/org/exist/storage/ShutdownTest.java,org.exist.storage.ShutdownTest,47,2,1,4,1,0.0,14,51.984668941561054
exist-core/src/test/java/org/exist/storage/journal/AbstractJournalTest.java,org.exist.storage.journal.AbstractJournalTest,2180,111,6,147,16,0.16953316953316952,47,57.266346243124424
exist-core/src/test/java/org/exist/storage/journal/JournalBinaryTest.java,org.exist.storage.journal.JournalBinaryTest,508,29,4,30,6,0.0049261083743842365,25,55.74484109212856
exist-core/src/test/java/org/exist/storage/journal/JournalXmlTest.java,org.exist.storage.journal.JournalXmlTest,601,31,4,44,26,0.004301075268817204,27,54.48443013849456
exist-core/src/test/java/org/exist/storage/journal/LsnTest.java,org.exist.storage.journal.LsnTest,43,2,0,2,2,0.0,4,51.59985170901468
exist-core/src/test/java/org/exist/storage/journal/JournalTest.java,org.exist.storage.journal.JournalTest,375,16,1,17,9,0.125,25,50.78177883933381
exist-core/src/test/java/org/exist/storage/io/VariableByteStreamTest.java,org.exist.storage.io.VariableByteStreamTest,91,3,2,12,2,0.3333333333333333,5,48.41218804359982
exist-core/src/test/java/org/exist/storage/RecoverBinary2Test.java,org.exist.storage.RecoverBinary2Test,127,9,1,15,1,0.08333333333333333,20,58.5735055898091
exist-core/src/test/java/org/exist/storage/RecoverXmlTest.java,org.exist.storage.RecoverXmlTest,124,7,3,14,3,0.09523809523809523,28,55.711239483604004
exist-core/src/test/java/org/exist/storage/BrokerPoolTest.java,org.exist.storage.BrokerPoolTest,181,5,1,7,1,1.0,14,47.005930412255246
exist-core/src/test/java/org/exist/storage/ConcurrentStoreTest.java,org.exist.storage.ConcurrentStoreTest,159,7,5,8,2,0.19047619047619047,14,55.51548925582512
exist-core/src/test/java/org/exist/storage/ReindexTest.java,org.exist.storage.ReindexTest,204,10,7,11,1,0.6444444444444445,16,53.28015140553999
exist-core/src/test/java/org/exist/storage/CopyResourceTest.java,org.exist.storage.CopyResourceTest,606,42,30,45,1,0.6515679442508711,29,57.6889397021302
exist-core/src/test/java/org/exist/storage/IndexManagerTest.java,org.exist.storage.IndexManagerTest,157,1,1,1,1,1.0,9,34.85717390966495
exist-core/src/test/java/org/exist/storage/txn/ReusableTxnTest.java,org.exist.storage.txn.ReusableTxnTest,263,9,1,9,1,1.0,7,49.48312158190381
exist-core/src/test/java/org/exist/storage/txn/ConcurrentTransactionsTest.java,org.exist.storage.txn.ConcurrentTransactionsTest,142,7,3,8,1,1.0,17,54.509738254455726
exist-core/src/test/java/org/exist/storage/txn/TxnTest.java,org.exist.storage.txn.TxnTest,150,7,1,7,1,1.0,6,54.20432804813977
exist-core/src/test/java/org/exist/storage/txn/TransactionManagerTestHelper.java,org.exist.storage.txn.TransactionManagerTestHelper,39,2,2,3,1,1.0,10,53.89340858253255
exist-core/src/test/java/org/exist/storage/txn/CountingTxnListener.java,org.exist.storage.txn.CountingTxnListener,24,4,2,4,2,0.3333333333333333,0,80.78311769566889
exist-core/src/test/java/org/exist/storage/Recovery2Test.java,org.exist.storage.Recovery2Test,97,4,1,9,1,0.5,25,51.57814439425467
exist-core/src/test/java/org/exist/storage/CollectionTest.java,org.exist.storage.CollectionTest,70,6,2,7,1,0.26666666666666666,13,62.009294324938715
exist-core/src/test/java/org/exist/storage/RenameTest.java,org.exist.storage.RenameTest,56,1,0,2,1,1.0,6,41.426008914102106
exist-core/src/test/java/org/exist/storage/statistics/StatisticsIndexTest.java,org.exist.storage.statistics.StatisticsIndexTest,23,2,2,2,2,0.0,12,61.3361795692368
exist-core/src/test/java/org/exist/storage/BrokerPoolServiceTest.java,org.exist.storage.BrokerPoolServiceTest,185,1,1,5,1,1.0,7,31.528216684694062
exist-core/src/test/java/org/exist/storage/StartupLockingTest.java,org.exist.storage.StartupLockingTest,174,4,3,10,1,1.0,14,48.02970081326988
exist-core/src/test/java/org/exist/storage/ValueIndexFactoryTest.java,org.exist.storage.ValueIndexFactoryTest,85,7,0,11,3,0.0,6,61.35413989497411
exist-core/src/test/java/org/exist/storage/UpdateRecoverTest.java,org.exist.storage.UpdateRecoverTest,396,9,2,27,1,0.1111111111111111,30,43.27489215467896
exist-core/src/test/java/org/exist/storage/CopyCollectionRecoveryTest.java,org.exist.storage.CopyCollectionRecoveryTest,208,12,1,15,2,0.42424242424242425,28,55.412849456656176
exist-core/src/test/java/org/exist/storage/FluentBrokerAPITest.java,org.exist.storage.FluentBrokerAPITest,303,7,1,7,1,1.0,30,42.96306895842191
exist-core/src/test/java/org/exist/storage/RemoveTest.java,org.exist.storage.RemoveTest,66,1,0,3,1,1.0,12,38.5313872217533
exist-core/src/test/java/org/exist/storage/MoveOverwriteCollectionTest.java,org.exist.storage.MoveOverwriteCollectionTest,111,5,10,5,1,0.1,18,53.4556613758405
exist-core/src/test/java/org/exist/storage/Recovery3Test.java,org.exist.storage.Recovery3Test,126,3,3,10,1,1.0,26,43.46044798718443
exist-core/src/test/java/org/exist/storage/DOMFileRecoverTest.java,org.exist.storage.DOMFileRecoverTest,131,2,1,9,1,1.0,19,38.2725764934713
exist-core/src/test/java/org/exist/storage/BFileOverflowTest.java,org.exist.storage.BFileOverflowTest,66,2,1,4,1,1.0,13,47.254390342986596
exist-core/src/test/java/org/exist/storage/MoveOverwriteResourceTest.java,org.exist.storage.MoveOverwriteResourceTest,251,5,9,5,1,0.3,22,45.61151246626041
exist-core/src/test/java/org/exist/storage/ReindexRecoveryTest.java,org.exist.storage.ReindexRecoveryTest,120,8,2,11,2,0.10714285714285714,20,58.26781304114101
exist-core/src/test/java/org/exist/storage/btree/BTreeTest.java,org.exist.storage.btree.BTreeTest,395,9,7,32,1,1.0,26,43.702600192241505
exist-core/src/test/java/org/exist/storage/MoveResourceRecoveryTest.java,org.exist.storage.MoveResourceRecoveryTest,204,10,1,12,2,0.4666666666666667,29,53.121569630330576
exist-core/src/test/java/org/exist/storage/BrokerPoolNoRecoveryTest.java,org.exist.storage.BrokerPoolNoRecoveryTest,23,2,1,2,2,0.0,5,66.6606179881373
exist-core/src/test/java/org/exist/storage/DirtyShutdownTest.java,org.exist.storage.DirtyShutdownTest,65,2,2,5,1,1.0,21,47.88973460096202
exist-core/src/test/java/org/exist/storage/ConcurrentBrokerPoolTest.java,org.exist.storage.ConcurrentBrokerPoolTest,126,5,3,6,1,0.0,31,52.49558360907731
exist-core/src/test/java/org/exist/storage/XIncludeSerializerTest.java,org.exist.storage.XIncludeSerializerTest,415,13,16,21,1,0.10256410256410256,17,49.01193541564058
exist-core/src/test/java/org/exist/storage/BrokerPoolsTest.java,org.exist.storage.BrokerPoolsTest,63,1,1,3,1,1.0,17,40.632832868903066
exist-core/src/test/java/org/exist/storage/AbstractRecoverTest.java,org.exist.storage.AbstractRecoverTest,773,44,6,49,3,0.5243128964059197,21,58.907096015003475
exist-core/src/test/java/org/exist/storage/DataBackupTest.java,org.exist.storage.DataBackupTest,126,3,4,10,1,0.3333333333333333,26,44.97089561419209
exist-core/src/test/java/org/exist/storage/LargeValuesTest.java,org.exist.storage.LargeValuesTest,154,6,4,9,2,0.2,24,51.499546851762915
exist-core/src/test/java/org/exist/storage/LowLevelTextTest.java,org.exist.storage.LowLevelTextTest,97,8,6,9,1,0.8214285714285714,10,63.480950464748716
exist-core/src/test/java/org/exist/storage/lock/LockManagerTest.java,org.exist.storage.lock.LockManagerTest,815,23,5,27,2,0.42292490118577075,16,47.07750819980196
exist-core/src/test/java/org/exist/storage/lock/ProtectedModeTest.java,org.exist.storage.lock.ProtectedModeTest,101,5,4,8,1,0.7,14,54.78811696487655
exist-core/src/test/java/org/exist/storage/lock/DeadlockIT.java,org.exist.storage.lock.DeadlockIT,307,4,19,10,3,0.16666666666666666,25,40.991520841810626
exist-core/src/test/java/org/exist/storage/lock/CollectionLocksTest.java,org.exist.storage.lock.CollectionLocksTest,672,31,10,42,3,0.11827956989247312,20,55.19796015725273
exist-core/src/test/java/org/exist/storage/lock/DocumentLocksTest.java,org.exist.storage.lock.DocumentLocksTest,120,4,1,9,3,0.16666666666666666,16,49.14561596490476
exist-core/src/test/java/org/exist/storage/lock/GetXMLResourceNoLockTest.java,org.exist.storage.lock.GetXMLResourceNoLockTest,57,2,3,3,1,1.0,16,49.83465737425407
exist-core/src/test/java/org/exist/storage/MoveCollectionRecoveryTest.java,org.exist.storage.MoveCollectionRecoveryTest,217,11,1,14,2,0.509090909090909,28,53.69849171038871
exist-core/src/test/java/org/exist/storage/RangeIndexUpdateTest.java,org.exist.storage.RangeIndexUpdateTest,149,3,8,6,1,0.3333333333333333,25,42.22846802609972
exist-core/src/test/java/org/exist/storage/MoveCollectionTest.java,org.exist.storage.MoveCollectionTest,180,4,1,4,1,1.0,11,43.51060964070078
exist-core/src/test/java/org/exist/storage/NativeValueIndexTest.java,org.exist.storage.NativeValueIndexTest,38,4,2,4,2,0.5,6,66.8637196428561
exist-core/src/test/java/org/exist/storage/StoreResourceTest.java,org.exist.storage.StoreResourceTest,267,19,10,22,1,0.3216374269005848,33,58.02012590200727
exist-core/src/test/java/org/exist/storage/CopyResourceRecoveryTest.java,org.exist.storage.CopyResourceRecoveryTest,157,7,1,7,2,0.7142857142857143,17,51.87017237883122
exist-core/src/test/java/org/exist/xslt/TransformerFactoryAllocatorTest.java,org.exist.xslt.TransformerFactoryAllocatorTest,38,2,1,2,2,0.0,10,55.580618372026414
exist-core/src/test/java/org/exist/deadlocks/GetReleaseBrokerDeadlocksTest.java,org.exist.deadlocks.GetReleaseBrokerDeadlocksTest,151,2,3,12,2,0.0,15,38.32498550619759
exist-core/src/test/java/org/exist/Indexer2Test.java,org.exist.Indexer2Test,105,5,3,6,3,0.0,22,54.65091427146213
exist-core/src/test/java/org/exist/IndexerTest.java,org.exist.IndexerTest,182,5,8,6,1,0.2,20,49.762008841287624
exist-core/src/test/java/org/exist/xqj/MarshallerTest.java,org.exist.xqj.MarshallerTest,119,5,3,5,2,0.4,28,51.48988537251785
exist-core/src/test/java/org/exist/source/SourceFactoryTest.java,org.exist.source.SourceFactoryTest,422,26,0,26,26,0.0,18,55.79949188738865
exist-core/src/test/java/org/exist/config/mapping/MappedClass.java,org.exist.config.mapping.MappedClass,24,3,3,3,3,0.0,1,74.29487584914105
exist-core/src/test/java/org/exist/config/mapping/ConfigurableObject.java,org.exist.config.mapping.ConfigurableObject,33,3,2,3,1,1.0,1,70.18211525917424
exist-core/src/test/java/org/exist/config/mapping/SubConfig.java,org.exist.config.mapping.SubConfig,26,4,2,4,2,0.3333333333333333,0,77.79048822935722
exist-core/src/test/java/org/exist/config/mapping/ConfigurableTest.java,org.exist.config.mapping.ConfigurableTest,38,1,1,1,1,1.0,8,47.833322236659875
exist-core/src/test/java/org/exist/config/ConfigurableObject.java,org.exist.config.ConfigurableObject,58,5,8,5,2,0.4,3,69.82117900116766
exist-core/src/test/java/org/exist/config/Sp.java,org.exist.config.Sp,31,4,2,4,2,0.5,1,73.78541519035576
exist-core/src/test/java/org/exist/config/Spice.java,org.exist.config.Spice,35,4,3,4,2,0.5,1,71.67640582602655
exist-core/src/test/java/org/exist/config/ConfigurableObject2.java,org.exist.config.ConfigurableObject2,48,3,8,3,1,1.0,1,66.63238784341351
exist-core/src/test/java/org/exist/config/ConfigurableTest.java,org.exist.config.ConfigurableTest,110,3,3,3,3,0.0,18,47.73109736065653
exist-core/src/test/java/org/exist/config/TwoDatabasesTest.java,org.exist.config.TwoDatabasesTest,111,7,7,10,2,0.19047619047619047,23,56.63546222291741
exist-core/src/test/java/org/exist/config/SaxonConfigTest.java,org.exist.config.SaxonConfigTest,25,1,1,1,1,1.0,7,52.82409466272584
exist-core/src/test/java/org/exist/config/ConfiguratorUnregisterPerfTest.java,org.exist.config.ConfiguratorUnregisterPerfTest,103,3,1,9,1,0.3333333333333333,10,49.93806063772452
exist-core/src/test/java/org/exist/numbering/DLNTest.java,org.exist.numbering.DLNTest,245,6,1,15,5,0.06666666666666667,7,44.27249125336883
exist-core/src/test/java/org/exist/numbering/DLNStorageTest.java,org.exist.numbering.DLNStorageTest,104,3,3,3,2,0.3333333333333333,21,46.38145360953125
exist-core/src/test/java/org/exist/numbering/DLNBaseTest.java,org.exist.numbering.DLNBaseTest,28,1,0,4,1,1.0,3,50.98405991455028
exist-core/src/test/java/org/exist/TestDataGenerator.java,org.exist.TestDataGenerator,110,4,6,12,1,1.0,26,49.433132512906376
exist-core/src/test/java/org/exist/Indexer3Test.java,org.exist.Indexer3Test,500,30,37,31,1,0.871264367816092,20,61.049805013448804
exist-core/src/test/java/org/exist/stax/EmbeddedXMLStreamReaderTest.java,org.exist.stax.EmbeddedXMLStreamReaderTest,409,20,4,33,1,0.015789473684210527,35,55.33861373327285
exist-core/src/test/java/org/exist/security/AbstractGroupTest.java,org.exist.security.AbstractGroupTest,233,10,0,10,10,0.0,22,51.73483904354053
exist-core/src/test/java/org/exist/security/RestApiSecurityTest.java,org.exist.security.RestApiSecurityTest,168,19,2,30,1,0.011695906432748537,13,64.66383348333957
exist-core/src/test/java/org/exist/security/RemoteSecurityManagerRoundtripTest.java,org.exist.security.RemoteSecurityManagerRoundtripTest,22,2,1,2,1,1.0,2,66.12400873828173
exist-core/src/test/java/org/exist/security/FnDocSecurityTest.java,org.exist.security.FnDocSecurityTest,224,9,14,20,1,0.2777777777777778,33,51.4211055799127
exist-core/src/test/java/org/exist/security/ApiException.java,org.exist.security.ApiException,19,3,0,3,3,0.0,1,77.01406033471214
exist-core/src/test/java/org/exist/security/SimpleACLPermissionTest.java,org.exist.security.SimpleACLPermissionTest,682,17,1,17,6,0.4852941176470588,21,43.80432825365977
exist-core/src/test/java/org/exist/security/AbstractSecurityManagerRoundtripTest.java,org.exist.security.AbstractSecurityManagerRoundtripTest,232,6,0,18,1,0.0,10,45.667549948406744
exist-core/src/test/java/org/exist/security/FnCollectionSecurityTest.java,org.exist.security.FnCollectionSecurityTest,218,8,10,19,1,0.5357142857142857,24,50.340623953564986
exist-core/src/test/java/org/exist/security/AccountTest.java,org.exist.security.AccountTest,50,1,0,1,1,1.0,14,43.1978985497347
exist-core/src/test/java/org/exist/security/XqueryApiTest.java,org.exist.security.XqueryApiTest,110,16,1,19,1,0.008333333333333333,13,67.94688579241169
exist-core/src/test/java/org/exist/security/XmldbApiSecurityTest.java,org.exist.security.XmldbApiSecurityTest,366,16,4,64,1,0.008333333333333333,26,52.90958142113709
exist-core/src/test/java/org/exist/security/AbstractApiSecurityTest.java,org.exist.security.AbstractApiSecurityTest,130,21,14,23,3,0.047619047619047616,2,71.03606587444318
exist-core/src/test/java/org/exist/security/UnixStylePermissionTest.java,org.exist.security.UnixStylePermissionTest,632,18,0,19,17,0.0,18,46.593905461437366
exist-core/src/test/java/org/exist/security/SecurityManagerTest.java,org.exist.security.SecurityManagerTest,141,4,8,6,1,0.5,20,45.97922778953634
exist-core/src/test/java/org/exist/security/internal/aider/UnixStylePermissionAiderTest.java,org.exist.security.internal.aider.UnixStylePermissionAiderTest,100,6,0,7,6,0.0,7,56.53027728756646
exist-core/src/test/java/org/exist/security/internal/BackupRestoreSecurityPrincipalsTest.java,org.exist.security.internal.BackupRestoreSecurityPrincipalsTest,182,6,6,7,1,0.2,34,48.68427622996866
exist-core/src/test/java/org/exist/security/AbstractRealmTest.java,org.exist.security.AbstractRealmTest,95,1,0,1,1,1.0,16,35.00394879106018
exist-core/src/test/java/org/exist/security/XMLDBSecurityTest.java,org.exist.security.XMLDBSecurityTest,2023,93,4,102,1,2.337540906965872E-4,26,52.81580348137894
exist-core/src/test/java/org/exist/security/AbstractAccountTest.java,org.exist.security.AbstractAccountTest,190,7,0,8,7,0.0,22,50.540347812905274
exist-core/src/test/java/org/exist/security/LocalSecurityManagerRoundtripTest.java,org.exist.security.LocalSecurityManagerRoundtripTest,25,2,1,3,1,1.0,3,66.78341132218021
exist-core/src/test/java/org/exist/xupdate/XUpdateTest.java,org.exist.xupdate.XUpdateTest,151,8,9,11,2,0.35714285714285715,26,56.32346012196382
exist-core/src/test/java/org/exist/xupdate/StressTest.java,org.exist.xupdate.StressTest,113,6,6,12,2,0.4,17,54.95774877853278
exist-core/src/test/java/org/exist/xupdate/RemoveAppendTest.java,org.exist.xupdate.RemoveAppendTest,150,9,6,15,2,0.16666666666666666,16,56.874154734623865
exist-core/src/test/java/org/exist/test/Util.java,org.exist.test.Util,54,4,0,7,3,0.0,12,60.005510762988635
exist-core/src/test/java/org/exist/test/runner/XSuiteParallelTest.java,org.exist.test.runner.XSuiteParallelTest,46,5,0,5,2,0.0,6,66.38697869188833
exist-core/src/test/java/org/exist/test/runner/XSuiteDiscoveryTest.java,org.exist.test.runner.XSuiteDiscoveryTest,53,2,1,4,1,1.0,10,49.91046505776857
exist-core/src/test/java/org/exist/test/runner/XMLTestRunnerTest.java,org.exist.test.runner.XMLTestRunnerTest,45,3,2,3,1,0.3333333333333333,8,58.010399403224504
exist-core/src/test/java/org/exist/test/runner/InspectLineSourceTest.java,org.exist.test.runner.InspectLineSourceTest,29,1,1,2,1,1.0,14,47.910101012971424
exist-core/src/test/java/org/exist/test/runner/AbstractTestRunnerTest.java,org.exist.test.runner.AbstractTestRunnerTest,46,7,0,7,7,0.0,9,69.8958272960855
exist-core/src/test/java/org/exist/test/runner/XQueryTestRunnerTest.java,org.exist.test.runner.XQueryTestRunnerTest,29,2,0,2,2,0.0,8,57.58304458578339
exist-core/src/test/java/org/exist/test/runner/XSuiteDebuggabilityTest.java,org.exist.test.runner.XSuiteDebuggabilityTest,79,4,0,19,2,0.0,16,52.86145146740885
exist-core/src/test/java/org/exist/dom/QNameTest.java,org.exist.dom.QNameTest,121,16,0,18,16,0.0,9,67.41341238796365
exist-core/src/test/java/org/exist/dom/memtree/DocumentBuilderReceiverTest.java,org.exist.dom.memtree.DocumentBuilderReceiverTest,122,3,1,3,1,1.0,8,45.398167414569976
exist-core/src/test/java/org/exist/dom/memtree/DocumentImplTest.java,org.exist.dom.memtree.DocumentImplTest,147,6,1,6,1,0.2,22,50.789952708717095
exist-core/src/test/java/org/exist/dom/memtree/TextImplTest.java,org.exist.dom.memtree.TextImplTest,471,20,0,20,20,0.0,10,51.1228718305217
exist-core/src/test/java/org/exist/dom/memtree/DOMIndexerTest.java,org.exist.dom.memtree.DOMIndexerTest,84,2,3,3,1,1.0,17,46.05449920977959
exist-core/src/test/java/org/exist/dom/memtree/DocumentBuilderReceiverIntegrationTest.java,org.exist.dom.memtree.DocumentBuilderReceiverIntegrationTest,53,2,4,2,2,0.0,11,52.07638571006627
exist-core/src/test/java/org/exist/dom/memtree/MemtreeInXQueryTest.java,org.exist.dom.memtree.MemtreeInXQueryTest,97,5,1,5,1,1.0,6,56.564862651158904
exist-core/src/test/java/org/exist/dom/memtree/MemtreeBuilderTest.java,org.exist.dom.memtree.MemtreeBuilderTest,52,3,2,3,2,0.0,15,56.96656194098289
exist-core/src/test/java/org/exist/dom/memtree/MemtreeTest.java,org.exist.dom.memtree.MemtreeTest,548,14,1,14,1,0.8571428571428571,14,44.10799218869927
exist-core/src/test/java/org/exist/dom/memtree/DOMTest.java,org.exist.dom.memtree.DOMTest,151,4,1,6,4,0.0,18,45.30861808883133
exist-core/src/test/java/org/exist/dom/memtree/NodeImplTest.java,org.exist.dom.memtree.NodeImplTest,84,3,0,8,3,0.0,4,52.1949481733038
exist-core/src/test/java/org/exist/dom/persistent/DefaultDocumentSetTest.java,org.exist.dom.persistent.DefaultDocumentSetTest,373,17,0,17,3,0.0,10,52.82067114729183
exist-core/src/test/java/org/exist/dom/persistent/DocumentImplTest.java,org.exist.dom.persistent.DocumentImplTest,159,4,0,4,4,0.0,18,44.11736722206308
exist-core/src/test/java/org/exist/dom/persistent/XMLUtilTest.java,org.exist.dom.persistent.XMLUtilTest,26,2,2,2,2,0.0,7,60.320574383234316
exist-core/src/test/java/org/exist/dom/persistent/TextImplTest.java,org.exist.dom.persistent.TextImplTest,253,23,0,23,23,0.0,10,62.83273386194622
exist-core/src/test/java/org/exist/dom/persistent/NodeProxyTest.java,org.exist.dom.persistent.NodeProxyTest,139,9,0,17,6,0.0,7,57.43843731271014
exist-core/src/test/java/org/exist/dom/persistent/NewArrayNodeSetTest.java,org.exist.dom.persistent.NewArrayNodeSetTest,88,4,0,10,1,0.0,6,54.444211902844586
exist-core/src/test/java/org/exist/dom/persistent/NodeTest.java,org.exist.dom.persistent.NodeTest,215,7,3,10,1,1.0,24,47.63993471383875
exist-core/src/test/java/org/exist/dom/persistent/PersistentDomTest.java,org.exist.dom.persistent.PersistentDomTest,439,24,11,27,2,0.07608695652173914,36,54.98844757411138
exist-core/src/test/java/org/exist/dom/persistent/CDataIntergationTest.java,org.exist.dom.persistent.CDataIntergationTest,67,2,4,2,1,1.0,20,48.07145817589441
exist-core/src/test/java/org/exist/dom/persistent/CommentTest.java,org.exist.dom.persistent.CommentTest,40,1,1,1,1,1.0,16,44.806793492036576
exist-core/src/test/java/org/exist/dom/persistent/DocTypeTest.java,org.exist.dom.persistent.DocTypeTest,128,4,4,4,1,1.0,23,48.144823895635334
exist-core/src/test/java/org/exist/dom/persistent/SymbolTableTest.java,org.exist.dom.persistent.SymbolTableTest,189,13,0,13,1,0.0,12,58.57043716406641
exist-core/src/test/java/org/exist/dom/persistent/ElementImplTest.java,org.exist.dom.persistent.ElementImplTest,85,4,0,4,4,0.0,8,54.02538871570345
exist-core/src/test/java/org/exist/dom/persistent/BasicNodeSetTest.java,org.exist.dom.persistent.BasicNodeSetTest,502,37,5,40,1,0.13663663663663664,39,57.68927893584155
exist-core/src/test/java/org/exist/w3c/tests/TestCase.java,org.exist.w3c.tests.TestCase,363,15,6,73,3,0.047619047619047616,45,51.50408912056599
exist-core/src/test/java/org/exist/xmldb/BinaryResourceUpdateIT.java,org.exist.xmldb.BinaryResourceUpdateIT,57,3,6,4,1,1.0,13,55.73413800229526
exist-core/src/test/java/org/exist/xmldb/MultiDBTest.java,org.exist.xmldb.MultiDBTest,88,5,3,11,1,0.3,24,55.86981717903446
exist-core/src/test/java/org/exist/xmldb/BinaryResourceUpdateTest.java,org.exist.xmldb.BinaryResourceUpdateTest,55,3,6,4,1,1.0,13,56.11600642493757
exist-core/src/test/java/org/exist/xmldb/TestEXistXMLSerialize.java,org.exist.xmldb.TestEXistXMLSerialize,161,7,5,9,1,1.0,29,51.735406388113404
exist-core/src/test/java/org/exist/xmldb/RemoteCollectionTest.java,org.exist.xmldb.RemoteCollectionTest,303,26,2,32,24,0.0,50,61.00499934617432
exist-core/src/test/java/org/exist/xmldb/XmldbURITest.java,org.exist.xmldb.XmldbURITest,831,63,0,79,63,0.0,5,59.53740469101944
exist-core/src/test/java/org/exist/xmldb/DeleteCollectionTest.java,org.exist.xmldb.DeleteCollectionTest,73,5,9,5,1,0.4,11,60.09336328687908
exist-core/src/test/java/org/exist/xmldb/ResourceTest.java,org.exist.xmldb.ResourceTest,390,20,2,28,3,0.4789473684210526,39,54.94331878631186
exist-core/src/test/java/org/exist/xmldb/RemoteDatabaseImplTest.java,org.exist.xmldb.RemoteDatabaseImplTest,45,2,1,4,2,0.0,14,52.21697299753967
exist-core/src/test/java/org/exist/xmldb/ShutdownIT.java,org.exist.xmldb.ShutdownIT,83,3,6,5,1,1.0,9,51.560810582390005
exist-core/src/test/java/org/exist/xmldb/SerializationTest.java,org.exist.xmldb.SerializationTest,233,14,16,18,1,0.6153846153846154,23,57.489057505352775
exist-core/src/test/java/org/exist/xmldb/CopyMoveTest.java,org.exist.xmldb.CopyMoveTest,104,5,2,5,1,1.0,16,53.120930335207035
exist-core/src/test/java/org/exist/xmldb/DeclareVariableTest.java,org.exist.xmldb.DeclareVariableTest,77,7,6,7,1,0.19047619047619047,15,63.35335377975018
exist-core/src/test/java/org/exist/xmldb/ResourceSetTest.java,org.exist.xmldb.ResourceSetTest,66,4,3,4,1,1.0,12,56.60441142613056
exist-core/src/test/java/org/exist/xmldb/CreateCollectionsTest.java,org.exist.xmldb.CreateCollectionsTest,178,11,2,13,2,0.509090909090909,33,56.35343078010761
exist-core/src/test/java/org/exist/xmldb/LocalXMLResourceDOMTest.java,org.exist.xmldb.LocalXMLResourceDOMTest,78,4,2,8,1,1.0,13,54.76965338110801
exist-core/src/test/java/org/exist/xmldb/concurrent/ConcurrentResourceTest2.java,org.exist.xmldb.concurrent.ConcurrentResourceTest2,48,4,2,5,3,0.0,12,62.00273551301402
exist-core/src/test/java/org/exist/xmldb/concurrent/ConcurrentAttrUpdateTest.java,org.exist.xmldb.concurrent.ConcurrentAttrUpdateTest,38,4,2,4,2,0.3333333333333333,8,66.9853347450458
exist-core/src/test/java/org/exist/xmldb/concurrent/DeadlockTest.java,org.exist.xmldb.concurrent.DeadlockTest,57,1,3,3,1,1.0,2,45.35618280225566
exist-core/src/test/java/org/exist/xmldb/concurrent/TextUpdateTest.java,org.exist.xmldb.concurrent.TextUpdateTest,26,3,1,3,3,0.0,6,69.32645051729004
exist-core/src/test/java/org/exist/xmldb/concurrent/ValueIndexUpdateTest.java,org.exist.xmldb.concurrent.ValueIndexUpdateTest,33,3,1,3,3,0.0,7,66.0778950662328
exist-core/src/test/java/org/exist/xmldb/concurrent/ComplexUpdateTest.java,org.exist.xmldb.concurrent.ComplexUpdateTest,29,3,1,3,3,0.0,8,66.389193654302
exist-core/src/test/java/org/exist/xmldb/concurrent/FragmentsTest.java,org.exist.xmldb.concurrent.FragmentsTest,44,4,2,5,2,0.5,8,63.926453190284384
exist-core/src/test/java/org/exist/xmldb/concurrent/ConcurrentXUpdateTest.java,org.exist.xmldb.concurrent.ConcurrentXUpdateTest,56,4,3,4,2,0.3333333333333333,10,62.1262628268112
exist-core/src/test/java/org/exist/xmldb/concurrent/action/CreateCollectionAction.java,org.exist.xmldb.concurrent.action.CreateCollectionAction,35,3,1,5,2,0.0,8,61.469972154045685
exist-core/src/test/java/org/exist/xmldb/concurrent/action/XQueryUpdateAction.java,org.exist.xmldb.concurrent.action.XQueryUpdateAction,30,2,1,2,2,0.0,5,62.19748986989516
exist-core/src/test/java/org/exist/xmldb/concurrent/action/RemoveAppendAction.java,org.exist.xmldb.concurrent.action.RemoveAppendAction,49,4,2,6,1,0.16666666666666666,5,62.866167866548004
exist-core/src/test/java/org/exist/xmldb/concurrent/action/AttributeUpdateAction.java,org.exist.xmldb.concurrent.action.AttributeUpdateAction,32,2,3,3,2,0.0,6,58.98475986486545
exist-core/src/test/java/org/exist/xmldb/concurrent/action/RetrieveResourceAction.java,org.exist.xmldb.concurrent.action.RetrieveResourceAction,18,2,0,2,2,0.0,5,67.03689051609928
exist-core/src/test/java/org/exist/xmldb/concurrent/action/Action.java,org.exist.xmldb.concurrent.action.Action,23,2,2,2,2,0.0,0,70.4040245674174
exist-core/src/test/java/org/exist/xmldb/concurrent/action/ValueAppendAction.java,org.exist.xmldb.concurrent.action.ValueAppendAction,57,5,1,7,2,0.0,9,62.57105296202098
exist-core/src/test/java/org/exist/xmldb/concurrent/action/XQueryAction.java,org.exist.xmldb.concurrent.action.XQueryAction,47,4,3,6,1,0.6666666666666666,9,62.807878252772916
exist-core/src/test/java/org/exist/xmldb/concurrent/action/TextUpdateAction.java,org.exist.xmldb.concurrent.action.TextUpdateAction,68,2,5,2,1,1.0,10,48.7636920028107
exist-core/src/test/java/org/exist/xmldb/concurrent/action/ComplexUpdateAction.java,org.exist.xmldb.concurrent.action.ComplexUpdateAction,95,4,3,6,1,0.16666666666666666,12,54.5103188366017
exist-core/src/test/java/org/exist/xmldb/concurrent/action/ReplaceResourceAction.java,org.exist.xmldb.concurrent.action.ReplaceResourceAction,55,2,5,2,2,0.0,7,51.81753702160643
exist-core/src/test/java/org/exist/xmldb/concurrent/action/MultiResourcesAction.java,org.exist.xmldb.concurrent.action.MultiResourcesAction,34,3,1,7,1,0.3333333333333333,7,62.838750083943516
exist-core/src/test/java/org/exist/xmldb/concurrent/ConcurrentResourceTest3.java,org.exist.xmldb.concurrent.ConcurrentResourceTest3,28,3,2,3,3,0.0,8,66.53987252809206
exist-core/src/test/java/org/exist/xmldb/concurrent/ConcurrentQueryUpdateTest.java,org.exist.xmldb.concurrent.ConcurrentQueryUpdateTest,36,4,0,5,4,0.0,12,65.08295544998103
exist-core/src/test/java/org/exist/xmldb/concurrent/ConcurrentResourceTest.java,org.exist.xmldb.concurrent.ConcurrentResourceTest,29,3,0,3,3,0.0,8,65.01897988451655
exist-core/src/test/java/org/exist/xmldb/concurrent/DBUtils.java,org.exist.xmldb.concurrent.DBUtils,136,14,0,21,7,0.0,20,65.27169803191805
exist-core/src/test/java/org/exist/xmldb/concurrent/ConcurrentQueryTest.java,org.exist.xmldb.concurrent.ConcurrentQueryTest,38,4,4,4,3,0.16666666666666666,7,65.75757841802812
exist-core/src/test/java/org/exist/xmldb/concurrent/XMLGenerator.java,org.exist.xmldb.concurrent.XMLGenerator,90,5,6,16,1,0.3,6,56.05213204225976
exist-core/src/test/java/org/exist/xmldb/concurrent/ConcurrentTestBase.java,org.exist.xmldb.concurrent.ConcurrentTestBase,215,7,3,20,2,0.14285714285714285,14,52.15714536991671
exist-core/src/test/java/org/exist/xmldb/CollectionTest.java,org.exist.xmldb.CollectionTest,24,3,1,3,1,1.0,6,68.43829351863118
exist-core/src/test/java/org/exist/xmldb/ContentAsDOMTest.java,org.exist.xmldb.ContentAsDOMTest,69,3,4,4,1,1.0,19,52.80015624123659
exist-core/src/test/java/org/exist/xmldb/CollectionConfigurationTest.java,org.exist.xmldb.CollectionConfigurationTest,1370,37,18,60,1,0.6231231231231231,20,45.506408231219474
exist-core/src/test/java/org/exist/xmldb/DOMJUnitTest.java,org.exist.xmldb.DOMJUnitTest,81,3,3,9,1,0.3333333333333333,15,50.10343965077388
exist-core/src/test/java/org/exist/xmldb/DOMTest.java,org.exist.xmldb.DOMTest,241,6,3,10,1,0.4,23,46.27916161474183
exist-core/src/test/java/org/exist/xmldb/TreeLevelOrderTest.java,org.exist.xmldb.TreeLevelOrderTest,101,3,3,7,1,0.3333333333333333,13,48.69018109474176
exist-core/src/test/java/org/exist/xmldb/RemoteDBTest.java,org.exist.xmldb.RemoteDBTest,63,6,4,7,1,0.26666666666666666,10,64.18879908264192
exist-core/src/test/java/org/exist/xmldb/IndexingTest.java,org.exist.xmldb.IndexingTest,342,11,15,30,2,0.2727272727272727,21,50.559511706532064
exist-core/src/test/java/org/exist/xmldb/RenameCollectionTest.java,org.exist.xmldb.RenameCollectionTest,108,6,9,7,1,0.4666666666666667,14,56.81484387354266
exist-core/src/test/java/org/exist/xmldb/AbstractLocalServiceTest.java,org.exist.xmldb.AbstractLocalServiceTest,63,6,4,6,1,1.0,14,65.57706032805791
exist-core/src/test/java/org/exist/xmldb/RemoteQueryTest.java,org.exist.xmldb.RemoteQueryTest,88,4,2,7,1,1.0,24,52.53924174195139
exist-core/src/test/java/org/exist/xmldb/LocalCollectionTest.java,org.exist.xmldb.LocalCollectionTest,99,13,2,13,1,0.8589743589743589,24,67.5790203906858
exist-core/src/test/java/org/exist/xmldb/AbstractRemoteServiceTest.java,org.exist.xmldb.AbstractRemoteServiceTest,59,6,2,6,1,1.0,14,66.29002992850506
exist-core/src/test/java/org/exist/xmldb/MoveCollectionTest.java,org.exist.xmldb.MoveCollectionTest,79,5,10,5,1,0.4,13,58.62748312004059
exist-core/src/test/java/org/exist/launcher/WindowsServiceManagerTest.java,org.exist.launcher.WindowsServiceManagerTest,47,2,0,2,2,0.0,3,50.79421447527148
exist-core/src/test/java/org/exist/validation/DatabaseInsertResourcesNoValidationTest.java,org.exist.validation.DatabaseInsertResourcesNoValidationTest,143,7,3,7,1,0.47619047619047616,13,54.00148307986281
exist-core/src/test/java/org/exist/validation/DtdEntityTest.java,org.exist.validation.DtdEntityTest,50,2,1,4,1,1.0,4,52.958291595940686
exist-core/src/test/java/org/exist/validation/DatabaseCollectionTest.java,org.exist.validation.DatabaseCollectionTest,50,3,3,3,1,1.0,10,57.21121791459699
exist-core/src/test/java/org/exist/validation/CollectionConfigurationValidationModeTest.java,org.exist.validation.CollectionConfigurationValidationModeTest,223,8,8,13,1,0.4642857142857143,8,52.929310534625046
exist-core/src/test/java/org/exist/validation/DatabaseInsertResourcesWithValidationTest.java,org.exist.validation.DatabaseInsertResourcesWithValidationTest,127,8,3,10,1,0.21428571428571427,15,58.37833320593909
exist-core/src/test/java/org/exist/validation/GrammarPoolTest.java,org.exist.validation.GrammarPoolTest,98,5,2,7,1,0.3,10,56.534342428149834
exist-core/src/test/java/org/exist/validation/ApacheXmlComponentsTest.java,org.exist.validation.ApacheXmlComponentsTest,27,2,0,2,2,0.0,3,63.19931208879628
exist-core/src/test/java/org/exist/validation/CollectionConfigurationTest.java,org.exist.validation.CollectionConfigurationTest,40,3,2,3,1,0.3333333333333333,7,61.10523223989974
exist-core/src/test/java/org/exist/validation/CollectionConfigSchema6000Test.java,org.exist.validation.CollectionConfigSchema6000Test,65,2,1,4,1,0.0,9,49.52874546281259
exist-core/src/test/java/org/exist/validation/internal/DatabaseResourcesTest.java,org.exist.validation.internal.DatabaseResourcesTest,27,1,1,1,1,1.0,9,50.194398926939044
exist-core/src/test/java/org/exist/validation/TestTools.java,org.exist.validation.TestTools,34,2,4,2,2,0.0,5,60.004189431247745
exist-core/src/test/java/org/exist/xinclude/W3CXIncludeTestSuite.java,org.exist.xinclude.W3CXIncludeTestSuite,327,9,11,41,1,0.05555555555555555,40,45.251941120231976
exist-core/src/test/java/org/exist/collections/CollectionRemovalTest.java,org.exist.collections.CollectionRemovalTest,168,8,4,12,3,0.10714285714285714,28,54.085001113501534
exist-core/src/test/java/org/exist/collections/InitCollectionConfigurationTest.java,org.exist.collections.InitCollectionConfigurationTest,24,1,1,1,1,1.0,10,53.03057940542914
exist-core/src/test/java/org/exist/collections/CollectionStoreTest.java,org.exist.collections.CollectionStoreTest,91,4,5,6,1,0.16666666666666666,26,51.83504461666578
exist-core/src/test/java/org/exist/collections/OpenCollectionTest.java,org.exist.collections.OpenCollectionTest,47,4,2,4,1,0.16666666666666666,11,62.35466417712821
exist-core/src/test/java/org/exist/collections/ConcurrencyTest.java,org.exist.collections.ConcurrencyTest,126,5,7,9,3,0.1,14,53.33960156367903
exist-core/src/test/java/org/exist/collections/triggers/CollectionTriggerTest.java,org.exist.collections.triggers.CollectionTriggerTest,71,5,5,5,1,0.9,10,61.03040165811686
exist-core/src/test/java/org/exist/collections/triggers/StoreTrigger.java,org.exist.collections.triggers.StoreTrigger,69,14,0,14,14,0.0,2,78.33590932680423
exist-core/src/test/java/org/exist/collections/triggers/TestTrigger.java,org.exist.collections.triggers.TestTrigger,132,14,3,18,11,0.06593406593406594,16,65.64282869046703
exist-core/src/test/java/org/exist/collections/triggers/XQueryTriggerChainTest.java,org.exist.collections.triggers.XQueryTriggerChainTest,203,2,13,3,1,1.0,16,34.09551110149595
exist-core/src/test/java/org/exist/collections/triggers/XQueryTriggerTest.java,org.exist.collections.triggers.XQueryTriggerTest,698,12,30,16,1,1.0,21,41.80435127641474
exist-core/src/test/java/org/exist/collections/triggers/XQueryTriggerSetGidTest.java,org.exist.collections.triggers.XQueryTriggerSetGidTest,173,2,11,2,1,1.0,21,35.46708891235971
exist-core/src/test/java/org/exist/collections/triggers/HistoryTriggerTest.java,org.exist.collections.triggers.HistoryTriggerTest,167,7,4,7,1,0.6190476190476191,23,52.197874215180185
exist-core/src/test/java/org/exist/collections/triggers/CountingCollectionTrigger.java,org.exist.collections.triggers.CountingCollectionTrigger,147,9,1,9,1,1.0,1,68.66218155282196
exist-core/src/test/java/org/exist/collections/triggers/XQueryTriggerSetUidTest.java,org.exist.collections.triggers.XQueryTriggerSetUidTest,175,2,11,2,1,1.0,21,35.54611300203061
exist-core/src/test/java/org/exist/collections/triggers/SAXTriggerTest.java,org.exist.collections.triggers.SAXTriggerTest,128,6,7,10,3,0.4,16,54.42956341511462
exist-core/src/test/java/org/exist/collections/triggers/XQueryTrigger2Test.java,org.exist.collections.triggers.XQueryTrigger2Test,569,12,34,16,1,1.0,21,43.66831313279414
exist-core/src/test/java/org/exist/collections/triggers/TriggerConfigTest.java,org.exist.collections.triggers.TriggerConfigTest,175,8,7,17,4,0.35714285714285715,15,52.793293344309426
exist-core/src/test/java/org/exist/collections/triggers/AnotherTrigger.java,org.exist.collections.triggers.AnotherTrigger,104,17,3,19,13,0.051470588235294115,3,72.93850231962617
exist-core/src/test/java/org/exist/collections/CollectionURITest.java,org.exist.collections.CollectionURITest,41,2,0,2,2,0.0,3,53.49603705478268
exist-core/src/test/java/org/exist/collections/CollectionOrderTest.java,org.exist.collections.CollectionOrderTest,345,16,7,28,2,0.30833333333333335,28,53.87303836063473
exist-ant/src/main/java/org/exist/ant/XMLDBExistTask.java,org.exist.ant.XMLDBExistTask,63,2,1,8,1,1.0,6,50.46904414312359
exist-ant/src/main/java/org/exist/ant/ListGroupsTask.java,org.exist.ant.ListGroupsTask,71,3,2,9,1,0.6666666666666666,9,54.32071938945517
exist-ant/src/main/java/org/exist/ant/UserPasswordTask.java,org.exist.ant.UserPasswordTask,67,3,2,9,1,0.6666666666666666,8,54.90386005912696
exist-ant/src/main/java/org/exist/ant/AbstractXMLDBTask.java,org.exist.ant.AbstractXMLDBTask,292,15,10,41,2,0.19047619047619047,19,56.64865209989769
exist-ant/src/main/java/org/exist/ant/ListUsersTask.java,org.exist.ant.ListUsersTask,71,3,2,9,1,0.6666666666666666,10,54.20168839944006
exist-ant/src/main/java/org/exist/ant/XMLDBExtractTask.java,org.exist.ant.XMLDBExtractTask,306,14,6,55,2,0.25274725274725274,19,54.149808188866906
exist-ant/src/main/java/org/exist/ant/LockResourceTask.java,org.exist.ant.LockResourceTask,75,3,2,11,1,0.6666666666666666,7,53.58238557052847
exist-ant/src/main/java/org/exist/ant/XMLDBXPathTask.java,org.exist.ant.XMLDBXPathTask,205,10,7,32,1,0.15555555555555556,26,54.02655687628222
exist-ant/src/main/java/org/exist/ant/XMLDBCreateTask.java,org.exist.ant.XMLDBCreateTask,118,3,1,14,1,0.3333333333333333,11,46.07435643835264
exist-ant/src/main/java/org/exist/ant/AddUserTask.java,org.exist.ant.AddUserTask,68,4,3,9,1,0.5,7,59.49273920615308
exist-ant/src/main/java/org/exist/ant/UserTask.java,org.exist.ant.UserTask,52,1,2,6,1,1.0,8,43.86551362508067
exist-ant/src/main/java/org/exist/ant/XMLDBMoveTask.java,org.exist.ant.XMLDBMoveTask,122,5,4,17,1,0.4,11,52.85070754875289
exist-ant/src/main/java/org/exist/ant/RemoveUserTask.java,org.exist.ant.RemoveUserTask,47,2,1,6,1,1.0,6,55.50069686335127
exist-ant/src/main/java/org/exist/ant/ChownTask.java,org.exist.ant.ChownTask,64,4,3,9,1,0.5,7,60.00887110142479
exist-ant/src/main/java/org/exist/ant/XMLDBShutdownTask.java,org.exist.ant.XMLDBShutdownTask,54,1,0,6,1,1.0,8,43.08914213156682
exist-ant/src/main/java/org/exist/ant/BackupTask.java,org.exist.ant.BackupTask,59,3,2,7,1,0.6666666666666666,8,56.78565451529133
exist-ant/src/main/java/org/exist/ant/XMLDBXQueryTask.java,org.exist.ant.XMLDBXQueryTask,223,10,7,35,1,0.15555555555555556,36,52.789658592405296
exist-ant/src/main/java/org/exist/ant/XMLDBCopyTask.java,org.exist.ant.XMLDBCopyTask,123,5,4,17,1,0.4,11,52.773370921645046
exist-ant/src/main/java/org/exist/ant/RestoreTask.java,org.exist.ant.RestoreTask,156,6,5,25,1,0.3333333333333333,16,50.74732052931876
exist-ant/src/main/java/org/exist/ant/XMLDBListTask.java,org.exist.ant.XMLDBListTask,132,5,4,22,1,0.4,11,52.12296809730067
exist-ant/src/main/java/org/exist/ant/AddGroupTask.java,org.exist.ant.AddGroupTask,45,2,1,5,1,1.0,7,55.805774362042875
exist-ant/src/main/java/org/exist/ant/XMLDBStoreTask.java,org.exist.ant.XMLDBStoreTask,345,12,11,68,1,0.15151515151515152,22,48.75268035970606
exist-ant/src/main/java/org/exist/ant/ChmodTask.java,org.exist.ant.ChmodTask,64,3,2,8,1,0.6666666666666666,7,56.719127922776195
exist-ant/src/main/java/org/exist/ant/XMLDBXUpdateTask.java,org.exist.ant.XMLDBXUpdateTask,89,3,2,11,1,0.6666666666666666,9,50.55281224595334
exist-ant/src/main/java/org/exist/ant/XMLDBRemoveTask.java,org.exist.ant.XMLDBRemoveTask,92,3,2,12,1,0.6666666666666666,9,50.4234315305097
exist-ant/src/main/java/org/exist/ant/RemoveGroupTask.java,org.exist.ant.RemoveGroupTask,49,2,1,6,1,1.0,6,54.041966508760446
exist-ant/src/test/java/org/exist/ant/ServerTaskTest.java,org.exist.ant.ServerTaskTest,56,5,2,5,3,0.3,12,62.390973907782566
exist-ant/src/test/java/org/exist/ant/UserTaskTest.java,org.exist.ant.UserTaskTest,71,5,3,5,3,0.3,9,59.529768610954804
exist-ant/src/test/java/org/exist/ant/BaseTaskTest.java,org.exist.ant.BaseTaskTest,57,3,2,3,3,0.0,32,55.60876560422543
exist-ant/src/test/java/org/exist/ant/FileTaskTest.java,org.exist.ant.FileTaskTest,73,6,6,6,3,0.4,17,60.91418721162396
exist-ant/src/test/java/org/exist/ant/AbstractTaskTest.java,org.exist.ant.AbstractTaskTest,28,2,5,2,1,0.0,6,60.91703686495872
exist-ant/src/test/java/org/exist/ant/XmldbTaskTest.java,org.exist.ant.XmldbTaskTest,278,20,16,20,3,0.8052631578947368,22,59.037164109041306
exist-service/src/main/java/org/exist/service/ExistDbDaemon.java,org.exist.service.ExistDbDaemon,81,7,4,13,1,0.5238095238095238,9,63.694725159406005
extensions/contentextraction/src/main/java/org/exist/contentextraction/xquery/ContentFunctions.java,org.exist.contentextraction.xquery.ContentFunctions,171,4,3,17,2,0.0,25,44.83016413233418
extensions/contentextraction/src/main/java/org/exist/contentextraction/xquery/ContentExtractionModule.java,org.exist.contentextraction.xquery.ContentExtractionModule,49,5,5,5,5,0.0,1,74.08723491472577
extensions/contentextraction/src/main/java/org/exist/contentextraction/ContentExtractionException.java,org.exist.contentextraction.ContentExtractionException,12,1,0,1,1,1.0,1,70.00082822029196
extensions/contentextraction/src/main/java/org/exist/contentextraction/ContentExtraction.java,org.exist.contentextraction.ContentExtraction,33,3,1,5,1,0.3333333333333333,6,63.57262580494655
extensions/contentextraction/src/main/java/org/exist/contentextraction/ContentReceiver.java,org.exist.contentextraction.ContentReceiver,228,21,12,32,13,0.08095238095238096,9,66.73327626208022
extensions/contentextraction/src/test/java/org/exist/contentextraction/xquery/ContentFunctionsTest.java,org.exist.contentextraction.xquery.ContentFunctionsTest,135,5,1,6,1,1.0,20,50.5497898364212
extensions/contentextraction/src/test/java/org/exist/contentextraction/xquery/Util.java,org.exist.contentextraction.xquery.Util,47,3,0,6,2,0.0,9,58.17956007978648
extensions/exiftool/src/main/java/org/exist/exiftool/xquery/MetadataFunctions.java,org.exist.exiftool.xquery.MetadataFunctions,157,6,2,18,2,0.0,33,50.88026373505064
extensions/exiftool/src/main/java/org/exist/exiftool/xquery/ExiftoolModule.java,org.exist.exiftool.xquery.ExiftoolModule,50,7,5,7,7,0.0,3,74.76153083466771
extensions/expath/src/main/java/org/expath/exist/SendRequestFunction.java,org.expath.exist.SendRequestFunction,139,4,6,17,2,0.0,21,48.63360496551434
extensions/expath/src/main/java/org/expath/exist/ZipModule.java,org.expath.exist.ZipModule,48,5,5,5,5,0.0,1,74.9012009320088
extensions/expath/src/main/java/org/expath/exist/ZipEntryFunctions.java,org.expath.exist.ZipEntryFunctions,205,6,8,19,2,0.0,22,50.14917395213515
extensions/expath/src/main/java/org/expath/exist/ZipFileFunctions.java,org.expath.exist.ZipFileFunctions,276,7,7,29,2,0.14285714285714285,33,45.82297814895126
extensions/expath/src/main/java/org/expath/exist/HttpClientModule.java,org.expath.exist.HttpClientModule,43,5,5,5,5,0.0,1,75.94331467614454
extensions/expath/src/main/java/org/expath/httpclient/model/exist/EXistResult.java,org.expath.httpclient.model.exist.EXistResult,105,7,3,15,1,0.8095238095238095,21,59.007193270021254
extensions/expath/src/main/java/org/expath/httpclient/model/exist/EXistTreeBuilder.java,org.expath.httpclient.model.exist.EXistTreeBuilder,66,7,1,9,2,0.47619047619047616,9,66.34030914679877
extensions/expath/src/main/java/org/expath/tools/model/exist/EXistSequence.java,org.expath.tools.model.exist.EXistSequence,136,10,3,27,1,0.1111111111111111,19,59.6305033905348
extensions/expath/src/main/java/org/expath/tools/model/exist/EXistElement.java,org.expath.tools.model.exist.EXistElement,247,16,2,34,4,0.55,22,59.388154011076
extensions/expath/src/main/java/org/expath/tools/model/exist/EXistAttribute.java,org.expath.tools.model.exist.EXistAttribute,43,6,1,7,1,1.0,5,71.75370912971843
extensions/expath/src/test/java/org/expath/exist/HttpClientTest.java,org.expath.exist.HttpClientTest,53,3,1,6,1,0.0,10,58.06025345446964
extensions/exquery/modules/request/src/main/java/org/exist/extensions/exquery/modules/request/AbstractRequestModuleFunction.java,org.exist.extensions.exquery.modules.request.AbstractRequestModuleFunction,23,3,0,4,2,0.0,6,69.99850824511047
extensions/exquery/modules/request/src/main/java/org/exist/extensions/exquery/modules/request/HeaderFunctions.java,org.exist.extensions.exquery.modules.request.HeaderFunctions,79,3,5,9,2,0.0,10,52.759915093601094
extensions/exquery/modules/request/src/main/java/org/exist/extensions/exquery/modules/request/CookieFunctions.java,org.exist.extensions.exquery.modules.request.CookieFunctions,67,3,3,7,2,0.0,9,55.23514934778324
extensions/exquery/modules/request/src/main/java/org/exist/extensions/exquery/modules/request/RequestModule.java,org.exist.extensions.exquery.modules.request.RequestModule,66,5,5,5,5,0.0,1,71.88427084772795
extensions/exquery/modules/request/src/main/java/org/exist/extensions/exquery/modules/request/GeneralFunctions.java,org.exist.extensions.exquery.modules.request.GeneralFunctions,25,2,2,2,2,0.0,4,67.10372012477762
extensions/exquery/modules/request/src/main/java/org/exist/extensions/exquery/modules/request/URIFunctions.java,org.exist.extensions.exquery.modules.request.URIFunctions,93,2,12,9,2,0.0,8,46.00557388269677
extensions/exquery/modules/request/src/main/java/org/exist/extensions/exquery/modules/request/ParameterFunctions.java,org.exist.extensions.exquery.modules.request.ParameterFunctions,86,3,5,11,2,0.0,11,51.27135747624137
extensions/exquery/modules/request/src/main/java/org/exist/extensions/exquery/modules/request/ConnectionFunctions.java,org.exist.extensions.exquery.modules.request.ConnectionFunctions,67,2,8,6,2,0.0,7,50.923298596398205
extensions/exquery/restxq/src/main/java/org/exist/extensions/exquery/restxq/impl/xquery/exist/ExistRestXqModule.java,org.exist.extensions.exquery.restxq.impl.xquery.exist.ExistRestXqModule,46,5,4,5,5,0.0,1,75.30439727913424
extensions/exquery/restxq/src/main/java/org/exist/extensions/exquery/restxq/impl/xquery/exist/RegistryFunctions.java,org.exist.extensions.exquery.restxq.impl.xquery.exist.RegistryFunctions,334,9,25,42,2,0.027777777777777776,35,45.98622883328423
extensions/exquery/restxq/src/main/java/org/exist/extensions/exquery/restxq/impl/xquery/UriFunctions.java,org.exist.extensions.exquery.restxq.impl.xquery.UriFunctions,46,2,1,4,2,0.0,9,56.39008393577993
extensions/exquery/restxq/src/main/java/org/exist/extensions/exquery/restxq/impl/xquery/RestXqModule.java,org.exist.extensions.exquery.restxq.impl.xquery.RestXqModule,41,5,4,5,5,0.0,1,76.3945277718322
extensions/exquery/restxq/src/main/java/org/exist/extensions/exquery/restxq/impl/xquery/RegistryFunctions.java,org.exist.extensions.exquery.restxq.impl.xquery.RegistryFunctions,179,6,16,22,2,0.0,26,49.12744586798247
extensions/exquery/restxq/src/main/java/org/exist/extensions/exquery/restxq/impl/XQueryInspector.java,org.exist.extensions.exquery.restxq.impl.XQueryInspector,103,4,0,18,2,0.0,25,51.05867830337067
extensions/exquery/restxq/src/main/java/org/exist/extensions/exquery/restxq/impl/RestXqServiceRegistryLogger.java,org.exist.extensions.exquery.restxq.impl.RestXqServiceRegistryLogger,31,3,1,3,1,0.3333333333333333,6,64.12598951999475
extensions/exquery/restxq/src/main/java/org/exist/extensions/exquery/restxq/impl/RestXqServiceSerializerImpl.java,org.exist.extensions.exquery.restxq.impl.RestXqServiceSerializerImpl,68,5,1,14,2,0.1,18,58.983530783601914
extensions/exquery/restxq/src/main/java/org/exist/extensions/exquery/restxq/impl/adapters/SequenceAdapter.java,org.exist.extensions.exquery.restxq.impl.adapters.SequenceAdapter,105,14,3,22,6,0.12087912087912088,11,68.66396440453124
extensions/exquery/restxq/src/main/java/org/exist/extensions/exquery/restxq/impl/adapters/HttpServletRequestAdapter.java,org.exist.extensions.exquery.restxq.impl.adapters.HttpServletRequestAdapter,233,24,4,43,1,0.8369565217391305,22,65.27855922979454
extensions/exquery/restxq/src/main/java/org/exist/extensions/exquery/restxq/impl/adapters/FunctionSignatureAdapter.java,org.exist.extensions.exquery.restxq.impl.adapters.FunctionSignatureAdapter,89,11,4,16,2,0.2727272727272727,6,67.86122827540434
extensions/exquery/restxq/src/main/java/org/exist/extensions/exquery/restxq/impl/adapters/LiteralValueAdapter.java,org.exist.extensions.exquery.restxq.impl.adapters.LiteralValueAdapter,40,6,2,7,2,0.4,3,72.78940169110123
extensions/exquery/restxq/src/main/java/org/exist/extensions/exquery/restxq/impl/adapters/CardinalityAdapter.java,org.exist.extensions.exquery.restxq.impl.adapters.CardinalityAdapter,18,1,0,7,1,1.0,1,58.683672530454395
extensions/exquery/restxq/src/main/java/org/exist/extensions/exquery/restxq/impl/adapters/FunctionParameterSequenceTypeAdapter.java,org.exist.extensions.exquery.restxq.impl.adapters.FunctionParameterSequenceTypeAdapter,46,8,3,8,2,0.32142857142857145,4,75.03339616019096
extensions/exquery/restxq/src/main/java/org/exist/extensions/exquery/restxq/impl/adapters/TypeAdapter.java,org.exist.extensions.exquery.restxq.impl.adapters.TypeAdapter,188,2,1,4,1,1.0,5,43.50892317864981
extensions/exquery/restxq/src/main/java/org/exist/extensions/exquery/restxq/impl/adapters/HttpServletResponseAdapter.java,org.exist.extensions.exquery.restxq.impl.adapters.HttpServletResponseAdapter,50,8,1,8,1,1.0,3,75.33294074438889
extensions/exquery/restxq/src/main/java/org/exist/extensions/exquery/restxq/impl/adapters/AnnotationAdapter.java,org.exist.extensions.exquery.restxq.impl.adapters.AnnotationAdapter,49,7,3,8,2,0.23809523809523808,4,71.15284098148479
extensions/exquery/restxq/src/main/java/org/exist/extensions/exquery/restxq/impl/adapters/EXQueryErrorCode.java,org.exist.extensions.exquery.restxq.impl.adapters.EXQueryErrorCode,7,1,0,1,1,1.0,5,67.88688736694083
extensions/exquery/restxq/src/main/java/org/exist/extensions/exquery/restxq/impl/adapters/DomEnhancingNodeProxyAdapter.java,org.exist.extensions.exquery.restxq.impl.adapters.DomEnhancingNodeProxyAdapter,57,2,0,10,1,0.0,27,49.235831548231985
extensions/exquery/restxq/src/main/java/org/exist/extensions/exquery/restxq/impl/ExistXqueryRegistry.java,org.exist.extensions.exquery.restxq.impl.ExistXqueryRegistry,422,23,5,57,4,0.07905138339920949,25,57.180617160031616
extensions/exquery/restxq/src/main/java/org/exist/extensions/exquery/restxq/impl/RestXqTrigger.java,org.exist.extensions.exquery.restxq.impl.RestXqTrigger,83,14,0,17,6,0.0,4,74.17254317671316
extensions/exquery/restxq/src/main/java/org/exist/extensions/exquery/restxq/impl/RestXqServiceImpl.java,org.exist.extensions.exquery.restxq.impl.RestXqServiceImpl,224,9,3,41,2,0.1388888888888889,43,51.405086735855434
extensions/exquery/restxq/src/main/java/org/exist/extensions/exquery/restxq/impl/RestXqServiceRegistryPersistence.java,org.exist.extensions.exquery.restxq.impl.RestXqServiceRegistryPersistence,176,10,9,23,1,0.1111111111111111,31,55.63468029459616
extensions/exquery/restxq/src/main/java/org/exist/extensions/exquery/restxq/impl/RestXqStartupTrigger.java,org.exist.extensions.exquery.restxq.impl.RestXqStartupTrigger,15,1,0,1,1,1.0,2,65.87364929535896
extensions/exquery/restxq/src/main/java/org/exist/extensions/exquery/restxq/impl/XQueryCompiler.java,org.exist.extensions.exquery.restxq.impl.XQueryCompiler,52,2,1,9,1,0.0,13,49.93290976590562
extensions/exquery/restxq/src/main/java/org/exist/extensions/exquery/restxq/impl/RestXqServiceCompiledXQueryCacheCleanupListener.java,org.exist.extensions.exquery.restxq.impl.RestXqServiceCompiledXQueryCacheCleanupListener,17,2,0,2,2,0.0,1,73.362366691925
extensions/exquery/restxq/src/main/java/org/exist/extensions/exquery/restxq/impl/RestXqServiceCompiledXQueryCacheImpl.java,org.exist.extensions.exquery.restxq.impl.RestXqServiceCompiledXQueryCacheImpl,103,9,4,11,5,0.2777777777777778,15,64.00786936359455
extensions/exquery/restxq/src/main/java/org/exist/extensions/exquery/restxq/impl/RestXqServlet.java,org.exist.extensions.exquery.restxq.impl.RestXqServlet,71,3,1,10,1,0.3333333333333333,22,51.82059184931677
extensions/exquery/restxq/src/main/java/org/exist/extensions/exquery/restxq/impl/ResourceFunctionExecutorImpl.java,org.exist.extensions.exquery.restxq.impl.ResourceFunctionExecutorImpl,345,12,7,47,4,0.030303030303030304,58,50.18087346167573
extensions/exquery/restxq/src/main/java/org/exist/extensions/exquery/restxq/impl/RestXqServiceRegistryManager.java,org.exist.extensions.exquery.restxq.impl.RestXqServiceRegistryManager,48,1,2,3,1,1.0,8,45.390876854480815
extensions/exquery/restxq/src/main/java/org/exist/extensions/exquery/restxq/impl/RestXqServiceCompilationException.java,org.exist.extensions.exquery.restxq.impl.RestXqServiceCompilationException,15,2,0,2,2,0.0,1,75.14279581375823
extensions/exquery/restxq/src/main/java/org/exist/extensions/exquery/restxq/RestXqServiceCompiledXQueryCache.java,org.exist.extensions.exquery.restxq.RestXqServiceCompiledXQueryCache,15,4,0,4,4,0.0,0,87.34359964461194
extensions/exquery/restxq/src/main/java/org/exist/extensions/exquery/xdm/type/impl/DocumentTypedValue.java,org.exist.extensions.exquery.xdm.type.impl.DocumentTypedValue,16,2,0,2,2,0.0,2,72.70964954234137
extensions/exquery/restxq/src/main/java/org/exist/extensions/exquery/xdm/type/impl/BinaryTypedValue.java,org.exist.extensions.exquery.xdm.type.impl.BinaryTypedValue,12,1,0,1,1,1.0,3,66.30184828667363
extensions/exquery/restxq/src/main/java/org/exist/extensions/exquery/xdm/type/impl/StringTypedValue.java,org.exist.extensions.exquery.xdm.type.impl.StringTypedValue,12,1,0,1,1,1.0,2,68.86840114973768
extensions/exquery/restxq/src/test/java/org/exist/extensions/exquery/restxq/impl/xquery/RegistryFunctionsTest.java,org.exist.extensions.exquery.restxq.impl.xquery.RegistryFunctionsTest,105,7,0,7,5,0.0,22,58.047764117308645
extensions/exquery/restxq/src/test/java/org/exist/extensions/exquery/restxq/impl/LibraryCircularDependencyIntegrationTest.java,org.exist.extensions.exquery.restxq.impl.LibraryCircularDependencyIntegrationTest,123,4,13,6,2,0.5,7,53.247969770170975
extensions/exquery/restxq/src/test/java/org/exist/extensions/exquery/restxq/impl/adapters/DomEnhancingNodeProxyAdapterTest.java,org.exist.extensions.exquery.restxq.impl.adapters.DomEnhancingNodeProxyAdapterTest,141,9,4,9,2,0.027777777777777776,33,57.99785247522656
extensions/exquery/restxq/src/test/java/org/exist/extensions/exquery/restxq/impl/ExistXqueryRegistryTest.java,org.exist.extensions.exquery.restxq.impl.ExistXqueryRegistryTest,49,5,0,5,5,0.0,3,65.68318732900853
extensions/exquery/restxq/src/test/java/org/exist/extensions/exquery/restxq/impl/MediaTypeIntegrationTest.java,org.exist.extensions.exquery.restxq.impl.MediaTypeIntegrationTest,109,6,3,6,2,0.0,13,58.806861907158684
extensions/exquery/restxq/src/test/java/org/exist/extensions/exquery/restxq/impl/AbstractIntegrationTest.java,org.exist.extensions.exquery.restxq.impl.AbstractIntegrationTest,102,10,2,12,2,0.0,27,62.759360322866584
extensions/exquery/restxq/src/test/java/org/exist/extensions/exquery/restxq/impl/AbstractInstanceIntegrationTest.java,org.exist.extensions.exquery.restxq.impl.AbstractInstanceIntegrationTest,47,9,2,9,1,1.0,5,75.21317388740768
extensions/exquery/restxq/src/test/java/org/exist/extensions/exquery/restxq/impl/AbstractClassIntegrationTest.java,org.exist.extensions.exquery.restxq.impl.AbstractClassIntegrationTest,39,7,2,7,1,1.0,5,74.35350125171507
extensions/exquery/restxq/src/test/java/org/exist/extensions/exquery/restxq/impl/SelfImportCircularDependencyIntegrationTest.java,org.exist.extensions.exquery.restxq.impl.SelfImportCircularDependencyIntegrationTest,47,2,5,2,1,1.0,1,60.3655702928779
extensions/webdav/src/main/java/org/exist/webdav/MiltonCollection.java,org.exist.webdav.MiltonCollection,398,22,1,51,8,0.23809523809523808,30,56.99662936197693
extensions/webdav/src/main/java/org/exist/webdav/ExistResourceFactory.java,org.exist.webdav.ExistResourceFactory,186,3,3,26,1,1.0,21,40.365857612895134
extensions/webdav/src/main/java/org/exist/webdav/ExistCollection.java,org.exist.webdav.ExistCollection,373,8,0,53,8,0.0,34,43.22812885381891
extensions/webdav/src/main/java/org/exist/webdav/MiltonDocument.java,org.exist.webdav.MiltonDocument,470,17,7,57,3,0.5735294117647058,27,51.7938378343669
extensions/webdav/src/main/java/org/exist/webdav/MiltonWebDAVServlet.java,org.exist.webdav.MiltonWebDAVServlet,56,1,2,5,1,1.0,8,42.52183262287024
extensions/webdav/src/main/java/org/exist/webdav/ExistResource.java,org.exist.webdav.ExistResource,99,13,14,15,11,0.038461538461538464,4,72.94672857709017
extensions/webdav/src/main/java/org/exist/webdav/ExistDocument.java,org.exist.webdav.ExistDocument,624,13,3,96,9,0.038461538461538464,34,42.82470531673297
extensions/webdav/src/main/java/org/exist/webdav/exceptions/DocumentAlreadyLockedException.java,org.exist.webdav.exceptions.DocumentAlreadyLockedException,29,4,1,4,4,0.0,1,76.27938341901857
extensions/webdav/src/main/java/org/exist/webdav/exceptions/CollectionDoesNotExistException.java,org.exist.webdav.exceptions.CollectionDoesNotExistException,29,4,1,4,4,0.0,1,76.27938341901857
extensions/webdav/src/main/java/org/exist/webdav/exceptions/CollectionExistsException.java,org.exist.webdav.exceptions.CollectionExistsException,29,4,1,4,4,0.0,1,76.27938341901857
extensions/webdav/src/main/java/org/exist/webdav/exceptions/EXistWebdavException.java,org.exist.webdav.exceptions.EXistWebdavException,29,4,1,4,4,0.0,1,76.27938341901857
extensions/webdav/src/main/java/org/exist/webdav/exceptions/DocumentNotLockedException.java,org.exist.webdav.exceptions.DocumentNotLockedException,29,4,1,4,4,0.0,1,76.27938341901857
extensions/webdav/src/main/java/org/exist/webdav/MiltonResource.java,org.exist.webdav.MiltonResource,372,16,10,62,7,0.15833333333333333,29,53.490196819274566
extensions/webdav/src/test/java/com/ettrema/cache/MemoryCache.java,com.ettrema.cache.MemoryCache,33,4,4,4,2,0.5,1,71.68586153550977
extensions/webdav/src/test/java/com/ettrema/cache/Cache.java,com.ettrema.cache.Cache,13,3,0,3,3,0.0,0,85.97388274008566
extensions/webdav/src/test/java/org/exist/webdav/DeleteTest.java,org.exist.webdav.DeleteTest,76,5,3,6,2,0.1,15,58.790913277997966
extensions/webdav/src/test/java/org/exist/webdav/CopyTest.java,org.exist.webdav.CopyTest,86,5,3,6,2,0.1,15,56.38781704422669
extensions/webdav/src/test/java/org/exist/webdav/ReplaceTest.java,org.exist.webdav.ReplaceTest,88,5,3,6,2,0.1,15,55.90903089121706
extensions/webdav/src/test/java/org/exist/webdav/SerializationTest.java,org.exist.webdav.SerializationTest,101,4,5,5,2,0.3333333333333333,15,51.28520060792841
extensions/webdav/src/test/java/org/exist/webdav/CDataIntergationTest.java,org.exist.webdav.CDataIntergationTest,64,3,5,4,2,0.3333333333333333,15,53.961169091679366
extensions/webdav/src/test/java/org/exist/webdav/RenameTest.java,org.exist.webdav.RenameTest,76,5,3,6,2,0.1,15,58.16676380231605
extensions/webdav/src/test/java/org/exist/webdav/AlwaysBasicPreAuth.java,org.exist.webdav.AlwaysBasicPreAuth,16,2,2,2,1,1.0,5,67.83363385050276
extensions/webdav/src/test/java/org/exist/webdav/LockTest.java,org.exist.webdav.LockTest,114,5,2,7,1,0.4,12,52.7678813481304
extensions/webdav/src/test/java/org/exist/webdav/StoreAndRetrieveTest.java,org.exist.webdav.StoreAndRetrieveTest,72,5,3,6,2,0.1,15,59.0907598851416
extensions/xqdoc/src/main/java/org/exist/xqdoc/xquery/Scan.java,org.exist.xqdoc.xquery.Scan,162,5,4,27,2,0.0,32,47.32291049155951
extensions/xqdoc/src/main/java/org/exist/xqdoc/xquery/XQDocModule.java,org.exist.xqdoc.xquery.XQDocModule,38,5,4,5,5,0.0,1,76.49576885731332
extensions/xqdoc/src/main/java/org/exist/xqdoc/XQDocHelper.java,org.exist.xqdoc.XQDocHelper,16,2,1,2,1,1.0,3,69.07976680784206
extensions/xqdoc/src/main/java/org/exist/xqdoc/ant/XQDocTask.java,org.exist.xqdoc.ant.XQDocTask,115,5,4,17,1,0.3,22,52.16227790791848
extensions/vector/src/main/java/org/exist/xquery/modules/vector/Models.java,org.exist.xquery.modules.vector.Models,40,2,1,5,2,0.0,6,57.164423992423075
extensions/vector/src/main/java/org/exist/xquery/modules/vector/Diagnostics.java,org.exist.xquery.modules.vector.Diagnostics,86,2,2,10,2,0.0,16,43.5993151994328
extensions/vector/src/main/java/org/exist/xquery/modules/vector/Embed.java,org.exist.xquery.modules.vector.Embed,87,5,5,13,2,0.0,14,57.35697572948257
extensions/vector/src/main/java/org/exist/xquery/modules/vector/VectorModule.java,org.exist.xquery.modules.vector.VectorModule,68,6,9,6,4,0.13333333333333333,3,69.73334746670973
extensions/vector/src/main/java/org/exist/xquery/modules/vector/EmbedBatch.java,org.exist.xquery.modules.vector.EmbedBatch,98,6,5,16,2,0.0,16,57.64464498025353
extensions/vector/src/main/java/org/exist/vector/OnnxVectorProvider.java,org.exist.vector.OnnxVectorProvider,221,14,15,57,1,0.21978021978021978,17,57.53221790778486
extensions/vector/src/main/java/org/exist/vector/VectorEmbeddingProvider.java,org.exist.vector.VectorEmbeddingProvider,34,3,0,3,1,0.0,0,73.88313828186
extensions/vector/src/main/java/org/exist/vector/ModelPathResolver.java,org.exist.vector.ModelPathResolver,138,9,4,30,2,0.2222222222222222,12,57.752251795172214
extensions/vector/src/main/java/org/exist/vector/VectorEmbeddingService.java,org.exist.vector.VectorEmbeddingService,135,7,3,18,3,0.14285714285714285,10,56.580638106155135
extensions/vector/src/main/java/org/exist/vector/HttpVectorProvider.java,org.exist.vector.HttpVectorProvider,211,13,8,44,2,0.2564102564102564,22,56.751321658368006
extensions/vector/src/main/java/org/exist/vector/VectorModelConstants.java,org.exist.vector.VectorModelConstants,81,5,4,5,5,0.0,1,66.56995327259376
extensions/vector/src/main/java/org/exist/vector/ModelRegistry.java,org.exist.vector.ModelRegistry,140,8,4,29,2,0.14285714285714285,18,55.735987511219626
extensions/indexes/lucene/src/main/java/org/exist/xquery/modules/lucene/QueryField.java,org.exist.xquery.modules.lucene.QueryField,154,8,4,23,6,0.10714285714285714,25,54.512705732138954
extensions/indexes/lucene/src/main/java/org/exist/xquery/modules/lucene/Optimize.java,org.exist.xquery.modules.lucene.Optimize,29,2,1,3,2,0.0,10,60.73218255225795
extensions/indexes/lucene/src/main/java/org/exist/xquery/modules/lucene/QueryFieldVector.java,org.exist.xquery.modules.lucene.QueryFieldVector,121,4,5,21,2,0.0,20,49.17936371544383
extensions/indexes/lucene/src/main/java/org/exist/xquery/modules/lucene/Score.java,org.exist.xquery.modules.lucene.Score,44,2,2,5,2,0.0,9,55.103059931568524
extensions/indexes/lucene/src/main/java/org/exist/xquery/modules/lucene/GetField.java,org.exist.xquery.modules.lucene.GetField,45,2,1,6,2,0.0,14,52.985201840324955
extensions/indexes/lucene/src/main/java/org/exist/xquery/modules/lucene/Index.java,org.exist.xquery.modules.lucene.Index,104,2,2,8,2,0.0,17,44.19304228593145
extensions/indexes/lucene/src/main/java/org/exist/xquery/modules/lucene/Search.java,org.exist.xquery.modules.lucene.Search,144,3,2,13,3,0.0,22,44.49724849928964
extensions/indexes/lucene/src/main/java/org/exist/xquery/modules/lucene/Field.java,org.exist.xquery.modules.lucene.Field,350,12,10,77,2,0.0,61,48.171544070505185
extensions/indexes/lucene/src/main/java/org/exist/xquery/modules/lucene/QueryVector.java,org.exist.xquery.modules.lucene.QueryVector,144,7,5,29,2,0.0,26,54.19261717247605
extensions/indexes/lucene/src/main/java/org/exist/xquery/modules/lucene/RemoveIndex.java,org.exist.xquery.modules.lucene.RemoveIndex,52,2,1,4,2,0.0,14,52.87564208817886
extensions/indexes/lucene/src/main/java/org/exist/xquery/modules/lucene/LuceneIndexKeys.java,org.exist.xquery.modules.lucene.LuceneIndexKeys,68,3,1,9,3,0.0,19,51.81264693328115
extensions/indexes/lucene/src/main/java/org/exist/xquery/modules/lucene/InspectIndex.java,org.exist.xquery.modules.lucene.InspectIndex,47,2,1,6,2,0.0,17,52.845349679641856
extensions/indexes/lucene/src/main/java/org/exist/xquery/modules/lucene/QueryOptions.java,org.exist.xquery.modules.lucene.QueryOptions,265,14,21,49,3,0.08791208791208792,30,56.276199887684584
extensions/indexes/lucene/src/main/java/org/exist/xquery/modules/lucene/Query.java,org.exist.xquery.modules.lucene.Query,412,18,9,106,5,0.1503267973856209,46,51.38898980541499
extensions/indexes/lucene/src/main/java/org/exist/xquery/modules/lucene/Facets.java,org.exist.xquery.modules.lucene.Facets,174,4,1,26,2,0.0,34,43.894895982671564
extensions/indexes/lucene/src/main/java/org/exist/xquery/modules/lucene/FieldValueParser.java,org.exist.xquery.modules.lucene.FieldValueParser,27,2,0,8,2,0.0,4,60.49537582796286
extensions/indexes/lucene/src/main/java/org/exist/xquery/modules/lucene/LuceneModule.java,org.exist.xquery.modules.lucene.LuceneModule,93,7,9,7,4,0.23809523809523808,3,67.10628206072244
extensions/indexes/lucene/src/main/java/org/exist/indexing/lucene/TermInPhrase.java,org.exist.indexing.lucene.TermInPhrase,24,3,2,3,1,1.0,1,71.7325945175699
extensions/indexes/lucene/src/main/java/org/exist/indexing/lucene/BinaryTokenStream.java,org.exist.indexing.lucene.BinaryTokenStream,70,3,2,4,2,0.3333333333333333,1,62.845711003789944
extensions/indexes/lucene/src/main/java/org/exist/indexing/lucene/LuceneFacetConfig.java,org.exist.indexing.lucene.LuceneFacetConfig,87,6,4,19,1,1.0,19,59.08327628270762
extensions/indexes/lucene/src/main/java/org/exist/indexing/lucene/LuceneIndexConfig.java,org.exist.indexing.lucene.LuceneIndexConfig,394,27,26,83,1,0.150997150997151,26,59.25861815759879
extensions/indexes/lucene/src/main/java/org/exist/indexing/lucene/LuceneUtil.java,org.exist.indexing.lucene.LuceneUtil,234,19,7,39,8,0.0,26,62.07367332575279
extensions/indexes/lucene/src/main/java/org/exist/indexing/lucene/MultiFieldQueryParserWrapper.java,org.exist.indexing.lucene.MultiFieldQueryParserWrapper,36,4,1,7,1,0.5,7,67.87380922873318
extensions/indexes/lucene/src/main/java/org/exist/indexing/lucene/TextExtractor.java,org.exist.indexing.lucene.TextExtractor,22,7,0,7,7,0.0,0,89.01687524578442
extensions/indexes/lucene/src/main/java/org/exist/indexing/lucene/LuceneIndex.java,org.exist.indexing.lucene.LuceneIndex,245,18,15,44,3,0.1568627450980392,31,60.34841715713786
extensions/indexes/lucene/src/main/java/org/exist/indexing/lucene/ByteTermAttributeImpl.java,org.exist.indexing.lucene.ByteTermAttributeImpl,15,1,0,1,1,1.0,0,74.21028464452877
extensions/indexes/lucene/src/main/java/org/exist/indexing/lucene/AbstractFieldConfig.java,org.exist.indexing.lucene.AbstractFieldConfig,240,13,5,57,4,0.0641025641025641,24,55.606194191990745
extensions/indexes/lucene/src/main/java/org/exist/indexing/lucene/LuceneVectorFieldConfig.java,org.exist.indexing.lucene.LuceneVectorFieldConfig,454,22,23,106,1,0.4329004329004329,37,54.05650395254995
extensions/indexes/lucene/src/main/java/org/exist/indexing/lucene/LuceneIndexWorker.java,org.exist.indexing.lucene.LuceneIndexWorker,2243,81,23,364,5,0.21358024691358024,133,50.538084850735125
extensions/indexes/lucene/src/main/java/org/exist/indexing/lucene/NodePathPattern.java,org.exist.indexing.lucene.NodePathPattern,247,13,3,47,1,0.7051282051282052,13,55.24146240654475
extensions/indexes/lucene/src/main/java/org/exist/indexing/lucene/StandardQueryParserWrapper.java,org.exist.indexing.lucene.StandardQueryParserWrapper,31,3,2,4,1,1.0,5,66.62430110699266
extensions/indexes/lucene/src/main/java/org/exist/indexing/lucene/FieldType.java,org.exist.indexing.lucene.FieldType,87,7,9,15,1,0.3333333333333333,11,62.206025958968084
extensions/indexes/lucene/src/main/java/org/exist/indexing/lucene/AnalyzerConfig.java,org.exist.indexing.lucene.AnalyzerConfig,477,12,10,65,1,0.16666666666666666,30,45.906736760120566
extensions/indexes/lucene/src/main/java/org/exist/indexing/lucene/PlainTextHighlighter.java,org.exist.indexing.lucene.PlainTextHighlighter,101,3,1,19,2,0.3333333333333333,17,46.69726375518286
extensions/indexes/lucene/src/main/java/org/exist/indexing/lucene/XMLToQuery.java,org.exist.indexing.lucene.XMLToQuery,557,33,1,140,1,0.001893939393939394,55,55.78935117798556
extensions/indexes/lucene/src/main/java/org/exist/indexing/lucene/MarkableTokenFilter.java,org.exist.indexing.lucene.MarkableTokenFilter,79,6,4,13,2,0.4666666666666667,6,63.132225889349435
extensions/indexes/lucene/src/main/java/org/exist/indexing/lucene/AnalyzingQueryRewriter.java,org.exist.indexing.lucene.AnalyzingQueryRewriter,91,7,0,23,2,0.0,15,59.469594182197675
extensions/indexes/lucene/src/main/java/org/exist/indexing/lucene/AbstractTextExtractor.java,org.exist.indexing.lucene.AbstractTextExtractor,21,3,3,3,2,0.3333333333333333,0,75.6615389847353
extensions/indexes/lucene/src/main/java/org/exist/indexing/lucene/analyzers/MetaAnalyzer.java,org.exist.indexing.lucene.analyzers.MetaAnalyzer,34,4,2,5,1,1.0,3,69.33152393119059
extensions/indexes/lucene/src/main/java/org/exist/indexing/lucene/analyzers/NoDiacriticsStandardAnalyzer.java,org.exist.indexing.lucene.analyzers.NoDiacriticsStandardAnalyzer,68,5,3,5,2,0.3,6,65.24106258123159
extensions/indexes/lucene/src/main/java/org/exist/indexing/lucene/analyzers/EnglishStopwordsStandardAnalyzer.java,org.exist.indexing.lucene.analyzers.EnglishStopwordsStandardAnalyzer,37,3,3,3,3,0.0,6,65.19057518823595
extensions/indexes/lucene/src/main/java/org/exist/indexing/lucene/PlainTextIndexConfig.java,org.exist.indexing.lucene.PlainTextIndexConfig,177,4,2,15,1,0.16666666666666666,14,45.805735703797296
extensions/indexes/lucene/src/main/java/org/exist/indexing/lucene/LuceneMatch.java,org.exist.indexing.lucene.LuceneMatch,79,11,4,15,4,0.2545454545454545,6,71.40802244870342
extensions/indexes/lucene/src/main/java/org/exist/indexing/lucene/LuceneMatchListener.java,org.exist.indexing.lucene.LuceneMatchListener,431,10,8,74,2,0.2222222222222222,50,44.089042590752804
extensions/indexes/lucene/src/main/java/org/exist/indexing/lucene/QueryParserWrapper.java,org.exist.indexing.lucene.QueryParserWrapper,42,4,2,7,4,0.0,12,62.95233738106119
extensions/indexes/lucene/src/main/java/org/exist/indexing/lucene/SearchCallback.java,org.exist.indexing.lucene.SearchCallback,10,1,0,1,1,1.0,0,78.05153303713244
extensions/indexes/lucene/src/main/java/org/exist/indexing/lucene/LuceneFieldConfig.java,org.exist.indexing.lucene.LuceneFieldConfig,273,13,15,62,1,0.19230769230769232,45,53.097277005061116
extensions/indexes/lucene/src/main/java/org/exist/indexing/lucene/DefaultTextExtractor.java,org.exist.indexing.lucene.DefaultTextExtractor,57,6,2,21,1,0.3333333333333333,4,64.78549683548593
extensions/indexes/lucene/src/main/java/org/exist/indexing/lucene/ClassicQueryParserWrapper.java,org.exist.indexing.lucene.ClassicQueryParserWrapper,65,5,3,11,1,0.6,17,60.08200376323604
extensions/indexes/lucene/src/main/java/org/exist/indexing/lucene/LuceneConfig.java,org.exist.indexing.lucene.LuceneConfig,614,29,31,127,3,0.2684729064039409,32,54.7547549619663
extensions/indexes/lucene/src/test/java/xquery/lucene/VectorSearchEmbeddingTest.java,xquery.lucene.VectorSearchEmbeddingTest,63,3,5,4,1,0.0,15,54.80373969137243
extensions/indexes/lucene/src/test/java/org/exist/xquery/modules/lucene/FieldTest.java,org.exist.xquery.modules.lucene.FieldTest,48,7,0,7,7,0.0,4,70.26904504685362
extensions/indexes/lucene/src/test/java/org/exist/indexing/lucene/LuceneIndexWorkerModeTest.java,org.exist.indexing.lucene.LuceneIndexWorkerModeTest,79,6,0,6,2,0.0,11,59.5566681798372
extensions/indexes/lucene/src/test/java/org/exist/indexing/lucene/AnalyzerConfigTest.java,org.exist.indexing.lucene.AnalyzerConfigTest,531,22,1,22,13,0.0,20,53.123516707163354
extensions/indexes/lucene/src/test/java/org/exist/indexing/lucene/OptimizerTest.java,org.exist.indexing.lucene.OptimizerTest,153,6,9,9,1,0.4,12,52.22207776837347
extensions/indexes/lucene/src/test/java/org/exist/indexing/lucene/LuceneIndexTest.java,org.exist.indexing.lucene.LuceneIndexTest,1318,23,22,32,2,0.8300395256916996,46,39.731612285104354
extensions/indexes/lucene/src/test/java/org/exist/indexing/lucene/SerializeAttrMatchesTest.java,org.exist.indexing.lucene.SerializeAttrMatchesTest,105,5,4,7,2,0.6,19,53.80067413783729
extensions/indexes/lucene/src/test/java/org/exist/indexing/lucene/ConcurrencyTest.java,org.exist.indexing.lucene.ConcurrencyTest,162,9,5,18,2,0.3055555555555556,21,56.187902414413884
extensions/indexes/lucene/src/test/java/org/exist/indexing/lucene/FacetPollutionJavaReproducerTest.java,org.exist.indexing.lucene.FacetPollutionJavaReproducerTest,412,11,5,44,1,0.05454545454545454,37,44.792568571288655
extensions/indexes/lucene/src/test/java/org/exist/indexing/lucene/LuceneMatchListenerTest.java,org.exist.indexing.lucene.LuceneMatchListenerTest,494,13,11,28,2,0.5769230769230769,34,45.425314049600644
extensions/indexes/lucene/src/test/java/org/exist/indexing/lucene/LuceneIndexWorkerBatchSizeTest.java,org.exist.indexing.lucene.LuceneIndexWorkerBatchSizeTest,42,5,0,5,5,0.0,11,65.33237262191903
extensions/indexes/ngram/src/main/java/org/exist/xquery/modules/ngram/query/EvaluatableExpression.java,org.exist.xquery.modules.ngram.query.EvaluatableExpression,6,1,0,1,1,1.0,0,82.89093368333656
extensions/indexes/ngram/src/main/java/org/exist/xquery/modules/ngram/query/WildcardedExpressionTriple.java,org.exist.xquery.modules.ngram.query.WildcardedExpressionTriple,81,4,4,11,1,0.8333333333333334,9,55.143676869102684
extensions/indexes/ngram/src/main/java/org/exist/xquery/modules/ngram/query/EmptyExpression.java,org.exist.xquery.modules.ngram.query.EmptyExpression,16,2,0,2,2,0.0,1,76.4643435753962
extensions/indexes/ngram/src/main/java/org/exist/xquery/modules/ngram/query/AlternativeStrings.java,org.exist.xquery.modules.ngram.query.AlternativeStrings,60,5,2,12,2,0.6,8,62.15914877441753
extensions/indexes/ngram/src/main/java/org/exist/xquery/modules/ngram/query/WildcardedExpressionSequence.java,org.exist.xquery.modules.ngram.query.WildcardedExpressionSequence,136,6,2,29,1,0.4,18,52.57529181273806
extensions/indexes/ngram/src/main/java/org/exist/xquery/modules/ngram/query/FixedString.java,org.exist.xquery.modules.ngram.query.FixedString,43,5,2,8,2,0.6,4,67.45183162356048
extensions/indexes/ngram/src/main/java/org/exist/xquery/modules/ngram/query/MergeableExpression.java,org.exist.xquery.modules.ngram.query.MergeableExpression,6,2,0,2,2,0.0,0,89.45759118337814
extensions/indexes/ngram/src/main/java/org/exist/xquery/modules/ngram/query/Wildcard.java,org.exist.xquery.modules.ngram.query.Wildcard,36,6,2,8,2,0.6,1,72.59479054413151
extensions/indexes/ngram/src/main/java/org/exist/xquery/modules/ngram/AddMatch.java,org.exist.xquery.modules.ngram.AddMatch,65,2,1,10,2,0.0,16,48.20760963393802
extensions/indexes/ngram/src/main/java/org/exist/xquery/modules/ngram/NGramModule.java,org.exist.xquery.modules.ngram.NGramModule,49,5,5,5,5,0.0,1,74.08723491472577
extensions/indexes/ngram/src/main/java/org/exist/xquery/modules/ngram/utils/NodeSets.java,org.exist.xquery.modules.ngram.utils.NodeSets,51,4,0,6,2,0.0,8,63.286319274205376
extensions/indexes/ngram/src/main/java/org/exist/xquery/modules/ngram/utils/NodeProxies.java,org.exist.xquery.modules.ngram.utils.NodeProxies,61,3,0,9,3,0.0,4,56.810987687914334
extensions/indexes/ngram/src/main/java/org/exist/xquery/modules/ngram/NGramSearch.java,org.exist.xquery.modules.ngram.NGramSearch,575,19,11,102,5,0.07602339181286549,60,48.286273654750396
extensions/indexes/ngram/src/main/java/org/exist/xquery/modules/ngram/HighlightMatches.java,org.exist.xquery.modules.ngram.HighlightMatches,102,2,1,7,2,0.0,22,43.046257345421296
extensions/indexes/ngram/src/main/java/org/exist/indexing/ngram/NGramIndex.java,org.exist.indexing.ngram.NGramIndex,90,10,6,15,3,0.37777777777777777,13,66.84190288321625
extensions/indexes/ngram/src/main/java/org/exist/indexing/ngram/NGramMatchCallback.java,org.exist.indexing.ngram.NGramMatchCallback,22,1,0,1,1,1.0,0,70.58193699157619
extensions/indexes/ngram/src/main/java/org/exist/indexing/ngram/NGramIndexConfig.java,org.exist.indexing.ngram.NGramIndexConfig,39,2,1,7,1,1.0,6,55.18830417912825
extensions/indexes/ngram/src/main/java/org/exist/indexing/ngram/NGramMatch.java,org.exist.indexing.ngram.NGramMatch,30,6,0,6,6,0.0,2,76.93617063746404
extensions/indexes/ngram/src/main/java/org/exist/indexing/ngram/NGramIndexWorker.java,org.exist.indexing.ngram.NGramIndexWorker,1160,26,18,110,6,0.20307692307692307,60,45.472226169184765
extensions/indexes/ngram/src/test/java/org/exist/indexing/ngram/NGramContainsBenchmark.java,org.exist.indexing.ngram.NGramContainsBenchmark,158,3,11,6,1,1.0,23,42.82766996134888
extensions/indexes/ngram/src/test/java/org/exist/indexing/ngram/MatchListenerTest.java,org.exist.indexing.ngram.MatchListenerTest,519,15,8,21,1,0.3047619047619048,29,45.52234767799564
extensions/indexes/ngram/src/test/java/org/exist/indexing/ngram/CustomIndexTest.java,org.exist.indexing.ngram.CustomIndexTest,631,13,7,16,5,0.358974358974359,35,42.29126271902029
extensions/indexes/range/src/main/java/org/exist/xquery/modules/range/Optimize.java,org.exist.xquery.modules.range.Optimize,28,2,1,3,2,0.0,10,61.06462663468052
extensions/indexes/range/src/main/java/org/exist/xquery/modules/range/Lookup.java,org.exist.xquery.modules.range.Lookup,542,24,14,114,5,0.16304347826086957,57,52.53027179434407
extensions/indexes/range/src/main/java/org/exist/xquery/modules/range/RangeQueryRewriter.java,org.exist.xquery.modules.range.RangeQueryRewriter,301,8,1,98,2,0.0,35,44.41252163000254
extensions/indexes/range/src/main/java/org/exist/xquery/modules/range/FieldLookup.java,org.exist.xquery.modules.range.FieldLookup,404,17,4,69,11,0.03676470588235294,42,51.65295082252562
extensions/indexes/range/src/main/java/org/exist/xquery/modules/range/IndexKeys.java,org.exist.xquery.modules.range.IndexKeys,95,2,1,11,2,0.0,18,42.59775020134728
extensions/indexes/range/src/main/java/org/exist/xquery/modules/range/OptimizeFieldPragma.java,org.exist.xquery.modules.range.OptimizeFieldPragma,291,9,5,49,1,0.1388888888888889,36,47.85043701014958
extensions/indexes/range/src/main/java/org/exist/xquery/modules/range/RangeIndexModule.java,org.exist.xquery.modules.range.RangeIndexModule,84,5,6,5,5,0.0,1,68.98095227620557
extensions/indexes/range/src/main/java/org/exist/indexing/range/RangeIndexConfigField.java,org.exist.indexing.range.RangeIndexConfigField,117,10,8,23,1,0.2222222222222222,13,61.67342345484554
extensions/indexes/range/src/main/java/org/exist/indexing/range/RangeIndexWorker.java,org.exist.indexing.range.RangeIndexWorker,1172,40,17,240,5,0.2064102564102564,117,48.46351530098056
extensions/indexes/range/src/main/java/org/exist/indexing/range/ComplexTextCollector.java,org.exist.indexing.range.ComplexTextCollector,80,9,6,17,2,0.3888888888888889,8,66.35092088259971
extensions/indexes/range/src/main/java/org/exist/indexing/range/ComplexRangeIndexConfigElement.java,org.exist.indexing.range.ComplexRangeIndexConfigElement,140,15,6,35,5,0.23809523809523808,16,66.0542733202514
extensions/indexes/range/src/main/java/org/exist/indexing/range/RangeIndexAnalyzer.java,org.exist.indexing.range.RangeIndexAnalyzer,73,4,2,7,2,0.3333333333333333,11,59.71432607042216
extensions/indexes/range/src/main/java/org/exist/indexing/range/TextCollector.java,org.exist.indexing.range.TextCollector,77,7,0,7,7,0.0,0,77.14859449161779
extensions/indexes/range/src/main/java/org/exist/indexing/range/XPathToLuceneRegexTranslator.java,org.exist.indexing.range.XPathToLuceneRegexTranslator,86,3,0,24,2,0.0,1,50.35656563519581
extensions/indexes/range/src/main/java/org/exist/indexing/range/SimpleTextCollector.java,org.exist.indexing.range.SimpleTextCollector,70,10,5,12,5,0.28888888888888886,6,72.3130728442273
extensions/indexes/range/src/main/java/org/exist/indexing/range/conversion/DateConverter.java,org.exist.indexing.range.conversion.DateConverter,45,1,2,6,1,1.0,13,43.29424115501331
extensions/indexes/range/src/main/java/org/exist/indexing/range/conversion/TypeConverter.java,org.exist.indexing.range.conversion.TypeConverter,16,1,0,1,1,1.0,0,73.59886707585706
extensions/indexes/range/src/main/java/org/exist/indexing/range/RangeIndexConfigCondition.java,org.exist.indexing.range.RangeIndexConfigCondition,47,3,0,5,3,0.0,3,63.16920301132178
extensions/indexes/range/src/main/java/org/exist/indexing/range/RangeIndexDoc.java,org.exist.indexing.range.RangeIndexDoc,46,8,6,8,2,0.21428571428571427,0,76.50924794018361
extensions/indexes/range/src/main/java/org/exist/indexing/range/RangeIndexConfigElement.java,org.exist.indexing.range.RangeIndexConfigElement,311,23,11,74,3,0.07905138339920949,43,58.87933532050453
extensions/indexes/range/src/main/java/org/exist/indexing/range/RangeIndex.java,org.exist.indexing.range.RangeIndex,79,4,4,4,4,0.0,1,67.09691361706628
extensions/indexes/range/src/main/java/org/exist/indexing/range/RangeIndexConfigAttributeCondition.java,org.exist.indexing.range.RangeIndexConfigAttributeCondition,349,14,9,85,1,0.21978021978021978,35,51.274183232246585
extensions/indexes/range/src/main/java/org/exist/indexing/range/RangeIndexConfig.java,org.exist.indexing.range.RangeIndexConfig,231,14,9,50,2,0.37362637362637363,16,57.83166542582048
extensions/indexes/range/src/test/java/org/exist/xquery/modules/range/Issue4074IndexKeysServletContextTest.java,org.exist.xquery.modules.range.Issue4074IndexKeysServletContextTest,127,6,7,9,1,0.2,22,54.14834359347992
extensions/indexes/range/src/test/java/org/exist/xquery/modules/range/ForBoundXmlIdRegressionTest.java,org.exist.xquery.modules.range.ForBoundXmlIdRegressionTest,131,8,7,10,1,0.2857142857142857,23,57.300794236905595
extensions/indexes/range/src/test/java/org/exist/indexing/range/RangeIndexConfigTest.java,org.exist.indexing.range.RangeIndexConfigTest,66,1,0,1,1,1.0,14,37.398526201035175
extensions/indexes/range/src/test/java/org/exist/indexing/range/XPathToLuceneRegexTranslatorTest.java,org.exist.indexing.range.XPathToLuceneRegexTranslatorTest,98,18,0,18,18,0.0,2,74.79547778438362
extensions/indexes/sort/src/main/java/org/exist/xquery/modules/sort/HasIndex.java,org.exist.xquery.modules.sort.HasIndex,30,2,1,4,2,0.0,10,59.80969459330563
extensions/indexes/sort/src/main/java/org/exist/xquery/modules/sort/RemoveIndex.java,org.exist.xquery.modules.sort.RemoveIndex,53,2,1,6,2,0.0,12,52.16945293974071
extensions/indexes/sort/src/main/java/org/exist/xquery/modules/sort/GetIndex.java,org.exist.xquery.modules.sort.GetIndex,40,2,1,6,2,0.0,12,55.179768260323584
extensions/indexes/sort/src/main/java/org/exist/xquery/modules/sort/CreateOrderIndex.java,org.exist.xquery.modules.sort.CreateOrderIndex,187,2,4,17,2,0.0,25,34.85113292833446
extensions/indexes/sort/src/main/java/org/exist/xquery/modules/sort/SortModule.java,org.exist.xquery.modules.sort.SortModule,42,5,5,5,5,0.0,1,75.54760977624716
extensions/indexes/sort/src/main/java/org/exist/indexing/sort/SortIndex.java,org.exist.indexing.sort.SortIndex,83,7,6,11,3,0.47619047619047616,13,63.18698841894042
extensions/indexes/sort/src/main/java/org/exist/indexing/sort/SortIndexWorker.java,org.exist.indexing.sort.SortIndexWorker,295,31,4,46,10,0.14193548387096774,18,64.65052095203338
extensions/indexes/sort/src/main/java/org/exist/indexing/sort/SortItem.java,org.exist.indexing.sort.SortItem,11,4,0,4,4,0.0,0,90.28190949170097
extensions/indexes/spatial/src/main/java/org/exist/xquery/modules/spatial/FunSpatialSearch.java,org.exist.xquery.modules.spatial.FunSpatialSearch,130,3,5,18,2,0.3333333333333333,16,44.9673934077855
extensions/indexes/spatial/src/main/java/org/exist/xquery/modules/spatial/SpatialModule.java,org.exist.xquery.modules.spatial.SpatialModule,84,5,5,5,5,0.0,1,69.59957767788374
extensions/indexes/spatial/src/main/java/org/exist/xquery/modules/spatial/FunGeometricProperties.java,org.exist.xquery.modules.spatial.FunGeometricProperties,354,3,5,55,2,0.3333333333333333,28,30.101056250068304
extensions/indexes/spatial/src/main/java/org/exist/xquery/modules/spatial/FunGMLProducers.java,org.exist.xquery.modules.spatial.FunGMLProducers,384,3,3,62,2,0.3333333333333333,25,27.57448545874097
extensions/indexes/spatial/src/main/java/org/exist/indexing/spatial/AbstractGMLJDBCIndex.java,org.exist.indexing.spatial.AbstractGMLJDBCIndex,162,14,5,17,7,0.01098901098901099,7,68.16932551149496
extensions/indexes/spatial/src/main/java/org/exist/indexing/spatial/SpatialIndexException.java,org.exist.indexing.spatial.SpatialIndexException,17,2,1,2,2,0.0,1,74.84984114599693
extensions/indexes/spatial/src/main/java/org/exist/indexing/spatial/GMLHSQLIndexWorker.java,org.exist.indexing.spatial.GMLHSQLIndexWorker,715,16,1,142,13,0.05,52,41.6295312356214
extensions/indexes/spatial/src/main/java/org/exist/indexing/spatial/AbstractGMLJDBCIndexWorker.java,org.exist.indexing.spatial.AbstractGMLJDBCIndexWorker,768,42,28,119,5,0.1254355400696864,44,57.13521135110673
extensions/indexes/spatial/src/main/java/org/exist/indexing/spatial/GMLIndexConfig.java,org.exist.indexing.spatial.GMLIndexConfig,26,2,3,4,1,1.0,4,62.92050135733392
extensions/indexes/spatial/src/main/java/org/exist/indexing/spatial/GMLHSQLIndex.java,org.exist.indexing.spatial.GMLHSQLIndex,239,10,5,38,3,0.4444444444444444,24,51.76590515869768
extensions/indexes/spatial/src/test/java/org/exist/indexing/spatial/GMLIndexTest.java,org.exist.indexing.spatial.GMLIndexTest,955,10,7,17,1,1.0,44,33.23991579282415
extensions/modules/cache/src/main/java/org/exist/xquery/modules/cache/CacheConfig.java,org.exist.xquery.modules.cache.CacheConfig,22,1,4,1,1,1.0,0,70.58193699157619
extensions/modules/cache/src/main/java/org/exist/xquery/modules/cache/Cache.java,org.exist.xquery.modules.cache.Cache,81,9,2,14,1,0.8055555555555556,11,65.96392970689885
extensions/modules/cache/src/main/java/org/exist/xquery/modules/cache/CacheFunctions.java,org.exist.xquery.modules.cache.CacheFunctions,472,18,23,83,2,0.006535947712418301,27,50.88132791489059
extensions/modules/cache/src/main/java/org/exist/xquery/modules/cache/CacheModule.java,org.exist.xquery.modules.cache.CacheModule,161,10,22,16,4,0.13333333333333333,11,58.92188797455875
extensions/modules/cache/src/test/java/org/exist/xquery/modules/cache/LazyCacheTest.java,org.exist.xquery.modules.cache.LazyCacheTest,39,3,1,4,2,0.0,12,60.802495635514724
extensions/modules/cache/src/test/java/org/exist/xquery/modules/cache/NonLazyCacheTest.java,org.exist.xquery.modules.cache.NonLazyCacheTest,38,3,1,5,2,0.0,13,61.74061949047659
extensions/modules/compression/src/main/java/org/exist/xquery/modules/compression/UnZipFunction.java,org.exist.xquery.modules.compression.UnZipFunction,108,2,9,8,2,0.0,11,44.315915734334425
extensions/modules/compression/src/main/java/org/exist/xquery/modules/compression/InflateFunction.java,org.exist.xquery.modules.compression.InflateFunction,63,2,1,7,2,0.0,14,49.57990676292964
extensions/modules/compression/src/main/java/org/exist/xquery/modules/compression/AbstractCompressFunction.java,org.exist.xquery.modules.compression.AbstractCompressFunction,403,13,6,65,2,0.038461538461538464,48,48.0277204182722
extensions/modules/compression/src/main/java/org/exist/xquery/modules/compression/DeflateFunction.java,org.exist.xquery.modules.compression.DeflateFunction,65,2,2,6,2,0.0,13,49.644926885954554
extensions/modules/compression/src/main/java/org/exist/xquery/modules/compression/AbstractExtractFunction.java,org.exist.xquery.modules.compression.AbstractExtractFunction,204,5,5,23,2,0.1,37,44.46524025912194
extensions/modules/compression/src/main/java/org/exist/xquery/modules/compression/UnGZipFunction.java,org.exist.xquery.modules.compression.UnGZipFunction,44,2,1,4,2,0.0,10,55.376001210312054
extensions/modules/compression/src/main/java/org/exist/xquery/modules/compression/GZipFunction.java,org.exist.xquery.modules.compression.GZipFunction,48,2,1,4,2,0.0,11,54.29357415553239
extensions/modules/compression/src/main/java/org/exist/xquery/modules/compression/EntryFunctions.java,org.exist.xquery.modules.compression.EntryFunctions,318,8,17,16,2,0.0,23,50.688215361506195
extensions/modules/compression/src/main/java/org/exist/xquery/modules/compression/UnTarFunction.java,org.exist.xquery.modules.compression.UnTarFunction,99,2,9,4,2,0.0,10,47.31277243562537
extensions/modules/compression/src/main/java/org/exist/xquery/modules/compression/CompressionModule.java,org.exist.xquery.modules.compression.CompressionModule,96,7,6,7,4,0.23809523809523808,3,66.91121924366617
extensions/modules/compression/src/main/java/org/exist/xquery/modules/compression/TarFunction.java,org.exist.xquery.modules.compression.TarFunction,70,5,3,5,5,0.0,4,67.35026923178714
extensions/modules/compression/src/main/java/org/exist/xquery/modules/compression/ZipFunction.java,org.exist.xquery.modules.compression.ZipFunction,73,5,3,5,5,0.0,3,67.3970021203551
extensions/modules/counter/src/main/java/org/exist/xquery/modules/counter/Counters.java,org.exist.xquery.modules.counter.Counters,200,11,6,24,2,0.36363636363636365,14,58.61435331078664
extensions/modules/counter/src/main/java/org/exist/xquery/modules/counter/CounterFunctions.java,org.exist.xquery.modules.counter.CounterFunctions,144,2,6,14,1,1.0,19,39.593720986303566
extensions/modules/counter/src/main/java/org/exist/xquery/modules/counter/CounterModule.java,org.exist.xquery.modules.counter.CounterModule,69,6,7,6,6,0.0,1,71.09965847262957
extensions/modules/counter/src/test/java/org/exist/xquery/modules/counter/CounterTest.java,org.exist.xquery.modules.counter.CounterTest,90,3,2,3,1,1.0,7,49.76165879225608
extensions/modules/cqlparser/src/main/java/org/exist/xquery/modules/cqlparser/ParseCQL.java,org.exist.xquery.modules.cqlparser.ParseCQL,92,2,5,11,2,0.0,17,43.676254644664425
extensions/modules/cqlparser/src/main/java/org/exist/xquery/modules/cqlparser/CQLParserModule.java,org.exist.xquery.modules.cqlparser.CQLParserModule,46,5,5,5,5,0.0,1,75.30439727913424
extensions/modules/expathrepo/expathrepo-trigger-test/src/main/java/org/exist/repo/ExampleModule.java,org.exist.repo.ExampleModule,60,7,4,7,5,0.14285714285714285,3,71.6752762509583
extensions/modules/expathrepo/expathrepo-trigger-test/src/main/java/org/exist/repo/ExampleTrigger.java,org.exist.repo.ExampleTrigger,129,20,1,22,1,1.0,11,71.8262938580361
extensions/modules/expathrepo/expathrepo-trigger-test/src/main/java/org/exist/repo/ExampleFunctions.java,org.exist.repo.ExampleFunctions,92,4,6,9,2,0.0,11,54.297916184604205
extensions/modules/expathrepo/expathrepo-trigger-test/src/test/java/org/exist/repo/ExampleModuleTest.java,org.exist.repo.ExampleModuleTest,92,5,1,5,1,0.0,13,55.85482164761171
extensions/modules/expathrepo/src/main/java/org/exist/xquery/modules/expathrepo/GetAppRoot.java,org.exist.xquery.modules.expathrepo.GetAppRoot,22,2,1,2,2,0.0,9,65.16006545700037
extensions/modules/expathrepo/src/main/java/org/exist/xquery/modules/expathrepo/BinaryDocumentXarSource.java,org.exist.xquery.modules.expathrepo.BinaryDocumentXarSource,36,4,3,5,2,0.5,7,68.99208261287635
extensions/modules/expathrepo/src/main/java/org/exist/xquery/modules/expathrepo/RemoveFunction.java,org.exist.xquery.modules.expathrepo.RemoveFunction,49,2,2,4,2,0.0,14,53.291502225877245
extensions/modules/expathrepo/src/main/java/org/exist/xquery/modules/expathrepo/ListFunction.java,org.exist.xquery.modules.expathrepo.ListFunction,44,2,2,5,2,0.0,10,55.46814004186387
extensions/modules/expathrepo/src/main/java/org/exist/xquery/modules/expathrepo/InstallFunction.java,org.exist.xquery.modules.expathrepo.InstallFunction,116,4,3,15,2,0.0,32,48.98437164338924
extensions/modules/expathrepo/src/main/java/org/exist/xquery/modules/expathrepo/EXPathErrorCode.java,org.exist.xquery.modules.expathrepo.EXPathErrorCode,35,1,9,1,1,1.0,2,56.51899502108899
extensions/modules/expathrepo/src/main/java/org/exist/xquery/modules/expathrepo/GetResource.java,org.exist.xquery.modules.expathrepo.GetResource,48,2,1,7,2,0.0,15,52.45430768060379
extensions/modules/expathrepo/src/main/java/org/exist/xquery/modules/expathrepo/Deploy.java,org.exist.xquery.modules.expathrepo.Deploy,259,6,3,24,3,0.0,28,45.18996461907457
extensions/modules/expathrepo/src/main/java/org/exist/xquery/modules/expathrepo/ResourceAvailable.java,org.exist.xquery.modules.expathrepo.ResourceAvailable,59,2,1,8,2,0.0,15,50.54820676144589
extensions/modules/expathrepo/src/main/java/org/exist/xquery/modules/expathrepo/ExpathPackageModule.java,org.exist.xquery.modules.expathrepo.ExpathPackageModule,59,5,6,5,5,0.0,1,72.94643472466096
extensions/modules/expathrepo/src/test/java/org/exist/repo/PackageTriggerIT.java,org.exist.repo.PackageTriggerIT,124,3,4,9,1,0.6666666666666666,20,44.303184057313594
extensions/modules/file/src/main/java/org/exist/xquery/modules/file/FileExists.java,org.exist.xquery.modules.file.FileExists,43,2,2,3,2,0.0,10,56.0154873820233
extensions/modules/file/src/main/java/org/exist/xquery/modules/file/FileErrorCode.java,org.exist.xquery.modules.file.FileErrorCode,9,1,1,1,1,1.0,3,68.53932054622281
extensions/modules/file/src/main/java/org/exist/xquery/modules/file/Sync.java,org.exist.xquery.modules.file.Sync,518,16,17,68,2,0.041666666666666664,62,47.85298605834585
extensions/modules/file/src/main/java/org/exist/xquery/modules/file/FileIsReadable.java,org.exist.xquery.modules.file.FileIsReadable,43,2,2,3,2,0.0,10,56.0154873820233
extensions/modules/file/src/main/java/org/exist/xquery/modules/file/FileModule.java,org.exist.xquery.modules.file.FileModule,73,5,5,5,5,0.0,1,70.92927896130934
extensions/modules/file/src/main/java/org/exist/xquery/modules/file/DirectoryCreate.java,org.exist.xquery.modules.file.DirectoryCreate,71,2,2,8,2,0.0,12,48.80264625252703
extensions/modules/file/src/main/java/org/exist/xquery/modules/file/UnicodeReader.java,org.exist.xquery.modules.file.UnicodeReader,153,7,4,26,1,0.5714285714285714,2,55.27206316639958
extensions/modules/file/src/main/java/org/exist/xquery/modules/file/FileReadUnicode.java,org.exist.xquery.modules.file.FileReadUnicode,73,2,2,6,2,0.0,15,48.04285660096982
extensions/modules/file/src/main/java/org/exist/xquery/modules/file/SerializeToFile.java,org.exist.xquery.modules.file.SerializeToFile,197,5,4,25,2,0.0,29,46.0206212482845
extensions/modules/file/src/main/java/org/exist/xquery/modules/file/FileIsWriteable.java,org.exist.xquery.modules.file.FileIsWriteable,43,2,2,3,2,0.0,10,56.0154873820233
extensions/modules/file/src/main/java/org/exist/xquery/modules/file/FileDelete.java,org.exist.xquery.modules.file.FileDelete,41,2,2,3,2,0.0,10,56.46670047771097
extensions/modules/file/src/main/java/org/exist/xquery/modules/file/FileIsDirectory.java,org.exist.xquery.modules.file.FileIsDirectory,43,2,2,3,2,0.0,10,56.0154873820233
extensions/modules/file/src/main/java/org/exist/xquery/modules/file/FileMove.java,org.exist.xquery.modules.file.FileMove,58,2,2,4,2,0.0,10,51.65149621970498
extensions/modules/file/src/main/java/org/exist/xquery/modules/file/FileRead.java,org.exist.xquery.modules.file.FileRead,66,2,2,5,2,0.0,12,50.31000148559573
extensions/modules/file/src/main/java/org/exist/xquery/modules/file/FileReadBinary.java,org.exist.xquery.modules.file.FileReadBinary,39,2,2,3,2,0.0,10,56.92415537286817
extensions/modules/file/src/main/java/org/exist/xquery/modules/file/DirectoryList.java,org.exist.xquery.modules.file.DirectoryList,149,3,12,14,2,0.0,25,42.457554622477346
extensions/modules/file/src/main/java/org/exist/xquery/modules/file/Directory.java,org.exist.xquery.modules.file.Directory,157,3,4,21,2,0.0,24,41.02933085232224
extensions/modules/file/src/main/java/org/exist/xquery/modules/file/FileModuleHelper.java,org.exist.xquery.modules.file.FileModuleHelper,34,2,0,4,2,0.0,5,60.25651487486451
extensions/modules/file/src/test/java/org/exist/xquery/modules/file/EmbeddedBinariesTest.java,org.exist.xquery.modules.file.EmbeddedBinariesTest,119,9,1,13,7,0.08333333333333333,28,60.05160024828434
extensions/modules/file/src/test/java/org/exist/xquery/modules/file/RestBinariesTest.java,org.exist.xquery.modules.file.RestBinariesTest,165,14,2,20,7,0.07692307692307693,32,61.47933226184385
extensions/modules/file/src/test/java/org/exist/xquery/modules/file/AbstractBinariesTest.java,org.exist.xquery.modules.file.AbstractBinariesTest,102,15,4,15,2,0.01904761904761905,8,69.25954550151322
extensions/modules/file/src/test/java/org/exist/xquery/modules/file/XmldbBinariesTest.java,org.exist.xquery.modules.file.XmldbBinariesTest,153,12,4,19,7,0.015151515151515152,22,61.311313892996694
extensions/modules/image/src/main/java/org/exist/xquery/modules/image/ScaleFunction.java,org.exist.xquery.modules.image.ScaleFunction,156,2,16,18,2,0.0,22,36.6915884764849
extensions/modules/image/src/main/java/org/exist/xquery/modules/image/GetThumbnailsFunction.java,org.exist.xquery.modules.image.GetThumbnailsFunction,282,4,6,39,2,0.0,33,36.96869295879233
extensions/modules/image/src/main/java/org/exist/xquery/modules/image/CropFunction.java,org.exist.xquery.modules.image.CropFunction,131,2,4,11,2,0.0,20,39.302470759431515
extensions/modules/image/src/main/java/org/exist/xquery/modules/image/ImageModule.java,org.exist.xquery.modules.image.ImageModule,210,10,6,17,7,0.1111111111111111,12,57.08588376498431
extensions/modules/image/src/main/java/org/exist/xquery/modules/image/GetHeightFunction.java,org.exist.xquery.modules.image.GetHeightFunction,79,2,2,6,2,0.0,7,48.93728069815668
extensions/modules/image/src/main/java/org/exist/xquery/modules/image/GetWidthFunction.java,org.exist.xquery.modules.image.GetWidthFunction,80,2,2,6,2,0.0,7,48.81811328777591
extensions/modules/jndi/src/main/java/org/exist/xquery/modules/jndi/ModifyFunction.java,org.exist.xquery.modules.jndi.ModifyFunction,158,3,4,25,2,0.3333333333333333,16,41.870249496489556
extensions/modules/jndi/src/main/java/org/exist/xquery/modules/jndi/JNDIModule.java,org.exist.xquery.modules.jndi.JNDIModule,263,13,8,28,6,0.08974358974358974,15,57.284172202478665
extensions/modules/jndi/src/main/java/org/exist/xquery/modules/jndi/SearchFunction.java,org.exist.xquery.modules.jndi.SearchFunction,185,3,4,19,2,0.0,20,39.680732469334345
extensions/modules/jndi/src/main/java/org/exist/xquery/modules/jndi/GetDirContextFunction.java,org.exist.xquery.modules.jndi.GetDirContextFunction,58,2,2,4,2,0.0,9,52.93092251281399
extensions/modules/jndi/src/main/java/org/exist/xquery/modules/jndi/CloseContextFunction.java,org.exist.xquery.modules.jndi.CloseContextFunction,49,2,2,3,2,0.0,4,57.41878240086913
extensions/modules/jndi/src/main/java/org/exist/xquery/modules/jndi/RenameFunction.java,org.exist.xquery.modules.jndi.RenameFunction,69,2,4,7,2,0.0,8,49.332900896630065
extensions/modules/jndi/src/main/java/org/exist/xquery/modules/jndi/DeleteFunction.java,org.exist.xquery.modules.jndi.DeleteFunction,68,2,4,6,2,0.0,8,50.34604415375647
extensions/modules/jndi/src/main/java/org/exist/xquery/modules/jndi/CreateFunction.java,org.exist.xquery.modules.jndi.CreateFunction,76,2,4,7,2,0.0,9,48.37335295104867
extensions/modules/mail/src/main/java/org/exist/xquery/modules/mail/MailStoreFunctions.java,org.exist.xquery.modules.mail.MailStoreFunctions,118,4,2,13,2,0.0,9,51.38876412401891
extensions/modules/mail/src/main/java/org/exist/xquery/modules/mail/MailModule.java,org.exist.xquery.modules.mail.MailModule,355,24,12,28,10,0.08695652173913043,14,61.88070466114835
extensions/modules/mail/src/main/java/org/exist/xquery/modules/mail/MailSessionFunctions.java,org.exist.xquery.modules.mail.MailSessionFunctions,82,3,2,8,3,0.0,14,52.331916174858584
extensions/modules/mail/src/main/java/org/exist/xquery/modules/mail/MessageFunctions.java,org.exist.xquery.modules.mail.MessageFunctions,345,10,4,50,2,0.0,37,46.14010098013143
extensions/modules/mail/src/main/java/org/exist/xquery/modules/mail/MailFolderFunctions.java,org.exist.xquery.modules.mail.MailFolderFunctions,119,4,2,13,2,0.0,10,51.321112651849276
extensions/modules/mail/src/main/java/org/exist/xquery/modules/mail/SendEmailFunction.java,org.exist.xquery.modules.mail.SendEmailFunction,1316,20,8,176,2,0.021052631578947368,62,38.60282894905968
extensions/modules/mail/src/main/java/org/exist/xquery/modules/mail/MessageListFunctions.java,org.exist.xquery.modules.mail.MessageListFunctions,641,20,4,109,2,0.0,42,47.36100715622342
extensions/modules/mail/src/test/java/org/exist/xquery/modules/mail/Util.java,org.exist.xquery.modules.mail.Util,47,3,0,6,2,0.0,9,58.17956007978648
extensions/modules/mail/src/test/java/org/exist/xquery/modules/mail/SendEmailIT.java,org.exist.xquery.modules.mail.SendEmailIT,618,18,12,27,2,0.32679738562091504,33,45.92063446697332
extensions/modules/mail/src/test/java/org/exist/xquery/modules/mail/WriteMessageTest.java,org.exist.xquery.modules.mail.WriteMessageTest,699,32,21,45,2,0.13709677419354838,14,52.027396953154806
extensions/modules/persistentlogin/src/main/java/org/exist/xquery/modules/persistentlogin/PersistentLogin.java,org.exist.xquery.modules.persistentlogin.PersistentLogin,202,7,7,11,3,0.2857142857142857,12,54.17632188192611
extensions/modules/persistentlogin/src/main/java/org/exist/xquery/modules/persistentlogin/PersistentLoginModule.java,org.exist.xquery.modules.persistentlogin.PersistentLoginModule,47,5,5,5,5,0.0,1,75.10065428230406
extensions/modules/persistentlogin/src/main/java/org/exist/xquery/modules/persistentlogin/PersistentLoginFunctions.java,org.exist.xquery.modules.persistentlogin.PersistentLoginFunctions,157,7,2,20,2,0.047619047619047616,13,54.19949409762746
extensions/modules/persistentlogin/src/test/java/org/exist/xquery/modules/persistentlogin/LoginModuleIT.java,org.exist.xquery.modules.persistentlogin.LoginModuleIT,101,5,5,16,1,0.3,25,53.857518678982544
extensions/modules/process/src/main/java/org/exist/xquery/modules/process/Execute.java,org.exist.xquery.modules.process.Execute,166,5,5,32,2,0.0,36,46.44202575658252
extensions/modules/process/src/main/java/org/exist/xquery/modules/process/ProcessModule.java,org.exist.xquery.modules.process.ProcessModule,35,5,4,5,5,0.0,1,77.27486663008463
extensions/modules/scheduler/src/main/java/org/exist/xquery/modules/scheduler/SchedulerModule.java,org.exist.xquery.modules.scheduler.SchedulerModule,67,5,5,5,5,0.0,1,71.74180674637967
extensions/modules/scheduler/src/main/java/org/exist/xquery/modules/scheduler/GetScheduledJobs.java,org.exist.xquery.modules.scheduler.GetScheduledJobs,155,2,2,13,1,1.0,15,36.68669140796341
extensions/modules/scheduler/src/main/java/org/exist/xquery/modules/scheduler/DeleteScheduledJob.java,org.exist.xquery.modules.scheduler.DeleteScheduledJob,66,2,2,3,1,1.0,9,53.07575859713095
extensions/modules/scheduler/src/main/java/org/exist/xquery/modules/scheduler/ResumeScheduledJob.java,org.exist.xquery.modules.scheduler.ResumeScheduledJob,66,2,2,3,1,1.0,9,53.07575859713095
extensions/modules/scheduler/src/main/java/org/exist/xquery/modules/scheduler/ScheduleFunctions.java,org.exist.xquery.modules.scheduler.ScheduleFunctions,335,3,14,31,1,0.3333333333333333,23,33.840052341717765
extensions/modules/scheduler/src/main/java/org/exist/xquery/modules/scheduler/PauseScheduledJob.java,org.exist.xquery.modules.scheduler.PauseScheduledJob,66,2,2,3,1,1.0,9,53.07575859713095
extensions/modules/simpleql/src/main/java/org/exist/xquery/modules/simpleql/ParseSimpleQL.java,org.exist.xquery.modules.simpleql.ParseSimpleQL,33,2,2,4,2,0.0,8,58.85487523247676
extensions/modules/simpleql/src/main/java/org/exist/xquery/modules/simpleql/SimpleQLModule.java,org.exist.xquery.modules.simpleql.SimpleQLModule,42,5,5,5,5,0.0,1,76.16623517792533
extensions/modules/sql/src/main/java/org/exist/xquery/modules/sql/SQLModule.java,org.exist.xquery.modules.sql.SQLModule,233,18,10,34,9,0.0718954248366013,20,61.4969472695252
extensions/modules/sql/src/main/java/org/exist/xquery/modules/sql/PreparedStatementWithSQL.java,org.exist.xquery.modules.sql.PreparedStatementWithSQL,25,3,2,3,1,0.6666666666666666,0,74.00977005389002
extensions/modules/sql/src/main/java/org/exist/xquery/modules/sql/GetJNDIConnectionFunction.java,org.exist.xquery.modules.sql.GetJNDIConnectionFunction,87,2,2,6,2,0.0,9,47.63097517584628
extensions/modules/sql/src/main/java/org/exist/xquery/modules/sql/SQLUtils.java,org.exist.xquery.modules.sql.SQLUtils,93,4,0,44,3,0.0,3,51.971395172408755
extensions/modules/sql/src/main/java/org/exist/xquery/modules/sql/PrepareFunction.java,org.exist.xquery.modules.sql.PrepareFunction,77,2,2,6,2,0.0,10,48.246376884771806
extensions/modules/sql/src/main/java/org/exist/xquery/modules/sql/CloseConnectionFunction.java,org.exist.xquery.modules.sql.CloseConnectionFunction,61,3,3,6,3,0.0,11,56.68326215764806
extensions/modules/sql/src/main/java/org/exist/xquery/modules/sql/ExecuteFunction.java,org.exist.xquery.modules.sql.ExecuteFunction,496,6,13,67,3,0.3333333333333333,51,34.75814032602708
extensions/modules/sql/src/main/java/org/exist/xquery/modules/sql/GetConnectionFunction.java,org.exist.xquery.modules.sql.GetConnectionFunction,136,5,12,16,3,0.1,15,51.720515235920004
extensions/modules/sql/src/test/java/org/exist/xquery/modules/sql/ConnectionIT.java,org.exist.xquery.modules.sql.ConnectionIT,144,3,2,3,1,1.0,29,42.068462686487095
extensions/modules/sql/src/test/java/org/exist/xquery/modules/sql/JndiConnectionIT.java,org.exist.xquery.modules.sql.JndiConnectionIT,140,4,4,4,1,1.0,35,46.31630586386865
extensions/modules/sql/src/test/java/org/exist/xquery/modules/sql/ConnectionPoolIT.java,org.exist.xquery.modules.sql.ConnectionPoolIT,45,1,1,1,1,1.0,13,44.40903929386808
extensions/modules/sql/src/test/java/org/exist/xquery/modules/sql/ExecuteFunctionTest.java,org.exist.xquery.modules.sql.ExecuteFunctionTest,509,7,1,11,1,0.7142857142857143,38,36.90966995947118
extensions/modules/sql/src/test/java/org/exist/xquery/modules/sql/ImplicitConnectionCloseIT.java,org.exist.xquery.modules.sql.ImplicitConnectionCloseIT,544,4,6,4,1,1.0,37,33.014993341532055
extensions/modules/sql/src/test/java/org/exist/xquery/modules/sql/Util.java,org.exist.xquery.modules.sql.Util,47,3,0,6,2,0.0,9,58.17956007978648
extensions/modules/sql/src/test/java/org/exist/xquery/modules/sql/ExecuteIT.java,org.exist.xquery.modules.sql.ExecuteIT,58,3,2,3,1,0.0,18,54.47709393009426
extensions/modules/sql/src/test/java/org/exist/xquery/modules/sql/H2DatabaseResource.java,org.exist.xquery.modules.sql.H2DatabaseResource,112,11,10,17,2,0.4,9,65.43015278834105
extensions/modules/xmldiff/src/main/java/org/exist/xquery/modules/xmldiff/XmlDiffModule.java,org.exist.xquery.modules.xmldiff.XmlDiffModule,57,6,6,6,4,0.13333333333333333,3,71.58555826201727
extensions/modules/xmldiff/src/main/java/org/exist/xquery/modules/xmldiff/Compare.java,org.exist.xquery.modules.xmldiff.Compare,128,5,9,18,2,0.1,21,51.329853154461816
extensions/modules/xslfo/src/main/java/org/exist/xquery/modules/xslfo/ApacheFopProcessorAdapter.java,org.exist.xquery.modules.xslfo.ApacheFopProcessorAdapter,341,4,2,14,2,0.16666666666666666,24,39.97735670508143
extensions/modules/xslfo/src/main/java/org/exist/xquery/modules/xslfo/RenderFunction.java,org.exist.xquery.modules.xslfo.RenderFunction,99,2,6,7,2,0.0,19,44.074134809656336
extensions/modules/xslfo/src/main/java/org/exist/xquery/modules/xslfo/XSLFOModule.java,org.exist.xquery.modules.xslfo.XSLFOModule,69,7,7,10,5,0.09523809523809523,8,66.39535700580959
extensions/modules/xslfo/src/main/java/org/exist/xquery/modules/xslfo/ProcessorAdapter.java,org.exist.xquery.modules.xslfo.ProcessorAdapter,10,2,0,2,2,0.0,0,84.61819053717403
extensions/modules/xslfo/src/main/java/org/exist/xquery/modules/xslfo/RenderXXepProcessorAdapter.java,org.exist.xquery.modules.xslfo.RenderXXepProcessorAdapter,91,2,1,9,1,1.0,16,44.613876403945405
extensions/modules/xslfo/src/test/java/org/exist/xquery/modules/xslfo/ApacheFopTest.java,org.exist.xquery.modules.xslfo.ApacheFopTest,74,1,1,1,1,1.0,7,40.61102658280295
extensions/security/ldap/src/main/java/org/exist/security/realm/ldap/xquery/AccountFunctions.java,org.exist.security.realm.ldap.xquery.AccountFunctions,60,3,1,9,2,0.0,14,54.928875091003654
extensions/security/ldap/src/main/java/org/exist/security/realm/ldap/xquery/LDAPModule.java,org.exist.security.realm.ldap.xquery.LDAPModule,38,5,4,5,5,0.0,1,77.1143942589915
extensions/security/ldap/src/main/java/org/exist/security/realm/ldap/LDAPGroupImpl.java,org.exist.security.realm.ldap.LDAPGroupImpl,24,4,0,4,3,0.0,1,74.65892782988446
extensions/security/ldap/src/main/java/org/exist/security/realm/ldap/AbstractLDAPPrincipalRestrictionList.java,org.exist.security.realm.ldap.AbstractLDAPPrincipalRestrictionList,34,5,2,5,2,0.4,2,74.95219890143235
extensions/security/ldap/src/main/java/org/exist/security/realm/ldap/LDAPRealm.java,org.exist.security.realm.ldap.LDAPRealm,1236,51,5,184,10,0.15137254901960784,49,51.51851753401307
extensions/security/ldap/src/main/java/org/exist/security/realm/ldap/LDAPPrincipalWhiteList.java,org.exist.security.realm.ldap.LDAPPrincipalWhiteList,17,1,0,2,1,1.0,2,60.68464332889743
extensions/security/ldap/src/main/java/org/exist/security/realm/ldap/LdapContextFactory.java,org.exist.security.realm.ldap.LdapContextFactory,136,9,15,24,4,0.1388888888888889,9,60.20985574151921
extensions/security/ldap/src/main/java/org/exist/security/realm/ldap/LDAPTransformationContext.java,org.exist.security.realm.ldap.LDAPTransformationContext,34,4,2,4,2,0.5,3,71.00576695303997
extensions/security/ldap/src/main/java/org/exist/security/realm/ldap/AbstractLDAPSearchPrincipal.java,org.exist.security.realm.ldap.AbstractLDAPSearchPrincipal,96,9,6,10,6,0.1111111111111111,6,68.8296372627816
extensions/security/ldap/src/main/java/org/exist/security/realm/ldap/LDAPPrincipalBlackList.java,org.exist.security.realm.ldap.LDAPPrincipalBlackList,17,1,0,2,1,1.0,2,60.68464332889743
extensions/security/ldap/src/main/java/org/exist/security/realm/ldap/LDAPSearchContext.java,org.exist.security.realm.ldap.LDAPSearchContext,74,9,6,12,6,0.08333333333333333,3,70.18809337758518
extensions/security/ldap/src/main/java/org/exist/security/realm/ldap/LDAPSearchGroup.java,org.exist.security.realm.ldap.LDAPSearchGroup,17,1,0,2,1,1.0,2,60.68464332889743
extensions/security/ldap/src/main/java/org/exist/security/realm/ldap/LDAPSearchAccount.java,org.exist.security.realm.ldap.LDAPSearchAccount,16,1,0,2,1,1.0,2,61.258981851368915
extensions/security/ldap/src/main/java/org/exist/security/realm/ldap/LDAPAccountImpl.java,org.exist.security.realm.ldap.LDAPAccountImpl,55,8,0,10,7,0.0,5,72.01137149439623
extensions/security/ldap/src/main/java/org/exist/security/realm/ldap/LdapUtils.java,org.exist.security.realm.ldap.LdapUtils,19,1,1,4,1,1.0,2,59.15712197318244
extensions/security/ldap/src/main/java/org/exist/security/realm/TransformationContext.java,org.exist.security.realm.TransformationContext,7,1,0,1,1,1.0,0,81.43055882181517
extensions/security/ldap/src/test/java/org/exist/security/realm/ldap/LDAPRealmTest.java,org.exist.security.realm.ldap.LDAPRealmTest,52,3,2,4,2,0.3333333333333333,7,60.12933921654185
extensions/security/activedirectory/src/main/java/org/exist/security/realm/activedirectory/ActiveDirectoryRealm.java,org.exist.security.realm.activedirectory.ActiveDirectoryRealm,114,4,3,13,2,0.16666666666666666,23,50.38211236878823
extensions/security/activedirectory/src/main/java/org/exist/security/realm/activedirectory/ContextFactory.java,org.exist.security.realm.activedirectory.ContextFactory,34,3,2,3,3,0.0,1,73.60893536548774
extensions/security/activedirectory/src/test/java/org/exist/security/realm/activedirectory/ActiveDirectoryRealmTest.java,org.exist.security.realm.activedirectory.ActiveDirectoryRealmTest,56,3,2,4,2,0.3333333333333333,7,59.5838105868644
extensions/indexes/indexes-integration-tests/src/test/java/org/exist/indexing/EnforceIndexUseTest.java,org.exist.indexing.EnforceIndexUseTest,139,5,6,7,2,0.6,22,50.01990786739024
extensions/indexes/vector-it/src/test/java/xquery/lucene/VectorSearchEmbeddingIT.java,xquery.lucene.VectorSearchEmbeddingIT,274,25,10,30,2,0.14333333333333334,18,62.790062678799025
extensions/modules/example/src/main/java/org/exist/xquery/modules/example/EchoFunction.java,org.exist.xquery.modules.example.EchoFunction,41,2,2,4,2,0.0,6,57.257540172240176
extensions/modules/example/src/main/java/org/exist/xquery/modules/example/ExampleModule.java,org.exist.xquery.modules.example.ExampleModule,38,5,5,5,5,0.0,1,77.1143942589915
extensions/modules/exi/src/main/java/org/exist/xquery/modules/exi/EXIUtils.java,org.exist.xquery.modules.exi.EXIUtils,51,1,1,5,1,1.0,12,42.67351931828809
extensions/modules/exi/src/main/java/org/exist/xquery/modules/exi/EncodeExiFunction.java,org.exist.xquery.modules.exi.EncodeExiFunction,74,2,1,7,2,0.0,15,47.60327493291639
extensions/modules/exi/src/main/java/org/exist/xquery/modules/exi/ExiModule.java,org.exist.xquery.modules.exi.ExiModule,43,5,5,5,5,0.0,1,75.94331467614454
extensions/modules/exi/src/main/java/org/exist/xquery/modules/exi/DecodeExiFunction.java,org.exist.xquery.modules.exi.DecodeExiFunction,80,2,1,6,2,0.0,17,46.68290069611752
extensions/modules/sql-oracle/src/main/java/org/exist/xquery/modules/oracle/OracleModule.java,org.exist.xquery.modules.oracle.OracleModule,54,5,5,5,5,0.0,1,73.78536164684307
extensions/modules/sql-oracle/src/main/java/org/exist/xquery/modules/oracle/ExecuteFunction.java,org.exist.xquery.modules.oracle.ExecuteFunction,343,4,7,43,1,0.3333333333333333,39,34.07719635425321
extensions/security/iprange/src/main/java/org/exist/security/realm/iprange/IPRangeServlet.java,org.exist.security.realm.iprange.IPRangeServlet,92,5,2,12,4,0.0,15,55.96488863365623
extensions/security/iprange/src/main/java/org/exist/security/realm/iprange/IPRangeRealm.java,org.exist.security.realm.iprange.IPRangeRealm,112,7,4,14,5,0.047619047619047616,20,58.112098180354224
exist-core-jmh/src/main/java/org/exist/xquery/value/TypeSubTypeOfBenchmark.java,org.exist.xquery.value.TypeSubTypeOfBenchmark,45,2,3,8,1,1.0,3,54.857557646425136
exist-core-jmh/src/main/java/org/exist/xquery/utils/StringJoinBenchmark.java,org.exist.xquery.utils.StringJoinBenchmark,112,7,3,14,1,0.7142857142857143,7,59.84470040160081
exist-core-jmh/src/main/java/org/exist/xquery/utils/URIUtilsBenchmark.java,org.exist.xquery.utils.URIUtilsBenchmark,21,2,1,2,1,0.0,1,69.57900726973108
exist-core-jmh/src/main/java/org/exist/indexing/lucene/LucenePhraseQueryBenchmark.java,org.exist.indexing.lucene.LucenePhraseQueryBenchmark,208,8,13,19,1,0.21428571428571427,21,52.07518927258164
exist-core-jmh/src/main/java/org/exist/indexing/lucene/ReindexDeleteStrategyBenchmark.java,org.exist.indexing.lucene.ReindexDeleteStrategyBenchmark,203,11,5,28,1,0.34545454545454546,28,55.039237720949224
exist-core-jmh/src/main/java/org/exist/storage/ReindexBenchmark.java,org.exist.storage.ReindexBenchmark,186,7,6,12,1,0.3333333333333333,18,52.807291863409446
exist-core-jmh/src/main/java/org/exist/storage/lock/LockTableBenchmark.java,org.exist.storage.lock.LockTableBenchmark,162,2,6,20,1,0.0,7,34.190602652212334
exist-core-jmh/src/test/java/org/exist/storage/ReindexBenchmarkTest.java,org.exist.storage.ReindexBenchmarkTest,15,2,0,2,2,0.0,2,70.08151712648305
exist-indexes-jmh/src/main/java/org/exist/indexing/jmh/NgramWhereClauseBenchmark.java,org.exist.indexing.jmh.NgramWhereClauseBenchmark,177,8,13,16,1,0.17857142857142858,23,53.91064325996208
exist-indexes-jmh/src/main/java/org/exist/indexing/jmh/RangeEqWhereClauseBenchmark.java,org.exist.indexing.jmh.RangeEqWhereClauseBenchmark,155,7,13,13,1,0.23809523809523808,23,53.81727335225069
exist-indexes-jmh/src/main/java/org/exist/indexing/jmh/GeneralComparisonWhereClauseBenchmark.java,org.exist.indexing.jmh.GeneralComparisonWhereClauseBenchmark,159,7,13,13,1,0.23809523809523808,23,53.57589254413609
exist-indexes-jmh/src/main/java/org/exist/indexing/jmh/RangeFieldEqWhereClauseBenchmark.java,org.exist.indexing.jmh.RangeFieldEqWhereClauseBenchmark,156,7,13,13,1,0.23809523809523808,23,53.78697734980646
exist-indexes-jmh/src/main/java/org/exist/indexing/jmh/LuceneWhereClauseBenchmark.java,org.exist.indexing.jmh.LuceneWhereClauseBenchmark,154,7,13,13,1,0.23809523809523808,23,53.87859191072496
