Source path,Class name,Checksum,Description,Responsibility,Pattern 1,Pattern 2,Pattern 3,Inference time (ms),Input tokens,Output tokens
exist-start/src/main/java/org/exist/start/StartException.java,org.exist.start.StartException,af6e05e29ea0c318323d3c3794ee9e47a9539fa59df92220d02f263eb53e827c,"This class represents a custom exception that can be thrown to indicate errors during a startup process, carrying an error code and an optional message.",Error Handling,Exception,,,1521,438,78
exist-start/src/main/java/org/exist/start/CompatibleJavaVersionCheck.java,org.exist.start.CompatibleJavaVersionCheck$IncompatibleJavaVersion,fd6281a082d0ac17c9daff4b976ffce4c167741b95835964baa83b9ada350219,"This class represents a specific, incompatible version of the Java runtime, allowing for the definition of required major versions and optional constraints on minor and patch versions.",Version Constraint,Factory Method,Value Object,,818,608,100
exist-start/src/main/java/org/exist/start/CompatibleJavaVersionCheck.java,org.exist.start.CompatibleJavaVersionCheck,2896b7560a05f9a5a10d5345f25cbdf249e766fd5ce40f52bdd25511125b5696,"This class is designed to verify if the currently running Java version is compatible with eXist-db. It checks against a list of known incompatible Java versions and will raise an exception if an incompatible version is detected, ensuring the stability and integrity of the database.",Java Version,Guard Clause,Static Factory,,696,1313,122
exist-start/src/main/java/org/exist/start/classloader/Classpath.java,org.exist.start.classloader.Classpath,f8659f0675751810ac8bf5b799e6d547ff962db86039ab6b190eed4fc0a340c7,"This class manages a collection of file system paths that constitute a classpath, allowing for the addition of components and the retrieval of a custom class loader based on these paths.",Classpath management,Builder,Collection,,686,763,101
exist-start/src/main/java/org/exist/start/classloader/EXistClassLoader.java,org.exist.start.classloader.EXistClassLoader,7d59bbb461c42de1e23c396b95eb5995e3f1657bf95691b62d59f408593a6ad7,"This class serves as the primary class loader for the eXist system, enabling the dynamic addition of resource locations at runtime.",Root class loader,Extension,,,603,489,77
exist-start/src/main/java/org/exist/start/classloader/ReflectionUtils.java,org.exist.start.classloader.ReflectionUtils,7f5bd042206624451626742ef92016c0c45a8d7a157c38ede3d4826f5838c87c,"This class provides utility methods for performing reflective operations, specifically for invoking the main method of a class dynamically and managing a custom class loader.",Reflection utilities,Utility Class,Factory Method,,897,853,97
exist-start/src/main/java/org/exist/start/Main.java,org.exist.start.Main,fa36a1f95ed3eb0093a3f537f9b924cc87e3775a2ad851f55fd8328b75d70932,"This class is responsible for bootstrapping and configuring the eXist-db Java environment before the database starts, by orchestrating various setup tasks and resolving necessary configurations.",Bootstrap setup,Singleton,Factory Method,,1085,2892,101
exist-start/src/main/java/org/exist/start/StopException.java,org.exist.start.StopException,5234cb50f7189f61c30529eb26d1a5041535bab8458a58867136aa49e047fb58,This class represents a custom exception that signals the intentional stopping of a process or operation.,Error handling,,,,484,391,48
exist-samples/src/main/java/org/exist/samples/Samples.java,org.exist.samples.Samples,1c71ba6c2301aebfff393ff87b663b1f1c7aaa67e7fbbdade74b6bc9dc6a20bc,"Provides access to various sample data files and their corresponding metadata, such as streams and URLs, for use within the application.",Sample Access,Singleton,Facade,,636,920,92
exist-core/src/main/java/org/exist/xslt/TemplatesFactory.java,org.exist.xslt.TemplatesFactory,849e6714913196e33caec50fa318f2e0368c673e4056e4eaae7fd091dd529e25,"This class acts as a factory for creating and managing stylesheet resolvers and compilers, with support for caching instances for reuse.",Stylesheet factory,Factory,Cache,,482,755,91
exist-core/src/main/java/org/exist/xslt/Stylesheet.java,org.exist.xslt.Stylesheet,5cd1a1bcf6e671685adfe985fc5b49fabb1ce3cac01f4c51b3ba19e9f41c140c,"This interface defines a contract for resolving and compiling XSLT stylesheets, providing methods to obtain compiled `Templates` objects and `TransformerHandler` instances for applying transformations. It is designed to work with a `DBBroker` for stylesheet retrieval and supports custom error listeners.",Stylesheet Compilation,Strategy,Interface,,3830,604,121
exist-core/src/main/java/org/exist/xslt/StylesheetResolverAndCompiler.java,org.exist.xslt.StylesheetResolverAndCompiler,ffb267221ba7f3592519bd157b3b15a32e47065d61f6c7d96f3bcf5fe6a7a365,"This class acts as a resolver and compiler for XSLT stylesheets, managing the loading, compilation, and caching of `Templates` objects for efficient transformation processing.",Stylesheet processing,Factory,Cache,Template Method,678,860,118
exist-core/src/main/java/org/exist/xslt/XSLTErrorsListener.java,org.exist.xslt.XSLTErrorsListener$ErrorType,66e53f27dd1f52985746ed4e59cb76b4271b89775c280f5e9135bfac8bb011ee,"This code defines an enumeration for categorizing different types of errors, specifically warning, error, and fatal.",Error classification,,,,400,380,52
exist-core/src/main/java/org/exist/xslt/XSLTErrorsListener.java,org.exist.xslt.XSLTErrorsListener,07e271a5a4a1a76aed2e89eadef9d136897827a586d4182c573baf81fd823203,"This class serves as a listener for XSL transformation errors, allowing for configurable handling of warnings, errors, and fatal errors by either logging them or stopping the transformation process.",Error Handling,Listener,Template Method,Strategy,557,847,120
exist-core/src/main/java/org/exist/xslt/EXistDbXMLReader.java,org.exist.xslt.EXistDbXMLReader,5670ee60c8f4f0f9d76c515c4be03dd309c3e46f38cd7a6c3f29fa435c45cf3e,"This class acts as an XML reader that utilizes a serializer to deliver database documents to a content handler, implementing the SAX XMLReader interface.",XML Parsing,Adapter,Strategy,,690,978,96
exist-core/src/main/java/org/exist/xslt/TransformerFactoryAllocator.java,org.exist.xslt.TransformerFactoryAllocator,57f392bb610ef1bb846d94b8b27b8c7f10d182ffd3d7259b19e3e16bd5c74508,"This class is responsible for providing a configurable way to obtain a TransformerFactory for XSLT transformations, allowing the specific implementation to be determined by configuration settings rather than being hardcoded.","Factory, Configuration",Factory Method,Dependency Injection (indirect),Configuration,732,817,126
exist-core/src/main/java/org/exist/xslt/EXistURIResolver.java,org.exist.xslt.EXistURIResolver,b24c84a6c97a490d946c1890c9b94350dadab0c9f838b1dae984922503fa654e,"This class resolves uniform resource identifiers (URIs) by interfacing with a database broker pool to locate and retrieve resources, supporting both database-internal paths and external URLs.",URI Resolution,Adapter,Strategy,,652,642,101
exist-core/src/main/java/org/exist/xslt/XsltURIResolverHelper.java,org.exist.xslt.XsltURIResolverHelper,508ec90e6937fbd23cb6604fae427b36fac2b01389fc00f0520b8f769d80b6e9,"Provides utility methods for resolving URIs within XSLT processing, allowing for the retrieval of appropriate URI resolvers based on context.",URI Resolution,Helper,Factory,,687,550,93
exist-core/src/main/java/org/exist/xslt/EXistDbInputSource.java,org.exist.xslt.EXistDbInputSource,a8093719261f0767d209282634cd76c9935701380c68c3cea51e66e1e66d0d3d,"This class represents an XML document residing within the eXist database, providing access to its broker and document information, and allowing for the configuration of input streams.",Document Input,Adapter,,,515,543,83
exist-core/src/main/java/org/exist/xslt/EXistDbSource.java,org.exist.xslt.EXistDbSource,038782a374c45499419dd30c50ae5dbda355e0c8b43196d18e6f642d581fac1e,"This class provides an XML document from the eXist database as a SAXSource, enabling it to be processed by XML parsers.",XML Source,Adapter,,,530,614,79
exist-core/src/main/java/org/exist/xmlrpc/ExistRpcTypeFactory.java,org.exist.xmlrpc.ExistRpcTypeFactory,3bbfd787dedbb6668e026f1bb1d1a5e6b2d4654d1a4460511d607fb0172ecc57,"This class acts as a custom factory for creating XML-RPC types, specifically designed to support extended types when interacting with eXist-db.",Type Factory,Factory Method,Extension Point,,655,520,99
exist-core/src/main/java/org/exist/xmlrpc/RpcConnection.java,org.exist.xmlrpc.RpcConnection$DoctypeCount,457177249463e4abeff24d793f37722870000473cebca5d9b56ba84998835716,"This class is a container for a DocumentType and its associated count, designed to track the occurrences of specific document types.",Type counting,,,,489,435,55
exist-core/src/main/java/org/exist/xmlrpc/RpcConnection.java,org.exist.xmlrpc.RpcConnection$NodeCount,a2895525a9b9c3d245c1aab5ad9ceb4ac2e960aa2674b71d875254ebce82d9c6,"This class is a private helper for tracking the number of references to a DocumentImpl object, allowing for efficient memory management.",Reference Counting,Helper Class,Encapsulation,,522,439,95
exist-core/src/main/java/org/exist/xmlrpc/RpcConnection.java,org.exist.xmlrpc.RpcConnection$BufferingRestoreListener,7453d7fb14e8fe87e2688dc8450854d42fcf11a4f5f21cb42bc6b7cf31c88ec7,"This class acts as a listener that buffers and logs various events occurring during a restore operation, such as task start, descriptor processing, collection creation, resource restoration, skipped resources, informational messages, warnings, errors, and task completion.",Event buffering,Observer,State holder,,657,911,115
exist-core/src/main/java/org/exist/xmlrpc/RpcConnection.java,org.exist.xmlrpc.RpcConnection,b5cff1948bf226cb90660d88e4eaf464b95f70489964e9820a7770580c4d54e8,"This class implements the XML-RPC API for the eXist-db database, providing a wide range of methods for managing documents, collections, users, and executing queries.",Database API,Adapter,Facade,Gateway,617,18498,120
exist-core/src/main/java/org/exist/xmlrpc/RpcServlet.java,org.exist.xmlrpc.RpcServlet$XmldbRequestProcessorFactoryFactory,63eb97e133633e6980f5d92e540727539fc8b8054d190dc73c8c55d43c03c6e7,"This class acts as a factory for creating factories that produce request processors specifically designed for XML-RPC database interactions. It ensures that the correct processor factory is instantiated based on the requested class, managing its lifecycle.",Factory creation,Factory Method,Singleton (via AtomicLazyValE),,734,458,116
exist-core/src/main/java/org/exist/xmlrpc/RpcServlet.java,org.exist.xmlrpc.RpcServlet$DefaultHandlerMapping,69983f592e7f2724bdd075bc34c4cbffb08e823486f73e1cbd2b749691bc940b,"This class registers public methods from a provided Java class as default XML-RPC handlers, enabling their invocation via XML-RPC without requiring explicit handler name mapping.",Handler Registration,Strategy,Template Method,,551,478,100
exist-core/src/main/java/org/exist/xmlrpc/function/XmlRpcDocumentFunction.java,org.exist.xmlrpc.function.XmlRpcDocumentFunction,63313c752b93bd5553306572768072e26424fc5032e2912497473f221e077cc5,"This interface defines a specialized function for handling XML-RPC server operations, focusing on converting database-related exceptions into EXistException types.",XML-RPC Processing,Strategy,Functional Interface,,647,747,98
exist-core/src/main/java/org/exist/xmlrpc/function/XmlRpcFunction.java,org.exist.xmlrpc.function.XmlRpcFunction,935f1565536aa8f528c61ce025a2781383ec16bf44d5792954c066e0322da2b3,"This interface defines a functional operation for XML-RPC servers, specifically handling database interactions by converting various exceptions into `EXistException` or `PermissionDeniedException` types.",XML-RPC Operations,Strategy,Functional Interface,,616,733,105
exist-core/src/main/java/org/exist/xmlrpc/function/XmlRpcCollectionFunction.java,org.exist.xmlrpc.function.XmlRpcCollectionFunction,687da5f3ba912e3ddcf270011762b7484e4c46c8d55300b44d0bf77507c5c399,"This interface defines a functional contract for operations targeting XML-RPC server functionalities, specifically designed to process collections within a database transaction and handle various exceptions by converting them into a standardized EXistException type.",XML-RPC Collection,Functional Interface,Adapter,,643,781,110
exist-core/src/main/java/org/exist/xmlrpc/function/XmlRpcCompiledXQueryFunction.java,org.exist.xmlrpc.function.XmlRpcCompiledXQueryFunction,0475e6026c5ec1846027740e283c66f1138e05b034eb1fa14ca04c9bff1d9aee,"This interface represents a specialized function for handling XML-RPC server operations, primarily focused on converting database exceptions into specific EXistException types when executing compiled XQueries.",XML-RPC Execution,Functional Interface,Strategy,,717,671,103
exist-core/src/main/java/org/exist/xmlrpc/TupleSerializer.java,org.exist.xmlrpc.TupleSerializer,06b557c92dc47a478700c64edf413b1489267168aad335a081aa40c4237e0bc1,"This class is responsible for serializing objects, specifically sub-classes of `Tuple`, into an XML format suitable for XML-RPC communication.",XML Serialization,Strategy,Adapter,,479,612,96
exist-core/src/main/java/org/exist/xmlrpc/AbstractCachedResult.java,org.exist.xmlrpc.AbstractCachedResult,096d6775d39b8167246e90a53b7151b22347687d39591df2dafa4a2607334bff,"This abstract class serves as a container for cached query results, enabling retrieval of data in chunks and managing the lifecycle of the cached resource.",Result Caching,Template Method,Resource Management,,652,993,98
exist-core/src/main/java/org/exist/xmlrpc/CachedContentFile.java,org.exist.xmlrpc.CachedContentFile,c5010e67249d92ca52694c9bba6c2f44a56f6ae5362a0bf81147872aa5299c13,"This class serves as a wrapper for `ContentFile` objects, providing caching capabilities and managing the lifecycle of the cached content, including its eventual return to a pool.",Cached content management,Decorator,Resource Management,,721,514,103
exist-core/src/main/java/org/exist/xmlrpc/XmldbRequestProcessorFactory.java,org.exist.xmlrpc.XmldbRequestProcessorFactory,39e06abd35558781ae8979f9d6a1da6f15e5fb71d939a0bdc4a670bd0ea65892,"This factory is responsible for creating and initializing XML-RPC request handlers, specifically for eXist, ensuring each handler is properly set up.",Handler Factory,Factory Method,Dependency Injection,,748,778,98
exist-core/src/main/java/org/exist/xmlrpc/QueryResultCache.java,org.exist.xmlrpc.QueryResultCache,ca731a9261a42c2ff44934cd4e5ea92b4deae98ed17fdba213301e72f88dccb5,"This class provides a mechanism to store and retrieve query results, identified by unique integer IDs, for efficient caching and reuse.",Query Caching,Cache,Concurrency Safe,,720,763,94
exist-core/src/main/java/org/exist/xmlrpc/QueryResult.java,org.exist.xmlrpc.QueryResult,eac92b5a549776a1073105c66454049281dcfb353154677cf12d1cb64f36fec0,"This class acts as a container to store and cache the outcome of a query, allowing for later retrieval of the results or any associated errors. It is designed to hold a sequence of results or an exception, along with properties related to serialization and query execution time.",Query Caching,Value Object,Container,,598,648,122
exist-core/src/main/java/org/exist/xmlrpc/ACEAiderSerializer.java,org.exist.xmlrpc.ACEAiderSerializer,277b287037b27bd398e24b00c2acc7b345f18e81cf833582191794e9c94a401a,Serializes ACEAider objects into XML-RPC format.,XML Serialization,Adapter,Type Serialization,,758,626,81
exist-core/src/main/java/org/exist/xmlrpc/TupleParser.java,org.exist.xmlrpc.TupleParser,b7540d60d5487f47bdeb3d9db6d54a47021ebd6f94dbc9cec1e04f9226051f83,"This class parses XML-RPC types, specifically handling the structure of sub-classes of `Tuple`, by recursively processing XML elements to reconstruct tuple objects.",Tuple Parsing,Recursive descent,Visitor,,933,835,99
exist-core/src/main/java/org/exist/xmlrpc/SerializedResult.java,org.exist.xmlrpc.SerializedResult,ba038f8b697f59cc02563ed11e911ef2fc0f85281bae086c083b59402779c5c0,"This class acts as a container to hold and cache the results of a query, allowing for later retrieval by the client and manages the cleanup of temporary files.",Query Result Caching,Value Object,Repository,,773,511,102
exist-core/src/main/java/org/exist/xmlrpc/ACEAiderParser.java,org.exist.xmlrpc.ACEAiderParser,7a9ecad2f88b2efff784f8190694566acaf3d2f3d96cb68f4eac6e05b9ead7f8,This class serves as an XML-RPC parser specifically designed to interpret and transform XML representations of ACEAider objects into their corresponding Java object structure.,XML Parsing,Visitor,Builder,Recursion,707,854,115
exist-core/src/main/java/org/exist/storage/StorageAddress.java,org.exist.storage.StorageAddress,8b002d9915ee126b305270d18f2744435b9d5e3b09945b62e92888d1b5cb2d27,"This class represents and manipulates virtual storage addresses within a paged file system, encoding page numbers, tuple identifiers, and type indicators into a single 64-bit value.",Address management,Value Object,Utility Class,,771,1248,106
exist-core/src/main/java/org/exist/storage/BrokerPoolConstants.java,org.exist.storage.BrokerPoolConstants,55ef362511115fbd6dfb2bea9a9c000563cd18f1eec17d016edf107c1710d753,"This interface defines a collection of static constants used for configuring and signaling states within a broker pool, intended to declutter the main `BrokerPool` class by externalizing these values.",Configuration & Constants,Constant,,,523,1277,88
exist-core/src/main/java/org/exist/storage/TermMatcher.java,org.exist.storage.TermMatcher,0f63ef9ccb815f4d2c26d80745eaa8f73bcf4a594e6176a7625c9318dd09a4f7,This interface defines a contract for checking if a sequence of characters matches a specific term or pattern.,Term matching,Strategy,Interface,,617,463,87
exist-core/src/main/java/org/exist/storage/Signatures.java,org.exist.storage.Signatures,23bbe4f19d3bcbe5abacddf0bb72140ed32f224f219992f7a2041ff67086e203,"This class provides utility methods for encoding and decoding information about node types and their storage size from a byte signature, which is stored as the first byte of node data in a persistent DOM.",Signature Handling,Utility Class,Bit Manipulation,,784,1037,107
exist-core/src/main/java/org/exist/storage/BackupSystemTask.java,org.exist.storage.BackupSystemTask,b1acee8628e919e21c0886a66777bcba3b2ea85032c898b3c11c74057e229246,This class is responsible for creating XML backups of the database. It can output backups to a directory or a zip file and ensures data consistency by preventing other transactions during the backup process.,Database Backup,Task,Configuration,System Integration,706,1098,122
exist-core/src/main/java/org/exist/storage/BrokerPool.java,org.exist.storage.BrokerPool$State,eebeaf3f4cf6a3d10a11a70df45e4a118957f680550d89cd59fd15f81c8ed336,"This enum defines the possible states a BrokerPool can be in, ranging from initialization through operational status to various shutdown phases.",Lifecycle states,,,,588,443,55
exist-core/src/main/java/org/exist/storage/BrokerPool.java,org.exist.storage.BrokerPool$Event,9301e42d8175cf53e8ca571578ce0d9e99a9a97471349941bb6439f9bb62ab38,"This class defines a set of enumerated event types used for managing the initialization and shutdown states of a system, including specific modes like multi-user mode.",State management,,,,561,433,61
exist-core/src/main/java/org/exist/storage/BrokerPool.java,org.exist.storage.BrokerPool$StatusReporter,0779f83bf592106a9bfe5d5c321e2e368b57aa56d60a1c2b3364c74db023d7be,"This class acts as a publisher of system status updates. It allows for setting and updating the status, and notifies any registered observers of these changes. It also provides a mechanism to signal the termination of its reporting activity and ensures that any threads waiting on its status are released.",Status Reporting,Observer,Observable,Threadsafe,632,548,140
exist-core/src/main/java/org/exist/storage/BrokerPool.java,org.exist.storage.BrokerPool$TraceableBrokerLeaseChange$Change,48edfeda26998f391def67161346259e21424b27cb7cdf93029c4d8b9107df25,This enum defines the two possible states for a change: getting a resource or releasing it.,Change state,,,,493,377,49
exist-core/src/main/java/org/exist/storage/BrokerPool.java,org.exist.storage.BrokerPool$TraceableBrokerLeaseChange$BrokerInfo,6d58612db9f621752f5ce5e0703e70337e7c3ef13fc6ecc425f2a2e86bb136ed,"This class represents immutable information about a broker, storing its unique identifier and a reference count.",Broker Data,,,,475,404,49
exist-core/src/main/java/org/exist/storage/BrokerPool.java,org.exist.storage.BrokerPool$TraceableBrokerLeaseChange,48e4dbb81faa1fda7d83a5dfe86803704d7d4f2c0cadbd0a01633014c8f85ea5,"This class is used for tracing changes related to broker leases, specifically when brokers are acquired or released, and tracks their reference counts.",Broker Lease Tracing,Traceable State,,,695,665,81
exist-core/src/main/java/org/exist/storage/BrokerPool.java,org.exist.storage.BrokerPool,e637ec4cc738d192b9cc6c9f9d6d2eba310bbf2ce9bca6864539bb1b712316d9,"This class manages all instances of a database, providing functionality to configure, start, stop, and retrieve individual database instances, each with its own settings and resources.",Database instance management,State Machine,Service Locator,Factory,949,7365,120
exist-core/src/main/java/org/exist/storage/QNameRangeIndexSpec.java,org.exist.storage.QNameRangeIndexSpec,fafcd081a606cba29e715dd017135c2fd213a7c1bba4c0d68ce03b93195e43a3,"This class defines the specification for a range index based on a qualified name (QName), storing the namespaces and name used to construct the QName.",Index Specification,Value Object,Builder,,649,436,99
exist-core/src/main/java/org/exist/storage/BrokerPoolServicesManagerException.java,org.exist.storage.BrokerPoolServicesManagerException,6fb153dd2a50aace40048edf1261a0a861ef11002a076c7f8086e336902d5e99,"This class represents an exception that aggregates multiple service-specific exceptions encountered within a broker pool, allowing for the reporting of all encountered errors.",Error Aggregation,,,,665,475,59
exist-core/src/main/java/org/exist/storage/BufferStats.java,org.exist.storage.BufferStats,d8299f39a458c2aedb4f38a3064555c302b58f080506974da83f140454ba4eec,"This class encapsulates statistics related to a buffer, tracking its total size, current usage, and the number of page hits and failures.",Buffer statistics,Value Object,Immutable,,584,535,95
exist-core/src/main/java/org/exist/storage/cache/LRUCache.java,org.exist.storage.cache.LRUCache,fafa895943004b396b309d29022279cd20ac07b8299248ac5fd16a564dccf408,"This class implements a cache with a Last Recently Used (LRU) eviction policy, storing cacheable items and managing their lifecycle based on usage.",LRU Caching,Cache-Aside,Eviction Policy,,590,1262,103
exist-core/src/main/java/org/exist/storage/cache/Cacheable.java,org.exist.storage.cache.Cacheable,a321d8f1f76d55b04470e23a924208add7480dbbe053145716e578511d67ec65,"This interface defines the contract for objects that can be stored in a cache, requiring them to provide a unique key, manage a reference count, and support timestamping and pre-eviction cleanup.",Cacheable Object,Marker Interface,Reference Counting,,639,1123,110
exist-core/src/main/java/org/exist/storage/cache/Accounting.java,org.exist.storage.cache.Accounting,495c0127b7b32efa2199f666d423151d397e913b0fe6d561031649c3f5ce7b94,"This class tracks cache performance metrics such as hits, misses, and thrashing, and uses this information to determine if the cache needs to be resized to improve efficiency.",Cache Metrics,Singleton,Monitor,Strategy,657,1369,118
exist-core/src/main/java/org/exist/storage/cache/BTreeCache.java,org.exist.storage.cache.BTreeCache,a1d6313898cfad2b31ed4d17f0599726cd16767dcd889655f04747bc47ca2993,This class implements a cache that prioritizes keeping inner B-tree pages in memory while allowing leaf pages to be evicted based on usage.,Page Caching,Cache-Aside,LRU Eviction,,525,575,101
exist-core/src/main/java/org/exist/storage/cache/LRDCache.java,org.exist.storage.cache.LRDCache,dce056930f8ffb8845a1eefdabad596dcba602d113bb4b0f8384efb63546908f,"This class implements a cache with a Least Reference Density (LRD) replacement policy, managing items based on their reference counts and age to optimize cache performance and prevent stale data.",Cache Management,Eviction Policy,Cache,Reference Counting,682,936,123
exist-core/src/main/java/org/exist/storage/cache/Cache.java,org.exist.storage.cache.Cache$CacheType,9ed01158c5900458d1822a0d4738c2727b6558fd85fcd8c47a74934be3327148,This enum defines the distinct types of caches supported by the system: BTREE and DATA.,Cache types,,,,494,378,49
exist-core/src/main/java/org/exist/storage/cache/Cache.java,org.exist.storage.cache.Cache,a5198a79ebe8991b23e4292b97f0e0bcaf90757dfea44448e5a5553f2cadff8a,"This interface defines the contract for cache implementations used to buffer btree and data pages, providing methods for adding, retrieving, removing, and managing cache items and their state.",Cache Buffering,Strategy,Interface Segregation,,613,1640,105
exist-core/src/main/java/org/exist/storage/cache/BTreeCacheable.java,org.exist.storage.cache.BTreeCacheable,2900c3af461a5695e018d3901fa8f4e85fd038cee0ce1ef2d447bbabcaca54c8,This interface defines a contract for objects that can be cached and also indicates whether they represent an inner page within a B-tree structure.,Cacheable B-Tree,,,,378,383,61
exist-core/src/main/java/org/exist/storage/cache/GClockCache.java,org.exist.storage.cache.GClockCache,9a53e4b225c52bfae02938b6a16e20a9783f8c5411c46957c5ff7681b9130d2c,"This class implements a cache with a size-limited collection of items, prioritizing the eviction of less recently or less frequently used items to maintain performance. It manages items using reference counts and employs a GClock algorithm for item replacement when the cache is full.",Cache Management,Cache-Aside,Reference Counting,LFU/LRU Hybrid,992,1341,143
exist-core/src/main/java/org/exist/storage/sync/Sync.java,org.exist.storage.sync.Sync,d4c45568bd2f2285317e128a378e098ca84a2145b7e953714ba16a3ba49217a6,"This enum defines distinct levels of synchronization, likely used to control the frequency or scope of cache operations.",Sync Level,,,,603,400,51
exist-core/src/main/java/org/exist/storage/sync/SyncTask.java,org.exist.storage.sync.SyncTask,8bb4246faa62223e56b30a4af30f0096c1981f7499a994c9f7f8a4845918a453,"This class represents a synchronization task that manages database operations, including checking disk space, performing major or minor synchronization, and potentially switching the database to read-only mode if disk space is insufficient.",Sync Task,Strategy,Template Method,,748,712,107
exist-core/src/main/java/org/exist/storage/serializers/XmlSerializerPoolObjectFactory.java,org.exist.storage.serializers.XmlSerializerPoolObjectFactory,b6dfe9180ee76060ddccc1c2dd20fe19849b9bf11af72cd44a3c191f8fbf99f3,"This class manages a pool of Serializer objects, responsible for their creation, pooling, and resetting to ensure efficient reuse of serialization resources.",Object Pooling,Factory,Object Pool,,778,554,96
exist-core/src/main/java/org/exist/storage/serializers/CustomMatchListener.java,org.exist.storage.serializers.CustomMatchListener,8ab20772b60f0ef791b624441d7664b87ce32d2da1aad88213120fbcae70dd55,This abstract class serves as a foundation for creating custom filters that can modify the serialization output of the Serializer. It allows for the registration of these custom filters within the system's configuration.,Serialization Filtering,Template Method,Strategy,,650,506,107
exist-core/src/main/java/org/exist/storage/serializers/ChainOfReceivers.java,org.exist.storage.serializers.ChainOfReceivers,35f629b4ba21cbf74337d5ca1be84709e38409e32cc09df7014923ccfa4a6ac1,"This interface defines a receiver that is part of a chain, allowing for the sequential processing of events and providing methods to manage the chain's structure.",Chain management,Chain of Responsibility,Interface,,607,503,100
exist-core/src/main/java/org/exist/storage/serializers/WSDLFilter.java,org.exist.storage.serializers.WSDLFilter,aeb9bcff975439a96514cfaf230ea6f6bec448ad629f73f0deaab89d7084b361,"This class acts as a filter for WSDL documents, augmenting the 'definitions' element with specific XML namespace declarations for 'tns' and 'soapenc' during SAX parsing, before passing the modified stream to an output handler. It specifically addresses a workaround for the Xalan XSLT processor.",Namespace Augmentation,Decorator,Adapter,Stream Filter,1047,1727,148
exist-core/src/main/java/org/exist/storage/serializers/ChainOfReceiversFactory.java,org.exist.storage.serializers.ChainOfReceiversFactory,9f9a395d42a247b0b6a8dab7b7f99344473d31759562256a39f86a5e58b97021,"This factory is responsible for creating and managing a chain of receivers, allowing for sequential processing of requests.",Chain Factory,Builder,Factory Method,,371,478,89
exist-core/src/main/java/org/exist/storage/serializers/AbstractChainOfReceivers.java,org.exist.storage.serializers.AbstractChainOfReceivers,1a7323e1b66c83364d45fe86c9ac99dceb343bba6d043262ab8dbe5c6713424f,"This class acts as a base implementation for a chain of receivers, allowing subclasses to selectively handle events while ensuring that all events are passed to the next receiver in the chain by default.",Event forwarding,Chain of Responsibility,Template Method,Adapter,573,1429,124
exist-core/src/main/java/org/exist/storage/serializers/XIncludeFilter.java,org.exist.storage.serializers.XIncludeFilter$ResourceError,d4be3575b6bb765e1afa79e6da3e27ae6d462e7342baa3dc4a1b9e67d659605b,"This class represents a detailed error encountered during resource operations, capable of storing a descriptive message and an optional underlying exception.",Error representation,,,,420,421,54
exist-core/src/main/java/org/exist/storage/serializers/XIncludeFilter.java,org.exist.storage.serializers.XIncludeFilter,82f487dc713e7ba34d17fdcfb4be992e296d0bc83a91a6a88d0b0a2e62c1ecd7,"This class acts as a filter for an XML event stream, specifically designed to intercept and process XInclude elements. When an XInclude element is encountered, it attempts to embed the content of the referenced external resource at that position in the document, handling potential fallback mechanisms and errors during the inclusion process.",XInclude processing,Filter,Decorator,Receiver,895,2176,145
exist-core/src/main/java/org/exist/storage/serializers/EXistOutputKeys.java,org.exist.storage.serializers.EXistOutputKeys,02dd1193a62fe0a6a4ef0b488b68f0f4e91403fd027695ff18b53216fae43cc9,"This class defines a collection of constants representing configuration options for XML and JSON serialization, controlling aspects like output formatting, namespace handling, and specific serialization behaviors.",Serialization Options,,,,496,1273,61
exist-core/src/main/java/org/exist/storage/serializers/CustomMatchListenerFactory.java,org.exist.storage.serializers.CustomMatchListenerFactory,6f733286842b0519599b490060d9d1944e38c6f1ff146dc143d89b9fd16a35e0,"This class is responsible for creating and managing a linked list of custom match listeners, often used for filtering during serialization processes. It is instantiated per serializer and configured via system properties or provided class names.",Listener Management,Factory,Object Pool,,752,595,108
exist-core/src/main/java/org/exist/storage/serializers/NativeSerializer.java,org.exist.storage.serializers.NativeSerializer,f3982b247002bbb7ccfb621098d42fa8658fbf29f46261efd332db8f90d7a6bb,"This class serializes XML nodes to a receiver, handling various node types, namespaces, and attributes, and is specifically designed for a native database backend.",XML Serialization,Adapter,Strategy,,654,1039,98
exist-core/src/main/java/org/exist/storage/serializers/XmlSerializerPool.java,org.exist.storage.serializers.XmlSerializerPool,e8eb40269abc5b659687a83a5d02a74b46b76c4217b5a6fc929fec713391f22d,"Manages a pool of `Serializer` objects, providing a mechanism to borrow and return them for use within the application, optimizing resource utilization for XML serialization.",Serializer pooling,Pool,,,764,565,82
exist-core/src/main/java/org/exist/storage/serializers/Serializer.java,org.exist.storage.serializers.Serializer$InternalURIResolver,60cadf7f7b4307bcde3e0cd747960218a1b62a2995fb90847d36be08f7109a80,"This class provides custom resolution logic for XSLT include and import directives, enabling the transformer to locate and process stylesheets from various sources, including internal resources tied to a specific collection.",URI Resolution,Strategy,,,638,526,87
exist-core/src/main/java/org/exist/storage/serializers/Serializer.java,org.exist.storage.serializers.Serializer$ErrorListener,fdd90bb10a7f7db0f2d5d61d489ce943f5d1ca8feab27b117236e3c01d22b599,"This class implements an error listener for XML transformations that simply re-throws any exceptions encountered, serving as a mechanism to propagate errors.",Error Handling,Adapter,,,520,550,77
exist-core/src/main/java/org/exist/storage/serializers/Serializer.java,org.exist.storage.serializers.Serializer,4b5c2032da3217ef75147d468185d066968baf5cef567bd7845287b9c6d6b990,"This abstract class provides the core functionality for serializing XML documents or fragments into various output formats, including strings and SAX event streams, with extensive support for configuration options and XSL transformations.",XML Serialization,Template Method,Strategy,Adapter,715,6442,124
exist-core/src/main/java/org/exist/storage/DefaultCacheManager.java,org.exist.storage.DefaultCacheManager,f57658ede15ec6fb4dcab1d660af142b55b5c68ef03ba87d8e1b6b967496ce96,"This class manages a global memory pool for page caches, dynamically adjusting individual cache sizes based on available memory and cache load, and can shrink caches if they are underutilized.",Cache Management,Manager,Mediator,Concurrency Control,586,1872,121
exist-core/src/main/java/org/exist/storage/SystemTaskManager.java,org.exist.storage.SystemTaskManager,a4919cb95545dd1facd7fad26b4e9f1467eff733c2be3b8b21b471f3d35f1f96,"This class manages a queue of system maintenance tasks, allowing them to be added and processed sequentially when the system is ready.",Task Management,Queue,Guarded Collection,,633,665,94
exist-core/src/main/java/org/exist/storage/ValueIndexFactory.java,org.exist.storage.ValueIndexFactory,8de3749a939af25f9e95d77535d967da6872b7625e7d1c0487318f2bb4cf82a8,"This class provides factory methods for serializing and deserializing Indexable objects to and from byte arrays, facilitating data storage and retrieval.",Serialization/Deserialization,Factory,,,550,627,79
exist-core/src/main/java/org/exist/storage/DBBroker.java,org.exist.storage.DBBroker$IndexMode,74a35f872b70818fce74e7213b7d865022ea186b186f9e4915fc470bec7a4146,"This enum defines the different modes for indexing data: storing new data, repairing existing data, or removing data.",Indexing modes,,,,450,382,53
exist-core/src/main/java/org/exist/storage/DBBroker.java,org.exist.storage.DBBroker$PreserveType,a487e3f403963eca6d9de116b10a3366cdbe033214d505062c34503d3ba11b92,"This enum defines types for controlling whether collection and document attributes are preserved when making copies, with options for default behavior, no preservation, or explicit preservation.",Copy preservation,Enumeration,,,642,500,82
exist-core/src/main/java/org/exist/storage/DBBroker.java,org.exist.storage.DBBroker,7626ba4c4229ddbb45676944e250da34c69a3e4e83819f8496687b29f549afb0,"This interface defines the contract for interacting with various database backends, providing fundamental operations for managing collections, documents, and their associated metadata, including indexing, storage, retrieval, and deletion.",Database Access,Interface Segregation,Broker,Observer,6254,15206,124
exist-core/src/main/java/org/exist/storage/OccurrenceList.java,org.exist.storage.OccurrenceList,163189cc819a6d7da32d0b9a74ccdb06d3f613ac611be5fc5a3a8aef170abe36,"This class provides a simple, growable list to store node identifiers along with their corresponding offsets within a text sequence. It facilitates adding new occurrences, retrieving nodes and offsets by position, checking for the existence of a node, and sorting the occurrences based on their offsets.",Occurrence Tracking,List,Value Object,,605,630,122
exist-core/src/main/java/org/exist/storage/btree/DBException.java,org.exist.storage.btree.DBException,86a72cc5cc23dad18f37ab9be4dfe7071e38dadd71928c5bb2d0a6481a014ddd,"This class represents a custom exception that is thrown when an error occurs during database object management, such as creating or dropping collections or indexes.",Error Handling,,,,461,514,58
exist-core/src/main/java/org/exist/storage/btree/Repair.java,org.exist.storage.btree.Repair,73375f06af64e47fa68182cadc74dc13462c64f772e9304dd0485f1c296a970e,"This class provides utilities for rebuilding index files, specifically focusing on B+-tree based indexes by reconstructing them from their leaf pages. It also manages the lifecycle of the associated broker pool, including starting it up and shutting it down, and can be executed as a command-line utility to repair specified indexes.",Index Repair,Utility Class,Facade,,951,628,129
exist-core/src/main/java/org/exist/storage/btree/TreeMetrics.java,org.exist.storage.btree.TreeMetrics,721c549dcf48dc64efcc83e02dfbf65e1a25f882adb9fc57ca6b7d6c2c019f8b,"This class aggregates and reports metrics for a B-Tree, tracking the counts of different page types (leaf, inner, data) and allowing for their printing or logging.",Tree Metrics,Value Object,Builder,,734,698,103
exist-core/src/main/java/org/exist/storage/btree/CreateBTNodeLoggable.java,org.exist.storage.btree.CreateBTNodeLoggable,73e77a57abfba884bf7e27286ea1c15bb031079a5499bbbe6b443b0da5acbb44,"This class represents a log entry for the creation of a B-tree node, storing its status and page number information, and provides methods for redoing the creation, serialization, deserialization, and a string representation.",Log Entry,Command,Memento,,846,665,111
exist-core/src/main/java/org/exist/storage/btree/UpdatePageLoggable.java,org.exist.storage.btree.UpdatePageLoggable,c28ddccdddc75f59615f6c062fd80e52ca6b4f644fdad1e68c03e027f7999696,"This class logs updates to a database page, capturing its state before and after the change to enable recovery and redo operations.",Page Logging,Command,Memento,State Transfer,557,857,110
exist-core/src/main/java/org/exist/storage/btree/BTreeCallback.java,org.exist.storage.btree.BTreeCallback,6f9abe262f946326d25869af526601bfa721e961ab5a4c8001b8ad5c2aaa2a10,"This interface defines a callback mechanism for B-Tree queries, allowing clients to receive index information and potentially terminate the enumeration process.",BTree Callback,Callback,Interface,,543,517,94
exist-core/src/main/java/org/exist/storage/btree/UpdateValueLoggable.java,org.exist.storage.btree.UpdateValueLoggable,fa79fe796fbc5d2ae72b0e2f2d7f476d0ff8166dff656d6a68fc1dd8865e0790,"This class represents a loggable record for an update operation that modifies a value at a specific page and index, storing the new and old pointers associated with that value.",Update Logging,Command,Log Sequence Number,Memento,727,836,120
exist-core/src/main/java/org/exist/storage/btree/BTreeException.java,org.exist.storage.btree.BTreeException,50d6a6aba241fccebb2cf380e02bb0c209d8e28d495a3fa35f2ec94790edf55e,"This class represents a custom exception specifically for B-tree operations, indicating an error during the management of the B-tree data structure.",B-Tree Error,,,,472,498,60
exist-core/src/main/java/org/exist/storage/btree/IndexQuery.java,org.exist.storage.btree.IndexQuery,770a012cf56ef78cbd5afb184597b760ab7b54b7c6cc3fcad8a448de036777dd,"This class defines primitive index query operations with various comparison operators and values, used for testing value matches.",Query Representation,Value Object,Enum-like Constants,,677,1231,92
exist-core/src/main/java/org/exist/storage/btree/InsertValueLoggable.java,org.exist.storage.btree.InsertValueLoggable,3fd7043de5074b917e41a1bf45810dc9d5737849bd672eda5ad152f644a5f947,"This class represents a log entry for inserting a value into a B-tree, capturing details like the page number, index within the page, and the value itself, along with its corresponding pointer information.",B-tree logging,Log,Immutable Value,Serialization,2865,741,128
exist-core/src/main/java/org/exist/storage/btree/SetPageLinkLoggable.java,org.exist.storage.btree.SetPageLinkLoggable,0625629eb09139dfd568cb15b7c9ac3495d8591690c6d999c9b3974c99d0780d,"This class logs changes related to setting a page link, capturing the current page number and the next page number for transactional purposes. It supports reading from and writing to a buffer, calculating log size, redoing operations, and providing a human-readable dump of the logged information.",Log page link,Command,Loggable,,5708,627,125
exist-core/src/main/java/org/exist/storage/btree/BTAbstractLoggable.java,org.exist.storage.btree.BTAbstractLoggable,4e87a01fd9525cd71f150a3e4aa6383ee2b161f44b91c0dac5a8b7135230bb91,"This abstract class provides a base for loggable objects that interact with a native broker and manage a file identifier. It defines methods for reading and writing this identifier to and from byte buffers, and for determining the size of log entries.",Loggable storage,Abstract Base Class,Template Method,,1498,562,118
exist-core/src/main/java/org/exist/storage/btree/Paged.java,org.exist.storage.btree.Paged$FileHeader,90a4a335121127e1157e3e25091070fca5109c16434ed117d99c126a24b82699,"This class manages metadata related to a data file, including its version, page structure, record counts, and free space management, and provides methods for reading and writing this metadata to and from storage.",File Metadata,Value Object,Data Transfer Object,,568,1927,110
exist-core/src/main/java/org/exist/storage/btree/Paged.java,org.exist.storage.btree.Paged$Page,e28e84df9be6d128441e92dcd3e186d617ac7589e6fcd3982d55a1fb304a1759,"This class represents a single page of data within a larger storage system, managing its header, offset, page number, and reference count. It provides functionality to read, write, clear, and compare page data, and to manage its lifecycle through reference counting.",Page storage,Value Object,Value Holder,,655,989,121
exist-core/src/main/java/org/exist/storage/btree/Paged.java,org.exist.storage.btree.Paged$PageHeader,282a0a61bf5d99596a6cc35e2b49d9336c43ea5807bc301cda06902e736bf287,"This class manages the metadata for a page, including its status, the length of its data, a pointer to the next page, and the log sequence number of the last modification, and handles reading and writing this metadata to and from a byte array.",Page Metadata,State,Value Object,Data Transfer Object,2511,1233,138
exist-core/src/main/java/org/exist/storage/btree/Paged.java,org.exist.storage.btree.Paged,27de1b9430bcadada011e48fc0adcece49726d6367bc09256a701e9b86d69168,"This class provides a foundational layer for managing data stored in fixed-size pages within a file, handling file operations, page allocation, and data retrieval for structures like B-trees. It acts as an abstract base class, requiring subclasses to define specific file and page header implementations.",Paged File Management,Abstract Base Class,Template Method,State,940,5969,144
exist-core/src/main/java/org/exist/storage/btree/BTree.java,org.exist.storage.btree.BTree$TreeInfo,866886b1c4f98203ffbf8fa444f2516deb6a84a322da53e8350ccada72b8e57c,"This class holds information about a tree structure, specifically the identifier of the first page and the count of leaf pages.",Tree Information,Value Object,,,3915,404,75
exist-core/src/main/java/org/exist/storage/btree/BTree.java,org.exist.storage.btree.BTree$BTreeNode,01ee7ff4e0c851c2b64f5810a95b479f501725665776c1ae1b3a6987aec30428,"Represents a node within a B+-tree, capable of storing keys and pointers to child nodes or data. It manages its own data persistence through an underlying Page object and supports operations like searching, inserting, removing, and splitting.",Tree Node,B-Tree Structure,Node Management,Data Persistence,877,3261,136
exist-core/src/main/java/org/exist/storage/btree/BTree.java,org.exist.storage.btree.BTree$BTreeFileHeader,f7d3df0c1cae58624e3ef660a32e967e8076db78fc0e0b627cf3e8b531b3b004,"This class manages the header information for a B-tree file, including the root page identifier and the fixed length of keys stored within the tree. It handles reading and writing this header data to and from a byte buffer.",File Header,Value Object,Data Transfer Object,,583,709,115
exist-core/src/main/java/org/exist/storage/btree/BTree.java,org.exist.storage.btree.BTree$BTreePageHeader,c3da1555f4fddd0ac84cd3f2711718c50f53c379b94120d2435e9148f8f53bbd,"This class represents the header for a page within a B-tree data structure, storing information about the number of values and the identifier of its parent page.",Page Header,Composite,Value Object,,859,651,100
exist-core/src/main/java/org/exist/storage/btree/BTree.java,org.exist.storage.btree.BTree,1d76749da06aeac31ba65c91d9206c59ba707eebdaa2e9983cfa2b6b04c445fc,"This class implements a general-purpose B+-tree for storing binary keys, where the actual data values are stored separately and referenced by pointers. It provides core tree operations like adding, removing, and searching for values, as well as mechanisms for querying, rebuilding, and logging changes for recovery.",Tree management,B-Tree,Cache,Transaction Log,1061,8595,146
exist-core/src/main/java/org/exist/storage/btree/SetParentLoggable.java,org.exist.storage.btree.SetParentLoggable,ce1905293bca10912174b0f865e7b9e3cb895ca3f894944ef52a7e1ee2f621ca,This class represents a loggable operation that records the setting of a parent page number for a given page within a transactional database system.,Log operation,Command,Immutable Object,Data Transfer Object,8414,733,114
exist-core/src/main/java/org/exist/storage/btree/RemoveValueLoggable.java,org.exist.storage.btree.RemoveValueLoggable,8fdd634ef3e5f6333f2dbf4b2be8370bd127232486525700fdfa30a1a6214abc,"This class represents a loggable entry for the removal of a value from a data structure, storing the necessary information to redo and undo this operation.",Log Removal,Command,Memento,Log Record,615,845,115
exist-core/src/main/java/org/exist/storage/btree/Value.java,org.exist.storage.btree.Value,a71f37d7310ed19e90fc4d9cbd5ab0ec293fdaadc76fdbe270db1e6450a91218,"This class represents an immutable sequence of bytes, serving as a fundamental data-holding object within the system. It provides methods for accessing its data, comparing it with other byte sequences, and determining common prefixes or suffixes.",Data Holder,Value Object,Immutable Object,,2378,1378,113
exist-core/src/main/java/org/exist/storage/ProcessMonitor.java,org.exist.storage.ProcessMonitor$QueryHistory,83b14dfede2d23124e3eb29c612f5228b39528e3626b8c071cb902c4a32cf288,"This class records and tracks the history of queries, including their source, invocation count, execution time, and duration, and is designed to be used in a delayed execution context.",Query tracking,Value Object,Mutable Value,,2027,665,105
exist-core/src/main/java/org/exist/storage/ProcessMonitor.java,org.exist.storage.ProcessMonitor$Monitor,71412d83efcd8ee710cb4f28aaa955459c59aebbe3a6d44729f659268b810fad,"This class acts as a signal to control the continuation or termination of a process, allowing it to be stopped externally.",Process control,Guard Clause,State Holder,,563,469,93
exist-core/src/main/java/org/exist/storage/ProcessMonitor.java,org.exist.storage.ProcessMonitor$JobInfo,865a312b422a853f832e83e118d58bd5a1c85f07522b056a1f762a4907c823df,"This class encapsulates information about a job, including its associated thread, action, start time, and a monitor, and provides functionality to stop the monitoring process.",Job management,Data Transfer Object,Value Object,,532,527,102
exist-core/src/main/java/org/exist/storage/ProcessMonitor.java,org.exist.storage.ProcessMonitor,6273ef0fb49455c6a89046e2a8bcc8144e8dbcfe92d41d86bc686113b0950c64,"This class monitors and manages actively running queries and jobs within a database instance, providing mechanisms to signal shutdown to running queries, track job execution, and terminate them if necessary.",Process Monitoring,Observer,Service,State Management,874,2246,120
exist-core/src/main/java/org/exist/storage/BrokerPoolServiceException.java,org.exist.storage.BrokerPoolServiceException,15d41bc434964fa9fb84e78abd30ccd705f85a38f7e06cd447aab977b8cefac2,This class defines a custom exception type used to signal errors originating from the BrokerPoolService.,Custom Exception,,,,546,466,49
exist-core/src/main/java/org/exist/storage/txn/TxnStart.java,org.exist.storage.txn.TxnStart,f0eaa65b74eb941f5b0d4c311db6e9c36950df04487de378768dc36fef75ed1c,"This class represents the start of a transaction, providing methods to serialize and deserialize transaction start data.",Transaction start,Data Transfer Object,Logging/Serialization,,557,559,91
exist-core/src/main/java/org/exist/storage/txn/TransactionException.java,org.exist.storage.txn.TransactionException,4cc2a88315d89be0ea57e83426f92ff7609c4efccd45d337065052f3548ee09f,"This class represents a custom exception specifically for transactional errors, providing context and a mechanism to propagate issues related to transaction management within the system.",Transaction Error,Exception Hierarchy,Custom Exception,,670,451,97
exist-core/src/main/java/org/exist/storage/txn/TxnCommit.java,org.exist.storage.txn.TxnCommit,e30fe422015a667f59afe6c0a06b7cb4bb68d134a82fcc0a96458261fadfb5e8,"This class represents a transaction commit, holding transaction details and providing methods for logging its state.",Transaction Commit,Immutable Object,Data Transfer Object,,6956,577,89
exist-core/src/main/java/org/exist/storage/txn/TxnAbort.java,org.exist.storage.txn.TxnAbort,fb499a887e6c5307def946f42fb04536e8a8d37ee06ab2efc47973f2b9d31c06,"This class represents a transaction abort operation, storing the transaction ID and providing methods for logging and state management.",Transaction abort,Command,Logging,,1035,565,89
exist-core/src/main/java/org/exist/storage/txn/Txn.java,org.exist.storage.txn.Txn$State,10d49180fcc052f4d3a5e4567b710fc4e9896c2a1c9c1b9ce6c2c1d115bae5c4,"This enum represents the possible states a transaction can be in, indicating its lifecycle from initiation to completion or termination.",Transaction state,,,,709,380,53
exist-core/src/main/java/org/exist/storage/txn/Txn.java,org.exist.storage.txn.Txn$LockInfo,4e426958b05a9d3cbc4af940cc0d067f6d854d54ab1df906581517ce2eef76d5,"This class encapsulates a lock resource and a corresponding action to release or close it, intended for managing the lifecycle of a lock.",Lock management,,,,573,407,56
exist-core/src/main/java/org/exist/storage/txn/Txn.java,org.exist.storage.txn.Txn$ReusableTxn,d7e2588cccca4cb65c9c9131acadce699bafb591e3e96a0f86745e1ad8a67cd7,"This class acts as a wrapper around an existing transaction, enabling it to be reused as if it were a standard, single-use transaction.",Transaction Reuse,Decorator,Adapter,,2860,717,96
exist-core/src/main/java/org/exist/storage/txn/Txn.java,org.exist.storage.txn.Txn,e2ab1c1cf5c1b103cd48cee99ba5d5545b8abc4681df05e18ebb20c5f072434d,"This class represents a transaction, managing its state, acquired locks, and associated listeners, and provides methods to commit, abort, or close the transaction.",Transaction Management,State,Strategy,Listener,8880,1227,115
exist-core/src/main/java/org/exist/storage/txn/TxnListener.java,org.exist.storage.txn.TxnListener,a3ac3335abca311f2ae5bc3f22d56a1c16661e5402c1183b4d93fc3763947096,"This interface defines a contract for objects that can be committed to finalize changes or aborted to discard them, acting as a transactional control mechanism.",Transaction control,Listener,Callback,,654,459,95
exist-core/src/main/java/org/exist/storage/txn/TransactionManager.java,org.exist.storage.txn.TransactionManager$TxnCounter,d0143f67dac578661b71ec06a71f89ce7c4ea650df1f43e7f3db5b5d936c1603,"This class maintains a count of operations within a transaction, primarily to detect uncommitted transactions during system shutdown.",Transaction counting,Mutable State,Concurrency Control,,641,564,91
exist-core/src/main/java/org/exist/storage/txn/TransactionManager.java,org.exist.storage.txn.TransactionManager,9692087f7aacb39b035fc99f12c2c45c12ea5452b9c82575f1b1957373b99a7e,"Manages the lifecycle of transactions within the system, providing mechanisms to begin, commit, abort, and close them. It also handles system tasks and ensures thread-safe concurrent access through non-blocking, lock-free operations.",Transaction Management,Atomic Operations,Concurrency Control,State Machine,627,2360,133
exist-core/src/main/java/org/exist/storage/txn/Checkpoint.java,org.exist.storage.txn.Checkpoint,93fe3e2e74a0920eb5d63fc47068b940177383020ef3228e9b2304d1cf9faf81,"This class represents a checkpoint in a logging system, storing a transaction ID and its associated Log Sequence Number (LSN) along with a timestamp.",State Saving,Value Object,Event Sourcing,,551,673,100
exist-core/src/main/java/org/exist/storage/Indexable.java,org.exist.storage.Indexable,d6b6fd49d24d39523f71041b62ca523bb82562d91a89c11744facab648ff8a4e,This interface defines a contract for objects that can be indexed. It specifies methods for serializing the object's value into a byte array for persistent storage and for retrieving its type.,Value Indexing,Interface,Comparable,,732,1057,105
exist-core/src/main/java/org/exist/storage/CacheManager.java,org.exist.storage.CacheManager,ac2a00c1e7f05bf4d74badd7e370f18133af7c9249235eb2975a13620393af45,"This interface defines the contract for managing a collection of caches, including their registration, deregistration, size management, and overall monitoring.",Cache Management,Interface,Service,,714,1082,94
exist-core/src/main/java/org/exist/storage/BrokerPoolService.java,org.exist.storage.BrokerPoolService,62b5b421cf9b353fde4e5a0791e1c8bfc8039f9af8967316a2095cfb5f9a988b,"This interface defines a contract for services that interact with a BrokerPool throughout its lifecycle, from initial configuration and preparation through various start-up and shut-down phases for system and multi-user modes.",Service Lifecycle,Strategy,State Transition,Service Provider,984,2168,127
exist-core/src/main/java/org/exist/storage/recovery/RecoveryManager.java,org.exist.storage.recovery.RecoveryManager$JournalRecoveryAccessor,d185eeb0c65e962d7b95a3f0d10fd4f29db42814af150a6d8c4365a7964cbaa0,"This class provides an interface for accessing and managing journal recovery files, enabling operations such as setting recovery status, retrieving files, and switching between them.",Journal file access,Dependency Injection,Strategy,,528,503,99
exist-core/src/main/java/org/exist/storage/recovery/RecoveryManager.java,org.exist.storage.recovery.RecoveryManager,ec02ba0749b3a298ccf63f3d07f8ea5ede7220f628c55d2adc14e7b394494c00,This class is responsible for database recovery. It verifies the database's consistency upon startup and attempts to restore it from a journal log if inconsistencies are detected.,Database Recovery,Strategy,Dependency Injection,,557,944,100
exist-core/src/main/java/org/exist/storage/NativeBroker.java,org.exist.storage.NativeBroker$NodeRef,1e1b378ada7d84754605257b69f8169c2690c82eee6bae30e1ff180d8761b1bc,"This class represents a reference to a specific node within a document, identified by its document ID and node ID.",Node reference,,,,458,460,53
exist-core/src/main/java/org/exist/storage/NativeBroker.java,org.exist.storage.NativeBroker$RemovedNode,52b819e2b65663c3a774604e9caa5862e2b8bfc424062b52a1f9a7e436213cd1,"This class represents a node that has been removed, storing its original node, its path, and its content.",Node removal tracking,,,,435,418,54
exist-core/src/main/java/org/exist/storage/NativeBroker.java,org.exist.storage.NativeBroker$NodeProcessor,4d3a9d4916addfdaa3729c10f7c7a109f4052ee0d19060cb284b019c30353f3f,"This class acts as a delegate for processing nodes, specifically for indexing purposes. It manages the state required for indexing a node, updating its indices, and potentially storing it in the database.",Node Indexing,Strategy,Facade,,1521,844,106
exist-core/src/main/java/org/exist/storage/NativeBroker.java,org.exist.storage.NativeBroker$DocumentCallback,da191699e23a8999cebb48435596fc0200f45c3cb5694c9e0a6123690836a3aa,"This class acts as a callback for a B-tree, responsible for retrieving document data from a database based on a key and pointer, and then incorporating that document into a collection, with special handling for binary documents.",Document retrieval,Callback,Adapter,,573,477,111
exist-core/src/main/java/org/exist/storage/NativeBroker.java,org.exist.storage.NativeBroker$TraceableSubjectChange$Change,5f5601b516ffc3b26a53e6df0749e9144057c70af6db3052ec313332153caf27,"This enum defines the possible types of changes that can occur, specifically a push or a pop operation.",Change type,,,,779,377,51
exist-core/src/main/java/org/exist/storage/NativeBroker.java,org.exist.storage.NativeBroker$TraceableSubjectChange,1ba50be478effd1ea770fc88cf6e34bb2ee3083c980d4acfd28fc4ed09726e57,"This class represents a traceable change to a subject, specifically used for logging or auditing alterations such as pushing or popping subjects.",Subject tracking,Marker,Value Object,,470,621,93
exist-core/src/main/java/org/exist/storage/NativeBroker.java,org.exist.storage.NativeBroker,edbf9468d1176c0153fee609e2b0b7dba5dded6b527d456582f6ca13f93b2171,"This class provides low-level file-based XML database operations, managing collections, documents, and their associated indexes and metadata.",Database Backend,Observer,Broker,Strategy,862,15134,110
exist-core/src/main/java/org/exist/storage/NodePath.java,org.exist.storage.NodePath,a0e89d50b543254bc4d54f7611b45e5b6dacecb109f894239730130ab369c88c,"Represents a hierarchical path of qualified names, allowing for operations like appending, component addition, and matching against other paths, with an option to include descendants.",Path Representation,Value Object,Composite,,473,1741,100
exist-core/src/main/java/org/exist/storage/NativeValueIndex.java,org.exist.storage.NativeValueIndex$ExactMatcher,a3d8bd52c332c9d13d6cf2dd318ace78773c7e91d5ace3177fe79bbe3e853119,This class acts as a specific type of term matcher that verifies if an input character sequence exactly matches a stored expression.,Exact matching,Strategy,,,713,475,74
exist-core/src/main/java/org/exist/storage/NativeValueIndex.java,org.exist.storage.NativeValueIndex$ContainsMatcher,936b34873fbbfd4572350ec22afad6e9ae800f42003ade2295d962b5a0040828,This class provides a way to determine if a character sequence contains a specific expression.,Term matching,,,,394,442,47
exist-core/src/main/java/org/exist/storage/NativeValueIndex.java,org.exist.storage.NativeValueIndex$StartsWithMatcher,4dbbdeeedae512e47253ef6b9bd7a3143537ed3002eebecac1a4a3fae36b7525,This class implements a term matching strategy that verifies if a given character sequence starts with a predefined expression. It's designed for prefix-based filtering and matching operations within the system.,Prefix Matching,Strategy,Decorator,,607,457,104
exist-core/src/main/java/org/exist/storage/NativeValueIndex.java,org.exist.storage.NativeValueIndex$EndsWithMatcher,60ba7817bf2925694ddc8eb586a6b9f07e65180324912796ee33f66ed0e774ab,"This class is responsible for checking if a given string ends with a specified expression, returning true if it does and false otherwise.",String matching,Strategy,,,535,445,76
exist-core/src/main/java/org/exist/storage/NativeValueIndex.java,org.exist.storage.NativeValueIndex$CollatorMatcher,570332c3777f5efcec601d4d30771a3202a58507582bb604869d702ce8aae8fd,"This class checks if a given text sequence matches a specific string expression, considering different truncation rules (left, right, both, or exact) using a provided collator for comparison.",String matching,Strategy,Adapter,,689,491,104
exist-core/src/main/java/org/exist/storage/NativeValueIndex.java,org.exist.storage.NativeValueIndex$SearchCallback,d33f4214cf586a806847f19a8d624dafd9bc0107c6aa2355acd554018aa1ecec,"This class processes stored document information from a database based on a given pointer, retrieving documents and their nodes and conditionally adding them to a result set based on context and ancestor relationships.",Search Processing,Callback,,,1724,565,86
exist-core/src/main/java/org/exist/storage/NativeValueIndex.java,org.exist.storage.NativeValueIndex$MatcherCallback,d0cb16b0ce9700c5da80b9b5f1a6c903e96b546482e70a2d5e5fa6454117ea06,"This class processes values during indexing by checking if their keys match a specified pattern, and if so, proceeds with indexing and key reuse.",Index processing,Callback,Template Method,,556,510,96
exist-core/src/main/java/org/exist/storage/NativeValueIndex.java,org.exist.storage.NativeValueIndex$IndexScanCallback,ce0f91725133fd475283ab32347ad97ceff99539d6096eb45a316f29ad38d681,"This class acts as a callback mechanism to process index information and record document occurrences associated with specific values, ultimately building a map of values to their occurrences within a given context.",Index callback,Callback,Strategy,,664,535,102
exist-core/src/main/java/org/exist/storage/NativeValueIndex.java,org.exist.storage.NativeValueIndex$QNameKey,f455237607cea9b7f7c68b1ec3edb3ab04384c3624c848fb3b82d20e2db47d1c,"This class represents a key that combines a qualified name (QName) with an atomic value. It implements the Comparable interface to allow for ordering based on its QName and then its value, facilitating sorting and comparison operations.",Key object,Value Object,Comparable,,538,532,113
exist-core/src/main/java/org/exist/storage/NativeValueIndex.java,org.exist.storage.NativeValueIndex$SimpleValue,5027917384afcadded64feb4e6543b03ab10159934d09d41942ebdbc6194118a,"This class represents a simple value, potentially within a collection, and handles its serialization and deserialization from byte arrays.",Value representation,Value Object,Data Transfer Object,,1381,563,94
exist-core/src/main/java/org/exist/storage/NativeValueIndex.java,org.exist.storage.NativeValueIndex$SimplePrefixValue,2c8911425bbe7354930545fae27c8e32d10f3dd0b21131164601c862047e277d,"This class represents a simple prefix value, storing an integer collection ID and a type.",Value representation,Value Object,,,450,411,69
exist-core/src/main/java/org/exist/storage/NativeValueIndex.java,org.exist.storage.NativeValueIndex$QNameValue,6e58ea2b759a91f6a9a9c2d5ef0cbb61deacebeb48ee4812c926e52535c6db42,"This class represents a qualified name (QName) value, storing its namespace URI, local name, and associated atomic value within a collection. It provides methods for serialization and deserialization from byte arrays.",Qualified Name,Value Object,Data Transfer Object,,1269,714,111
exist-core/src/main/java/org/exist/storage/NativeValueIndex.java,org.exist.storage.NativeValueIndex$QNamePrefixValue,f4a0b61337bd892689e433bcda6d6b9ca22f380a6c09d9e61176481679cd34b5,"This class represents a value associated with a qualified name (QName) and a prefix, likely used for managing symbol tables or namespaces within the system.",QName representation,Value Object,,,490,424,83
exist-core/src/main/java/org/exist/storage/NativeValueIndex.java,org.exist.storage.NativeValueIndex$ValueIndexStreamListener,57e602d3eddeec9943857f4133f5bdc17518516f2b7a9c160906dbaa8726e50d,"This class listens to the XML stream processing events, specifically managing the content of elements that are configured for indexing and storing attributes.",XML Indexing,Listener,Value Object,Composite,2250,773,112
exist-core/src/main/java/org/exist/storage/NativeValueIndex.java,org.exist.storage.NativeValueIndex$IndexType,b82cbab9ffd2fc760681127a8e40fd149ea19955922ccf159a522b9927350c69,"This code defines an enumeration that represents different types of indexes, each associated with a specific byte value.",Index type,,,,413,412,51
exist-core/src/main/java/org/exist/storage/NativeValueIndex.java,org.exist.storage.NativeValueIndex$PendingChanges,4b0bafcfe2f22dd511b29f688e904b95141f2620c012b634b9e41a886be77990,"This class represents a collection of pending changes to an index, keyed by a generic type K and storing a list of NodeIds for each key.",Change Tracking,Value Object,Immutable Value,,1219,415,99
exist-core/src/main/java/org/exist/storage/RegexMatcher.java,org.exist.storage.RegexMatcher,7e265f1421d4608422ccf72fe4672a62068191299df4a86d6905eebb45bf3f58,"This class enables matching index entries against a regular expression, determining whether an entire entry or a part of it matches the specified pattern.",Regex Matching,Strategy,,,493,540,77
exist-core/src/main/java/org/exist/storage/report/XMLStatistics.java,org.exist.storage.report.XMLStatistics,70f562b13cca9ce43bcee61dd2da30d94a8395bf77c29f52bb156a2ed7832b69,"This class generates statistics about XML storage, specifically focusing on the status of database instances and their associated buffers, and outputs this information in an XML format.",XML Generation,Template Method,Builder,,754,670,99
exist-core/src/main/java/org/exist/storage/report/Statistics.java,org.exist.storage.report.Statistics,2f8bdf563cccd7ee0ec9741a8aa3953d5e28700f6aeb800b68294aa4ad8c2f6b,"This class provides a static method to compute and aggregate statistics related to various index types, such as DOM files, collection B-tree indexes, and native value indexes, based on provided configuration and a mutable map for storing the results.",Index statistics,,,,636,489,77
exist-core/src/main/java/org/exist/storage/StartupTrigger.java,org.exist.storage.StartupTrigger,02b3f0a8bf24512832825c1b48f4fa5ccc8a5106aee2c344b45c7ff00f899389,"This interface defines a contract for executing tasks synchronously during database startup, ensuring these tasks complete before the database is accessible to clients. While the execution blocks the startup process, any runtime exceptions are suppressed, and the startup proceeds. Implementations can optionally initiate asynchronous operations, but with limitations on accessing system resources.",Startup task,Strategy,Callback,,590,750,128
exist-core/src/main/java/org/exist/storage/IndexStats.java,org.exist.storage.IndexStats,bd101b5fd59452090f6acfb5777940663bce079f481acbc8d4a4149722135251,"This class aggregates and provides access to statistics for both index and data buffers within a database file, likely for performance monitoring or analysis.",Buffer Statistics,Facade,Data Transfer Object,,520,455,96
exist-core/src/main/java/org/exist/storage/BrokerPools.java,org.exist.storage.BrokerPools,545b82164e468744d81ac20f9c060068d7b13eebb995ec494876cb45f60d1891,"This class manages a collection of database instances, providing methods to configure, retrieve, and stop them, ensuring proper shutdown and handling of concurrent access.",Instance Management,Singleton (applied to BrokerPool instances),Facade,Thread-Safe,810,2263,122
exist-core/src/main/java/org/exist/storage/BrokerWatchdog.java,org.exist.storage.BrokerWatchdog$WatchedBroker,f06c00fc2d9ba7152b1c7f24c115536e3b637a614fb915fbeda158bc7ad1db55,"This class wraps a DBBroker to add tracing capabilities, logging the broker's reference count and call stack when tracing is activated.",Broker Wrapper,Decorator,Proxy,,551,451,94
exist-core/src/main/java/org/exist/storage/BrokerWatchdog.java,org.exist.storage.BrokerWatchdog,673ea5c856d3130478f7b2f17220b05a6b212565069862f54321c8758e6e961a,"This class is responsible for tracing the lease of a broker, primarily for debugging purposes, by keeping track of brokers that have been added and checking for timeouts.",Broker Tracing,Observer,Monitor,,556,811,100
exist-core/src/main/java/org/exist/storage/dom/SplitPageLoggable.java,org.exist.storage.dom.SplitPageLoggable,e1c7693ba245af08ccffcd414a164c430ab5e4dddb657b11b50c368502f4a188,"This class represents a loggable operation for a split page in a DOM database, capable of recording, redoing, and undoing the changes associated with the split.",Page Splitting,Command,Memento,Loggable Object,683,768,121
exist-core/src/main/java/org/exist/storage/dom/RecordPos.java,org.exist.storage.dom.RecordPos,e34eaec88f1126e86c0745fd60c6eb0fb0fa8bcc45b12763259950b7ef7f00f0,"This class represents a position within a document, including the specific page, an offset on that page, and an identifier for a tuple. It also carries a flag indicating if this position refers to a link.",Record location,Value Object,Data Transfer Object,,592,523,112
exist-core/src/main/java/org/exist/storage/dom/AddValueLoggable.java,org.exist.storage.dom.AddValueLoggable,042ec389fc530f2e3dd6856a99086bbfe73098bca2f4a5bde714099130ab3953,"This class represents a loggable entry for adding a value, storing transaction details, page number, and the value itself, with functionality to redo, undo, and serialize this operation.",Loggable operation,Command,Data Transfer Object,Serialization,785,897,124
exist-core/src/main/java/org/exist/storage/dom/RemovePageLoggable.java,org.exist.storage.dom.RemovePageLoggable,af8981956b3b3d14681a49c0d30bfe86b7853c6733df860d11ec8de055fa4b5f,"This class represents a log entry for a page removal operation in a database, storing information about the removed page, its previous and next links, and its old data content. It provides methods for serializing and deserializing this log entry, calculating its size, and performing redo and undo operations to manage the database state.",Page removal logging,Command,Memento,Log Record,827,835,150
exist-core/src/main/java/org/exist/storage/dom/DOMTransaction.java,org.exist.storage.dom.DOMTransaction,dee26b46f1bc51980e6cd6f6a82a46e06c442d06b27d70e0c501068c712b35c6,"This class manages atomic operations on a DOM file, ensuring exclusive access by acquiring a lock before executing provided business logic and releasing the lock afterward.",File locking,Template Method,Resource Acquisition Is Initialization (RAII),,704,904,103
exist-core/src/main/java/org/exist/storage/dom/RawNodeIterator.java,org.exist.storage.dom.RawNodeIterator,c4bcf79d62e808b5369cf7bd46fd8bc65a167a0f40e412f5785fb6f7f44c5ab6,"This class acts as an iterator for traversing raw node data within a document, reading from data pages until the end of the document is reached, and providing the data for each node.",Node iteration,Iterator,Resource Management,,683,865,105
exist-core/src/main/java/org/exist/storage/dom/INodeIterator.java,org.exist.storage.dom.INodeIterator,e9bd8888dfdfa30e89edf9ee28453d9247753ff686624285f35c69f5fd85257d,"Provides an iterable and closable mechanism for traversing stored nodes, similar to a standard iterator but with resource management capabilities.",Node traversal,,,,1853,381,54
exist-core/src/main/java/org/exist/storage/dom/NodeIterator.java,org.exist.storage.dom.NodeIterator,5c6991fbb83d5ad068057a8490889b928a5ee099cfa4acf5efa3d68985803ce2,"This class iterates over nodes in a DOM storage, ensuring data integrity by locking the DOM file during reads to prevent value changes. It supports navigating to the next node, retrieving its address, and repositioning the iterator.",Node Iteration,Iterator,Resource Management,,720,1159,113
exist-core/src/main/java/org/exist/storage/dom/UpdateValueLoggable.java,org.exist.storage.dom.UpdateValueLoggable,8d156a0f2254016d6d61b5033233aad3565d43b3edc264183c0787058ab57364,"This class represents a logged operation that updates a value within a database, storing both the new and old values along with transactional and positional information for recovery and auditing purposes.",Value Logging,Command,Memento,Unit of Work,684,766,120
exist-core/src/main/java/org/exist/storage/dom/ItemId.java,org.exist.storage.dom.ItemId,b4149b1bcadd83e5aa13a8ff4a4a7002e1527234e0e5cb88b47a6a356960310e,This class provides utility methods for manipulating and querying status bits within a record identifier used in the dom.dbx persistent DOM store.,Item ID,Utility Class,Bit Field Manipulation,,616,812,97
exist-core/src/main/java/org/exist/storage/dom/WriteOverflowPageLoggable.java,org.exist.storage.dom.WriteOverflowPageLoggable,0118acc7088cd1d331adf0a3ec796e377322e91551268d05724fc7380d754f98,"This class logs and replays operations related to writing overflow pages in a database, enabling recovery and rollback of these changes.",Page Logging,Command,Memento,Serializable,1135,768,109
exist-core/src/main/java/org/exist/storage/dom/InsertValueLoggable.java,org.exist.storage.dom.InsertValueLoggable,c3b3197b2a1d439f126b592fe1da5651f5e8cf08db899b23c3606dfb700a61d4,"This class represents a logged operation for inserting a value into a specific page within the DOM database, designed to be used for transaction logging and recovery.",Value Insertion,Log Record,Command,State Transfer,1772,764,116
exist-core/src/main/java/org/exist/storage/dom/RemoveEmptyPageLoggable.java,org.exist.storage.dom.RemoveEmptyPageLoggable,cde4219adc567c564bd02fbd151f59dd383ac2fbe6960427d0b60ac863fc5d9a,"This class logs the removal of an empty page, storing its page number and its neighbors' page numbers, and provides functionality to redo or undo this removal operation.",Page Removal Logging,Command,Memento,,1304,728,101
exist-core/src/main/java/org/exist/storage/dom/UpdateHeaderLoggable.java,org.exist.storage.dom.UpdateHeaderLoggable,06395e6eefef2a57ff35dc6a03f996b469b0d13e733624ca274b57525d073846,"This class represents a log entry for updating header information in a database, specifically managing page navigation pointers and their previous states.",Header Update,Log Recording,State Management,Data Serialization,657,735,112
exist-core/src/main/java/org/exist/storage/dom/IRawNodeIterator.java,org.exist.storage.dom.IRawNodeIterator,ab2eb2f1fb6ff6e04846b6fd8343a681c5cf6f19cf9c66a6e68c718c01cc41a2,"This interface defines a mechanism for iterating through the raw nodes of a document, allowing repositioning to a specific node and sequential retrieval of node data, while also managing resource cleanup.",Node iteration,Iterator,Resource Management,,584,591,104
exist-core/src/main/java/org/exist/storage/dom/CreatePageLoggable.java,org.exist.storage.dom.CreatePageLoggable,e494ab11696d9848ed2626a06779487d19e469dbc823fcc44cecf51c559f79c3,"This class represents a log entry for creating a new page, storing information about the previous, current, and next pages, as well as a transaction identifier. It supports writing, reading, redoing, undoing, and dumping the state of this log entry.",Page creation logging,Command,Memento,Flyweight,644,755,139
exist-core/src/main/java/org/exist/storage/dom/UpdateLinkLoggable.java,org.exist.storage.dom.UpdateLinkLoggable,b9c7d1f1df3c2bebd2fe7dcb1d8f9687fe61198ea8d14e1d08e78a51781dc22e,"This class logs changes related to updating a link, providing functionality to write, read, redo, undo, and dump the log entries.",Link update logging,Command,Memento,Strategy,618,729,113
exist-core/src/main/java/org/exist/storage/dom/AddLinkLoggable.java,org.exist.storage.dom.AddLinkLoggable,e72be181dcf2fded148705dcee4cb535da4e5f9f707963f724fa4789f92a819b,"This class represents a loggable operation for adding a link to a database, including methods for serialization, deserialization, redo, and undo operations within a transactional context.",Link Addition Logging,Command,Persistable,Transactional Log,644,710,122
exist-core/src/main/java/org/exist/storage/dom/AddMovedValueLoggable.java,org.exist.storage.dom.AddMovedValueLoggable,66d1a4c94b48ab2bf6aa9c1b0514ae12124a7597aa80b9d4a3fa9a4d85fc3ef6,"This class represents a log entry for adding a value that has been moved, maintaining a backlink to its previous location.",Log entry,Command,Log recording,Data serialization,636,725,111
exist-core/src/main/java/org/exist/storage/dom/RemoveOverflowLoggable.java,org.exist.storage.dom.RemoveOverflowLoggable,c8df01cab1e3045f789787f752b3bda48142f59c9ec72ef3f49005233d63776b,"This class represents a loggable operation for removing overflow data from a database, storing information about the page number, next page number, and the old data that was removed. It supports writing to and reading from byte buffers, calculating its log size, and performing redo and undo operations to manage the database state.",Loggable operation,Command,Data Transfer Object,,761,733,132
exist-core/src/main/java/org/exist/storage/dom/RemoveValueLoggable.java,org.exist.storage.dom.RemoveValueLoggable,c6d001f564920f96faddbc4c5eebe83c631530c398463c2e7ff40427f284b1b1,"This class represents a log entry for removing a value from a database, storing information necessary to redo or undo the operation, including the original data and its location.",Log Entry,Command,Memento,Write-Ahead Logging,534,780,120
exist-core/src/main/java/org/exist/storage/NodePath2.java,org.exist.storage.NodePath2,621de82fcb43087f1db418e8c1e7edd4b5c281fdcb550540552a3ffd8850c6ba,"This class extends a base node path to track real node/element paths, not just QName paths, which is necessary for implementing more elaborate XPath expressions in configurations.",Node path,Extension,State Holder,,911,983,102
exist-core/src/main/java/org/exist/storage/BrokerPoolServicesManager.java,org.exist.storage.BrokerPoolServicesManager$ManagerState,b5e3c0e46d21b9c236c272a02828ddee8ef787c361aa0e9cba127762d41a1ac4,"This class defines the discrete states that the system can be in throughout its lifecycle, from initial registration to shutting down.",State definition,State,,,399,432,74
exist-core/src/main/java/org/exist/storage/BrokerPoolServicesManager.java,org.exist.storage.BrokerPoolServicesManager$ManagerEvent,0500a9360817acc8d1dfcc81650a20d24d659a0aa95ea07ab33e13c0ae99332e,"This enum defines a set of distinct events that represent different stages or states within a system's lifecycle, such as configuration, preparation, entering and exiting various operational modes, and shutdown.",State transitions,,,,428,448,68
exist-core/src/main/java/org/exist/storage/BrokerPoolServicesManager.java,org.exist.storage.BrokerPoolServicesManager,76c86a4499cabdab1108f7778f8a6ec1ab278bbbc97f1cbecd3d0db8675c0268,"This class manages the lifecycle of various BrokerPool services, orchestrating their registration, configuration, and sequential startup and shutdown across different operational modes of the broker pool, from initial registration through to multi-user operation and eventual shutdown.",Service Lifecycle,State Machine,Orchestrator,Service Registry,890,2944,135
exist-core/src/main/java/org/exist/storage/BrokerFactory.java,org.exist.storage.BrokerFactory,84e9cbd46844ac723b39d3e578290e178c47aadc7c9d9e5befc2124594bba1df,"This class acts as a factory for creating different database broker implementations based on configuration. It manages the registration and retrieval of these brokers, ensuring that the appropriate database access logic is instantiated for a given application context.",Broker Factory,Factory,Registry,Lazy Initialization,713,994,127
exist-core/src/main/java/org/exist/storage/StartupTriggersManager.java,org.exist.storage.StartupTriggersManager,90e8fce64f52abd2d406405aa350f6bacfe3d0d917b81a4b9438a6416da9f14b,"This class manages a collection of startup triggers, acting as a unified service for their configuration and execution during system startup.",Trigger Management,Composition,Service Facade,,572,619,93
exist-core/src/main/java/org/exist/storage/ContentLoadingObserver.java,org.exist.storage.ContentLoadingObserver,6349d801684a9fb4e384c78b7ceab56dbb89f00a57cfa85285e33e052d4a4a8e,"This interface defines a contract for observers that react to document loading and removal events, typically by updating or managing various types of indices.",Event Handling,Observer,,,613,1356,77
exist-core/src/main/java/org/exist/storage/ElementIndex.java,org.exist.storage.ElementIndex,d66f7ba23e3de672e39a4c291a8b74999ab3bad23b5483e0f7ba882eb7ba1947,"This abstract class serves as a foundation for specific index implementations that manage structural information about elements within documents, enabling efficient searching and matching of elements based on their qualified names and types.",Structural indexing,Template Method,Abstract Base Class,Observer,685,894,123
exist-core/src/main/java/org/exist/storage/GeneralRangeIndexSpec.java,org.exist.storage.GeneralRangeIndexSpec,de9a16c6d5601c3425909eb11a266b458501eff168d1c376c088cddad73adab4,"Specifies a range index on a node path, indexing node values according to a predefined type.",Index Specification,Value Object,Specification,,482,599,88
exist-core/src/main/java/org/exist/storage/ConsistencyCheckTask.java,org.exist.storage.ConsistencyCheckTask$LoggingCallback,6ba0547a0c09ed39fc641f7474d03b57a54f5ffda2652eb55f027f71c3074334,"This class serves as a callback mechanism to log events related to system export operations, including the start of data collection, the initiation of document processing, and any errors encountered during the process.",Callback handler,Callback,,,578,548,88
exist-core/src/main/java/org/exist/storage/ConsistencyCheckTask.java,org.exist.storage.ConsistencyCheckTask$CheckCallback,2e41d387a96fdd63acccd34af0b3734bd7525be7808d3ff1fa0b52936e353fc5,"This class acts as a callback handler for progress and status updates during consistency checks and system export operations, logging relevant information and tracking errors.",Callback Handler,Callback,Observer,,614,661,95
exist-core/src/main/java/org/exist/storage/ConsistencyCheckTask.java,org.exist.storage.ConsistencyCheckTask,3e51d830583a4d92dcad7cc5d610465f0de606a932e76171b4a3f4ccedef734a,"This class orchestrates a database consistency check, with options to create backups, generate zip files, and control incremental checking behavior.",Consistency Check,Template Method,Strategy,Callback,533,1175,111
exist-core/src/main/java/org/exist/storage/XQueryPool.java,org.exist.storage.XQueryPool,2669c64676d7212c737a5f4f73376394aeb6aa3e9819b831250ae17962b59dd1,"This class acts as a global pool for compiled XQuery expressions, storing and retrieving them based on their source to optimize query execution by reusing already compiled queries.",Query caching,Flyweight,Object Pool,Cache,782,1274,118
exist-core/src/main/java/org/exist/storage/statistics/IndexStatisticsWorker.java,org.exist.storage.statistics.IndexStatisticsWorker$StatisticsListener,522005a4e5c9f1e343c0862240b1b312b4233c950940d496601e56a59ef67a7e,"This class listens to events during an XML document traversal, specifically tracking the depth and statistics of elements encountered. It maintains a stack to manage the state of nested elements and updates overall document statistics upon element completion.",Stats tracking,Observer,State,,779,576,109
exist-core/src/main/java/org/exist/storage/statistics/IndexStatisticsWorker.java,org.exist.storage.statistics.IndexStatisticsWorker$DocumentCallback,318c4e8b56627c9b66512c0fe449f63b92a1f83f1fb9becdc71d14909c83d2c6,"This class handles the regeneration of index statistics for documents within a collection, specifically focusing on updating XML documents by retrieving, typing, and processing them based on a provided key and pointer. Errors encountered during this process are logged.",Index statistics,Callback,Observer,,604,487,112
exist-core/src/main/java/org/exist/storage/statistics/IndexStatisticsWorker.java,org.exist.storage.statistics.IndexStatisticsWorker,2c6e77a3ec789c55ea76b275a6e15ab8fd8ec2ff1ccf135eadf54829fad0f063,"This class is responsible for updating and managing index statistics, including processing document data and flushing aggregated statistics.",Index statistics,Strategy,Listener,Observer,573,1282,105
exist-core/src/main/java/org/exist/storage/statistics/IndexStatistics.java,org.exist.storage.statistics.IndexStatistics,3e734e211b256574e03559046a83a3011d5375c45ca0469b188d0d7cfa8e751d,"Collects and manages statistics on element distribution within the database, storing this information in a graph structure that aids in query optimization.",Statistics collection,Abstract Base Class,Composition,Observer,926,1088,112
exist-core/src/main/java/org/exist/storage/statistics/DataGuide.java,org.exist.storage.statistics.DataGuide$NodeStatsRoot,46e666b451727423eafe67915c0285c1cffe1d2398abd45a48278877ee17ca3a,"This class represents the root node for serializing and deserializing node statistics, enabling data persistence and transmission, as well as generating SAX events for hierarchical data representation.",Root Statistics,Visitor,Serialization,Data Transfer Object,2062,592,120
exist-core/src/main/java/org/exist/storage/statistics/DataGuide.java,org.exist.storage.statistics.DataGuide,f23c44df403f7e14aaac1f01150b71905f15f3c14d6d972dcc06321c35e8933b,"This class builds and maintains a graph representing the frequency and size distribution of elements and their paths within a document or database, enabling analysis of data structure. It can serialize and deserialize this graph to and from a byte channel.",Element statistics,Tree,Composite,Flyweight,700,1329,130
exist-core/src/main/java/org/exist/storage/statistics/NodeStats.java,org.exist.storage.statistics.NodeStats,763e8c55736fb708254f19021c3b6f9c769663985b7aebadbdc4b8d5f3c34138,"This class collects and aggregates statistical information for a single node within a hierarchical data structure, tracking metrics like node count and maximum depth, and supporting operations for merging, serialization, and representation.",Node Statistics,Tree,Composite,State,691,1078,122
exist-core/src/main/java/org/exist/storage/io/BlockingInputStream.java,org.exist.storage.io.BlockingInputStream,7a5236fe8f533e0aa82e6f0075344a53587ffb129887ac99f2fdba8f4e5ab684,"This class implements a blocking, thread-safe, in-memory buffer that couples producer and consumer threads. Producers write to the buffer, and consumers read from it. Producers block if the buffer is full, and consumers block if it is empty. It also supports signaling exceptions during closure to unblock waiting threads.",Thread-safe buffer,Producer-Consumer,Thread-safe communication,Queue,745,2921,154
exist-core/src/main/java/org/exist/storage/io/VariableByteInputStream.java,org.exist.storage.io.VariableByteInputStream,51cc1eae35fad8bd25ebdbe0d7f71b0d3dca83b6b3e4f944de938cdeeed13551,"This class provides a way to read data from an underlying input stream using a variable-byte encoding scheme, allowing for efficient storage and retrieval of data.",Input Stream,Adapter,,,535,557,81
exist-core/src/main/java/org/exist/storage/io/VariableByteArrayInput.java,org.exist.storage.io.VariableByteArrayInput,141fb91eb5b2e1d03d48fbd81ce63fce3d1040572fd611847ea6962d1b6badfa,This class provides a mechanism to read variable-length encoded data from a byte array.,Byte array input,Adapter,Composite,Strategy,603,1202,103
exist-core/src/main/java/org/exist/storage/io/BlockingOutputStream.java,org.exist.storage.io.BlockingOutputStream,dafd0d0acd6a784c73c3cc64756244759f031a77aaa7d78b58c2cb2f9ddaec2c,"This class acts as an adapter, allowing an output stream to interact with a blocking input stream by providing standard output stream operations.",Stream Adaptation,Adapter,,,530,1355,76
exist-core/src/main/java/org/exist/storage/io/AbstractVariableByteInput.java,org.exist.storage.io.AbstractVariableByteInput,60efe91f5cb12f8247ac81e86bae9b39a226422bf64fe0202dd2efce4265ae4d,"This abstract class provides a base implementation for reading various data types (bytes, shorts, ints, longs, strings) and performing stream operations like skipping and copying from a variable-byte encoded input stream.",Variable Byte Input,Template Method,Abstract Class,Interface Implementation,761,1270,129
exist-core/src/main/java/org/exist/storage/io/VariableByteOutputStream.java,org.exist.storage.io.VariableByteOutputStream,f07a8f6ccfd2a075da453da42f05ebdf38c66ef43607b8c6fff813a351318f83,"This class provides an output stream that writes data using a variable-byte encoding scheme, optimizing storage for integer types based on their magnitude. It allows for writing individual bytes, byte arrays, shorts, integers, longs, and strings, as well as providing methods to manage and retrieve the buffered data.",Byte stream,Adapter,Builder,Buffer,857,2516,144
exist-core/src/main/java/org/exist/storage/io/VariableByteInput.java,org.exist.storage.io.VariableByteInput,ce6c1d2e24490a35ed701b5c88031c3dd9dd969a75b2f30afd3c889401f7d0c5,"This interface defines methods for reading data that is encoded using a variable byte format, suitable for efficient storage of smaller values. It provides operations to read individual bytes, shorts, integers, longs, and strings, as well as methods for skipping or copying data to an output stream.",Variable byte reading,Interface,Adapter,Data Access,871,1599,142
exist-core/src/main/java/org/exist/storage/RangeIndexSpec.java,org.exist.storage.RangeIndexSpec,4427b957653ce2257ffd441c48f5df8d139bdb4b8c6cc620a9399d1615b0231a,"This abstract class defines specifications for range indexes, mapping between internal index types and external XPath types, and providing utility methods for checking index properties like range, qualified name, or value/mixed presence.",Index specification,Constant,Enum,Type,724,1534,124
exist-core/src/main/java/org/exist/storage/DataBackup.java,org.exist.storage.DataBackup$Callback,26ce9ab92937de3f5007d1fd739fda7a70057e9dc43cf3941f8c133a64296c39,"This class acts as a callback mechanism for writing data into a ZIP archive, managing the creation and closing of individual entries within the archive.",ZIP Archiving,Callback,Adapter,,456,506,96
exist-core/src/main/java/org/exist/storage/DataBackup.java,org.exist.storage.DataBackup,be49fecc18a0b09a9e0d89ce73d06b3a1d7e3f26b1299c51cc722d9ed2d84418,"This class handles the process of backing up data, creating timestamped zip archives in a specified destination directory.",Data Backup,Template Method,Strategy,Callback,624,750,107
exist-core/src/main/java/org/exist/storage/ElementValue.java,org.exist.storage.ElementValue,f25a3fbfd648c135088dab6884590a724cd49220c7f12ab7ef6ca359c9d422fe,"This class represents a value that can be either an element or an attribute, identified by a collection ID and type.",Element/Attribute Value,,,,564,702,56
exist-core/src/main/java/org/exist/storage/index/BFileCallback.java,org.exist.storage.index.BFileCallback,c84be8f152c65b0b62eb591404bddfe289c500f50b773b0bc1e117209334f255,This interface defines a contract for objects that can receive and process key-value information. Implementations are expected to handle the storage or further processing of this data.,Data receiver,Callback,,,495,417,83
exist-core/src/main/java/org/exist/storage/index/OverflowStoreLoggable.java,org.exist.storage.index.OverflowStoreLoggable,4981f771b4c6d918baf8653e0d6985df8e5cd042e08b0ddbce10aea8427bb090,"This class represents a loggable entry for an overflow page, handling the serialization, deserialization, and re-application of page data and metadata within a database transaction.",Page Logging,Command,Log Record,Data Transfer Object,644,816,121
exist-core/src/main/java/org/exist/storage/index/OverflowModifiedLoggable.java,org.exist.storage.index.OverflowModifiedLoggable,d5a817014b5b05aac8d54c893f6f6b6015d40dbe2d8637aae57159ba5be006ba,"This class represents a loggable entry for modifications to an overflow page within a B-File system, specifically tracking changes related to page numbers, lengths, and chain linkage.",B-File logging,Command,Log Record,Data Transfer Object,703,826,124
exist-core/src/main/java/org/exist/storage/index/FreeSpace.java,org.exist.storage.index.FreeSpace,01bb82773535ec13111741e58871471e7171b8b904a5c200958b1afe092d9619,"This class represents a block of free space within a data page, storing its page number and the amount of available space. It is used to manage and track free space, likely as part of a larger data management or storage system.",Free space tracking,Value Object,Comparable,,628,644,116
exist-core/src/main/java/org/exist/storage/index/CollectionStore.java,org.exist.storage.index.CollectionStore$DocumentKey,f22f8919b6d3d24dde21067d6a89d5de9add3abc07d3b1534212e4be7e47866c,"This class represents a unique identifier for a document within a collection, providing methods to construct and extract its components.",Document identification,Value Object,,,483,597,74
exist-core/src/main/java/org/exist/storage/index/CollectionStore.java,org.exist.storage.index.CollectionStore$CollectionKey,e28d99368351c00dcbbcf60bc91fc96145a2905ce85d83f52b3a7b1d0ccf936a,"Represents a key for identifying and accessing collections, with constants defining offsets and lengths for its internal structure.",Collection identifier,Value Object,,,547,448,73
exist-core/src/main/java/org/exist/storage/index/CollectionStore.java,org.exist.storage.index.CollectionStore,3f4216dcb8d93df8e91f58b8e27de68d31a538eb4a5f41cf4622d903960deaa5,"This class manages the storage and retrieval of collections and documents, including the allocation and deallocation of their unique identifiers. It also provides mechanisms for flushing cached data to persistent storage.",Storage Management,Repository,Value Object,,635,1346,104
exist-core/src/main/java/org/exist/storage/index/OverflowRemoveLoggable.java,org.exist.storage.index.OverflowRemoveLoggable,dc410135dc30af7b84b3a3fdd3a41bc1a93afbd50ae322b4f2184ee3e5da7dd7,"This class represents a log entry for an overflow data removal operation within a database system, encapsulating the necessary information to replay, reverse, or inspect such an operation.",Log Entry,Command,Write-Ahead Log,Data Transfer Object,3215,860,123
exist-core/src/main/java/org/exist/storage/index/BFile.java,org.exist.storage.index.BFile$RemoveCallback,9f15f0db21335a7faada0db284943a482f5f9674812797e7f86d1b6e99f2b650,"This class collects pointers to values during a tree traversal, storing them for later processing.",Pointer collection,Visitor,,,903,453,68
exist-core/src/main/java/org/exist/storage/index/BFile.java,org.exist.storage.index.BFile$BFileHeader,2d044a3a5e87f478cb43e022c83219dedd905e7574f0f56605cc2539d2d3745b,"Manages a list of available data pages within a B-tree file, facilitating efficient allocation and deallocation of storage space.",File Header,Value Object,Data Transfer Object,,645,800,96
exist-core/src/main/java/org/exist/storage/index/BFile.java,org.exist.storage.index.BFile$BFilePageHeader,b25b61347f0b7b03f8feaeae2db4ad512ac13f93f723de6a8d0f69cef0517957,"This class represents and manages the header information for a page within a B-tree file structure, including details about record counts, data length, and chain linkages.",Page header,Data Transfer Object,Value Object,,617,847,103
exist-core/src/main/java/org/exist/storage/index/BFile.java,org.exist.storage.index.BFile$DataPage,299c241fd4bcadf48e19c366abdd2c22838bc97aadedb112effbe0cf25432c65,"This abstract class represents a data page within a data storage system, handling data manipulation, reference counting for caching, and synchronization with persistent storage.",Data Page,Cacheable Object,Comparable Object,,763,1054,99
exist-core/src/main/java/org/exist/storage/index/BFile.java,org.exist.storage.index.BFile$FilterCallback,ff73c37099c2c9f9dd545dfd2375d16d2fd53db5b16dd35a645c981c4d9c6749,"This class acts as an adapter, processing data from a B-tree structure and relaying it to a specific file callback mechanism. It intercepts index information, potentially filtering or transforming it before passing it on.",B-Tree Filtering,Adapter,Callback,,770,480,111
exist-core/src/main/java/org/exist/storage/index/BFile.java,org.exist.storage.index.BFile$FindCallback,5d48bfb0b530428098ad5337a5d8cc45140e529aadae2a12aeeeaaf7136f8d0e,"This class serves as a callback mechanism for traversing a B-tree, designed to collect either keys, values, or both, potentially invoking an external callback with the indexed information.",Data Collection,Visitor,Callback,,604,557,103
exist-core/src/main/java/org/exist/storage/index/BFile.java,org.exist.storage.index.BFile$OverflowPage,5e24b7dd1559c233502d86831dd63e2d2158deaba6293bfe74026b0d14672fe2,"This class manages data that may span multiple pages, handling appending, deleting, and writing of data chunks. It ensures data integrity across linked pages and supports transaction-based operations.",Page chaining,Chain of Responsibility,Composite,Unit of Work,714,1100,124
exist-core/src/main/java/org/exist/storage/index/BFile.java,org.exist.storage.index.BFile$PageInputStream,1d6aafd4e94d6164f4ca5cffc465b3721883c1647954387f6b1317146bbe4cab,This interface defines operations for a stream that allows accessing and manipulating data at specific memory addresses and positions.,Stream Access,Interface,Marker,,649,444,88
exist-core/src/main/java/org/exist/storage/index/BFile.java,org.exist.storage.index.BFile$SimplePageInput,4e2729fa823d425c306d77b8327c96d106c5c54d308894bc0d198aac74ea5474,"This class provides an input stream for reading data from a specific page within a byte array, tracking its position and allowing seeking within that page.",Page reading,Adapter,Decorator,,495,544,96
exist-core/src/main/java/org/exist/storage/index/BFile.java,org.exist.storage.index.BFile$MultiPageInput,2ac0f6598b2cbb0f109433b9e6f12c7c28fd4e24e61085c04e7b71b0ca916fd1,"This class provides a mechanism to read data sequentially from a series of memory pages, handling the transition between pages seamlessly as data is consumed.",Page stream,Adapter,Iterator,Facade,691,1629,112
exist-core/src/main/java/org/exist/storage/index/BFile.java,org.exist.storage.index.BFile$SinglePage,29b346f9bd0f864a5f94b760536cc018e4b8079158c77ced41118a3e72a1cf3c,"This class represents a single data page, storing raw data, page headers, and mapping record identifiers to their offsets within the page.",Page Management,Data Page,Value Object,,676,1041,96
exist-core/src/main/java/org/exist/storage/index/BFile.java,org.exist.storage.index.BFile,aef7399e87453a0d613c7d8cf8c160be4b7c7cc50eb1d62fdfbe81c278d883d9,"This class manages a data store that maps keys to variable-size values using a B+-tree structure. It handles storing values directly or splitting larger values across overflow pages, with data pages being buffered for performance.",Data Store,B+-Tree,Buffer Pool,Log Structured Storage,863,8872,132
exist-core/src/main/java/org/exist/storage/index/BTreeStore.java,org.exist.storage.index.BTreeStore,39a4090d000ee6cee827c3cabc5b62c5829d5956abf9e0b1a3d0728085860d8d,"This class extends a B-tree data structure to provide persistent storage capabilities, likely for managing data within a specific file and version, with optional recovery mechanisms.",Persistent B-Tree,Inheritance,Composition,,1434,436,102
exist-core/src/main/java/org/exist/storage/index/StoreValueLoggable.java,org.exist.storage.index.StoreValueLoggable,969b5494e5a6838ccf77366e56d959b746a9b3c12a239f6c376fe040a084a18b,"This class represents a log entry for storing a value within a database file, capturing the page, transaction ID, and the actual byte array value being stored.",Log Entry,Command,Value Object,,707,777,100
exist-core/src/main/java/org/exist/storage/index/OverflowAppendLoggable.java,org.exist.storage.index.OverflowAppendLoggable,25ae4d9241c192011859474eae804c6a0b195a5eb064be334b606a771ea97596,"This class represents a loggable entry for appending data to an overflow page in a file, capturing the page number, data chunk, and related details for transaction logging and recovery.",Overflow Append,Loggable Object,Data Transfer Object,Command,576,845,124
exist-core/src/main/java/org/exist/storage/index/RemoveEmptyPageLoggable.java,org.exist.storage.index.RemoveEmptyPageLoggable,725f12dc657234b890cb731de65bd0ad752d4aa9dafccf41ff01c3cda0408e11,"This class represents a log entry for the removal of an empty page, providing methods to serialize/deserialize its state, determine its log size, and perform redo/undo operations on the indexing system.",Log Entry,Command,Memento,,662,744,107
exist-core/src/main/java/org/exist/storage/index/OverflowCreateLoggable.java,org.exist.storage.index.OverflowCreateLoggable,18bbe33b64ac7205dff67937f3e97400a0a83dc11698d26e9a1e611e814f2377,"This class represents a loggable entry for creating an overflow page, capturing its page number and providing methods to write, read, redo, undo, and dump its state, primarily for transaction logging and recovery.",Overflow Page Logging,Command,Log Record,State Transfer,544,719,129
exist-core/src/main/java/org/exist/storage/index/FreeList.java,org.exist.storage.index.FreeList,6979554906da1d2d47b7771a48351fd126a2cf4b46dd9bdd2e609a80fe912a0f,"Manages a collection of free space records within pages, used by BFile to efficiently reuse space before allocating new pages.",Free space management,Linked List,Collection,,480,1380,94
exist-core/src/main/java/org/exist/storage/index/OverflowCreatePageLoggable.java,org.exist.storage.index.OverflowCreatePageLoggable,f7a73b3dd50edc1d29b3301902c71bb57d8752950e627b9391bb2d8ff3bbe40a,"This class is responsible for logging operations related to the creation of overflow pages in a file-based indexing system, ensuring that these changes can be replayed (redo) or reverted (undo).",Page Logging,Log Record,Command,State Capture,802,769,126
exist-core/src/main/java/org/exist/storage/index/CreatePageLoggable.java,org.exist.storage.index.CreatePageLoggable,09c06e841c23c94aeb6574d67932e8223a717575ae6e37518535cd07adf28dbe,"This class represents a loggable entry for creating a new page, recording the new page number and providing methods for writing, reading, redoing, undoing, and dumping its state.",Page Creation Logging,Command,Mutable,Serializable,908,698,123
exist-core/src/main/java/org/exist/storage/index/AbstractBFileLoggable.java,org.exist.storage.index.AbstractBFileLoggable,db9f536b7630e9da7e9d32ebd20bb33e457f0f753d152adf7747a4259d6361a3,"This abstract class serves as a base for loggable objects that are associated with a specific file identifier, providing fundamental methods for writing, reading, and representing this identifier in logs.",File Logging,Template Method,Abstract Class,,1745,626,105
exist-core/src/main/java/org/exist/storage/index/RemoveValueLoggable.java,org.exist.storage.index.RemoveValueLoggable,3cfadd464e1b4e22ab5ba3378f6fe1209f607bbb37da1e9eb16864d04e9377d4,"This class represents a log entry for removing a value from an index, storing the necessary information to redo or undo this operation and to be written to or read from a log.",Index Removal Log,Command,Memento,Serializable,795,907,121
exist-core/src/main/java/org/exist/storage/structural/NativeStructuralIndex.java,org.exist.storage.structural.NativeStructuralIndex,f16674b549791b235d1d7a10353ebcaa01b7659bb5cf0e4da95fa238c8be2d89,"This class manages a native B-tree based structural index, handling its configuration, opening, closing, synchronization, removal, and backup.",Index Management,Facade,Data Access Object,Builder,1181,938,114
exist-core/src/main/java/org/exist/storage/structural/NativeStructuralIndexWorker.java,org.exist.storage.structural.NativeStructuralIndexWorker$Range,e6b6dbc8cd21a738567c9b38b01381eb9f5f733262355be62f99af80342b9300,"This class represents a range within a document, typically used to denote a start and end position.",Position tracking,,,,464,454,50
exist-core/src/main/java/org/exist/storage/structural/NativeStructuralIndexWorker.java,org.exist.storage.structural.NativeStructuralIndexWorker$FindElementsCallback,721f974e22b09cd4293c15cc9059bc68bcf41a0593b0ed07456741c3a17845f2,"This class acts as a callback mechanism to find and collect document elements that match specific criteria, processing indexed document information and utilizing a node selector to filter results.",Element finding,Callback,Visitor,,1370,523,99
exist-core/src/main/java/org/exist/storage/structural/NativeStructuralIndexWorker.java,org.exist.storage.structural.NativeStructuralIndexWorker$FindDescendantsCallback,64748ad8a2981a16f832d452faf9abfa60929575425dde62e743c93a7052f962,"This class acts as a callback to efficiently find descendant nodes within a document based on specific criteria like node type, axis, and qualified name, returning them in a result set.",Node Traversal,Callback,Visitor,,518,620,104
exist-core/src/main/java/org/exist/storage/structural/NativeStructuralIndexWorker.java,org.exist.storage.structural.NativeStructuralIndexWorker$NativeStructuralStreamListener,cbf555023222e498e15136924dcd62892619cec1dfc0f997db384a79e12e599b,"This class listens to stream events during a reindexing operation, processing elements and attributes by creating proxies and managing their association with indexes.",Stream Listener,Observer,Adapter,,683,664,94
exist-core/src/main/java/org/exist/storage/structural/NativeStructuralIndexWorker.java,org.exist.storage.structural.NativeStructuralIndexWorker,891dce44233fcf3d642b506a9e8a7b23ce836b51017c1711439640b818047545,"This class provides an internal implementation for indexing and searching structural information within documents, utilizing a B-tree to store and retrieve node data based on various criteria like type, qualified name, document ID, and node ID.",Structural Indexing,Flyweight,Builder,Facade,713,3309,130
exist-core/src/main/java/org/exist/storage/IndexSpec.java,org.exist.storage.IndexSpec,427c705be74c93aa67dcd7e058ffb066e11f58cca01d09fc6aef28580e15bf25,"This class defines index specifications for a collection configuration, specifying how data within the collection should be indexed for efficient querying.",Index Definition,Value Object,Configuration Object,,591,1230,93
exist-core/src/main/java/org/exist/storage/NotificationService.java,org.exist.storage.NotificationService,3039bf5dd71a5b4c67552db82f3f008671e674b77b7e2319df96a9f78f22fdd1,"This class acts as a central hub for broadcasting document-related events to interested parties, allowing them to subscribe and receive notifications about changes, additions, or removals.",Event Broadcasting,Observer,Publish-Subscribe,Service,695,997,119
exist-core/src/main/java/org/exist/storage/blob/BlobStoreImpl.java,org.exist.storage.blob.BlobStoreImpl$State,4343e322785bc62d1e5d882ab153e75f317f522da79330036dda2131e1d6a9b3,"This enum defines the possible states a blob store can be in, including opening, open, recovery, closing, and closed.",Blob store state,,,,803,408,57
exist-core/src/main/java/org/exist/storage/blob/BlobStoreImpl.java,org.exist.storage.blob.BlobStoreImpl$BlobReference,0f535d6fa8c0e2f4b39ca080597f32baf5868d4e409f5dd7a4f03a944fe1d0a6,"This class represents the metadata for a blob, tracking its reference count, active readers, and its position in persistent storage.",Blob metadata,Value Object,Immutable State,,810,679,94
exist-core/src/main/java/org/exist/storage/blob/BlobStoreImpl.java,org.exist.storage.blob.BlobStoreImpl$BlobFileLease,1b1a6adcd887f14c6f5be4fff291baf204026459520e54cca2329fc750e0d578,"Represents a lease for a blob file, holding the file's path and an action to release the lease.",Lease Management,Value Object,,,483,456,76
exist-core/src/main/java/org/exist/storage/blob/BlobStoreImpl.java,org.exist.storage.blob.BlobStoreImpl$OnCloseInputStream,ea735f76e1aab06ec790e396512536fbb602079fda243f414c54e1cb303d38f9,"This class extends an input stream to execute a specific action when the stream is closed, ensuring the action runs only once.",Stream Wrapper,Decorator,Strategy,,561,714,92
exist-core/src/main/java/org/exist/storage/blob/BlobStoreImpl.java,org.exist.storage.blob.BlobStoreImpl$CommitThenCheckpointListener,f9245186b3659ecd455ad4ec88a8d275a2f83d95d3a7a4e77b083a23daff805a,This class acts as a listener that triggers an action only after a transaction has been finalized (committed or aborted) and a checkpoint has been successfully written.,Txn Listener,Listener,State Management,,738,684,100
exist-core/src/main/java/org/exist/storage/blob/BlobStoreImpl.java,org.exist.storage.blob.BlobStoreImpl$DeleteStagedBlobFile,30521860e1c8cea47a30614daa2576ad7438b8e4f3e9e4cd9f1ed86b3d33248c,This class is responsible for deleting a staged Blob file after the associated transaction is complete and a checkpoint has been established.,Blob file deletion,Observer,Listener,,559,564,92
exist-core/src/main/java/org/exist/storage/blob/BlobStoreImpl.java,org.exist.storage.blob.BlobStoreImpl$ScheduleDeleteBlobFile,69b2d4d46bce57c5f53bf198ae0162a418de38c5914604e0b2238d450c4c9d36,This class represents a listener that schedules a blob file for deletion after a transaction commits and a checkpoint is written. It enqueues a request to the vacuum queue to perform the actual deletion.,Delayed Deletion,Listener,Observer,,543,556,107
exist-core/src/main/java/org/exist/storage/blob/BlobStoreImpl.java,org.exist.storage.blob.BlobStoreImpl$PersistentWriter,4be8e73c489abf1dcc6ca91ab7f8e49e33a366005114640db83475402b36b67a,"This class handles the asynchronous writing of blob reference count updates to a persistent file, ensuring data durability.",Blob Persistence,Worker Thread,Queue-based Asynchronicity,Poison Pill,668,804,113
exist-core/src/main/java/org/exist/storage/blob/BlobStoreImpl.java,org.exist.storage.blob.BlobStoreImpl$BlobVacuum$Request,202219419bc5a0a06c058ef55e114fb9afd8013349747835cf6a87da37e5f563,"This interface defines the contract for a request that can be serviced, indicating whether it was successfully fulfilled or needs to be rescheduled.",Request Handling,Strategy,Comparable,,467,470,93
exist-core/src/main/java/org/exist/storage/blob/BlobStoreImpl.java,org.exist.storage.blob.BlobStoreImpl$BlobVacuum$RequestDeleteBlobFile,06babd13b99ae977e2a91076c92b54d3868711b2f43a1df77d5e885ff04fea65,"This class represents a request to delete a blob file associated with a removed blob, ensuring the file is only removed if it has no references or active readers. It handles scenarios where the blob file might be recycled instead of deleted due to new references.",Blob file deletion,Command,Value Object,,784,727,119
exist-core/src/main/java/org/exist/storage/blob/BlobStoreImpl.java,org.exist.storage.blob.BlobStoreImpl$BlobVacuum$RequestDeleteStagedBlobFile,5a8eac0182a37950b3b7fa2df5529139c82b402595afeedfe3c4c735fe41cded,"This class represents a request to delete a staged blob file from a staging directory and implements the necessary logic to service this request, including comparing it with other requests for processing order.",Request handling,Command,Value Object,,536,540,104
exist-core/src/main/java/org/exist/storage/blob/BlobStoreImpl.java,org.exist.storage.blob.BlobStoreImpl$BlobVacuum,bda6464d00a5809cd93b85f90fa66c3d0977582e2891c48a91a35286ec11a6a3,"This class is responsible for cleaning up blob files by deleting them from a file store, but only after ensuring they are no longer in use. It processes deletion requests asynchronously, re-queueing them if they cannot be immediately serviced.",Blob cleanup,Worker Thread,Queue-Based Processing,Asynchronous Task,699,950,137
exist-core/src/main/java/org/exist/storage/blob/BlobStoreImpl.java,org.exist.storage.blob.BlobStoreImpl,f7f0a522d96e990019584daf3c3d824449362a3cb02fae4aafbb2c92a3bd304b,"This class manages a de-duplicating store for binary large objects (BLOBs), storing unique BLOBs by their checksum on disk. It maintains reference counts and active reader counts for each BLOB, allowing for efficient addition and removal of BLOBs, including automatic recycling of BLOB files when they become active again. The store is backed by a persistent file and utilizes a write-ahead log (WAL) for journaling and crash recovery to ensure data consistency.",BLOB Storage,Write-Ahead Log,Reference Counting,Asynchronous Processing,1193,7093,187
exist-core/src/main/java/org/exist/storage/blob/BlobStoreDumpTool.java,org.exist.storage.blob.BlobStoreDumpTool,18fef09505212eb66c50a5c4b391e0a641827c3a5203e3e8a1749d4e3d841142,"This class is a command-line tool designed to extract and format the contents of a Blob Store's persistent file into CSV, primarily for debugging and visualization purposes.",Blob store dumping,Command Line Interface,Tool,,842,991,104
exist-core/src/main/java/org/exist/storage/blob/BlobLoggable.java,org.exist.storage.blob.BlobLoggable,e1120f9cfb68a0854006fd0f7d49b69a6df92bcdef91a54cdd810c4591c26291,"This interface defines operations for logging binary large objects (BLOBs) and managing their reference counts, indicating a mechanism for tracking and potentially versioning large data items within the logging system.",BLOB logging,Marker Interface,,,904,439,90
exist-core/src/main/java/org/exist/storage/blob/BlobStore.java,org.exist.storage.blob.BlobStore,a168e8555f1c7aaea39e55f3ba819b15783dc0ef53530749669b2c78818e0f09,"This interface defines a contract for storing, retrieving, copying, and removing Binary Large Objects (BLOBs) within a transactional system, supporting operations like recovery, digest retrieval, and direct file path access for read-only operations.",BLOB Storage,Interface,Repository,Service,611,2180,132
exist-core/src/main/java/org/exist/storage/blob/BlobStoreImplService.java,org.exist.storage.blob.BlobStoreImplService,25d6f9e82afd13a01953868151e10401bead4fc0af91a5cd71077330412c3d68,"This class acts as a service layer for managing a de-duplicating blob store, handling its configuration, preparation, initialization, and shutdown.",Blob Store Management,Facade,Service,,537,768,98
exist-core/src/main/java/org/exist/storage/blob/BlobStoreService.java,org.exist.storage.blob.BlobStoreService,08d90638302e754c756f5f4535c46c9e88b9aa0c56c3940889066d3f827e5add,"This interface defines a contract for accessing a Blob Store, allowing clients to retrieve the store if the service is prepared.",Blob Store Access,Service Interface,Dependency Inversion,,568,452,95
exist-core/src/main/java/org/exist/storage/blob/UpdateBlobRefCountLoggable.java,org.exist.storage.blob.UpdateBlobRefCountLoggable,5c786dfa02d59c029a2ee4303cbd92707e09d0f64a2971be568b36d190ccf21b,"This class logs changes to the reference count of a blob, enabling operations like redoing and undoing these changes within a transactional system.",Blob ref count logging,Command,Loggable Operation,State Capture,638,798,117
exist-core/src/main/java/org/exist/storage/blob/AbstractBlobLoggable.java,org.exist.storage.blob.AbstractBlobLoggable,758fed1417c3098ec7cbc03f6ce0733cf70124f8cc659eb05c1cc67ed8a2e44d,"This abstract class provides a base implementation for objects that need to be logged and are associated with a blob identifier. It handles the serialization and deserialization of the blob identifier to and from a byte buffer, as well as managing its storage.",Blob Logging,Abstract Base Class,Template Method,,888,639,118
exist-core/src/main/java/org/exist/storage/blob/StoreBlobFileLoggable.java,org.exist.storage.blob.StoreBlobFileLoggable,bfe09ba2e77eaaa692993fa38cce14a0c5d2d4d24970e84b9f28750075e17dc2,"This class represents a loggable operation for storing a blob file, specifically handling the staged UUID associated with it. It provides methods for writing and reading this staged UUID to/from a buffer, calculating the log size, and redoing or undoing the operation within the blob store.",Blob Storage Logging,Log Entry,Command,Serialization,886,702,143
exist-core/src/main/java/org/exist/storage/blob/BlobId.java,org.exist.storage.blob.BlobId,385d50e4f8840be2cd248d5bfc108bb7e347d46d664b4b515f5c7fbb089cd356,"This class represents a unique identifier for a Binary Large Object (BLOB), storing the raw identifier and providing methods for comparison and string representation.",BLOB Identifier,Value Object,,,538,531,81
exist-core/src/main/java/org/exist/storage/UpdateListener.java,org.exist.storage.UpdateListener,ff0f33da980aadfa8596c718383d81336ded0300ff8b39e371c1125bb8ad46d5,"This interface defines a contract for receiving notifications about changes to documents, including additions, updates, removals, and node movements during defragmentation. It also provides a method for clean detachment from the notification service and a placeholder for debugging.",Update notifications,Observer,Listener,,891,848,115
exist-core/src/main/java/org/exist/storage/FluentBrokerAPI.java,org.exist.storage.FluentBrokerAPI$FluentBrokerAPIBuilder$FluentBrokerAPIBuilder_Col1$FluentBrokerAPIBuilder_Col1_Exec$FluentBrokerAPIBuilder_Col1_Exec_Doc1$FluentBrokerAPIBuilder_Col1_Exec_Doc1_Exec$FluentBrokerAPIBuilder_Col1_Exec_Doc1_Exec_Doc1,74d37c4174a48d48f3f09533e3a095cff83f18a3959811560d1f808ad1fea430,"This class provides a fluent interface for executing operations on a document within a collection, ensuring the document is retrieved and locked before the operation, and the collection is released afterward.",Document Execution,Fluent Interface,Builder,,633,592,103
exist-core/src/main/java/org/exist/storage/FluentBrokerAPI.java,org.exist.storage.FluentBrokerAPI$FluentBrokerAPIBuilder$FluentBrokerAPIBuilder_Col1$FluentBrokerAPIBuilder_Col1_Exec$FluentBrokerAPIBuilder_Col1_Exec_Doc1$FluentBrokerAPIBuilder_Col1_Exec_Doc1_Exec$FluentBrokerAPIBuilder_Col1_Exec_Doc1_Exec_Doc1_Exec,802bf4cf1b4129f923c11def9442b601c360d415bbf36f9a5a40550484b84240,"This class is responsible for building and executing a sequence of database operations involving collections and documents, returning the aggregated results.",Operation Execution,Builder,Strategy,,627,659,91
exist-core/src/main/java/org/exist/storage/FluentBrokerAPI.java,org.exist.storage.FluentBrokerAPI$FluentBrokerAPIBuilder$FluentBrokerAPIBuilder_Col1$FluentBrokerAPIBuilder_Col1_Exec$FluentBrokerAPIBuilder_Col1_Exec_Doc1$FluentBrokerAPIBuilder_Col1_Exec_Doc1_Exec,81fb7152cf494d7974515b959e68d20b3e2f00e2dbb53da896eef68ddb17fa1c,"This class acts as a builder to configure and execute a sequence of operations involving collections and documents, culminating in the retrieval of results from these operations.",API Building,Builder,Fluent Interface,,960,1121,98
exist-core/src/main/java/org/exist/storage/FluentBrokerAPI.java,org.exist.storage.FluentBrokerAPI$FluentBrokerAPIBuilder$FluentBrokerAPIBuilder_Col1$FluentBrokerAPIBuilder_Col1_Exec$FluentBrokerAPIBuilder_Col1_Exec_Doc1$FluentBrokerAPIBuilder_Col1_Exec_Doc1_NoExec$FluentBrokerAPIBuilder_Col1_Exec_Doc1_NoExec_Exec,a3efb172aed95f51cfeda5bb440680ebd6d2883d1e3a965a131592f2f9fcaf8e,"This class builds and executes a fluent API call that involves both a collection operation and a document operation, returning the results of both.",API Execution,Builder,Fluent Interface,,793,599,95
exist-core/src/main/java/org/exist/storage/FluentBrokerAPI.java,org.exist.storage.FluentBrokerAPI$FluentBrokerAPIBuilder$FluentBrokerAPIBuilder_Col1$FluentBrokerAPIBuilder_Col1_Exec$FluentBrokerAPIBuilder_Col1_Exec_Doc1$FluentBrokerAPIBuilder_Col1_Exec_Doc1_NoExec,626e7b46233b3f084f32f61b020734404a10161692ede78e5bbaf57d917642d5,"This class acts as a builder for defining and executing operations on documents within a collection. It allows for chaining operations, first defining an operation on a document, and then executing both the document operation and a broader collection operation.",Operation Builder,Builder,Fluent Interface,,739,930,113
exist-core/src/main/java/org/exist/storage/FluentBrokerAPI.java,org.exist.storage.FluentBrokerAPI$FluentBrokerAPIBuilder$FluentBrokerAPIBuilder_Col1$FluentBrokerAPIBuilder_Col1_Exec$FluentBrokerAPIBuilder_Col1_Exec_Doc1,b876c8ca9c1f1c9ff2bb32ae164d9652f0d9a2f8e161b18eed9a91d48199f747,"This class acts as a builder for constructing operations that involve collections and documents, allowing for stepwise definition of execution logic and optional exclusion of collection operations.",Operation Builder,Builder,Fluent Interface,,824,1880,98
exist-core/src/main/java/org/exist/storage/FluentBrokerAPI.java,org.exist.storage.FluentBrokerAPI$FluentBrokerAPIBuilder$FluentBrokerAPIBuilder_Col1$FluentBrokerAPIBuilder_Col1_Exec,be351056814584ba641a904d8c72b9fa0ea524dbcb7e324bc302f742e9caff22,"This class facilitates a fluent API for performing operations on eXist-db collections and documents, allowing for complex operations to be built step-by-step.",API building,Fluent Interface,Builder,,678,2184,101
exist-core/src/main/java/org/exist/storage/FluentBrokerAPI.java,org.exist.storage.FluentBrokerAPI$FluentBrokerAPIBuilder$FluentBrokerAPIBuilder_Col1$FluentBrokerAPIBuilder_Col1_NoExec_Doc1$FluentBrokerAPIBuilder_Col1_NoExec_Doc1_Exec$FluentBrokerAPIBuilder_Col1_NoExec_Doc1_Exec_NoExec,1b1851242548afaa6c64ea7c6d49af21be87179bde644a497cb89de84db56798,"This class acts as a builder for defining and executing operations on a document within a collection, providing a fluent interface for specifying the desired action and its execution context.",API Builder,Builder,Fluent Interface,,647,586,101
exist-core/src/main/java/org/exist/storage/FluentBrokerAPI.java,org.exist.storage.FluentBrokerAPI$FluentBrokerAPIBuilder$FluentBrokerAPIBuilder_Col1$FluentBrokerAPIBuilder_Col1_NoExec_Doc1$FluentBrokerAPIBuilder_Col1_NoExec_Doc1_Exec$FluentBrokerAPIBuilder_Col1_NoExec_Doc1_Exec_NoExec_Exec,c0abcdd90ad402df2e3573181d9d3dcb8e0ab1a48b8e4a7f1a308ef530075dbd,"This class acts as a builder for configuring and executing a sequence of operations involving collections and documents, ultimately returning their combined results.",Operation Builder,Builder,,,1096,613,76
exist-core/src/main/java/org/exist/storage/FluentBrokerAPI.java,org.exist.storage.FluentBrokerAPI$FluentBrokerAPIBuilder$FluentBrokerAPIBuilder_Col1$FluentBrokerAPIBuilder_Col1_NoExec_Doc1$FluentBrokerAPIBuilder_Col1_NoExec_Doc1_Exec,839d45dc05ca4d4b72d70abd9df04574da6107ac26420c2bc724af9ea1a82287,"This class acts as a builder for a fluent API, allowing for the construction of operations involving collections and documents. It facilitates chaining methods to define and execute specific actions on these data structures, culminating in the retrieval of results.",API Builder,Builder,Fluent Interface,,735,1052,113
exist-core/src/main/java/org/exist/storage/FluentBrokerAPI.java,org.exist.storage.FluentBrokerAPI$FluentBrokerAPIBuilder$FluentBrokerAPIBuilder_Col1$FluentBrokerAPIBuilder_Col1_NoExec_Doc1$FluentBrokerAPIBuilder_Col1_NoExec_Doc1_NoExec$FluentBrokerAPIBuilder_Col1_NoExec_Doc1_NoExec_Exec,3119cdc05c159b6a7ca9893106c813ecbcdf486043ab7774c7ddc49e3664fd9c,"This class acts as a builder for configuring and executing document operations against an eXist-db database, allowing for the chaining of operations before final execution.",API Builder,Builder,Fluent Interface,,560,570,100
exist-core/src/main/java/org/exist/storage/FluentBrokerAPI.java,org.exist.storage.FluentBrokerAPI$FluentBrokerAPIBuilder$FluentBrokerAPIBuilder_Col1$FluentBrokerAPIBuilder_Col1_NoExec_Doc1$FluentBrokerAPIBuilder_Col1_NoExec_Doc1_NoExec,ba263741368f76f8788f9c9747cf1aec855a1edc13ae2885f8357c8c6551b16a,"This class is a builder for creating and executing operations on documents within a collection, providing a fluent interface for defining and running document-specific logic after retrieval and locking.",API Builder,Builder,Fluent Interface,,665,765,102
exist-core/src/main/java/org/exist/storage/FluentBrokerAPI.java,org.exist.storage.FluentBrokerAPI$FluentBrokerAPIBuilder$FluentBrokerAPIBuilder_Col1$FluentBrokerAPIBuilder_Col1_NoExec_Doc1,32e0f999fd765ec42189a6786365a5996c3e8844c444f5564d2a74df22f414ca,"This class builds a fluent API for performing operations on a collection and its documents, allowing for chained execution of actions before or after releasing the collection.",API Builder,Builder,Fluent Interface,,687,1704,98
exist-core/src/main/java/org/exist/storage/FluentBrokerAPI.java,org.exist.storage.FluentBrokerAPI$FluentBrokerAPIBuilder$FluentBrokerAPIBuilder_Col1,9422c4e8dd770ddaa97ed281cd954dbf7b90ef8bd7e5789150ba734268b8de31,"This class provides a fluent API for building database operations, allowing users to specify operations on collections, documents, or both, and to control whether resources are released after operations.",API Builder,Builder,Fluent Interface,State Machine,1592,3770,121
exist-core/src/main/java/org/exist/storage/FluentBrokerAPI.java,org.exist.storage.FluentBrokerAPI$FluentBrokerAPIBuilder,0958336e848e9187976dd2cf5fa09d787fed4c7b0b774c22ed19e4501a433ab4,"This class provides a fluent interface for building and executing operations against eXist-db collections and documents, allowing for granular control over locking and the sequence of operations performed.",API Builder,Builder,Fluent Interface,,1137,4161,103
exist-core/src/main/java/org/exist/storage/FluentBrokerAPI.java,org.exist.storage.FluentBrokerAPI,a9a25d308024efff2bd0d900b5d1371a44f0b51895a15fd9bb52072cacdca262,"This class provides a fluent API for interacting with a broker to perform operations on collections and documents, allowing for complex sequences of actions to be defined in a readable manner.",Broker API,Builder,Fluent Interface,Chain of Responsibility,737,4379,121
exist-core/src/main/java/org/exist/storage/lock/FileLockService.java,org.exist.storage.lock.FileLockService,d5c2f5c24bfa472b892be0d9e687dbe25a8e1a96cc8ce2a0bc735e07835beea2,"This service manages a file lock to ensure exclusive access to a data directory, preventing concurrent operations. It handles the configuration and preparation of the directory, including creation and writability checks, and provides a mechanism to release the lock.",File locking,Service Facade,Singleton,Resource Management,636,752,133
exist-core/src/main/java/org/exist/storage/lock/LockInfo.java,org.exist.storage.lock.LockInfo,d3e708d8aa0b8952bcc5dbc66dbeb2352bdc8a9632367754a529a2b176363bfd,"This class serves as a data holder for detailed information about a lock, including its type, mode, ID, owners, and other threads waiting for or holding the lock, which can be exposed for debugging and management purposes.",Lock Debugging,Data Transfer Object,Value Object,,876,740,116
exist-core/src/main/java/org/exist/storage/lock/EnsureLockingAspect.java,org.exist.storage.lock.EnsureLockingAspect$AnnotatedParameterConstraint,f0927c2eed15974da6aebdd529d4420dd0f8be3d6a8608a73622c03340fe7483,"This class represents a constraint that is applied to a specific parameter of a method, identified by its index and associated annotation.",Parameter constraint,Decorator,Value Object,,670,441,93
exist-core/src/main/java/org/exist/storage/lock/Lock.java,org.exist.storage.lock.Lock$LockMode,53faaae1909e195d0ad166d382e38f0d605c53e1c167903706b2ec3bdad9ef8f,"This class defines a set of distinct lock modes that can be applied, each represented by a byte value.",Lock Modes,,,,522,477,52
exist-core/src/main/java/org/exist/storage/lock/Lock.java,org.exist.storage.lock.Lock$LockType,5884a3448e11c5dc1d46efaae8d2ba3a097f1359f4b3fbafad8b1b0bf08b761b,"This enum defines different types of locks that can be acquired within the system, such as for collections, documents, or B-trees.",Lock identification,,,,434,517,58
exist-core/src/main/java/org/exist/storage/lock/Lock.java,org.exist.storage.lock.Lock,ae22000fb06b329591ac49c92dcbc20f66e5edc0541e536431cf9217b616cd46,"This interface defines operations for acquiring, releasing, and checking the status of locks on resources, supporting different lock modes and types to manage concurrent access.",Lock Management,Interface,Enum,,604,1595,97
exist-core/src/main/java/org/exist/storage/lock/LockTableUtils.java,org.exist.storage.lock.LockTableUtils,ee5072b1d287728a3fa6c3bbb06aef5e1f9f3fa732f0d90b0ce20824fefbe175,"Provides utility methods to convert the state of a lock table into human-readable string or XML formats, with an option to include stack trace information for debugging.",Lock Table Conversion,Utility Class,,,448,570,84
exist-core/src/main/java/org/exist/storage/lock/EnsureContainerUnlocked.java,org.exist.storage.lock.EnsureContainerUnlocked,228964e0b59103d3b7eca051e2c367aad88d5c78830ad8ed8b15deb7ddd08918,"This annotation is used to indicate that a method should not be called while any locks are held on the containing object, and can be used to enforce this policy at runtime.",Locking policy,Marker Annotation,Compile-time check,,564,695,107
exist-core/src/main/java/org/exist/storage/lock/ManagedLock.java,org.exist.storage.lock.ManagedLock,b381d6b0e5a6ee6da84d4ec35015ae89f2f98cf7a8ca7ec8fa92b32435c55154,"This class provides a convenient way to manage the acquisition and release of various types of locks, ensuring they are automatically released when no longer needed, typically within a try-with-resources statement.",Lock management,Resource Acquisition Is Initialization (RAII),Adapter,,661,1661,112
exist-core/src/main/java/org/exist/storage/lock/LockTable.java,org.exist.storage.lock.LockTable$Entries,11a9bbebb477788e53321e1afd79e90dba23a261d10fa6a526f40c3067f924e3,"Manages a thread-safe collection of entries, allowing for merging, unmerging, and iteration.",Entry Management,Thread-safe collection,Optimistic Locking,Pessimistic Locking,989,684,115
exist-core/src/main/java/org/exist/storage/lock/LockTable.java,org.exist.storage.lock.LockTable$LockModeOwner,39f970126f1a6d4ecff044f062e9f10c3b918453b513a1c163dbf79a5f29c207,"This class represents the owner of a lock, storing the lock mode, the thread that owns it, and optionally a stack trace of where the lock was acquired.",Lock Ownership,Value Object,Data Transfer Object,,637,471,103
exist-core/src/main/java/org/exist/storage/lock/LockTable.java,org.exist.storage.lock.LockTable$LockCountTraces,5ac9af40559bd8a04e1e00ee9375462960130a3c60797ac3786156f80ba8b787,This class aggregates the number of times a lock has been acquired along with the associated stack traces for debugging purposes.,Lock Counting,,,,1359,448,53
exist-core/src/main/java/org/exist/storage/lock/LockTable.java,org.exist.storage.lock.LockTable$LockEventListener,e0a2066fef2d92fefe6f2cbdad341f8236cd496b153e36cb7074d8bf533fbfeb,"This interface defines a contract for handling lock events, allowing for the registration and unregistration of listeners and the acceptance of specific lock event details.",Event Listener,Observer,Listener,,1740,503,96
exist-core/src/main/java/org/exist/storage/lock/LockTable.java,org.exist.storage.lock.LockTable$LockEventType,0a4752f071dd0ec5179cc79097415405f163abed6de97ca404e4798a0607528f,"This enum represents the different types of events that can occur during a lock acquisition process, such as an attempt to acquire, a failed attempt, a successful acquisition, or a release.",Lock event types,,,,614,388,68
exist-core/src/main/java/org/exist/storage/lock/LockTable.java,org.exist.storage.lock.LockTable$Entry,de77b61c8f39ab3e49bdf8ed474f416d2c11865bd5b6a7beeabb5e3059d6f5d2,"This class represents a single entry within a lock table, storing details about a lock's identity, type, mode, owner, and associated stack traces.",Lock Entry,Value Object,Immutable Value,,838,742,101
exist-core/src/main/java/org/exist/storage/lock/LockTable.java,org.exist.storage.lock.LockTable,3e946802c30c379f2fe9e3a39d05838714a9a0d5e3dd85c8b417dafdf64dea82,"This class manages lock acquisition and release events for threads, maintaining records of threads attempting to acquire locks and those that have successfully acquired them. It also supports registering and deregistering listeners to be notified of these lock events.",Lock Management,Observer,Concurrent Map,State,2215,3565,130
exist-core/src/main/java/org/exist/storage/lock/ManagedDocumentLock.java,org.exist.storage.lock.ManagedDocumentLock,a2d4e8ea61ee230a45da86973ea99db879b8e661281345676d57af564a263997,"This class represents a lock specifically associated with a document, identified by its URI, and manages the lifecycle of that lock.",Document Locking,Abstract Base Class,Template Method,,484,463,95
exist-core/src/main/java/org/exist/storage/lock/FileLock.java,org.exist.storage.lock.FileLock,bc9b35851991d31b4e3ba78dc8530e9f68b4b761456a2550d3e5d63d8c693583,"Manages cooperative inter-process file locking to synchronize access to database files across different Java Virtual Machines or database instances, by creating and maintaining a lock file with a heartbeat.",File Locking,Sentinel Value,Lease,Cooperative Locking,611,1494,123
exist-core/src/main/java/org/exist/storage/lock/ManagedCollectionLock.java,org.exist.storage.lock.ManagedCollectionLock,d81acdf3c7aeb46c967c8d5234f34c7d314d14414ca13d68370379f24afce2e7,"This class manages locks for a specific collection, providing the ability to acquire and release these locks. It also supports representing a state where no locks are held for a collection.",Collection locking,Resource Acquisition Is Initialization (RAII),State Management,,648,627,109
exist-core/src/main/java/org/exist/storage/lock/EnsureLocked.java,org.exist.storage.lock.EnsureLocked,e43d806976df6b90443763a16e48848964db545514a025413450d424a7bd4edc,"This annotation is used to declare that specific locks must be held on method parameters or return types, with runtime enforcement provided by an associated aspect.",Lock Enforcement,Aspect Oriented Programming,Annotation,,612,1246,98
exist-core/src/main/java/org/exist/storage/lock/ManagedLockGroupDocumentLock.java,org.exist.storage.lock.ManagedLockGroupDocumentLock,70370dbcacc57bfbf44f90d8d4568c3b9df0860fcde6077ff7a2b7a6f7a0c095,"This class manages document locks associated with a specific lock group, utilizing a lock table to track and release these locks.",Lock management,Decorator,Facade,,672,508,91
exist-core/src/main/java/org/exist/storage/lock/LockEventJsonListener.java,org.exist.storage.lock.LockEventJsonListener,84b4775e8e29c6ed9795e61d3db384d889ab378941214a75945dc6602b5d09d2,"This class acts as a listener for lock events, serializing them into JSON format and writing them to a specified file. It handles the registration and unregistration of the listener, managing the output stream and JSON generator, and accepts lock events to be recorded.",Event Logging,Observer,Event Handler,Decorator,710,770,137
exist-core/src/main/java/org/exist/storage/lock/LockedPath.java,org.exist.storage.lock.LockedPath,5f8a3efb293173ee2037110dae3a678e6f5a2855073757cc15f7ec209a467c1c,This class represents a path that is locked with a specific mode.,Path locking,Value Object,,,359,443,65
exist-core/src/main/java/org/exist/storage/lock/LockEventLogListener.java,org.exist.storage.lock.LockEventLogListener,93c33da81c0a108d17b5ce40659be2cfaa678529e19f2438f390ed2606258853,This class listens for lock events and logs them to Log4j at a configurable level.,Event Logging,Observer,Adapter,,477,594,86
exist-core/src/main/java/org/exist/storage/lock/LockManager.java,org.exist.storage.lock.LockManager,0909bf5d9b1ce37b188d182fe6ed668d230a8892a41a6c23125d482da269c402,"Manages locks for database collections, documents, and B-tree files, allowing for different locking strategies and hierarchical locking on collections to prevent deadlocks and ensure data integrity.",Lock Management,Striping,Lazy Initialization,Read-Write Lock,858,4982,124
exist-core/src/main/java/org/exist/storage/lock/EnsureContainerLocked.java,org.exist.storage.lock.EnsureContainerLocked,50b7fbc3fd017417837b8567858ddaa8aa764c322805ea6f9cd1cab43549a852,"This annotation is used to declare that specific locks must be held on the containing object before a method can be invoked, providing compile-time or runtime enforcement of locking policies, typically for collection and document implementations.",Lock enforcement,Annotation Processor,Aspect-Oriented Programming,,801,1066,114
exist-core/src/main/java/org/exist/storage/lock/EnsureUnlocked.java,org.exist.storage.lock.EnsureUnlocked,c897bc917e3cdeb8a1f9b301ff63ed32eb6a66020086aa34691db4f71f473012,"This annotation signifies that parameters or return types of a method should not be locked, and can be used to enforce runtime checks for this policy.",Locking policy,Marker Annotation,Aspect-Oriented Programming,,718,760,102
exist-core/src/main/java/org/exist/storage/lock/LockGroup.java,org.exist.storage.lock.LockGroup,89d0f7a9f323403ea7c7a61c400b5104652b6993341baa0ae2dcfa85dfd7bd52,"Represents a group of locks associated with a specific group identifier, used for managing concurrent access to a set of resources.",Lock Group,,,,1300,429,55
exist-core/src/main/java/org/exist/storage/lock/ManagedSingleLockDocumentLock.java,org.exist.storage.lock.ManagedSingleLockDocumentLock,7ee0a560d43924455ed938b63030c232b58d987e5067f951cc2d8a6c2028f41a,"This class represents a single lock on a document, managing its lifecycle and interaction with a lock table. It provides functionality to create a lock that signifies a document is not locked and to release any held locks.",Document Locking,Decorator,Factory Method,,595,649,110
exist-core/src/main/java/org/exist/storage/lock/LockEventXmlListener.java,org.exist.storage.lock.LockEventXmlListener,2f723ef6cf5961c8bc7f996f1943f91012e543fe7383905b87d658b86b81c5de,"This class listens for lock events, formats them into XML, and writes them to a specified file, including detailed information about each lock event and its associated stack trace.",Event Formatting,Observer,Adapter,Event Listener,701,876,119
exist-core/src/main/java/org/exist/storage/lock/FileLockHeartBeat.java,org.exist.storage.lock.FileLockHeartBeat,51269fe1423e9237a172c7af8eb3902c640d38aa429ef3ab1909028c39ce6f31,"This class provides a scheduled mechanism to periodically check and maintain a file lock, ensuring its continued availability and throwing an exception if the lock cannot be reacquired.",Heartbeat Monitor,Runnable Task,Scheduler Integration,,704,543,102
exist-core/src/main/java/org/exist/storage/lock/LockedDocumentMap.java,org.exist.storage.lock.LockedDocumentMap,6cad442d1ee7a9e6074423e8af5783c9e74143c6ae6e8cc8e3e82ad7195570d9,This map is used by the XQuery engine to track how many read locks were acquired for a document during query execution.,Document Locking,Map,Collection,,682,788,92
exist-core/src/main/java/org/exist/storage/SystemTask.java,org.exist.storage.SystemTask,b84de1045463be44d66215ee4f534e25b3daca68145c9b8a02fd23bfba8b345b,This interface defines the contract for system maintenance tasks that require exclusive database access for their execution. Implementations are responsible for performing maintenance operations and can be scheduled for execution.,System Maintenance,Interface,Strategy,,701,801,101
exist-core/src/main/java/org/exist/storage/journal/JournalManager.java,org.exist.storage.journal.JournalManager$JournalListener,bb7e53832576f63983294d991d3b4c1835e110411bddd7559f1fde5c8e9ccade,"This interface defines a callback mechanism for reacting to events originating from the journal, specifically after a checkpoint has been successfully written.",Journal Event Handling,Observer,Callback,,627,510,93
exist-core/src/main/java/org/exist/storage/journal/JournalManager.java,org.exist.storage.journal.JournalManager,4496330b1d7383e372da1a50ab7d2761eb370d1b0b89b17d4848cd910246a87f,"This class provides a managed interface for a journal, handling its configuration, preparation, and various write and shutdown operations, while also supporting listeners for journal events.",Journal Management,Facade,Observer,,670,1786,99
exist-core/src/main/java/org/exist/storage/journal/Lsn.java,org.exist.storage.journal.Lsn,b1418b709c5b0fb0b32235cb8778612cbd3e9d29a0afc9616f60065603e8f2e5,"This class represents a Log Sequence Number (LSN), a 10-byte identifier for log records within a journal file, composed of a file number and an offset within that file. It provides methods for creating, reading, writing, and comparing LSNs, as well as extracting its constituent file number and offset.",Log identifier,Value Object,Comparable,,616,1102,134
exist-core/src/main/java/org/exist/storage/journal/Loggable.java,org.exist.storage.journal.Loggable,a2b80846ab79aabf30ff5649683b28255df38010ad4231ca278c366ddd8f7264,"This interface defines the contract for objects that can be logged, providing methods for serialization, deserialization, transaction management, and recovery operations like redo and undo.",Loggable Entry,Strategy,Marker Interface,,623,1066,101
exist-core/src/main/java/org/exist/storage/journal/LogEntryTypes.java,org.exist.storage.journal.LogEntryTypes,3e29091cb0483341092b173297e68446a816ecb18f575bfa21342676d570e1a3,"This class acts as a registry for different types of log entries, allowing the system to associate byte identifiers with functions that can create specific loggable objects. It is used by the recovery manager to reconstruct log entries during recovery.",Log Entry Registry,Factory,Registry,,614,917,113
exist-core/src/main/java/org/exist/storage/journal/AbstractLoggable.java,org.exist.storage.journal.AbstractLoggable,9a71019fafd2cedefe8410d87b6d7163385f7fd91f3322d3ff0583390bc04a0a,"This abstract class provides a base implementation for loggable entities, defining common properties like type, transaction ID, and LSN, while offering default behaviors for redo, undo, and dump operations.",Base Logging,Template Method,Abstract Base Class,,941,738,109
exist-core/src/main/java/org/exist/storage/journal/JournalReader.java,org.exist.storage.journal.JournalReader,3b50757a485c3d9c5905af2be7acc3b265fc4ecea2b93509703b93278d95f32a,"This class reads log entries from a journal file, supporting forward and backward scanning and repositioning to specific entries for recovery operations.",Journal Reading,Adapter,Resource Management,,598,1485,94
exist-core/src/main/java/org/exist/storage/journal/JournalException.java,org.exist.storage.journal.JournalException,fba4c566200e1be5fe799eb7672e386abef1c9cbf95201c38fbb43f918179907,This class represents a custom exception specifically for handling errors that occur within the journal system.,Custom Exception,,,,781,405,48
exist-core/src/main/java/org/exist/storage/journal/LogException.java,org.exist.storage.journal.LogException,30d0d2af19c360dedba95490208803144a716b87dfd2017b44ddb42bf8eeeb0f,"This class represents a custom exception specifically for logging errors within the system, allowing for enriched error handling and reporting.",Exception Handling,Exception Hierarchy,,,2576,436,74
exist-core/src/main/java/org/exist/storage/journal/Journal.java,org.exist.storage.journal.Journal$RemoveRunnable,c9807dc1449189b68b745a89a5210b0fbd1affc4b5337513d398d36228c8152b,"This class provides a runnable task to safely clean up resources by closing a channel and deleting a file, with error logging.",Resource cleanup,Runnable Task,,,576,457,76
exist-core/src/main/java/org/exist/storage/journal/Journal.java,org.exist.storage.journal.Journal,0e31606c27a0831c4c209144665987dd9d8fe3aaed5dd2a515a85c2c49bad5e3,"This class manages the journal log, which is used for all data files. It handles writing log entries to files, managing file size limits, and ensuring data consistency through buffering and flushing mechanisms. The journal also supports recovery by maintaining a historical log with specific formatting and checksums.",Journal Logging,Buffer,Write-Ahead Logging,File Management,1621,4623,144
exist-core/src/main/java/org/exist/BTreeTest.java,org.exist.BTreeTest,16110cd09f1b5165f9b2df7324b8e8ce9f2e306f43b6b37b684c907e3f45de28,"This class orchestrates operations on a B-tree data structure, including its creation, rebuilding, reading, and graceful shutdown, often for testing or demonstration purposes, and serves as the entry point for the B-tree testing program.",B-Tree Orchestration,Entry Point,Test Harness,,836,777,119
exist-core/src/main/java/org/exist/Version.java,org.exist.Version,38916b809e72d016031fddea44b8ed9abf0c55e37da3828c6b1cc4c1c6131db1,"This class provides access to various version and build-related information for the product, including its name, version number, build number, and Git commit details.",Version information,Singleton,Value Object,,3094,617,100
exist-core/src/main/java/org/exist/client/DocumentView.java,org.exist.client.DocumentView$ProgressObserver,b83a35c7916e0b646327efb540a1d15515ea21e85712e6feac3f12b73c95e690,"This class observes changes in a process and updates a progress bar and status message accordingly, indicating the storage of elements or nodes.",Progress reporting,Observer,,,518,436,76
exist-core/src/main/java/org/exist/client/DocumentView.java,org.exist.client.DocumentView,097ec6019974f9e66dc26f175af09630b50d57318963a502eb3aa2ffbfe89a1a,"This class provides a user interface for viewing and editing XML documents, allowing users to save changes, export content, and manage document locking.",Document editing,Model-View-Controller (MVC),Observer,Facade,642,787,118
exist-core/src/main/java/org/exist/client/ZipFilter.java,org.exist.client.ZipFilter,be39a3bdee3fa9a5a219e6ab0f3e2237fe147efe790e5d1daa323a912a278b76,"This class is used to filter files, accepting only directories or files that have a '.zip' extension.",File filtering,Strategy,Adapter,,535,446,89
exist-core/src/main/java/org/exist/client/ClientAction.java,org.exist.client.ClientAction,0251d4d91f9c38144961c090e16849a435388fb8424d9f84b2025312d5964e4d,"This interface defines a contract for client-side actions that can be executed, providing a mechanism to handle potential failures gracefully by invoking a secondary action.",Action Execution,Strategy,Functional Interface,,666,572,98
exist-core/src/main/java/org/exist/client/FavouriteConnection.java,org.exist.client.FavouriteConnection,1cc07ee652a10e6b78861761483a7e67207844f3d84da868cb76b746530401e8,This class serves as a data holder for storing connection details that a user wishes to save as a favorite.,Connection details,Data Transfer Object,Value Object,,788,1125,92
exist-core/src/main/java/org/exist/client/DialogCompleteWithResponse.java,org.exist.client.DialogCompleteWithResponse,7d5c70ac7c864fdb63cc4c827e9c5f7adfedfb816cbfc062d5bb454029bc8a58,"This interface defines a contract for completing a dialog or operation by providing a response object, signaling the successful conclusion of a task with its result.",Dialog Completion,Strategy,Callback,,754,453,96
exist-core/src/main/java/org/exist/client/CollectionXConf.java,org.exist.client.CollectionXConf$RangeIndex,b7d1f4f0c2250deca54254080d78c8647c4e1eea493afe3ef4049ebda4c0de16,"This class defines a configuration for a range index within a collection, specifying the index type, XPath, and its XML Schema data type.",Index Configuration,Value Object,Data Transfer Object,,762,672,98
exist-core/src/main/java/org/exist/client/CollectionXConf.java,org.exist.client.CollectionXConf$Trigger,90c9b87e4d2f9ae28138cac6536f39ca31edea13eda2b90e4a5b4170e4e80d7f,"This class defines a trigger, storing its fully qualified class name and configuration parameters, and can generate an XML representation of itself for inclusion in collection.xconf.",Trigger Definition,Value Object,Data Transfer Object,,589,575,103
exist-core/src/main/java/org/exist/client/CollectionXConf.java,org.exist.client.CollectionXConf,9f86f1395a0b430ba9d125d4cb5203b523b6b9bd6de0ef2f22ac29e0c602b773,"Manages the configuration for a collection's XML database, allowing for the definition and manipulation of range indexes and triggers.",Configuration Management,Facade,Value Object,Composite,654,2556,110
exist-core/src/main/java/org/exist/client/CommandlineOptions.java,org.exist.client.CommandlineOptions,819719257ab9bdd7dd509de4a7a692f20c35bc3f8c748ebf0eb63f288ff2ae40,"This class defines and parses command-line arguments for the interactive client, configuring its behavior, database connection, and operational commands.",Argument Parsing,Builder,Value Object,,532,2237,94
exist-core/src/main/java/org/exist/client/QueryDialog.java,org.exist.client.QueryDialog$QueryRunnable,b21320d02092b520aa65eb962dd42bc0e26700600a64c735da87c24ebfe7a64e,"This class represents a runnable task for executing XQueries, managing their lifecycle including initiation, termination, and result processing, while also updating the user interface and logging query history.",Query Execution,Runnable Task,State Management,,2222,527,104
exist-core/src/main/java/org/exist/client/QueryDialog.java,org.exist.client.QueryDialog$GetCollectionsListSwingWorker,e12dd6f77742d053ad0a69271956b74bd385c488daf932f6f26f34996c0ab866,"This class is responsible for asynchronously retrieving a list of XML collection names from the database, updating the user interface with the results, and handling any potential errors during the process.",Background Task,Worker Thread,Asynchronous Operation,,3090,563,105
exist-core/src/main/java/org/exist/client/QueryDialog.java,org.exist.client.QueryDialog,0d86d4ebd8bb0c18430f7481d1c21eb8d294f03a491ce5a2ab212b99402d3331,"Provides a graphical user interface for users to input, compile, and execute XQuery queries against a collection, displaying the results and compilation errors.",Query Interface,Model-View-Controller,Observer,Command,568,1026,117
exist-core/src/main/java/org/exist/client/EnterKeyAdapter.java,org.exist.client.EnterKeyAdapter,136439dee26484a2168f44eff5dadfa63aa4023706da11aaa2161e65b6147776,"This class adapts key press events to trigger button click actions, specifically handling the Enter key for various input components to simulate a button click.",Event Delegation,Adapter,,,595,658,78
exist-core/src/main/java/org/exist/client/NewResourceDialog.java,org.exist.client.NewResourceDialog$ResourceType,0f60c0fce0eb8e91fce7583be1ed6289db882bac851108a24d764a137d625bc8,"This class defines a set of enumerated types for different resource types, including their labels, file extensions, MIME types, and associated template paths.",Resource Definition,Enum,,,718,570,79
exist-core/src/main/java/org/exist/client/NewResourceDialog.java,org.exist.client.NewResourceDialog,ca467a06587ba070f35498105801cf427232a3b9481d2b0f8d64ccea2842621b,"This class provides a graphical user interface for creating new resources, allowing users to specify resource type, filename, and module namespace details.",Resource Creation,Model-View-Controller,Template Method,Enum Strategy,651,761,117
exist-core/src/main/java/org/exist/client/tristatecheckbox/TristateCheckBox.java,org.exist.client.tristatecheckbox.TristateCheckBox,d959f9b394fef57d69e45f25fee85340527fca18a2fa2c07c7f76ce550554db3,"This class extends a standard checkbox to provide an additional indeterminate state, allowing for three possible selection states (selected, indeterminate, and deselected) and visually representing these states as an icon.",Tri-state checkbox,Composite,Decorator,Observer,631,851,124
exist-core/src/main/java/org/exist/client/tristatecheckbox/TristateState.java,org.exist.client.tristatecheckbox.TristateState,d8ef240d9062ea743a4cb8973bd0313b4d4853c0c1829505d333528f9d00efd7,"This class represents the three possible states of a tristate checkbox: deselected, indeterminate, and selected. It provides methods to transition between these states and to convert them to and from standard boolean values.",Tristate logic,State,Enum,,591,795,110
exist-core/src/main/java/org/exist/client/tristatecheckbox/TristateCheckboxTableCellEditor.java,org.exist.client.tristatecheckbox.TristateCheckboxTableCellEditor,d886e7246829ac306c80242762a36023f14397e78452716adf5dfd1bdb767fe1,"This class provides an interactive editor for boolean-like values within a table, using a tristate checkbox to represent three possible states (true, false, and indeterminate).",Table cell editing,Strategy,Adapter,,608,586,103
exist-core/src/main/java/org/exist/client/security/FindGroupForm.java,org.exist.client.security.FindGroupForm,34f77965d4cf10de3728e6a2887bffbd1a5c80ecbc28b8c3233aaf7958270ceb,"This class represents a dialog window for selecting a group, providing functionality to manage group selection and notify listeners upon completion.",Group selection,Observer,Model-View,,985,913,93
exist-core/src/main/java/org/exist/client/security/RegExpInputVerifier.java,org.exist.client.security.RegExpInputVerifier,766a6a3ad857a0a05cf9fa99196032f4108963d91bd604e801766dd40c82159f,This class validates the input of a Swing component against a regular expression. It specifically checks if a JTextField's content conforms to the expected pattern.,Input validation,Strategy,Template Method,,515,486,98
exist-core/src/main/java/org/exist/client/security/AutoCompletion.java,org.exist.client.security.AutoCompletion,fb2cc9a12d56a5470d9704e69647fe3094b217aeba44510450e04833688c7aab,"This class enhances a JComboBox by providing auto-completion functionality, allowing users to type and select items from a dropdown list.",Auto Completion,Observer,Decorator,Adapter,619,996,110
exist-core/src/main/java/org/exist/client/security/UmaskEditorFormatter.java,org.exist.client.security.UmaskEditorFormatter,e3a5f99678d6d9408bdac2a082a4f5afe624bad6f634f48878ef19743b809461,"This class acts as a formatter and editor for umask values, handling the conversion between string representations and object values, and providing a document filter for input validation.",Umask Formatting,Adapter,Composite,,809,569,101
exist-core/src/main/java/org/exist/client/security/UserDialog.java,org.exist.client.security.UserDialog,a42adf74328eb17deed9f5302b82feb24f6b659e5e14d35b615146dc5c0351e2,"This class provides a graphical user interface for managing user accounts, allowing for the creation, modification, and association of users with groups.",User Management,Model-View-Controller,Facade,Adapter,725,1582,115
exist-core/src/main/java/org/exist/client/security/UmaskSpinnerModel.java,org.exist.client.security.UmaskSpinnerModel,1898ad61a2a6df973dee0e6adcbbb670201eb424b277e90a29d918af11a80d96,This class acts as a model for a spinner component that allows users to select and modify file permission masks represented in octal format.,Umask Model,Model-View-Controller (MVC) Model,Observable,,8336,644,103
exist-core/src/main/java/org/exist/client/security/AclTableModel.java,org.exist.client.security.AclTableModel,0b2350a85fd44d8589c83e472162030bb6df9277e0594e0a46853b55427c82d6,"This class provides a table model for displaying Access Control List (ACL) permissions, allowing users to view and edit read, write, and execute access for subjects and targets.",ACL Table,Model-View-Controller,Table Model,,1704,585,107
exist-core/src/main/java/org/exist/client/security/EditGroupDialog.java,org.exist.client.security.EditGroupDialog,7db00326f1d0f5145cd55bc3e1fd7ce157ae7662f1dadc42253ea8c77fe3a177,"This class extends a base dialog for group management, specifically providing functionality to edit an existing group's properties and members.",Group Editing,Template Method,Dialog,,425,829,93
exist-core/src/main/java/org/exist/client/security/UserManagerDialog.java,org.exist.client.security.UserManagerDialog,1093563a45e8e007ebef3d267f91a2878903623d385029a6559b01b2c718defc,"This class provides a graphical user interface for managing users and groups, allowing administrators to view, add, edit, and remove user accounts and group memberships.",User/Group Management,Model-View-Controller,Dialog,Observer,715,1446,121
exist-core/src/main/java/org/exist/client/security/EditUserDialog.java,org.exist.client.security.EditUserDialog,473210ec320d9225a1fee06d7bf6c7e30486a29f38a5b494c7b956268751f2e2,"This class provides a user interface for editing existing user accounts, allowing for modification of account details and group memberships, and it handles the process of updating the user information and notifying relevant parties upon completion.",User Editing,Observer,Dialog,Form,1075,845,124
exist-core/src/main/java/org/exist/client/security/UmaskEditor.java,org.exist.client.security.UmaskEditor,b7c089ab27e229cb63f7780e2d37f987a47c9836b5a1eb3ee7adde87cd57e59c,"This class extends DefaultEditor and is likely responsible for editing or managing umask values, possibly within a graphical user interface component like a JSpinner.",Umask editing,,,,466,455,61
exist-core/src/main/java/org/exist/client/security/AccessControlEntryDialog.java,org.exist.client.security.AccessControlEntryDialog,2af4483a2c987a2c99da703602ebcf2f2807d5fe5c13341ec13acc09b9f0fc5e,"This class provides a graphical user interface for managing access control entries, allowing users to view, create, and modify permissions for users and groups.",Access Control,Model-View-Controller,Observer,Dialog,1565,1179,117
exist-core/src/main/java/org/exist/client/security/SortedListModel.java,org.exist.client.security.SortedListModel,31e90e627c5d6d80abcd6c189e78506d1df34da22b26e27f76eeec2ab57ef874,"This class represents a data model for a sorted list, allowing elements to be added, removed, and accessed in a sorted order, while also providing notifications for changes to its contents.",Sorted List,Observable,Collection,,742,791,104
exist-core/src/main/java/org/exist/client/security/ReadOnlyDefaultTableModel.java,org.exist.client.security.ReadOnlyDefaultTableModel,559503bcd50b62a0421756d462dc0a4d8257a6f0fdb9d1344b6b8605778bb2d8,"This class extends the DefaultTableModel to provide a read-only table model, ensuring that no cells can be edited by the user.",Table Data,Adapter,Wrapper,,542,484,94
exist-core/src/main/java/org/exist/client/security/ModeDisplay.java,org.exist.client.security.ModeDisplay,d8c86cd733d361b8955dde649e46d20e37f705b59f78d58db1bbb74f57533537,"This class represents a tri-state representation of permission modes, useful for displaying and modifying permissions when multiple items are selected, where true indicates all items are set, false indicates all items are unset, and null indicates a mixed state.",Permission display,Value Object,Data Transfer Object,,1534,712,117
exist-core/src/main/java/org/exist/client/security/UmaskDocumentFilter.java,org.exist.client.security.UmaskDocumentFilter,1902cd110dbcb232a364cc1df389abd4d361ecc06df822ee456c4c4c01212235,"This class acts as a filter for document modifications, ensuring that any insertion, removal, or replacement of text adheres to a specific umask validation rule before the change is applied to the document.",Umask Validation,Filter,Validation,,684,741,107
exist-core/src/main/java/org/exist/client/security/BasicPermissionsTableModel.java,org.exist.client.security.BasicPermissionsTableModel,4c500a15f7ff235d7c12f7fade4698101a91d3dd866af34b987ee5de26926a89,"This class represents a table model for displaying and editing basic file permissions, allowing users to view and modify read, write, and execute permissions for owners, groups, and others.",Permissions Table,Model,View Abstraction,,2042,625,105
exist-core/src/main/java/org/exist/client/security/GroupDialog.java,org.exist.client.security.GroupDialog,92405bc5a17184ceed9549088e744e39e881f8a577241140ecb5862d410ba7f9,"This class provides a user interface for creating and managing groups, allowing users to add or remove members, and designate managers.",Group management,View,Controller,Service Layer,678,1417,110
exist-core/src/main/java/org/exist/client/security/FindUserForm.java,org.exist.client.security.FindUserForm,f322e9bc0117db55d55f88021078c21b7a2d5be0dffe13ba6613139a306ad1fe,"This class represents a graphical user interface window for finding and selecting a user from a list, providing functionality to confirm or cancel the selection and register callbacks for when the dialog completes.",User Selection,Observer,Model-View,,555,913,105
exist-core/src/main/java/org/exist/client/security/EditPropertiesDialog.java,org.exist.client.security.EditPropertiesDialog,60851fae859423b53d1ca2f6f7d193d25fb7df2fc86c5ef3fe0de8e2986ad806,"This class provides a graphical user interface for users to view and edit the properties of a resource, including its metadata, permissions, and access control list.",Property Editor,Model-View-Controller,Observer,Facade,809,1769,119
exist-core/src/main/java/org/exist/client/security/MemberOfGroupsListCellRenderer.java,org.exist.client.security.MemberOfGroupsListCellRenderer,e29b2c2a5187ec7686ed5db4260c6ddda5aa5cc1ffe5652488bbadeb1efbee57,"This class is responsible for rendering a list of group members within a user interface, visually highlighting a specific member if designated.",List cell rendering,Decorator,Strategy,,548,477,93
exist-core/src/main/java/org/exist/client/MimeTypeFileFilter.java,org.exist.client.MimeTypeFileFilter,42d9f1b04695d50e25aba54d1282134cd0d0f83e044fac35e399ad832c5ea6c2,"This class filters files based on their MIME type, using file extensions defined in a configuration file to determine acceptance. It also allows directories to be included in the filter's view.",File filtering,Strategy,Filter,,1359,548,104
exist-core/src/main/java/org/exist/client/LabelledBoolean.java,org.exist.client.LabelledBoolean,9aabf7289fa4151f252fbdf65a81890a948d3404d3cf7ddb07978b0be3edb34d,"This class represents a boolean value associated with a descriptive label, providing a way to create new instances with updated boolean values while retaining the original label.",Data holder,Value Object,,,491,518,81
exist-core/src/main/java/org/exist/client/DialogWithResponse.java,org.exist.client.DialogWithResponse,14389d6f40b528b2a4da7954fbebe269606609d670cb88457830f89bb1c4bf50,"This interface defines a contract for dialogs that produce a response upon completion, allowing for registration of callbacks to handle this response.",Callback registration,Observer,Callback,,614,459,93
exist-core/src/main/java/org/exist/client/InteractiveClient.java,org.exist.client.InteractiveClient$CollectionCompleter,baa86fef100ac6f382de52b63d7d97992a933fa100e9fb4c449e6ffda8fe0eb0,This class provides command line completion suggestions by analyzing user input and populating a list of possible candidates.,Command completion,Strategy,,,419,457,71
exist-core/src/main/java/org/exist/client/InteractiveClient.java,org.exist.client.InteractiveClient$ProgressObserver,52a1dd35e3d5c44edbe4e544d52dde394b36a79dbe928c3df8ee934354cc8732,"This class observes changes from different sources and updates corresponding progress bars to visually track the progress of operations, specifically differentiating between element indexing and general parsing.",Progress tracking,Observer,,,776,491,80
exist-core/src/main/java/org/exist/client/InteractiveClient.java,org.exist.client.InteractiveClient,8d11bf4756bd2d447664d521bc135fd4927ac8591e4b686357fd63c792628cd6,"Provides an interactive command-line interface for interacting with an XML database, supporting operations like connection management, data retrieval, storage, and querying.",Database Client,Command Processor,Facade,Strategy,688,4879,114
exist-core/src/main/java/org/exist/client/FavouriteConnections.java,org.exist.client.FavouriteConnections,fd6c737e420ca442a601f7969350f3a0b8d3d24d638f32f43adb27f0b8cfa7a4,"Manages the storage, retrieval, import, and export of user-defined favorite connections within the application's preferences.",Favorite Management,Preference Storage,Data Serialization,,2725,709,94
exist-core/src/main/java/org/exist/client/Connection.java,org.exist.client.Connection,c94a044214990347bd1d54c69807daa1ae61362b45acde6d06609fbf434b5f76,"This class encapsulates the details required to establish a connection to an eXist-db instance, supporting both remote and embedded connection modes.",Connection details,Builder,Data Transfer Object,,1211,784,97
exist-core/src/main/java/org/exist/client/ClientFrame.java,org.exist.client.ClientFrame$TableMouseListener,fc0a1e01f052b19c2606bf2df4350383875f95b25a0c6beab1e3f3271ec66151,"This class handles double-click events on a table, facilitating navigation into collections or opening documents for viewing or editing.",Table interaction,Listener,Adapter,,571,430,91
exist-core/src/main/java/org/exist/client/ClientFrame.java,org.exist.client.ClientFrame$ResourceComparator,6de214e46431efae4ce8f9ae31f0aad739437d50cfe95597aa3820b0b3adf070,"This class provides a custom comparison logic for `ResourceDescriptor` objects, ensuring that collection resources are consistently ordered before document resources and then sorting alphabetically by name for resources of the same type.",Resource Ordering,Strategy,,,615,487,88
exist-core/src/main/java/org/exist/client/ClientFrame.java,org.exist.client.ClientFrame$ProcessRunnable,6971527493fdfcd5e88249615b2f26f5857661e643905b54ae7058e8d8a91768,"This class processes actions from a queue, attempting to execute them via an interactive client, and managing connection state.",Action Processing,Runnable,Queue-based Processing,,727,473,93
exist-core/src/main/java/org/exist/client/ClientFrame.java,org.exist.client.ClientFrame$ResourceTableModel,efc8199097f780207710d52418a22e61f980eb0061e356574baac569a33f2cae,"Provides data for a table displaying resource information, enabling the table to render and manage resource details.",Table Data,Model-View-Controller (MVC),Adapter,,847,817,93
exist-core/src/main/java/org/exist/client/ClientFrame.java,org.exist.client.ClientFrame$BinaryFileFilter,b468ae83258a2a70c01d9a6b7dd6bcf62b45770c6046b03801df40a94f73ffa9,"Filters files, accepting directories and files that do not contain XML content, intended for use in file selection processes.",File filtering,Strategy,,,576,531,73
exist-core/src/main/java/org/exist/client/ClientFrame.java,org.exist.client.ClientFrame$XMLFileFilter,0376e7c5f889db6ea1034b375d6345b6653e86cb36dcdc9ef2ea0643f596e52c,"This class provides a file filter that accepts directories and files with XML content, typically used for selecting XML files in a file chooser.",XML File Filtering,Filter,,,512,516,78
exist-core/src/main/java/org/exist/client/ClientFrame.java,org.exist.client.ClientFrame$FileListDropTargetListener,636ee2eaef5c6bddd533aa5c82be7eb318164747b033fab4eb6296cf6ea1c1f2,"This class manages the logic for handling file drop operations within a user interface, enabling users to drag and drop files into the application for processing, specifically for uploading.",File Drop Handling,Observer,Strategy,,642,794,101
exist-core/src/main/java/org/exist/client/ClientFrame.java,org.exist.client.ClientFrame,3af2b9e589fffbdb100435736d67177b0bb314153c74592cc42998fbc5d4d541,"This class serves as the main graphical user interface (GUI) frame for the eXist-db client, providing a visual interface for interacting with the database, managing files, and executing commands.",GUI Frame,Observer,Adapter,Command,706,4092,124
exist-core/src/main/java/org/exist/client/IndexDialog.java,org.exist.client.IndexDialog$ComboBoxCellRenderer,433da310d93a5dfafa0adb251a033f768d736844397c6f5d9a9c63004be8e3b9,"This class renders a JComboBox as a cell within a JTable, allowing for selection from a predefined list of items.",Table Cell Rendering,Adapter,Strategy,,1045,452,93
exist-core/src/main/java/org/exist/client/IndexDialog.java,org.exist.client.IndexDialog$ComboBoxCellEditor,ad1caaeb45dfb491e7d3e34879e614628b9c52f1aad8e79c11f3154ad190ab2e,This class creates a cell editor that uses a combo box to allow users to select an item from a predefined list within a table or grid.,Cell Editing,Strategy,Composite,,503,413,96
exist-core/src/main/java/org/exist/client/IndexDialog.java,org.exist.client.IndexDialog$RangeIndexTableModel,32249e118337fba227a875dcf0f4bcee7c6cdbc3e6c90dbb6dd1f9fe6d897c30,"This class manages data for a table that displays information about range indexes, allowing for adding and removing entries, and providing the necessary methods for a Swing table model.",Table data management,Model-View-Controller,Abstract Class,,729,832,106
exist-core/src/main/java/org/exist/client/IndexDialog.java,org.exist.client.IndexDialog,ee2ab59f57288302a5123e21bb6976536d8ef13b04ea3e92add29ebe6e0f2e34,"Provides a graphical user interface for administrators to view, add, edit, and delete range indexes for collections within the system.",Index Management,View,Controller,Model,1662,1287,109
exist-core/src/main/java/org/exist/client/ResourceDescriptor.java,org.exist.client.ResourceDescriptor$Document,1f8f7a1c6e5bc53b67344353d00c7565d76d9e1dc42231ffdc9f6ff01f248c3d,"Represents a document resource within the system, providing information about its name, permissions, and creation time, and indicating that it is not a collection.",Document resource,Value Object,Resource Descriptor,,3320,432,100
exist-core/src/main/java/org/exist/client/ResourceDescriptor.java,org.exist.client.ResourceDescriptor$Collection,5633aaafcf3ecde99c5198ee4a01dfb1a74510aa8395fe7e4dab22f2446572d4,"Represents a collection of resources within the XML database, allowing for the management of permissions and timestamps.",Resource Collection,Value Object,Resource Descriptor,,904,451,90
exist-core/src/main/java/org/exist/client/ResourceDescriptor.java,org.exist.client.ResourceDescriptor,9cfc4cc5fee4a7ad236ae74548587a8773a949cd67078eb3abb999b8ea7b8ec3,"This class provides a common structure for describing various types of resources, including their names, permissions, and timestamps, with specialized subclasses for documents and collections.",Resource description,Abstract Base Class,Composite,Data Transfer Object,1899,709,119
exist-core/src/main/java/org/exist/client/Messages.java,org.exist.client.Messages,c6dbc55f722b05a8fa93ce13ffe0a2fb6800acbce6f9bd958994ff58ff0cff75,This class provides localized strings for the application by managing a resource bundle.,String localization,Utility Class,Singleton (private constructor implies this),,1882,444,88
exist-core/src/main/java/org/exist/client/HighlightedTableCellRenderer.java,org.exist.client.HighlightedTableCellRenderer,8f7a84bf545d3d21feca8407e777a32560bd7024247a4684ccdc9099e82e2574,"This class customizes how cells in a Swing table are displayed, applying specific background and foreground colors based on cell content and state.",Cell Rendering,Strategy,Template Method,,2178,595,95
exist-core/src/main/java/org/exist/client/UploadDialog.java,org.exist.client.UploadDialog$UploadProgressObserver,032e502d8a616b34595f605b9e7b216a5b68018a2f60712c0e1570a134f392d8,"This class observes changes in an observable object and updates a progress bar to reflect the operation's completion percentage, also providing a descriptive status based on the operation's context.",Progress Tracking,Observer,,,555,441,86
exist-core/src/main/java/org/exist/client/UploadDialog.java,org.exist.client.UploadDialog,3594822472df9264aa0b4518b13fc45313eae0b7f991975cd7d9ad5b12b05351,"This class provides a graphical user interface for managing and monitoring file uploads, displaying file information, progress, and messages to the user, and allowing the user to cancel the operation.","UI, Feedback",Observer,Model-View,,1541,740,106
exist-core/src/main/java/org/exist/client/BackupContentsFilter.java,org.exist.client.BackupContentsFilter,321f7b1a51cdbce812d6924798290cb2b2767d84f8123ce64f1dc38849c52eac,"This class acts as a filter for file system entries, determining whether to include files based on their name matching a specific string (case-insensitive) or to include all directories.",File filtering,Strategy,,,634,447,86
exist-core/src/main/java/org/exist/client/PrettyXmldbURI.java,org.exist.client.PrettyXmldbURI,b1a680a828fa799447fd9519c195e73e00c7a3d8b5424293517d6608605b3edf,"This class provides a more human-readable string representation of an XmldbURI, while still allowing access to the original URI.",URI Formatting,Decorator,Adapter,,685,438,95
exist-core/src/main/java/org/exist/client/ConnectionDialog.java,org.exist.client.ConnectionDialog$ConnectionType,214eb38cf95ced9b8d7e6e118f35f627edb4a9ea92847d7abaa1c712529cb462,This code defines an enumeration representing two distinct types of connections: remote and embedded.,Connection types,,,,388,378,47
exist-core/src/main/java/org/exist/client/ConnectionDialog.java,org.exist.client.ConnectionDialog,b7d17f64ddc1b593effc4315052d7382d31fa16a1ab3c16581bf959c98cf6bd7,"This class provides a user interface for configuring and establishing connections, allowing users to select connection types, manage favorite connections, and input connection details.",Connection Dialog,View,Observer,Template Method,834,1583,114
exist-core/src/main/java/org/exist/client/DefaultConnectionSettings.java,org.exist.client.DefaultConnectionSettings,475febde9f2b7e79ecb86a0f6ff751ed96046bb126a207c871b006285e5a9f77,"This class represents the default settings for establishing a connection, allowing configuration through various parameters like username, password, URI, SSL status, or a direct configuration string.",Connection settings,Builder,Object Mother,,491,472,101
exist-core/src/main/java/org/exist/xmldb/NullRestoreServiceTaskListener.java,org.exist.xmldb.NullRestoreServiceTaskListener,d0ed5bbcc592923b716362653cfca0040b2290f99eaba963c50bff9493f0a37f,"This class acts as a no-operation implementation for handling informational, warning, and error messages, ensuring that no actual logging or processing occurs.",No operation,Null Object,,,652,552,80
exist-core/src/main/java/org/exist/xmldb/LocalXPathQueryService.java,org.exist.xmldb.LocalXPathQueryService,997f88afe5b1323250d1a8adf1876a1703aa3c56754f3b4da7515ae2c2e6a0d0,"This class provides a local service for executing XPath and XQuery queries against an XML database, supporting features like namespace and variable declarations, query compilation, and protected transaction environments.",Query Execution,Service,Facade,Command,568,2128,119
exist-core/src/main/java/org/exist/xmldb/RemoteXMLResource.java,org.exist.xmldb.RemoteXMLResource$InternalXMLSerializer,2ef9f971e2bb3ebd054ffd33b1d110ead13f3bf256b7e2c5caa24f98fa724c57,"This class serializes XML data to a temporary file, preparing it for further processing or output.",XML Serialization,Adapter,Template Method,,588,541,88
exist-core/src/main/java/org/exist/xmldb/RemoteXMLResource.java,org.exist.xmldb.RemoteXMLResource,42dcc1cd436919fd0efa9acee21b7f20d2fafbd000471fc0eb5d800fb3b5622d,"This class represents a remote XML resource, providing access to its content and properties, and facilitating its parsing and serialization.",XML Resource,Adapter,Proxy,Value Object,2432,1683,109
exist-core/src/main/java/org/exist/xmldb/EXistResource.java,org.exist.xmldb.EXistResource,96b36db558d9f4e0d45da77e76d49054a3249cd72dbe0ccab03586af70c79e42,"This interface defines extended methods for XML and binary resources, providing functionalities for managing permissions, content length, MIME types, document types, modification times, properties, and resource cleanup.",Resource Extension,Interface Segregation,Resource Management,,572,678,106
exist-core/src/main/java/org/exist/xmldb/LocalCollectionManagementService.java,org.exist.xmldb.LocalCollectionManagementService,c8c04cbd42287ae28f65c6682503c53c72f378b234f5a6de49ba1015892d8e1e,"This class provides local management functionalities for XML database collections and resources, including creation, deletion, moving, and copying operations.",Collection/Resource Management,Adapter,Facade,Service,564,1678,111
exist-core/src/main/java/org/exist/xmldb/RemoteXUpdateQueryService.java,org.exist.xmldb.RemoteXUpdateQueryService,ddc06b730ac1b5b0c761641ffec942eb942c93bd3bc274fc28324aee9a48d616,This class provides remote access to apply XUpdate commands for modifying XML data within a collection. It supports updating the entire collection or specific resources by their IDs.,Remote XUpdate,Remote Facade,Service Proxy,,564,703,103
exist-core/src/main/java/org/exist/xmldb/RemoteResourceIterator.java,org.exist.xmldb.RemoteResourceIterator,a38d36d6a9e4a7d314c48dc37ea9b75ea4784cdef48a169dcc72ff8e84fef104,"This class provides an iterator for remote resources, allowing sequential access to resources within a collection and handling their retrieval as either direct string values or XML content.",Resource Iteration,Iterator,,,554,588,82
exist-core/src/main/java/org/exist/xmldb/RemoteCollectionManagementService.java,org.exist.xmldb.RemoteCollectionManagementService,b170ec7da9dca187190092249e78a67b4704609fb9560eab9e20552969646f12,"This class provides remote management capabilities for XML database collections, allowing for the creation, deletion, moving, and copying of collections and resources through a remote interface. It serves as a bridge for managing XML database content across a network, with several methods being deprecated in favor of more specific or updated APIs.",Collection Management,Facade,Adapter,Remote Facade,604,2330,146
exist-core/src/main/java/org/exist/xmldb/IndexQueryService.java,org.exist.xmldb.IndexQueryService,9d8694997c5f7621ac9add64a2d8a20aeeba0aba8b7cccd110d94e57129d6ccb,"This interface provides methods for configuring and reindexing collections and documents within an eXist database's indexing system, as well as retrieving frequency statistics for indexed elements.",Indexing Management,Service,Facade,Interface,586,939,118
exist-core/src/main/java/org/exist/xmldb/LocalUserManagementService.java,org.exist.xmldb.LocalUserManagementService,beeadaf001421b0b0c2b608a20a03da3c88b4d8ebe2851cd8076a269b8ebd420,"This class provides a local implementation for managing users, groups, and permissions within the eXist database, acting as an interface to the underlying security system.",User Management,Service,Adapter,Facade,595,3193,116
exist-core/src/main/java/org/exist/xmldb/ResourceSetHelper.java,org.exist.xmldb.ResourceSetHelper,cf4e8304289441eb41b07439900616e5a4bb2960f0b7f7590995b877703880ae,"This class provides utility methods for operations on ResourceSets, specifically focusing on set-theoretic operations like intersection.",Set operations,Utility Class,,,596,447,73
exist-core/src/main/java/org/exist/xmldb/DatabaseInstanceManager.java,org.exist.xmldb.DatabaseInstanceManager,d0f9fb35c1526ece4d4cbbcf277b0c71fb6a933499586426dbcac7c77dabc82a,"This service manages the lifecycle of a database instance, providing methods to immediately or delayed shutdown, enter and exit service modes, and check its status and execution environment.",Instance Management,Service Facade,Command,State,1961,914,119
exist-core/src/main/java/org/exist/xmldb/AbstractRestoreServiceTaskListener.java,org.exist.xmldb.AbstractRestoreServiceTaskListener,64b3294d0acdb8e8b68293f5f68a7d6e71afb9674ed2760d0113b50435e58b3d,"This class serves as a base implementation for listeners that track the progress and events of a data restore operation, providing default no-operation implementations for most methods.",Restore Listener,Template Method,Strategy,Observer,726,961,117
exist-core/src/main/java/org/exist/xmldb/function/LocalXmldbCollectionFunction.java,org.exist.xmldb.function.LocalXmldbCollectionFunction,b99ed5cb43b1e22f7ee61ba50fe5fcda2c23284f3138e4e12b07f2296edb03f5,"This interface defines a functional interface for operations on XML database collections, specializing in local operations and ensuring that any exceptions encountered during these operations are propagated as XMLDBException types.",XMLDB operations,Functional Interface,Strategy,,651,794,104
exist-core/src/main/java/org/exist/xmldb/function/LocalXmldbFunction.java,org.exist.xmldb.function.LocalXmldbFunction,ef2d7a84b039936f234a50dd3d0ece50e560c0d17d2403524e96f49e47f88381,"This interface defines a functional operation that takes an XML database broker and a transaction, returning a result and potentially throwing various XML database-related exceptions.",XMLDB Operations,Functional Interface,Strategy,,876,768,99
exist-core/src/main/java/org/exist/xmldb/function/LocalXmldbDocumentFunction.java,org.exist.xmldb.function.LocalXmldbDocumentFunction,584987beaf241a95e07f4a1b1c17e21209d79a68d0abd036dae561c87b6a1067,"This interface defines a functional operation for interacting with XML documents within a database, specifically handling local XMLDB operations and ensuring that exceptions are consistently represented as XMLDBException types.",XML Document Operation,Functional Interface,Template Method,,613,767,105
exist-core/src/main/java/org/exist/xmldb/FullXmldbURI.java,org.exist.xmldb.FullXmldbURI,7ffce6ad33b67b38e73993de6cc1585b87654f282228ed78a8f5cbe656af4f86,"This class extends a base XML database URI class to provide a more detailed representation and manipulation of XML database URIs, specifically handling API names and contexts.",URI Parsing,Builder,Decorator,Value Object,658,1491,116
exist-core/src/main/java/org/exist/xmldb/AbstractRemoteService.java,org.exist.xmldb.AbstractRemoteService,dfb5753cec1bbfbcd062394fe5fdd436cd0ebede7b1dbe21ddad1a9d6f8fdcab,"This abstract class serves as a foundation for remote XML Database services, providing common functionality and enforcing a contract for interacting with collections and properties in a remote database environment.",Remote Service,Template Method,Interface Implementation,Abstract Base Class,847,540,121
exist-core/src/main/java/org/exist/xmldb/LocalCollection.java,org.exist.xmldb.LocalCollection,164993cd9470b5f81bc5e579ea3b283288f168cbd71a55eabe8590ca25948343,"This class provides a local implementation of the Collection interface for embedded database mode, extending Observable to support status callbacks during indexing and allowing HTML normalization during document storage.",Local collection,Observable,Command,Repository,756,4100,116
exist-core/src/main/java/org/exist/xmldb/RestoreServiceTaskListener.java,org.exist.xmldb.RestoreServiceTaskListener,68f4eef1b89d497ef67e7b92b48d899409a88db6b9378f627545509dff1e4fd4,"This interface defines a set of callback methods for observing the progress and status of a restoration task, including events related to zip file creation, data transfer, resource processing, and logging.",Task progress,Listener,Observer,,719,952,104
exist-core/src/main/java/org/exist/xmldb/AbstractRemote.java,org.exist.xmldb.AbstractRemote,7e4f894bfba4e97cd205726833b931794806fc7b2115e624b0dce29e626fa798,"This abstract class serves as a foundational element for remote XML database interactions, providing common utilities for resolving collection paths and extracting access control information.",Remote XMLDB,Template Method,Abstract Base Class,,2370,597,99
exist-core/src/main/java/org/exist/xmldb/EXistXQueryService.java,org.exist.xmldb.EXistXQueryService,3ef85e956fad901d013a99ffed404c5ece9c49e9924b0d07e1475564f2cc3592,"This interface defines methods for executing XQuery expressions against an XML database, including compiling queries, executing them directly or after compilation, and managing namespaces and variables.",Query Execution,Service Interface,Facade,Command,487,3025,117
exist-core/src/main/java/org/exist/xmldb/RemoteRestoreService.java,org.exist.xmldb.RemoteRestoreService,12f33837b79cee63260ea0621095ea4a9553fc530738bea52206b828a4dad168,"This class facilitates remote data restoration by initiating a restore operation from a specified backup, managing backup uploads, and monitoring the restore process remotely. It also handles administrator password updates and provides configuration properties.",Remote Restore,Proxy,Facade,Remote Facade,609,821,125
exist-core/src/main/java/org/exist/xmldb/RemoteCollection.java,org.exist.xmldb.RemoteCollection,df6db20d0fdb4c921ca1dea6c321401d2a803888c69df5c58117e83a0b1406d4,"This class acts as a remote interface for managing XML collections and their resources, communicating with a server using the XMLRPC protocol.",Remote collection,Proxy,Service Locator,Provider/Registry,538,2240,113
exist-core/src/main/java/org/exist/xmldb/RemoteXPathQueryService.java,org.exist.xmldb.RemoteXPathQueryService,6623fc0bec46188f704d98781c2b23a149d5c63dec33ca5876ade71ac1d807cd,"This class acts as a remote service client for executing XPath and XQuery queries against an XML database, supporting features like compilation, variable declaration, namespace management, and protected mode operations.",Remote Query Execution,Remote Facade,Service Proxy,Adapter,687,1970,125
exist-core/src/main/java/org/exist/xmldb/txn/bridge/InTxnLocalCollection.java,org.exist.xmldb.txn.bridge.InTxnLocalCollection,98d1ad59163119e9843d6c51f712cb6b7450657105d49d6ef94bd803abff6db5,"This class is designed to prevent overlapping transactions when the XML:DB Local API interacts with the XMLDB XQuery Module, ensuring safe execution of XQuery operations.",Transaction Guard,Proxy,Template Method,,910,721,101
exist-core/src/main/java/org/exist/xmldb/txn/bridge/InTxnLocalXUpdateQueryService.java,org.exist.xmldb.txn.bridge.InTxnLocalXUpdateQueryService,2993de6be33b78e4adac1f90152f7b8876d9e6a0e19dd4574d51765ba1e0616c,"This service executes database operations within the context of an existing transaction, ensuring operations are atomic and consistent.",Transactional queries,Strategy,Template Method,,751,486,89
exist-core/src/main/java/org/exist/xmldb/txn/bridge/InTxnLocalIndexQueryService.java,org.exist.xmldb.txn.bridge.InTxnLocalIndexQueryService,f7f12d5a3a5daf51c84b7d5196958d8f917f8282aeb9aee1d5f15e6f93bf68c9,"This class provides transactional query capabilities against a local XML database, ensuring operations are executed within the scope of a transaction and managed through a connection pool.",Transactional Querying,Transaction Script,Service Layer,,797,490,100
exist-core/src/main/java/org/exist/xmldb/txn/bridge/InTxnLocalUserManagementService.java,org.exist.xmldb.txn.bridge.InTxnLocalUserManagementService,d9a50cbe9c1532ee5ef891aae127438c61aee8c5f02d4de22fd20edbe7bf75e3,"This class manages local users within the scope of a transaction, ensuring database operations are executed atomically and safely by utilizing an existing broker pool and user credentials.",Transactional User Management,Template Method,Strategy,,749,484,100
exist-core/src/main/java/org/exist/xmldb/txn/bridge/InTxnLocalCollectionManagementService.java,org.exist.xmldb.txn.bridge.InTxnLocalCollectionManagementService,90abe07acdc837a09da6cacfa0c3e457bd271a07812f94b5c5db930ba7bceeb1,"This service manages collections within a transactional context, allowing for the creation of new collections or retrieval of existing ones, and executing database operations within a transactional boundary.",Transactional collection management,Transaction Script,Service Layer,,582,548,102
exist-core/src/main/java/org/exist/xmldb/txn/bridge/InTxnLocalXPathQueryService.java,org.exist.xmldb.txn.bridge.InTxnLocalXPathQueryService,a0ca32031732d799405fbe47fddfdd25589f87d056c17e7509c8f8ee0da3fa20,"This class executes XPath queries within a transaction, ensuring that all database operations are atomic and consistent.",Transactional Queries,Strategy,Template Method,,635,486,88
exist-core/src/main/java/org/exist/xmldb/AbstractLocalService.java,org.exist.xmldb.AbstractLocalService,77331b9d39dd3971a426deca24c358bcfd8bf01aa8590a110007e12bb5f9016a,"This abstract class serves as a foundational component for local XML Database (XDB) services, providing common functionalities and acting as a base for specific service implementations.",Local Service Base,Template Method,Abstract Base Class,,571,554,103
exist-core/src/main/java/org/exist/xmldb/RemoteIndexQueryService.java,org.exist.xmldb.RemoteIndexQueryService,6da680c46e125fcfe6c0e9bfe1ea90bb982705be893542d58f185da5ea02de08,"This class provides remote access to services for querying and managing indexes within an XML database collection, including reindexing operations and configuration.",Index Querying,Service Proxy,Remote Facade,,564,822,97
exist-core/src/main/java/org/exist/xmldb/ExtendedResource.java,org.exist.xmldb.ExtendedResource,b27e863edc26392ac3a640b867f04fa131b9235dd96ecaf81b068d6646bddea2,"This interface defines a contract for resources that provide methods to access their content in various formats, including memory-efficient objects, input streams, and file or stream outputs, along with determining the content's length.",Resource access,Interface Segregation,Resource Abstraction,,587,795,114
exist-core/src/main/java/org/exist/xmldb/UserManagementService.java,org.exist.xmldb.UserManagementService,fe25ebcb37f942e2e3f05636ade44dc4c98145453c91a11ee64b6d7a74e0e353,"This service provides methods for managing users, groups, and permissions within an eXist database, enabling control over access to collections and resources.",User/Permission Management,Service Interface,Repository,Facade,931,4426,116
exist-core/src/main/java/org/exist/xmldb/XmldbURI.java,org.exist.xmldb.XmldbURI,60f8580e1d1b92bc7c4da346097ccea1db303690694f950f919ac52361081ef0,"This class acts as a wrapper for XML database URIs, providing a standardized way to represent and manipulate them, particularly when the standard `java.net.URI` class is insufficient or final.",URI Handling,Wrapper,Value Object,Static Factory,684,5601,126
exist-core/src/main/java/org/exist/xmldb/LocalRestoreService.java,org.exist.xmldb.LocalRestoreService$RestoreListenerAdapter,9befc85cc0e010ddd2752a8243ac92743da4f8945e1d826a7b45bb3ee374824c,"This class acts as an adapter, translating events from a restore operation into calls on a different listener interface.",Event Translation,Adapter,,,494,791,72
exist-core/src/main/java/org/exist/xmldb/LocalRestoreService.java,org.exist.xmldb.LocalRestoreService,d5003fffced6db3a2ddc223d926a3f17bbd03e1ce58c08f7ee9d47f5076b00b5,"This class provides a local implementation for restoring a system from a backup, including options to set a new administrator password and overwrite existing applications.",Local restore,Adapter,Service,,487,745,95
exist-core/src/main/java/org/exist/xmldb/AbstractLocal.java,org.exist.xmldb.AbstractLocal,4da05259c2305d9fcbaa4cc73a6c4437380a25d54d4413409aaff828e2e663b8,"This abstract class provides a foundation for interacting with local XML databases, offering methods to resolve collection URIs, and execute read-only, read/write, and lockable operations within transactional contexts.",Database Access,Template Method,Higher-Order Function,Strategy,720,2777,128
exist-core/src/main/java/org/exist/xmldb/LocalResourceSet.java,org.exist.xmldb.LocalResourceSet$NewResourceIterator,450ab8dbecf458d489b2a2e9d1ab190dabbabdc67eb0d98d6db18a22e00b0eb7,"This class provides an iterator for a sequence of resources, allowing sequential access and traversal through them.",Resource iteration,Iterator,,,482,500,70
exist-core/src/main/java/org/exist/xmldb/LocalResourceSet.java,org.exist.xmldb.LocalResourceSet,3dea7f8bc0731e524f932963237095c400fa5ac279d0873e12d4f5c80ec68d14,"This class manages a collection of local resources, providing methods to add, retrieve, remove, and iterate over them, as well as convert them into a sequence.",Resource collection,Collection,Iterator,,521,918,100
exist-core/src/main/java/org/exist/xmldb/RemoteCompiledExpression.java,org.exist.xmldb.RemoteCompiledExpression,dac31b1eec781b97413f2115486bcb181593abc791a9fd518fcfe6a787d6b7e2,"This class represents a compiled XQuery expression that was processed on a remote server, primarily serving as a container for the original XQuery string.",Remote expression,,,,426,495,59
exist-core/src/main/java/org/exist/xmldb/ShutdownListener.java,org.exist.xmldb.ShutdownListener,87e58503b5aed525a06fae291bfe393eabb43d8ac532b208edecbce484719568,This class provides a mechanism for other components to be notified when a database instance has been shut down and to be informed about the number of remaining active database instances.,Callback notification,Observer,,,458,521,83
exist-core/src/main/java/org/exist/xmldb/LocalBinaryResource.java,org.exist.xmldb.LocalBinaryResource,f9f48440aafd6382a2c6850974c20f59227128cbc29a75abd5500fc59c0692d5,"This class represents a binary resource stored locally, providing methods to access, manipulate, and manage its content, metadata, and associated transaction context.",Binary resource management,Adapter,Resource Proxy,Value Object,541,1246,116
exist-core/src/main/java/org/exist/xmldb/MapResourceSet.java,org.exist.xmldb.MapResourceSet$NewResourceIterator,ded0a1c6fd2992992a5447fd24061ecc8d5692a2cbf806011392dfd10af25b47,"This class provides an iterator for a sequence of resources, allowing for traversal and retrieval of individual resources. It maintains an internal position to track the progress through the sequence.",Resource Iteration,Iterator,,,489,644,85
exist-core/src/main/java/org/exist/xmldb/MapResourceSet.java,org.exist.xmldb.MapResourceSet,13da0f690de981d3a6e35d09225194859a811eb6222756be9244d4a9497a5861,"This class manages a collection of resources, providing access through both a map keyed by resource ID and a list-based view, while also supporting standard collection operations like adding, removing, and iterating over resources.",Resource collection,Collection,Map-based access,List-based access,783,1481,132
exist-core/src/main/java/org/exist/xmldb/EXistCollectionManagementService.java,org.exist.xmldb.EXistCollectionManagementService,039f0dd06fc5c87dc14fcb35b121aaa7927b69f8a9c8f5e751bc4aa10ffda28f,"This interface extends the standard XML database collection management by providing eXist-specific operations for moving, copying, and creating collections and resources, including deprecated methods for backward compatibility.",Collection management,Extension,Interface,Service,549,2653,120
exist-core/src/main/java/org/exist/xmldb/LocalXMLResource.java,org.exist.xmldb.LocalXMLResource$DOMMethodInterceptor,e3aaee64b5ce912fb5453f6dc093614529ae4fee10c66499e154168d6341366d,"This class serves as an interceptor for method invocations on XML nodes, enabling custom handling of operations like equality checks and node ID retrieval, particularly for differentiating between persistent and in-memory DOM structures. It ensures that interactions with XML nodes are consistent by recursively wrapping any returned nodes or node lists.",Node proxying,Proxy,Decorator,,797,495,128
exist-core/src/main/java/org/exist/xmldb/LocalXMLResource.java,org.exist.xmldb.LocalXMLResource$StoredNodeIdentity,ac210c7990d97d520c75d7389251205d189c5073aebe3b3f045439f751bc819f,"This interface defines a contract for objects that can provide an identity for persistent DOM nodes, primarily for equality checks within a DOM method interception mechanism.",Node Identity,,,,570,407,59
exist-core/src/main/java/org/exist/xmldb/LocalXMLResource.java,org.exist.xmldb.LocalXMLResource$MemtreeNodeIdentity,36801896fdd2fb493d7c6655d3c6274c62405f4a3e86ee13b33fa6ad70dafc5e,"This interface is designed to provide a unique identifier for memtree DOM nodes, facilitating comparisons and equality checks within the DOM method interception process.",Node Identification,Interface,Marker Interface,,535,415,96
exist-core/src/main/java/org/exist/xmldb/LocalXMLResource.java,org.exist.xmldb.LocalXMLResource$InternalXMLSerializer,04bc564fe3539e30c5d3aacdc90b59a61c31a4b85e491206f0352f37917a0e0f,This class is responsible for serializing data into XML format and specifically handles the finalization step of the XML document generation.,XML Serialization,Adapter,Decorator,,626,432,92
exist-core/src/main/java/org/exist/xmldb/LocalXMLResource.java,org.exist.xmldb.LocalXMLResource,83ae1ff33ad7345e0ccd642ee117ffbcd844379b11c00afddf070092f21d5971,"This class provides a local implementation for handling XML resources, allowing for the retrieval and manipulation of XML content through various interfaces like DOM, SAX, and as a stream, while also ensuring safe export of internal DOM nodes.",XML Resource,Adapter,Proxy,Facade,649,1634,129
exist-core/src/main/java/org/exist/xmldb/RemoteUserManagementService.java,org.exist.xmldb.RemoteUserManagementService,7ac0f5b851d6dcb4d55af998423c6675883de584ffac17f5ffb9b62f31f7b43d,"This class manages user accounts, groups, and resource permissions, providing a remote interface for these operations within an eXist-db system.",User Management,Service Facade,Remote Facade,Adapter,490,2624,117
exist-core/src/main/java/org/exist/xmldb/RemoteResourceSet.java,org.exist.xmldb.RemoteResourceSet$NewResourceIterator,109e1e10d1adc31bf5be655e21e8393f242409eb5ecc96fa18d7437bcdfc3eb6,"This class provides an iterator for traversing a sequence of resources, allowing for sequential access and checking for the existence of further resources.",Resource Iteration,Iterator,,,385,492,77
exist-core/src/main/java/org/exist/xmldb/RemoteResourceSet.java,org.exist.xmldb.RemoteResourceSet,7ae5a25a1e95990548e88dd2dc3712f01897585641f95f25cf9f4852696c8a6c,"This class represents a collection of resources that are managed remotely, providing methods to add, retrieve, and remove resources, as well as to iterate over them and manage their lifecycle. It acts as a bridge to interact with a remote collection of XML database resources.",Remote Resource Management,Facade,Adaptor,Resource Pool,701,1088,139
exist-core/src/main/java/org/exist/xmldb/EXistUserManagementService.java,org.exist.xmldb.EXistUserManagementService,32f4bacb5c8ca16feb04b6d9cd0170e5dc2088524c1755374d2c7a9c4eb87827,This interface extends the standard user management service to provide eXist-db specific functionality for assigning a user to their primary group.,User Group Management,Service,Interface,,404,427,95
exist-core/src/main/java/org/exist/xmldb/RemoteDatabaseInstanceManager.java,org.exist.xmldb.RemoteDatabaseInstanceManager,02f435f6a00a94b3bdf36cb959e8800bea2ea55c7ee0a71dd52124a6b4188d6e,"This class manages remote database instances, providing functionalities to retrieve their status, version, and to control their operational state through remote calls. It allows for initiating shutdown sequences and entering/exiting service modes.",Remote Instance Management,Facade,Proxy,Remote Facade,839,718,128
exist-core/src/main/java/org/exist/xmldb/AbstractRemoteResource.java,org.exist.xmldb.AbstractRemoteResource,ffc6816db58adad16a0c0ce4a1b6ea9d0ab49b1b6cfc08b2b6056b5cefd65342,"This class represents a remote resource, providing abstract methods for accessing and managing its content, metadata, and permissions, serving as a base for concrete remote resource implementations.",Resource Access,Abstract Base Class,Template Method,Facade,560,1344,120
exist-core/src/main/java/org/exist/xmldb/EXistCollection.java,org.exist.xmldb.EXistCollection,09e01bfcd4af0577507799770b126db5bd11036faf9dd8ab78870b597cf53153,"This interface provides eXist-specific extensions to the standard XMLDB Collection interface, enabling remote collection checks, retrieval of child collection names and resource names, and the storage of resources with associated timestamps.",eXist Extensions,Interface Extension,,,515,560,94
exist-core/src/main/java/org/exist/xmldb/EXistRestoreService.java,org.exist.xmldb.EXistRestoreService,4194d97e676fb15613eef3d2188251562035c78223d0b3ce97ad9e0728732f37,"This class provides an interface for restoring an eXist-db system from a backup file, with options to set a new administrator password, overwrite existing applications, and report on the restore progress via a listener.",Backup Restore,Service,API,,591,494,110
exist-core/src/main/java/org/exist/xmldb/LocalDatabaseInstanceManager.java,org.exist.xmldb.LocalDatabaseInstanceManager,e245c26aa6a650184672a64f8d923234e61eb8f6b2e074e377eee546a71547c8,"This class provides a local implementation for managing database instances, enabling operations such as initiating shutdowns (immediate or delayed), entering/exiting service modes, and retrieving the database status, all while enforcing user permissions.",Instance Management,Abstract Factory,Template Method,Service Locator,804,710,129
exist-core/src/main/java/org/exist/xmldb/DatabaseStatus.java,org.exist.xmldb.DatabaseStatus,68d2a5770d498c6c761accba277b5ee0ce0a23e032da514dea67e618b39ca3cc,"This class encapsulates the status and configuration of a database instance, including details about its brokers, data directory, and index statistics.",Instance Status,Data Transfer Object,Value Object,,648,747,96
exist-core/src/main/java/org/exist/xmldb/EXistXPathQueryService.java,org.exist.xmldb.EXistXPathQueryService,b4377f1a41828f3a118e7e846741bbcd7db55887b9b228460cbe27c2aab333f0,"This interface extends the standard XPath query service with eXist-specific functionalities, enabling the processing of XPath queries against XML resources, execution of stored queries, variable declaration for dynamic queries, and management of protected query environments with resource locking.",Query Execution,Service,Query Service,Resource Management,622,1999,134
exist-core/src/main/java/org/exist/xmldb/EXistBinaryResource.java,org.exist.xmldb.EXistBinaryResource,04785d46d4dd4d9bd89fbef31daba4cbbbb8e9817bd64b82a6d7d21d56096820,"This interface extends the functionality of binary resources within eXist-db, providing methods to retrieve specific metadata about BLOBs, such as their unique identifier, content length, and cryptographic digest.",BLOB Metadata,Interface,Extension,,527,610,108
exist-core/src/main/java/org/exist/xmldb/LocalIndexQueryService.java,org.exist.xmldb.LocalIndexQueryService,a32681d86978d8f554d96f2d2fe95c18e01065dc6b07ef253d43f073f3cbc36f,"This service provides functionality to reindex and configure collections and documents within an XML database, ensuring data is properly organized and searchable.",Collection indexing,Service,Facade,,546,800,93
exist-core/src/main/java/org/exist/xmldb/RemoteCallSite.java,org.exist.xmldb.RemoteCallSite,3cdf930603e27f006f9bd103c0cddc71a334c5c63f7a348ce815dbb432c329a9,"This interface defines a contract for executing a method on a remote system, typically an XML database, and returning its result. It serves as a functional interface for representing a single remote method invocation operation.",Remote execution,Functional Interface,Strategy,,526,566,108
exist-core/src/main/java/org/exist/xmldb/AbstractEXistResource.java,org.exist.xmldb.AbstractEXistResource,cd68ed507f6b67e738b2b75b4c980a18fc6d205f27d1d8fd5b2a85b2e5110097,"This abstract class provides a foundational implementation for resources within an eXist-db environment, handling common operations like MIME type management, timestamps, and resource identification. It also offers higher-order functions for executing read-only and read/write operations within controlled transactional contexts.",Resource management,Template Method,Strategy,Resource,851,1948,140
exist-core/src/main/java/org/exist/xmldb/RemoteBinaryResource.java,org.exist.xmldb.RemoteBinaryResource,3990f5910aa1cd16660927f5eafe764c8eab5aafdce4b93d946e62d66a4abec4,"This class represents a binary resource retrieved from a remote collection, providing methods to access its content, metadata, and manage its properties.",Remote Binary,Adapter,Value Object,,462,857,95
exist-core/src/main/java/org/exist/xmldb/LocalXUpdateQueryService.java,org.exist.xmldb.LocalXUpdateQueryService,e80e0dfd8e2bb67977a43417f624da82db3ff5ebd125a20b24978dca5c7a7509,"This service provides functionality to update resources within a collection using XUpdate commands, supporting updates for all documents or specific documents by ID.",Resource Update,Service,Facade,,499,622,94
exist-core/src/main/java/org/exist/xmldb/ConsoleRestoreServiceTaskListener.java,org.exist.xmldb.ConsoleRestoreServiceTaskListener,f6459ae95f0eaf14f8d43a5e66cf037565a277bfc613ffba3f20252397513541,"This class provides a console-based implementation for logging informational, warning, and error messages, with an option to suppress informational messages.",Console logging,Observer,Template Method,,626,537,95
exist-core/src/main/java/org/exist/collections/CollectionURI.java,org.exist.collections.CollectionURI,055a7681a7454bc691dd1bcd02fa7f56903bf717f70493dc0cf483e8f3394c45,Represents and manipulates internal URIs for collections within the eXist database.,URI handling,Value Object,Immutable,,471,793,86
exist-core/src/main/java/org/exist/collections/IndexInfo.java,org.exist.collections.IndexInfo,7b1fab56a1d6442b6b5ef40ccf0e0cfa8e78bb084b1ea2febef9e3abd43c3673,"This class serves as a container to hold information relevant to the indexing process, specifically tracking required fields and configurations needed during document validation and storage operations.",Index Tracking,Data Transfer Object,Holder,,691,763,99
exist-core/src/main/java/org/exist/collections/CollectionConfigurationManager.java,org.exist.collections.CollectionConfigurationManager,9fffbd849158927f657ba992283d43df9b66669c2c4d5ece111b3c1412802608,"This class manages index configurations stored within a hierarchical collection structure, providing access to configuration instances for specific collections and handling the loading, adding, testing, and invalidation of these configurations.",Configuration Management,Registry,Service,Repository,776,2051,121
exist-core/src/main/java/org/exist/collections/LockedCollection.java,org.exist.collections.LockedCollection,35bc3f356d0eaa4e31c5840fdf2232a39f1b5617d4c5f5317366ba17f078e755,"This class acts as a wrapper around a database collection, ensuring that a lock lease is held and automatically released when the collection is closed, facilitating automatic resource management.",Collection Wrapper,Adapter,Decorator,Composite,1407,5220,117
exist-core/src/main/java/org/exist/collections/triggers/TriggerEvent.java,org.exist.collections.triggers.TriggerEvent,7273c0465d95f064e169360db6d61a098c08f1e7c08e7dee6cfbd8cfc9197c91,"This enum defines a set of discrete events related to collections and documents, used for triggering actions or notifications within the system. It also provides utility methods for converting legacy and old-design string representations of these events into the current enum format.",Event Enumeration,Enum,,,932,714,99
exist-core/src/main/java/org/exist/collections/triggers/CollectionTriggerProxy.java,org.exist.collections.triggers.CollectionTriggerProxy,858d86b6850e79c77d94087986073f2ab0457d2f39378e24747da751f129af79,"This class acts as a proxy for collection triggers, allowing for their instantiation with specific parameters.",Trigger proxy,Proxy,,,404,447,69
exist-core/src/main/java/org/exist/collections/triggers/Dumper.java,org.exist.collections.triggers.Dumper,58c031f0c26daa6ec84512327e153dd1d2327842193f391bbaf5fbb2002d684b,"This class acts as a trigger for various document operations within a database, allowing for pre- and post-event actions such as configuration, preparation, creation, update, copying, moving, and deletion of documents. It serves as a central point to intercept and potentially modify or log these database activities.",Document Trigger,Observer,Strategy,Template Method,890,1456,145
exist-core/src/main/java/org/exist/collections/triggers/AbstractTriggerProxy.java,org.exist.collections.triggers.AbstractTriggerProxy,20e144ab2955c0678f14213881c7f74ff35b63c538d3fddb7cd84014a554ead6,"This class acts as a proxy for creating and configuring trigger instances, abstracting the instantiation logic and parameter management for various trigger types within a database transaction context.",Trigger creation,Proxy,Template Method,Factory Method,627,621,118
exist-core/src/main/java/org/exist/collections/triggers/CollectionTriggers.java,org.exist.collections.triggers.CollectionTriggers,138f4e77e358be3922867fab11ff79384769050abcc5e8023cc19fbdbb1889c9,"This class acts as a container and orchestrator for a list of collection triggers, ensuring that a sequence of pre-defined actions are executed before and after various collection-related operations.",Trigger Orchestration,Composite,Observer,Strategy,607,1277,122
exist-core/src/main/java/org/exist/collections/triggers/XQueryStartupTrigger.java,org.exist.collections.triggers.XQueryStartupTrigger,272772ab6f5a680371d772bcef7ac336a14e1c00f1491eb72d6d0d2620898c39,"This class is responsible for executing XQuery scripts when the database starts up, ensuring that necessary initialization scripts are run automatically.",Startup Script Execution,Trigger,Service,,527,1149,93
exist-core/src/main/java/org/exist/collections/triggers/SAXTrigger.java,org.exist.collections.triggers.SAXTrigger,3658c848e0733d798d8e9dc638af5f9badfca22aeb6b0054955f63c8cc2d26ca,"This class acts as a base implementation for SAX event triggers, providing default behavior to forward events to a chain of handlers, including content, lexical, and error handlers.",Event Forwarding,Chain of Responsibility,Template Method,Adapter,637,2037,123
exist-core/src/main/java/org/exist/collections/triggers/HistoryTrigger.java,org.exist.collections.triggers.HistoryTrigger,564a8027ebda0e28dd3a97bae11b1d4e47b7ff642abeee6c6e21f1a5fe4db112,This trigger preserves historical versions of documents by saving them to a designated history location before they are updated or removed.,Version History,Observer,Interceptor,Decorator,488,1888,107
exist-core/src/main/java/org/exist/collections/triggers/Trigger.java,org.exist.collections.triggers.Trigger,75a6a14a2f74acdcec1af4f089ecb1700224fc79e561bb3d2610ca8784605b9d,"This interface defines the contract for collection triggers, which are components that can respond to various events within a database collection, such as document storage, updates, removals, and collection modifications.",Event Handling,Observer,Strategy,Interface,1269,1480,121
exist-core/src/main/java/org/exist/collections/triggers/DocumentTriggersVisitor.java,org.exist.collections.triggers.DocumentTriggersVisitor,6b589700668ac1b76f38d0032018eac1bcda8a6f82ea84325e12f5c0a16bc6c9,"This class manages a collection of document-specific triggers, allowing them to be processed and applied.",Document Triggers,Visitor,,,369,413,71
exist-core/src/main/java/org/exist/collections/triggers/CollectionTriggersVisitor.java,org.exist.collections.triggers.CollectionTriggersVisitor,751cb3b13a1b759126832b2ec2c6ccf4e15c1550fbbc155d189a364ed5f15bc5,"This class is responsible for visiting a list of collection triggers, likely to apply some operation or logic to each one.",Trigger Visitor,Visitor,,,1651,415,74
exist-core/src/main/java/org/exist/collections/triggers/TriggerProxies.java,org.exist.collections.triggers.TriggerProxies,fb91dce568044763882ba429d8cfcf6836304d0abfe6b3c05c31f38f46728713,"This interface defines a contract for managing trigger proxies and creating visitors for processing triggers, likely interacting with a database for trigger data.",Trigger Management,Visitor,Proxy,,1426,499,93
exist-core/src/main/java/org/exist/collections/triggers/DocumentTriggers.java,org.exist.collections.triggers.DocumentTriggers,1c6f23a8010ae545b7e1c78a494148deb9b903ba24b2b22420669b6698de417f,This class acts as a central point for managing and dispatching various document-related events and XML parsing callbacks to a collection of registered triggers.,Event Dispatcher,Chain of Responsibility,Observer,Adapter,716,2901,116
exist-core/src/main/java/org/exist/collections/triggers/AbstractTriggersVisitor.java,org.exist.collections.triggers.AbstractTriggersVisitor,7cea34a51a149abf3a3aa6bc2d3fa9c29387f1913cb3a036d90ddd2ef408e1fa,"This class serves as a base for visitors that process a list of triggers, providing common functionality for configuration and retrieval.",Trigger Visitor,Visitor,,,608,517,74
exist-core/src/main/java/org/exist/collections/triggers/DocumentTrigger.java,org.exist.collections.triggers.DocumentTrigger,274a5110c150e58b9a282a52aea6f20d90c96afd7d425d1c35944b586ff03c26,"This interface defines a contract for custom logic that can be executed before and after various document operations within the eXist-db system, acting as hooks for event-driven processing and data manipulation.",Document Event Handling,Observer,Strategy,Template Method,561,2330,126
exist-core/src/main/java/org/exist/collections/triggers/TriggersVisitor.java,org.exist.collections.triggers.TriggersVisitor,a66a3cff78944df4e3cb9aa391ea177a67903041f6e8cfec20b035d075c7f3be,This interface defines a visitor for triggers that allows retrieval of a list of triggers.,Trigger Visitor,Visitor,,,438,407,67
exist-core/src/main/java/org/exist/collections/triggers/STXTemplatesCache.java,org.exist.collections.triggers.STXTemplatesCache$CachedTemplate,d79b0c2c03585bcb6424a49149748a7670ffbc0867bbada92deaa218bb699745,"This class holds a reference to a set of templates and the timestamp of when they were last updated, effectively caching them for later use.",Template caching,Value Object,Immutable,,532,428,96
exist-core/src/main/java/org/exist/collections/triggers/STXTemplatesCache.java,org.exist.collections.triggers.STXTemplatesCache,d2ab003093ce98313db3eca98b299c98357af6081d6f1f47282a3d856dbf8a76,"This class manages a cache for compiled STX templates, ensuring that templates are compiled only when necessary and are updated if their source has changed. It provides thread-safe access to cached compiled stylesheets, compiling them on demand if they are not found or are out of date.",Template Caching,Singleton,Cache,Read-Write Lock,842,807,143
exist-core/src/main/java/org/exist/collections/triggers/FilteringTrigger.java,org.exist.collections.triggers.FilteringTrigger,97191955dc01f5db4e868e44a02dd0cc59b0c6e33010c62aec4a0f0d340e4441,"This abstract class serves as a base for SAX event triggers, forwarding all received SAX events to a content handler, though it is deprecated in favor of SAXTrigger.",Event Forwarding,Template Method,Adapter,,753,427,105
exist-core/src/main/java/org/exist/collections/triggers/XQueryTrigger.java,org.exist.collections.triggers.XQueryTrigger,ed7974473bb681b108f9768658371e4ad098793940b9eb3a2b52b6418f441e8a,"This class acts as a trigger that executes an XQuery statement when invoked, allowing the query to access event details and user-defined variables. It can execute queries specified directly or from a URL and defines behavior for various document and collection events.",XQuery execution,Observer,Strategy,Template Method,704,3606,135
exist-core/src/main/java/org/exist/collections/triggers/TriggerPhase.java,org.exist.collections.triggers.TriggerPhase,65f102f3e166308a6340617564124bf5d274635372777d24023d381d64791ae3,"This enum defines distinct stages within a workflow, indicating whether an action should occur before or after a particular event.",Stage definition,Marker,,,474,429,73
exist-core/src/main/java/org/exist/collections/triggers/TriggerProxy.java,org.exist.collections.triggers.TriggerProxy,74c0d1f94cae824060ce5b6cdde24df114f78786cb2552a47c092f6c44ed1ec9,"This interface defines a contract for creating new instances of triggers, allowing them to be configured with specific parameters and initialized within a given database transaction and collection context.",Trigger instantiation,Factory Method,Dependency Injection,,536,469,101
exist-core/src/main/java/org/exist/collections/triggers/STXTransformerTrigger.java,org.exist.collections.triggers.STXTransformerTrigger,0825e8eca6586010be201d72ef2890df83f6af016489db76fda955e643d9f810,"This class applies an STX stylesheet to an XML SAX stream using Joost, loading the stylesheet from a database or a specified URI.",XML Transformation,Strategy,Template Method,Observer,561,1611,114
exist-core/src/main/java/org/exist/collections/triggers/CSVExtractingTrigger.java,org.exist.collections.triggers.CSVExtractingTrigger$NodePath,fc42de05600489f7fda408560f71328875ffb00b68da76d77823e4c9d754efe8,This class represents a hierarchical path of qualified names (QNames) and provides methods to manage and represent this path.,Path representation,Value Object,Immutable Value,,690,571,93
exist-core/src/main/java/org/exist/collections/triggers/CSVExtractingTrigger.java,org.exist.collections.triggers.CSVExtractingTrigger$Extraction,1369cc296e7d4deefabbe4080444cc9785d0d1b0228e03d9a7d78e696ce24ea9,"This class defines configuration for extracting data, including entries to extract and optional criteria for matching specific attributes.",Extraction Configuration,Configuration Object,Data Holder,,508,556,90
exist-core/src/main/java/org/exist/collections/triggers/CSVExtractingTrigger.java,org.exist.collections.triggers.CSVExtractingTrigger$ExtractEntry,79f77482364d24bb011416ab209a2b8a55341321ac25a0f17f9ceca73d9acf28,"This class represents an entry containing an index and an element name, designed for comparison and ordering based on its index.",Data Holder,Value Object,Comparable,,504,482,92
exist-core/src/main/java/org/exist/collections/triggers/CSVExtractingTrigger.java,org.exist.collections.triggers.CSVExtractingTrigger$EmptyAttributes,7dc90ef05649572cbdd9bb74e07faeb828f5c162ca6aae26cfdf84d7d3a4fd3e,"Represents a collection of attributes that contains no actual attributes. It provides default implementations for attribute retrieval methods, always returning null or -1, signifying the absence of any attributes.",Empty attributes,,,,550,612,66
exist-core/src/main/java/org/exist/collections/triggers/CSVExtractingTrigger.java,org.exist.collections.triggers.CSVExtractingTrigger,59de7d81936a4022f5549bc6b825c806481ffb2632556bdb7c9e4c626c78b446,"This class acts as a trigger that intercepts document storage or update events to parse specific XML elements containing delimited text, transforming these elements into child elements representing structured data.",CSV Extraction,Strategy,Observer,Composite,651,2889,117
exist-core/src/main/java/org/exist/collections/triggers/TriggerStatePerThread.java,org.exist.collections.triggers.TriggerStatePerThread$CyclicTriggerException,904da22ee540ef53dfdec87086c5e7bee9f7f72b581c652ea082ac3774ce4f3a,This class represents a specific type of exception that is thrown when a cyclic trigger condition is detected in the system.,Exception Handling,Error Handling,,,437,390,74
exist-core/src/main/java/org/exist/collections/triggers/TriggerStatePerThread.java,org.exist.collections.triggers.TriggerStatePerThread$PossibleCyclicTriggerState,d2c7ccfacb0ecdfaa73f10b8f8a8c28fefc22f9fe7fe907ed05221aa942a209c,"This class represents a potential state within a cyclic trigger, likely used to track or manage the progression of trigger events that might form a loop.",Trigger state,State,,,624,444,79
exist-core/src/main/java/org/exist/collections/triggers/TriggerStatePerThread.java,org.exist.collections.triggers.TriggerStatePerThread$TriggerState,e7357bdb7d2adf270cd9cf49e91ede7b7b1b5183211f6070b628c23961c9a551,"This class represents the state of a trigger, including its definition, current phase, the event that triggered it, and the source and destination URIs involved.",Trigger State,Value Object,,,474,725,83
exist-core/src/main/java/org/exist/collections/triggers/TriggerStatePerThread.java,org.exist.collections.triggers.TriggerStatePerThread,e52c6a293f6d33185f1568d0e8a814a38ec0d0ffad337b215bac767728a6efb8,This class prevents infinite recursion by tracking trigger execution states per thread.,Trigger recursion prevention,ThreadLocal,,,478,1012,66
exist-core/src/main/java/org/exist/collections/triggers/CollectionTrigger.java,org.exist.collections.triggers.CollectionTrigger,275315e082a78c772528743b10250315872a4098d182b0cab891f065c1964d3d,"This interface defines a contract for objects that can intercept and react to collection-related events within the database, allowing custom logic to be executed before or after operations like creation, copying, moving, and deletion.",Collection Events,Observer,Hook,,682,1158,109
exist-core/src/main/java/org/exist/collections/triggers/DeferrableFilteringTrigger.java,org.exist.collections.triggers.DeferrableFilteringTrigger,05e1bd157869ee41d902e1906c6208f0f3a6942fc29c7f6d9614113dba55918e,"This class acts as a filter for SAX events during XML processing, allowing for the capture and deferred processing of these events. It provides a mechanism to either process events immediately or queue them up for later dispatch.",Event Deferral,Decorator,Strategy,Template Method,829,3194,130
exist-core/src/main/java/org/exist/collections/triggers/DocumentTriggerProxy.java,org.exist.collections.triggers.DocumentTriggerProxy,97671bcbcc1e388b1eba40748b383b631bee1db0125bfc5d2f67c8d02d069253,"This class acts as a proxy for creating and managing document triggers, allowing for their instantiation with optional parameters.",Trigger Proxy,Proxy,,,519,446,72
exist-core/src/main/java/org/exist/collections/ManagedLocks.java,org.exist.collections.ManagedLocks$ManagedLockIterator,1b87f3956029cf79f9fe4da6756008e1769cf498670da4305368cfa9cf5ad4c4,"This class provides an iterator that wraps an existing iterator, enabling iteration over a collection of managed locks.",Iteration,Iterator,Adapter,,511,464,87
exist-core/src/main/java/org/exist/collections/ManagedLocks.java,org.exist.collections.ManagedLocks,eec9f3dcf3eb2dc91e56fd17c89e8fbd09b4e499e1155cd2a002b24d6ac8f8e7,"This class acts as a container for a collection of managed locks, providing automatic resource management by ensuring locks are released in the reverse order of their acquisition.",Lock Management,Resource Acquisition Is Initialization,Iterator,Composite,553,925,118
exist-core/src/main/java/org/exist/collections/Collection.java,org.exist.collections.Collection$InternalAccess,e1b629db1674b6108f82cd994cfd0c90938cefedc4e7b74caaf0e9ae6fd0ac75,"This interface defines a contract for internal access to document management, allowing documents to be added to a persistent store and retrieving an identifier.",Document Persistence,Interface Segregation,,,492,435,79
exist-core/src/main/java/org/exist/collections/Collection.java,org.exist.collections.Collection$CollectionEntry,c7d34e71fe23a59e428baff146929f04567103bbbd92afb76a39d7eef9217b79,"This abstract class represents a generic entry within a collection, holding its URI, permissions, and creation timestamp, and defines abstract methods for reading its metadata and data content.",Collection entry,Abstract Base Class,Value Object,,594,607,104
exist-core/src/main/java/org/exist/collections/Collection.java,org.exist.collections.Collection$SubCollectionEntry,3a75f00e946cd852b87b10019563e00908984e75794078aa13c588c39a62cbcd,"This class represents an entry within a collection in the database, responsible for reading and managing its metadata, data, and associated permissions and creation timestamps.",Collection Entry,Adapter,Decorator,,453,556,97
exist-core/src/main/java/org/exist/collections/Collection.java,org.exist.collections.Collection$DocumentEntry,8e971fdafda65ed519c7d70e1d8ec8bd1d343aeaca8dcfaca6788d3e60233636,"This class represents a document entry, responsible for reading its metadata from a database and its content from a variable byte input stream.",Document data,Data Transfer Object,Repository,,682,492,95
exist-core/src/main/java/org/exist/collections/Collection.java,org.exist.collections.Collection,ad35c45939e7d2bd3a4dd5a075c14cc9eb89ffa958f63c7a25b101d10674a93c,"This interface defines the operations for managing a collection of documents and other collections within a database, including operations for retrieving, adding, removing, and storing resources, as well as managing permissions and configurations.",Collection Management,Repository,Facade,Resource,629,14965,124
exist-core/src/main/java/org/exist/collections/CollectionCache.java,org.exist.collections.CollectionCache$Statistics,21583070e6b9d602639871c60f4d7ab003cc6a39e6ee78819fb6cac5bc27f9d7,"This class encapsulates statistics related to cache performance, including hit and miss counts, load successes and failures, total load time, and eviction data.",Cache statistics,Value Object,Data Transfer Object,,694,1949,99
exist-core/src/main/java/org/exist/collections/CollectionCache.java,org.exist.collections.CollectionCache,995a9f427fda2e7c6d721f02a63fe2909e3c4b2b3ab54bca40c92ade8ecbfd42,"This class acts as a thread-safe cache for `Collection` objects, managing their storage, retrieval, and eviction based on a configurable size.",Collection caching,Cache-Aside,Thread-Safe,Service,601,2877,118
exist-core/src/main/java/org/exist/collections/CollectionConfigurationException.java,org.exist.collections.CollectionConfigurationException,9dded555cefc2eb0a4a9bc1593faa7159f01b9b6ddee20e070d9d956880f52b1,This class represents a custom exception that can be thrown when there's an issue with the configuration of a collection.,Custom Exception,,,,352,534,54
exist-core/src/main/java/org/exist/collections/CollectionConfiguration.java,org.exist.collections.CollectionConfiguration,ca1543236774915f146ee1f814f1e7430a7b0f14b9cdb7cdde0470ac9ea00d81,"This class reads and configures collection-specific settings from an XML document, including triggers, indexing, and validation, enabling customization of how collections are managed and processed.",Collection configuration,Configuration,Factory,Proxy,487,1417,118
exist-core/src/main/java/org/exist/collections/MutableCollection.java,org.exist.collections.MutableCollection,be75cc32e5f780263122dfe74cc34e1a51ea12ce1dc02f2be7eba6ef1b8c8de6,"This class represents a mutable collection within a database, managing its documents, sub-collections, metadata, and permissions, while handling operations like adding, removing, and retrieving entries, and ensuring data integrity through locking mechanisms.",Collection Management,Mutable Object,Collection Abstraction,Locking Strategy,761,8240,133
exist-core/src/main/java/org/exist/resolver/XercesXmlResolverAdapter.java,org.exist.resolver.XercesXmlResolverAdapter,cd126a9811bc1c486c4409da3cfe281a7466075c93fa104d0b39fb7700aada7c,"This class acts as an intermediary, allowing an external XML resolver to be used by Xerces' SAX parser by implementing the Xerces XNI entity resolver interface.",XML Entity Resolution,Adapter,,,3531,924,85
exist-core/src/main/java/org/exist/resolver/ResolverFactory.java,org.exist.resolver.ResolverFactory,3fd116f8d8edb53ea55dba392e80bd7955b040c7898b34c9fa3b675010a1691f,"This interface acts as a factory for creating and configuring XML resolvers, providing static methods to generate new resolvers with specific catalog configurations and to sanitize or fixup catalog URIs for compatibility.",Resolver Factory,Factory,,,534,1082,87
exist-core/src/main/java/org/exist/debuggee/DebuggeeConnection.java,org.exist.debuggee.DebuggeeConnection,ada8873f472b3c3fc780f4e28a5e30f91ba5d1f97cc037c6b2380265df36cc19,This interface defines the contract for establishing and managing a connection to a debuggee process.,Debuggee connection,Interface,Contract,,453,404,86
exist-core/src/main/java/org/exist/debuggee/Debuggee.java,org.exist.debuggee.Debuggee,e0833567bc612b0f32a064d69a3b7441d7969d80c2718531644a1ca89f476020,"This interface defines a contract for interacting with a debugging environment, allowing for query execution, process initiation, and session management.",Debugging Interface,Interface,,,655,585,75
exist-core/src/main/java/org/exist/debuggee/DummyDebuggee.java,org.exist.debuggee.DummyDebuggee,e047d8c5588570035dfc3697049d05113f215130bddf6752ce101d9ae6a89864,"This class serves as a placeholder or dummy implementation for a Debuggee interface, providing basic methods for starting and joining processes, as well as retrieving sessions. Its current implementation does not perform any actual operations and returns default or empty values.",Dummy Debuggee,Test Double,Interface Implementation,,672,566,117
exist-core/src/main/java/org/exist/debuggee/Session.java,org.exist.debuggee.Session,53921da4a035ef99527771aa0f4e378e386e1a9ff7d93756a63a7303391c2410,"This interface defines a contract for managing user sessions, likely representing an active period of interaction for a user within the system.",Session Management,Interface,Abstraction,,468,402,92
exist-core/src/main/java/org/exist/debuggee/CommandContinuation.java,org.exist.debuggee.CommandContinuation,d0e8a3730689eac484954883e457b9c4cf21fb99512e500f18ca5866e13f5c42,"This interface defines the contract for command continuations, which manage the state and status of ongoing commands, including debugging operations and session management.",Command state,Command,State,,701,611,95
exist-core/src/main/java/org/exist/debuggee/Reasons.java,org.exist.debuggee.Reasons,6f48d4b288bb2f5a6a44348769abfb92e01db186b1fcde0b3f7fe0a4af3bca56,This interface defines a set of constant string values representing possible states or reasons for outcomes within the system.,Reason constants,,,,370,448,51
exist-core/src/main/java/org/exist/debuggee/Packet.java,org.exist.debuggee.Packet,ae5265e23715899a974f6ac24d8bac81617ebbd2102986983c064dead2c6fc71,This interface defines the contract for objects that can produce both command and response byte arrays.,Command/Response,Interface,Command,,775,474,86
exist-core/src/main/java/org/exist/debuggee/Status.java,org.exist.debuggee.Status,07547c8a928577bcfbc9056f79b3b6c4843d4d9c5cd83ef982de260403d3d50c,"This interface defines a set of constants representing the possible states of a process or execution, such as starting, running, breaking, stopping, and stopped.",Process states,,,,475,631,61
exist-core/src/main/java/org/exist/debuggee/DebuggeeFactory.java,org.exist.debuggee.DebuggeeFactory,a9965b0e07cc46740d15861733cb51aca759ca5341b9236444eeef8d4fd360a3,"This class acts as a factory for creating and managing a singleton instance of a Debuggee, and it also provides functionality to check incoming HTTP requests for debugging initiation.",Debuggee management,Singleton,Factory,,560,525,101
exist-core/src/main/java/org/exist/debuggee/DebuggeeJoint.java,org.exist.debuggee.DebuggeeJoint,e127419a57dd886aab2c33633febcdc6c3d9da6998ab28da8c6479e27415f764,"This interface defines a contract for interacting with a debuggee's runtime environment, allowing for expression evaluation, stack manipulation, breakpoint management, and session control.",Debuggee interaction,Debugger Hook,Observer,Command,566,1127,118
exist-core/src/main/java/org/exist/Namespaces.java,org.exist.Namespaces,997a7ec75d1744da105b1f32afc6876b58a3ef0f18b10956c6087834ebfcfd89,"This class defines a collection of constants for various XML namespaces and qualified names used throughout the system, facilitating consistent referencing of XML elements and attributes.",Namespace definitions,Constant Provider,Global Registry,,672,1424,98
exist-core/src/main/java/org/exist/SystemProperties.java,org.exist.SystemProperties,87b259265ed97ff9a0e817400c3b906513593a8650661dc8f7ccf4745ab5ce08,"This class provides a centralized mechanism for accessing system-wide configuration properties, ensuring they are loaded only once and can be retrieved with optional default values.",Configuration Management,Singleton,Lazy Initialization,,2095,504,98
exist-core/src/main/java/org/exist/xquery/LiteralValue.java,org.exist.xquery.LiteralValue,fba7368ab3fc47792e0fc87e605f90f6b1203712ef56ef48163b8f422bedf5ed,"This class represents a literal value within an expression, wrapping a primitive atomic value like a string or number.",Literal Value,Value Object,Expression,,470,976,90
exist-core/src/main/java/org/exist/xquery/Cardinality.java,org.exist.xquery.Cardinality$InternalValue,96b750866ef7941605d6f8d907e4e09689ecfc9d04aaf99ea1b3ee8516f1ef7d,"This class defines a set of static byte constants representing specific numerical values, likely used for internal state or configuration within the system.",Value Constants,,,,422,401,56
exist-core/src/main/java/org/exist/xquery/Cardinality.java,org.exist.xquery.Cardinality,5039466eb31a3a22b1fc823955abe8459146b25392e46ec3bd6bc2bdf348a139,"This enum defines possible multiplicities for sequences, including those specified by XPath Occurrence Indicators (*, ?, +), along with convenience constants for zero and exactly one element.",Sequence multiplicity,Enum,Value Object,,847,1467,100
exist-core/src/main/java/org/exist/xquery/SwitchExpression.java,org.exist.xquery.SwitchExpression$Case,37a39a0beff4bd578c83ebbd233f47c8d01b1d853d31da89ea87a55d6392fac4,"This class represents a single condition and its associated outcome within a larger case statement structure, holding a list of conditions to evaluate and a single expression to return if those conditions are met.",Case Clause,Value Object,Builder,,446,424,105
exist-core/src/main/java/org/exist/xquery/SwitchExpression.java,org.exist.xquery.SwitchExpression,d865c7d0e645aa234a337610804a0da4f4fc52d15a3c109426e8f1744d084271,"This class implements the XQuery 3.0 switch expression, which allows for conditional execution based on comparing an operand against multiple cases and returning a value from the matching case or a default clause.",Conditional Execution,Strategy,Expression,Visitor,648,1046,124
exist-core/src/main/java/org/exist/xquery/VariableDeclaration.java,org.exist.xquery.VariableDeclaration,a46879b81464e5bbb5ede0939a39e51ab2abcf7ee7299fc02daddcc7072e2dbe,"Represents the declaration and optional initialization of a variable within a query context, handling its analysis and evaluation.",Variable Declaration,Marker Interface,Expression,Visitor,5622,1354,107
exist-core/src/main/java/org/exist/xquery/Annotation.java,org.exist.xquery.Annotation,3e34744acb67f64f3f6eb6ecf564c5b6593bc76b0efdba1f303973f952ba53f9,"This class represents an XQuery 3.0 annotation, which associates metadata with a function, including its name, optional values, and the function's signature.",XQuery Annotation,,,,2225,560,65
exist-core/src/main/java/org/exist/xquery/CommentConstructor.java,org.exist.xquery.CommentConstructor,4219fd543b6f258f797b8aefe26a36a14bd3f39075dbac66afb6231ac1134f43,"This class constructs an XML comment node with provided data, analyzes the XPath context for analysis, and serializes the comment for debugging.",Comment Construction,Expression Tree,Node Factory,,3122,749,96
exist-core/src/main/java/org/exist/xquery/OrderByClause.java,org.exist.xquery.OrderByClause,1fcd7ebcbc3dd01179a20bcbdea43244f6e0ccdd5d82e343ad091286f50047fc,"This class defines an ORDER BY clause for FLWOR expressions, specifying how to sort a sequence of items based on defined order specifications.",Order Sorting,Visitor,State,,2131,988,94
exist-core/src/main/java/org/exist/xquery/FunctionDef.java,org.exist.xquery.FunctionDef,11866538a2904b2776b6d62528c5619818ce95534af96b7e2befcb04ed27a0c7,This class defines a function by associating a specific signature with the class that implements it.,Function definition,,,,451,534,48
exist-core/src/main/java/org/exist/xquery/OpSimpleMap.java,org.exist.xquery.OpSimpleMap,5cd2fea3459dcc252bbda1c27a2de32ffec8d8e53f96fa32a450ff35b252f6ab,"This class implements the XQuery 3.0 simple map operator, processing a left expression and then a right path expression for each item in the result of the left expression.",Map operator,Expression Tree,Visitor,,1397,837,104
exist-core/src/main/java/org/exist/xquery/ArrowOperator.java,org.exist.xquery.ArrowOperator$ContextParam,700af228c0c22864087b4898496ed6ffd6c0f65a720d23b90eb95609eb48d69a,"This class represents a parameter within an XPath context, holding a sequence and providing methods for analysis, evaluation, type retrieval, and expression dumping.",Context parameter,Placeholder,Expression visitor,,528,609,97
exist-core/src/main/java/org/exist/xquery/ArrowOperator.java,org.exist.xquery.ArrowOperator,71bd628a793c6836603671869583e79e7ef2fe3cac750e997e3f2effa06cb31a,"This class represents and processes the XQuery 3.1 arrow operator, enabling piping of sequences to function calls.",Arrow Operator,Expression,Function Call,Context,709,976,109
exist-core/src/main/java/org/exist/xquery/EnclosedExpr.java,org.exist.xquery.EnclosedExpr,1f38b8f826ba16c2015652d0349fa87acc30a4ac675c44925c9b67f9c71db175,"Represents an enclosed expression within element content, handling its analysis and evaluation by serializing its result into a document builder.",Expression evaluation,Visitor,Composite,,500,959,92
exist-core/src/main/java/org/exist/xquery/Atomize.java,org.exist.xquery.Atomize,1d8816b2f3b799c8509616ae8f156025f1865832e7bf5c5262a68bec2b53e877,"This class evaluates an enclosed XQuery expression, atomizes its results, and returns them as a sequence. It also handles analysis, debugging output, and visitor pattern interactions for the expression.",Expression Atomization,Interpreter,Visitor,Strategy,661,1122,123
exist-core/src/main/java/org/exist/xquery/SequenceConstructor.java,org.exist.xquery.SequenceConstructor,2d2ca45904ab819d526ed14be30803fd46059db8a33f30e326d59c47d49953bd,"This class represents an XQuery sequence constructor, which is used to create a new sequence by combining multiple items or expressions. It handles the analysis, evaluation, and serialization of these sequences.",Sequence Construction,Composite,Expression Tree,,647,962,106
exist-core/src/main/java/org/exist/xquery/TreatAsExpression.java,org.exist.xquery.TreatAsExpression,91f7f5d6fc7ad8064cee2e8b0cc6cd0c1a7e5a79fbb0934513171d880fffb6a0,This class represents an XPath expression that treats its underlying expression as a specific sequence type.,Type Casting,Expression,Visitor,,640,715,85
exist-core/src/main/java/org/exist/xquery/CompiledXQuery.java,org.exist.xquery.CompiledXQuery,c14f8556b58e3ecc5ab338364e1e4ab75e05fcc023e76ac5d5184eb34ec609e1,"This interface defines the contract for compiled XQuery expressions, enabling their execution, reset, context management, validation, and diagnostic dumping.",Query Compilation,Facade,Command,Bridge,552,827,111
exist-core/src/main/java/org/exist/xquery/DynamicCardinalityCheck.java,org.exist.xquery.DynamicCardinalityCheck,fe1b15adcdb56c2bd78b47697a50d55cd160bd775007edb0f0cad778e8b17859,"This class performs runtime checks on the cardinality (number of items) of a function parameter's resulting expression, ensuring it meets the required specification and throwing an error if it does not.",Parameter validation,Visitor,Strategy,,799,1115,105
exist-core/src/main/java/org/exist/xquery/ExternalModule.java,org.exist.xquery.ExternalModule,26990676e17f4f9d948b835541b3e338ccd47dbd895e0869dec6c734e09a2a0a,"This interface defines the contract for external XQuery modules, enabling them to be loaded, registered, and managed within an XQuery processing environment.",Module Management,Adapter,Module,Facade,709,1205,113
exist-core/src/main/java/org/exist/xquery/DynamicTypeCheck.java,org.exist.xquery.DynamicTypeCheck,9fc0687fdf5e4cc097c29053c2d773228b1f964877ed0148e3c27942c42f0c83,This class enforces type checking on function parameters at runtime by evaluating an embedded expression and validating the type of each item in the resulting sequence against a required type.,Type Checking,Visitor,Strategy,Composite,758,1116,116
exist-core/src/main/java/org/exist/xquery/functions/request/GetExists.java,org.exist.xquery.functions.request.GetExists,1f28442d8f76051bbb9e72dde55d933e9f37afda105e715c43866ba0708982fa,"This class determines if an HTTP request is set within the XQuery context, returning a boolean value indicating its presence.",Request existence,,,,382,592,54
exist-core/src/main/java/org/exist/xquery/functions/request/GetParameter.java,org.exist.xquery.functions.request.GetParameter,664e32dfe127c0558d888f598a4ad7b9b3187e898c14bb8a706a772a557c3c7c,"This class provides functionality to retrieve HTTP request parameters, returning specified default values if the parameters are not found. It also supports an option to control error handling when a request is not available.",Parameter retrieval,Function,Request Handler,,577,1034,106
exist-core/src/main/java/org/exist/xquery/functions/request/IsMultiPartContent.java,org.exist.xquery.functions.request.IsMultiPartContent,a4fcaa98f0dcdcade1e1d2ae7cae3a3b5d6eda2f9cedba887df8e630de334b49,This class determines if an incoming web request is of the `multipart/form-data` content type.,Content Type Check,Strategy,Request Handler,,420,592,91
exist-core/src/main/java/org/exist/xquery/functions/request/GetRequestAttribute.java,org.exist.xquery.functions.request.GetRequestAttribute,a3aa8f97a2a4738ca459f77202650b8ed7a22aac26c74a9b9a1e2291ede43758,"This class provides functionality to retrieve request attributes, either a specific attribute's value by name or a list of all available attribute names.",Attribute retrieval,Strategy,Adapter,,600,760,95
exist-core/src/main/java/org/exist/xquery/functions/request/GetRemoteAddr.java,org.exist.xquery.functions.request.GetRemoteAddr,ab30db17c548d7b6954b32c7d44863f1598c6debf7135a39ae7970a91b042300,This class is designed to retrieve and return the IP address of the client that initiated the current request.,IP Address Retrieval,Function Object,Template Method,,443,581,91
exist-core/src/main/java/org/exist/xquery/functions/request/GetContextPath.java,org.exist.xquery.functions.request.GetContextPath,cd471897dd4811cd041ad92ec6eba73158c6486a676d55d58f2c1ca503108460,"This class provides functions to retrieve parts of the current web request's URI, specifically the context path and the servlet path.",Request Path Retrieval,Strategy,Function Object,,473,764,95
exist-core/src/main/java/org/exist/xquery/functions/request/GetUploadedFileName.java,org.exist.xquery.functions.request.GetUploadedFileName,23a04230cd9633cb4713f90c3ab651fa440c77f30ebd1f9b514c456c29f44287,This function retrieves the names of uploaded files associated with a given parameter name from an incoming request and returns them as a sequence of strings.,File Name Retrieval,Adaptor,Facade,,418,676,97
exist-core/src/main/java/org/exist/xquery/functions/request/GetHostname.java,org.exist.xquery.functions.request.GetHostname,45323e183191b9be2f8ef001cf57ded4e07d25a9ae94fed781ee9c43653eb3c7,This class retrieves and returns the hostname of the remote host that initiated the current request.,Hostname retrieval,Strategy,,,416,569,68
exist-core/src/main/java/org/exist/xquery/functions/request/GetCookieNames.java,org.exist.xquery.functions.request.GetCookieNames,6eb1212366b729f5c8d8be84f0e63f09ac49d20535c399330d39a077c5f31105,This class is responsible for extracting and returning a list of cookie names from an incoming web request.,Cookie retrieval,Strategy,,,650,610,70
exist-core/src/main/java/org/exist/xquery/functions/request/GetUploadedFileSize.java,org.exist.xquery.functions.request.GetUploadedFileSize,21a0f294cd1fc805e9e0b11da8ac0cde707faeb8a34c6a828b946617acf8de43,"This class retrieves the size of an uploaded file from a multi-part request, returning the size in bytes as a double. It returns an empty sequence if the request is not multi-part or the specified parameter name does not correspond to a file.",File size retrieval,Strategy,Template Method,,947,713,120
exist-core/src/main/java/org/exist/xquery/functions/request/GetServerName.java,org.exist.xquery.functions.request.GetServerName,06fab291d9a9a963812ccea831c64ba0e4d6719f5109e3f0ddb7452fa1a731b2,This class is responsible for retrieving and returning the server's hostname associated with the current request.,Server Name,Function,Strategy,,593,585,87
exist-core/src/main/java/org/exist/xquery/functions/request/GetHeaderNames.java,org.exist.xquery.functions.request.GetHeaderNames,b2a8998801a366003b49ff8187e4ea13621869b4e854361725ac02cef5ea3291,This class is responsible for extracting and returning the names of all HTTP headers present in a request as a sequence of strings.,Header Name Extraction,Strategy,,,464,652,76
exist-core/src/main/java/org/exist/xquery/functions/request/GetPathInfo.java,org.exist.xquery.functions.request.GetPathInfo,8b21f809a541fd23019fdb63d53d5ba43db80c2d06a5ef08d3cfbea45bac6d85,"This class retrieves and returns any additional path information appended to a URL during a client request, which can be useful for routing or contextualizing requests.",Path Information,Strategy,Template Method,,552,627,98
exist-core/src/main/java/org/exist/xquery/functions/request/GetServerPort.java,org.exist.xquery.functions.request.GetServerPort,3a5f0c88ac8d2db74c2339a5fb79e81398126861e5da7f2d5f557c45159ff69a,This class is designed to extract and return the server port number from an incoming request.,Server Port Retrieval,Strategy,,,450,578,69
exist-core/src/main/java/org/exist/xquery/functions/request/GetRemoteHost.java,org.exist.xquery.functions.request.GetRemoteHost,51564fec32c26b94b5008cd8a06923720c9b19485d4eb9ddf6d72a895481e384,This class is responsible for retrieving and returning the fully qualified name of the client or the last proxy that sent the current request.,Host retrieval,,,,492,582,56
exist-core/src/main/java/org/exist/xquery/functions/request/GetParameterNames.java,org.exist.xquery.functions.request.GetParameterNames,fabfcacd3b01411872fbe4bc0e584fcb717f1968a2a0610306efe6b91c0e185d,This class retrieves the names of all parameters present in the current request and returns them as a sequence of strings.,Parameter retrieval,,,,416,621,53
exist-core/src/main/java/org/exist/xquery/functions/request/GetHeader.java,org.exist.xquery.functions.request.GetHeader,b57677d4834f0fb491b7d2a59caf01018c0476ddb38b425b8b2444e05b4f5b41,This class implements a function that retrieves the value of a specific HTTP header from a request based on its name.,Header retrieval,Adapter,Function,,580,683,90
exist-core/src/main/java/org/exist/xquery/functions/request/GetQueryString.java,org.exist.xquery.functions.request.GetQueryString,367d0e4792e3cd538db12f0e9a83cd94aa9a5990e31182f7c62de05b45f9da58,"Retrieves the full query string from an incoming request, returning it as a string if present, or an empty sequence otherwise.",Query String,Function Object,Decorator,,453,632,94
exist-core/src/main/java/org/exist/xquery/functions/request/GetCookieValue.java,org.exist.xquery.functions.request.GetCookieValue,9cc157cd752fec34b4fc836555e1cd938ae0b2ada125c601dd125b1798ddd165,This class retrieves the value of a specified cookie from an HTTP request.,Cookie retrieval,Function Object,Service,,498,697,83
exist-core/src/main/java/org/exist/xquery/functions/request/StrictRequestFunction.java,org.exist.xquery.functions.request.StrictRequestFunction,2a67fe09d6cbd8bbb9ce0663bfe62c5e82891f3d71727fa150d0715d4dba72c1,"This abstract class provides a base for functions that require access to an HTTP request, enforcing that the request must be present for execution.",Request Handling,Template Method,Strategy,,538,673,95
exist-core/src/main/java/org/exist/xquery/functions/request/GetURI.java,org.exist.xquery.functions.request.GetURI,4f89e21387d79e08e97ecc5906395b8e5d19d1cfda163288793fe5ee5de1124e,"This class provides functionality to retrieve the URI of the current request, offering options to get either the original client-provided URI or the effective URI after any URL rewriting has been applied.",Request URI retrieval,Strategy,Function Object,,691,750,106
exist-core/src/main/java/org/exist/xquery/functions/request/GetRemotePort.java,org.exist.xquery.functions.request.GetRemotePort,043210843d9e256e7fe777ceaa7a57a5fcd33205ccf9aff7eb81c267562c698e,Retrieves and returns the IP source port of the client or last proxy that sent the current request.,Port retrieval,Function Object,,,461,584,72
exist-core/src/main/java/org/exist/xquery/functions/request/GetUploadedFile.java,org.exist.xquery.functions.request.GetUploadedFile,df2af64f0d6474aa41e64b4c03094103f5ddb2b2b495e2c352675d6881658b64,"This class is responsible for retrieving and returning the base64 encoded data of an uploaded file from a multi-part HTTP request, given the parameter name that identifies the file.",File Retrieval,Request Handler,Function Object,,535,679,105
exist-core/src/main/java/org/exist/xquery/functions/request/GetData.java,org.exist.xquery.functions.request.GetData,a6aa8add8656f349424aceaee97da79d502d3aecc2848c79f337f8ac1b72bbb6,"This class is responsible for retrieving and processing the content of an incoming POST request, determining whether to return it as a base64 encoded binary, an XML document, or a string representation.",Request Content Retrieval,Strategy,Template Method,,709,783,108
exist-core/src/main/java/org/exist/xquery/functions/request/SetAttribute.java,org.exist.xquery.functions.request.SetAttribute,33c4ebead896928eeaf61c5d1c7f4f0650f9016957cac0803fe167cf9922e504,"This class provides functionality to store a value within the current request, identified by a given attribute name.",Request attribute storage,Function,Command,,518,623,89
exist-core/src/main/java/org/exist/xquery/functions/request/GetMethod.java,org.exist.xquery.functions.request.GetMethod,c54d96ed07ee86fdca11b36f869b8f6887389dece43e06449b256df284039818,This class provides functionality to retrieve and return the HTTP method of the current request.,HTTP Method,,,,513,565,47
exist-core/src/main/java/org/exist/xquery/functions/request/RequestModule.java,org.exist.xquery.functions.request.RequestModule,929687b6944d67a9754c11bed9bdc1eda007aeb95f36ddd336f8c600c98b7947,This class defines a collection of functions for accessing and manipulating request-related information within the eXist-DB system.,Request Handling,Module,Service Locator,Factory Method,534,1215,111
exist-core/src/main/java/org/exist/xquery/functions/request/GetScheme.java,org.exist.xquery.functions.request.GetScheme,11ae8e731c8c82a52554a2518ba0c8ec83d875c0c3f3ef1b9b7aff4591cb61eb,"This class is responsible for extracting and returning the scheme (e.g., http, https, or ftp) from the current incoming request.",Request scheme,Strategy,,,1033,598,79
exist-core/src/main/java/org/exist/xquery/functions/request/GetURL.java,org.exist.xquery.functions.request.GetURL,b6f1f3ba24bac07b6caa1a620bdcc296c7576713eba9e320726cceb27c0b83f7,This class provides functionality to retrieve the URL of the current request.,URL Retrieval,Function,Strategy,,475,575,81
exist-core/src/main/java/org/exist/xquery/functions/request/RequestFunction.java,org.exist.xquery.functions.request.RequestFunction,38230e40196ad5a5c90da363f887a1a45a805f8bd14a07b7c648b758285bdec0,"This class serves as an abstract base for functions that require access to the HTTP request, providing a mechanism to evaluate functions with or without request context.",HTTP Request,Strategy,Template Method,,494,634,98
exist-core/src/main/java/org/exist/xquery/functions/map/MapErrorCode.java,org.exist.xquery.functions.map.MapErrorCode,c91716feb6987ec0c8ce5d23f906d690b1205518cabbbff458ba85ff5af7a8d9,"This class represents distinct error codes specifically for mapping operations, providing unique codes and descriptions for various mapping-related issues.",Error Representation,Enumeration,Value Object,,670,447,93
exist-core/src/main/java/org/exist/xquery/functions/map/MapFunction.java,org.exist.xquery.functions.map.MapFunction$MergeDuplicates,e33f973dc3039545d1d0bc5dfe7c86e0723087e41087dc1be5d5a41978c02fb7,"This code defines an enumeration for handling duplicate entries, offering strategies like rejecting, using the first or last encountered, using any, or combining them. It includes a static method to derive the appropriate duplicate handling strategy from a string input.",Duplicate handling strategy,Enum Strategy,Value Object,,636,474,117
exist-core/src/main/java/org/exist/xquery/functions/map/MapFunction.java,org.exist.xquery.functions.map.MapFunction,413fc8043b1a0c2a93fa062d140e98f6d89b015dffe4257646c2c8917ff5c158,"This class provides a collection of functions for manipulating and querying map data structures, including operations for creating, merging, modifying, and retrieving information from maps.",Map operations,Strategy,Command,Facade,613,2749,115
exist-core/src/main/java/org/exist/xquery/functions/map/MapType.java,org.exist.xquery.functions.map.MapType,e1a2074f8d0dc402e2a466620c2dd5f020deab590411785f31576f4b359c6e56,"Represents an XDM map type implemented using an immutable hash-map, handling operations such as adding, retrieving, and merging key-value pairs, while also managing the data types of its keys.",Map implementation,Immutable,Factory (for creating maps),Value Object (based on its immutable nature),577,2083,136
exist-core/src/main/java/org/exist/xquery/functions/map/SingleKeyMapType.java,org.exist.xquery.functions.map.SingleKeyMapType$SingleKeyMapIterator,645f6e60630206e1162b489028015126f2f857c38820f62546f3f5b803392756,"This class provides an iterator for traversing entries within a single-key map structure, allowing access to sequential data associated with an atomic value.",Map Iteration,,,,615,480,59
exist-core/src/main/java/org/exist/xquery/functions/map/SingleKeyMapType.java,org.exist.xquery.functions.map.SingleKeyMapType,43713e42c0c9d1c5e1c4340f08318c436fc5b041e0e51a3bf2702085e8470782,Represents a map-like structure that specifically holds only one key-value pair.,Single Entry Map,Wrapper,Value Object,,614,1137,87
exist-core/src/main/java/org/exist/xquery/functions/map/MapModule.java,org.exist.xquery.functions.map.MapModule,84abd4548a4d50593a77605867e40d7c7a88f1829b97f9b398bea7df798aaa7a,"This class implements the XQuery extension for map data structures, providing a set of functions to manipulate and query maps.",Map functions,Module,Extension,,813,910,91
exist-core/src/main/java/org/exist/xquery/functions/map/MapExpr.java,org.exist.xquery.functions.map.MapExpr$Mapping,aab3823875e16ee2763d39ed06c581b8fbc8c72e94100e4a06b090b9afcea6eb,"Represents a key-value pair for mapping expressions, allowing for state resetting.",Key-value mapping,Value Object,,,663,416,70
exist-core/src/main/java/org/exist/xquery/functions/map/MapExpr.java,org.exist.xquery.functions.map.MapExpr,7fa78f361dca988f0c440a00fb0ba7243d02d8846320011f020f8b02f4617b43,"This class implements the literal syntax for creating maps in XQuery, allowing for the definition and evaluation of key-value pairs within a map structure.",Map creation,Expression,Visitor,Composite,591,889,114
exist-core/src/main/java/org/exist/xquery/functions/map/AbstractMapType.java,org.exist.xquery.functions.map.AbstractMapType$AccessorFunc,1855c48b0a65e4f480edca76b50a6819605821de1825aecf9db6a4b3373c8c50,This class represents a function that accesses and retrieves values from a map using a specified key.,Map accessor,Strategy,Function object,,834,488,87
exist-core/src/main/java/org/exist/xquery/functions/map/AbstractMapType.java,org.exist.xquery.functions.map.AbstractMapType,44a292a53fbab6d88057ea45942efd7ff2e781ad55ff86f2b96f13a5d6d92ffd,"This abstract class defines the fundamental operations for map-like data structures, enabling them to be treated as function items for dynamic calls and providing core functionalities such as adding, merging, checking for keys, retrieval, and size determination.",Map operations,Abstract Base Class,Function Object,Template Method,1088,1898,134
exist-core/src/main/java/org/exist/xquery/functions/fn/FunEnvironment.java,org.exist.xquery.functions.fn.FunEnvironment,56b3aaf4e3eeeac0b6c5a5d39cf38fd71b6c977b4d4513e32627d95f8e191838,"This class provides functions to access environment variables, allowing users to list available variables or retrieve the value of a specific variable, with access restricted to users with DBA privileges.",Environment Access,Adapter,Facade,,525,763,101
exist-core/src/main/java/org/exist/xquery/functions/fn/FunOnFunctions.java,org.exist.xquery.functions.fn.FunOnFunctions,5338f5ed9d76bdb340ec18225daf79cc2ce9d6a4774e5cf99f18ce028295ab75,"This class provides built-in functions for inspecting and retrieving information about other functions, including their names, arities, and enabling the lookup of specific function references.",Function Introspection,Built-in Functions,Facade,,706,1029,104
exist-core/src/main/java/org/exist/xquery/functions/fn/LoadXQueryModule.java,org.exist.xquery.functions.fn.LoadXQueryModule,b37fd44c55d36b55f8bb704e787f2fdaafd86cb6707c9427e7a5f88e413e3cea,"This class implements the `load-xquery-module` function, which dynamically imports an XQuery library module. It exposes the module's public functions and global variables through a map, allowing them to be invoked or accessed within the current XQuery execution context. It also handles optional loading configurations.",Module Loading,Facade,Factory,Interpreter,666,1732,145
exist-core/src/main/java/org/exist/xquery/functions/fn/FunUnordered.java,org.exist.xquery.functions.fn.FunUnordered,62725ca56c70bdb8596171b3bc727bcee094c0acb263b5b06d7b6c221ee7916b,"This class represents the XQuery `fn:unordered` function, which is intended to return its input sequence in an arbitrary order, though currently it has no effect and is included for potential future optimizations.",Function implementation,Strategy,Template Method,,549,857,109
exist-core/src/main/java/org/exist/xquery/functions/fn/FunSort.java,org.exist.xquery.functions.fn.FunSort$FnSortComparator$SortCompareException,20b14b965831bebb04ce40b6d2ef17a4a89845ef50b9e8258b09d93b80137e74,"This class represents a custom exception specifically for handling errors that occur during sorting comparisons, often related to issues with XML processing (XPath).",Sort error,,,,523,392,58
exist-core/src/main/java/org/exist/xquery/functions/fn/FunSort.java,org.exist.xquery.functions.fn.FunSort$FnSortComparator,2c831fa9b627dccb93fa4a8ffb6d9a010835f060fec275b31fb3e240021efc82,"This class provides a custom comparator for sorting sequences of integers based on their underlying sequence values, taking into account deep equality and lexicographical comparison, with optional collation.",Sequence Sorting,Strategy,Comparator,,904,864,100
exist-core/src/main/java/org/exist/xquery/functions/fn/FunSort.java,org.exist.xquery.functions.fn.FunSort,2f68218e4c304480c36e59fbbee83225b58adab2d0f536e2e4d5b220ea660d6b,"This class provides functionality to sort sequences of items, optionally using a specified collation and a key function to determine sort order.",Sequence sorting,Strategy,Template Method,,478,1528,93
exist-core/src/main/java/org/exist/xquery/functions/fn/FunElementWithId.java,org.exist.xquery.functions.fn.FunElementWithId,3092a75b9b6afddb89a3929b139972350a646e97e9b367fc14be075c4a710afc,This class implements a function that retrieves element nodes from an XML document based on matching IDREF values.,Node selection,Function Object,Strategy,,796,773,89
exist-core/src/main/java/org/exist/xquery/functions/fn/FnInnerMost.java,org.exist.xquery.functions.fn.FnInnerMost,544af006ee7876311261a0da7cdc7536b3d6d502e3fd8b3a3c76f5489b9a42f3,"This class implements the 'innermost' XQuery function, which identifies and returns a subset of nodes from an input sequence. The selected nodes are those that do not contain any other node from the same input sequence, ensuring that only the 'deepest' or outermost nodes are returned in document order without duplicates.",Node filtering,Strategy,Template Method,,772,642,131
exist-core/src/main/java/org/exist/xquery/functions/fn/FnFormatIntegers.java,org.exist.xquery.functions.fn.FnFormatIntegers,a152c35c2bf50c9b031029585c480e365353ee0ff0f39d9160c51f9a0bfe299a,"This class implements the `fn:format-integer` function, which formats an integer value into a string based on a provided picture string and optionally a language.",Integer formatting,Function,Command,,601,818,100
exist-core/src/main/java/org/exist/xquery/functions/fn/FunTokenize.java,org.exist.xquery.functions.fn.FunTokenize,1534446db2145a77904baf4a3a0396606f35f3b3990b5093ca7920b757ddd70a,"This class implements the XPath `tokenize` function, which splits an input string into a sequence of substrings based on a provided regular expression pattern and optional flags.",String Tokenization,Function Object,Strategy,,633,813,101
exist-core/src/main/java/org/exist/xquery/functions/fn/FnFormatNumbers.java,org.exist.xquery.functions.fn.FnFormatNumbers$AnalyzeState,c0ba24a4b05a554741273a9f320c27ecfb4171bb15de5e9795430de06eec8e9b,"This enum defines the different states for analyzing a number, specifically distinguishing between the mantissa, integer, fractional, and exponent parts of a number's representation.",Number analysis states,,,,474,399,64
exist-core/src/main/java/org/exist/xquery/functions/fn/FnFormatNumbers.java,org.exist.xquery.functions.fn.FnFormatNumbers$SubPicture,174a50a6fbb84d6e9327541bb159e79331ecab4dcf5a3f133c8067e899f0db74,"This class represents and manages the configuration and state for a sub-picture, which is a component used in analyzing and formatting number strings according to specific rules, including grouping, scaling, and special characters like percentage and per mille signs.",Number formatting,Data Holder,Builder,Value Object,672,1673,133
exist-core/src/main/java/org/exist/xquery/functions/fn/FnFormatNumbers.java,org.exist.xquery.functions.fn.FnFormatNumbers,4f7100ac3e7bac24ebe0e544ef82a5c6faed495d7addb6af503b25f2af9407c5,"Formats a numeric value into a string using a specified picture format and decimal format, handling various numeric types and formatting rules.",Number Formatting,Function Object,Builder,Value Object,714,1885,111
exist-core/src/main/java/org/exist/xquery/functions/fn/FunCurrentDateTime.java,org.exist.xquery.functions.fn.FunCurrentDateTime,e09aba2ed5ef89c72fc565adbe8339d22ab68ac03ad79f1ae3dfd74744d78c64,"Provides functions to retrieve the current date, time, or a combination of both, with timezone information, reflecting the time of query execution.",Current Time,Abstract Factory,Strategy,Template Method,836,894,114
exist-core/src/main/java/org/exist/xquery/functions/fn/FnTransform.java,org.exist.xquery.functions.fn.FnTransform,fc82c7d58eacbffbcac31851186f9f0dc5a1ac7e50f8fe158f37c562f38496a8,"This class provides functionality to execute an XSLT transformation, taking input options and returning the transformation results as a map.",XSLT Transformation,Strategy,Adapter,,604,777,94
exist-core/src/main/java/org/exist/xquery/functions/fn/FunImplicitTimezone.java,org.exist.xquery.functions.fn.FunImplicitTimezone,4f7f6ace8975cdb41301fe41cc0aa601b27e91847aa75e7f7e51ffee84ea7f28,"This class retrieves and returns the implicit timezone from the dynamic context, represented as a DayTimeDuration.",Timezone retrieval,,,,707,575,52
exist-core/src/main/java/org/exist/xquery/functions/fn/FunSerialize.java,org.exist.xquery.functions.fn.FunSerialize,ff4ab1d4f25e52dbc27c7a489a7cd10598c786306852e20d5c0511b59a83b401,"This class provides functionality to serialize sequences of items into string representations, conforming to XSLT and XQuery Serialization specifications. It handles different serialization parameters and normalizes sequences before serialization.",Serialization,Factory,Strategy,,852,1216,103
exist-core/src/main/java/org/exist/xquery/functions/fn/FunIndexOf.java,org.exist.xquery.functions.fn.FunIndexOf,0125c0667a232e8b76e81686d3f950022499ef2d5bc590aa488f23deb0bbf040,"This class implements the index-of function, which finds the positions of items in a sequence that are equal to a given search item, optionally using a specified collation for comparisons.",Sequence Indexing,Function Object,Strategy,,693,1197,105
exist-core/src/main/java/org/exist/xquery/functions/fn/FunString.java,org.exist.xquery.functions.fn.FunString,5c35e22dfab95bd9ea1a76636fc037867a6768ad7023b588fba2a1b520085a93,"This class implements the XPath 'string' function, which converts a given item or the context item to its string representation.",String Conversion,Function Object,Strategy,,720,759,93
exist-core/src/main/java/org/exist/xquery/functions/fn/FunData.java,org.exist.xquery.functions.fn.FunData,f18fd4bec42502a3010754da70f73435a577d41a1e18c04dfab4762bf8b3f6f5,"This class provides functionality to atomize items within an XQuery context, transforming nodes into their typed atomic values.",Data Atomization,Function Object,Strategy,,557,795,92
exist-core/src/main/java/org/exist/xquery/functions/fn/FnFormatDates.java,org.exist.xquery.functions.fn.FnFormatDates,62ca4555aac2dba0cd11d214140717e3a164996b4271db41032474c5b5f55229,"This class provides functionality to format date and time values into strings based on specified picture formats, with support for language and calendar customization.",Date formatting,Strategy,Template Method,Factory Method,636,1820,113
exist-core/src/main/java/org/exist/xquery/functions/fn/ParsingFunctions.java,org.exist.xquery.functions.fn.ParsingFunctions$FragmentSAXAdapter,e1275c325bf2823e9008d5aad47f78c075a252da67b7c553a833c21fcd2f5336,This class adapts the SAX parsing process to handle XML fragments by selectively skipping a fragment wrapper element and ensuring declarations adhere to specific constraints.,Fragment parsing,Adapter,State,,830,696,95
exist-core/src/main/java/org/exist/xquery/functions/fn/ParsingFunctions.java,org.exist.xquery.functions.fn.ParsingFunctions,f9bd9551bc2fca1d25a894a7e61dda18d8e2c79134158c24927adb4940497af7,"This class provides functionality to parse XML strings, either as complete documents or as fragments, and convert them into an XML document node.",XML Parsing,Facade,Adapter,,983,1041,94
exist-core/src/main/java/org/exist/xquery/functions/fn/FunStartsWith.java,org.exist.xquery.functions.fn.FunStartsWith,492410aca5bcbbd13fe23a9653db64b2311d69675b7bee9d7fdb7aaeca58c3f3,"This class implements a function that determines if a source string begins with a specified prefix, taking into account specific collation rules for comparison. It returns a boolean value indicating whether the prefix match is successful.",String prefix check,Strategy,Function Object,,521,1078,109
exist-core/src/main/java/org/exist/xquery/functions/fn/FunRoundHalfToEven.java,org.exist.xquery.functions.fn.FunRoundHalfToEven,601a0fe98b26dac3c30d153135dd1cc949648f701e58a8e85199d8931429c4bd,"This class implements the `round-half-to-even` function, which rounds a numeric value to a specified precision, using a specific rounding rule where values exactly halfway between two possible rounded values are rounded to the nearest even digit.",Numeric Rounding,Strategy,Template Method,,587,1314,117
exist-core/src/main/java/org/exist/xquery/functions/fn/FunCount.java,org.exist.xquery.functions.fn.FunCount,7df76e5bde02e1d56331c43a4b2d905c33625485f1b2dd98a559d8ab7afa4ec0,This class implements a function that counts the number of items in a given sequence and returns that count as an integer.,Count items,Function Object,Strategy,,419,649,92
exist-core/src/main/java/org/exist/xquery/functions/fn/FunName.java,org.exist.xquery.functions.fn.FunName,d144c696f158749b3c1e5677eb71a1fbf8788aa1392f0dbfa73f37f67270a8cd,"This class provides functionality to retrieve the name of a node in an XPath data model, returning it as a string. It handles cases with and without an explicit node argument, defaulting to the context item if none is provided.",Node Naming,Strategy,Template Method,,772,1117,114
exist-core/src/main/java/org/exist/xquery/functions/fn/FunXmlToJson.java,org.exist.xquery.functions.fn.FunXmlToJson,608fd9b37e330349b38db1e58ab80a16bdd8536af3e3d38afe4c390c35046e3b,"This class provides functionality to convert an XML representation of JSON data into a standard JSON string, handling basic string escaping.",XML to JSON conversion,Adapter,Facade,,611,1056,93
exist-core/src/main/java/org/exist/xquery/functions/fn/FunStringJoin.java,org.exist.xquery.functions.fn.FunStringJoin,811dbdc7c011bbaf78818836ea626f94d9db54b87f23f89870e9ac80e16ed8c7,"This class provides functionality to join elements of a sequence into a single string, with an optional separator between elements.",String Joining,Strategy,Template Method,,1045,974,91
exist-core/src/main/java/org/exist/xquery/functions/fn/FunDocumentURI.java,org.exist.xquery.functions.fn.FunDocumentURI,98e822d7a6c00ea00901d75fecb4038497c0b66438d5f41a698bf22488c1b46d,This class provides a function to retrieve the URI of a document from a given node.,Document URI,Function Object,Value Object,,533,704,87
exist-core/src/main/java/org/exist/xquery/functions/fn/FunDateTime.java,org.exist.xquery.functions.fn.FunDateTime,167eea46f4f16ee8863a5da2aadf0f3e6aa87d9d934d35803c821b4e267a600b,"Combines a date and a time to produce a dateTime value, handling timezone intricacies and validating input.",Date/Time Creation,Function Object,Builder,,612,666,91
exist-core/src/main/java/org/exist/xquery/functions/fn/FunQName.java,org.exist.xquery.functions.fn.FunQName,bbf9c1f40b91320f272dfee0086fa34975ee9060171ea45359a053e291cf9fcd,"This class constructs and validates a qualified name (QName) based on a provided namespace URI and a name string, ensuring it conforms to XQuery's QName lexical form and namespace handling rules.",QName construction,Factory,Strategy,,518,873,109
exist-core/src/main/java/org/exist/xquery/functions/fn/FunAdjustTimezone.java,org.exist.xquery.functions.fn.FunAdjustTimezone,82507d95efcc19ba26aca29fd435c9679410038ff4d001a14d44dd3b686a14f5,"This class provides functions to adjust date, time, and date-time values to different timezones, including the system's default timezone or a specified offset, or to remove timezone information.",Timezone Adjustment,Function Object,Strategy,,536,1431,108
exist-core/src/main/java/org/exist/xquery/functions/fn/FunTrace.java,org.exist.xquery.functions.fn.FunTrace,8fe63f9adf72d5d8174ec4f191eecc4af27fa6d9a14f782ba0285bf1935a44ac,"This class logs the execution trace of queries, optionally with a label, and returns the input values unchanged.",Query Logging,Observability Hook,Wrapper,,643,883,91
exist-core/src/main/java/org/exist/xquery/functions/fn/FunPath.java,org.exist.xquery.functions.fn.FunPath,b7fde5166a0811d2972630d808df3508b041bad57fd29769cf2869eb3b68c6d2,This class defines a function that generates an XPath string representing the path to a given node relative to its document root.,Path Generation,Strategy,Template Method,,597,878,92
exist-core/src/main/java/org/exist/xquery/functions/fn/FnModule.java,org.exist.xquery.functions.fn.FnModule,369f58cc4b4dc0dd06436a4da2313ad781088dd8cd53357230c776d45bf8a0db,"This class serves as a registry for XPath functions, mapping function names and signatures to their corresponding implementation classes.",Function Registry,Module,Factory,,567,5769,89
exist-core/src/main/java/org/exist/xquery/functions/fn/FunHigherOrderFun.java,org.exist.xquery.functions.fn.FunHigherOrderFun,6a6e8e2a20afd407ef69b21d0a28208d9f75468045334a3065ddb40aea267192,"This class provides implementations for higher-order functions that operate on sequences and functions, enabling operations like mapping, filtering, and folding.",Function execution,Strategy,Template Method,Higher-Order Function,611,1887,115
exist-core/src/main/java/org/exist/xquery/functions/fn/transform/URIResolution.java,org.exist.xquery.functions.fn.transform.URIResolution$CompileTimeURIResolver,fa9d7e8a6402452642ccd2787c7bc7f653ff4600f5b4012522d2444545d5109f,"This class resolves URI references to source documents during compilation, ensuring that external resources are correctly located and prepared for processing within the XQuery execution context.",URI Resolution,Strategy,Dependency Injection,,556,539,98
exist-core/src/main/java/org/exist/xquery/functions/fn/transform/URIResolution.java,org.exist.xquery.functions.fn.transform.URIResolution,daef4904dea3a2641be4a57e914c3ac63892676d67aa19216aeef34d65d97d57,"This class provides functionality to resolve URIs, handling both relative and absolute paths, and integrating with XMLDB resolution mechanisms when applicable, falling back to standard Java resolution otherwise. It also supports resolving document, stylesheet, or included source locations within an XQuery context.",URI Resolution,Strategy,Template Method,,664,755,121
exist-core/src/main/java/org/exist/xquery/functions/fn/transform/TreeUtils.java,org.exist.xquery.functions.fn.transform.TreeUtils,1da41e9c68603f3923b534f1c26c715794c3406fd2534a9407a21e869a903187,"Provides utility methods for navigating and manipulating tree-like structures, specifically for generating paths, indices, and retrieving nodes based on hierarchical indices, while accounting for differences in how attributes are represented.",Tree Navigation,Utility Class,Helper Methods,,599,676,107
exist-core/src/main/java/org/exist/xquery/functions/fn/transform/Options.java,org.exist.xquery.functions.fn.transform.Options$Option,732daedbf83bca20803dbd2d8ef83ef57cc26e6581e3fc9730900667d11a90bd,"Represents a configuration option with a name, optional default value, and applicability to specific XSLT versions, providing a mechanism to retrieve its value from a map of options.",Configuration Option,Strategy,Template Method,,649,594,104
exist-core/src/main/java/org/exist/xquery/functions/fn/transform/Options.java,org.exist.xquery.functions.fn.transform.Options$SequenceOption,b9c1cb91199d30b7d6ec31470ae78fe39f88c134e2353a884499f6f155ab6a10,"This class represents an option within a sequence, allowing configuration and retrieval of sequence-related settings, potentially with default values and version applicability.",Sequence option,Factory Method,Decorator,Strategy,815,493,113
exist-core/src/main/java/org/exist/xquery/functions/fn/transform/Options.java,org.exist.xquery.functions.fn.transform.Options$ItemOption,636c2588df1ec8c8fdc40bd06b01030c15009a9918074009e9d086cd242d4ee7,Represents an optional configuration setting for an item that can be applied to specific XSLT versions.,Item Option,Strategy,Template Method,,414,472,89
exist-core/src/main/java/org/exist/xquery/functions/fn/transform/Transform.java,org.exist.xquery.functions.fn.transform.Transform$TemplateInvocation,d2f8434e4fe7b16960570f52449adaaa576c4ff4aa2695f89e8512d379d1ef75,"This class orchestrates the invocation of XSLT transformations, handling different types of XSLT calls and managing the results.",Transformation Orchestration,Template Method,Strategy,,572,580,95
exist-core/src/main/java/org/exist/xquery/functions/fn/transform/Transform.java,org.exist.xquery.functions.fn.transform.Transform$ErrorListenerLog4jAdapter,1c7d416bb503934d4733fae83b7d7fd406b00ee0fa5ca25b17b3b41741084868,"This class serves as an adapter to translate `TransformerException` events into log messages using a Log4j logger, thereby integrating XML transformation error handling with the application's logging framework.",Error Logging,Adapter,,,487,534,88
exist-core/src/main/java/org/exist/xquery/functions/fn/transform/Transform.java,org.exist.xquery.functions.fn.transform.Transform$SingleRequestErrorListener,6ba8037f2d04822c93b8f52594e2e4499273922a12fc6a8dad34e325318e8a7f,"This class acts as an error listener specifically for a single request, tracking both general errors and fatal errors encountered during a transformation process, and provides a way to retrieve the most severe error.",Error Aggregation,Observer,State,,691,596,106
exist-core/src/main/java/org/exist/xquery/functions/fn/transform/Transform.java,org.exist.xquery.functions.fn.transform.Transform$PendingException,6b92519355c76422e6a832b23378b583cf7c3ec63a1dd91eee99fa5cd8f39f37,"This class provides a way to signal that an exception has occurred during processing, without requiring a full XPath context.",Exception handling,,,,506,440,53
exist-core/src/main/java/org/exist/xquery/functions/fn/transform/Transform.java,org.exist.xquery.functions.fn.transform.Transform,ad614af30fd241592c0595a2aa7d101036ff67022d60a6e48b09322ab6294fad,"This class orchestrates the transformation of XML content using XSLT versions 1.0, 2.0, and 3.0. It manages stylesheet compilation, parameter setting, transformation execution, and the post-processing and delivery of the output, supporting both cached and uncached XSLT executables, as well as the generation of secondary result documents.",XSLT Transformation,Facade,Proxy,Template Method,707,1767,162
exist-core/src/main/java/org/exist/xquery/functions/fn/transform/Delivery.java,org.exist.xquery.functions.fn.transform.Delivery$Format,8f8bed23b7800e70dfe8a1fc5b1db8323643dc176197bbc0fe0eb7545bacb11c,"This enum defines a set of formats that can be used for representing or processing data, including document, serialized, and raw representations.",Data Formatting,,,,474,381,57
exist-core/src/main/java/org/exist/xquery/functions/fn/transform/Delivery.java,org.exist.xquery.functions.fn.transform.Delivery,527d958b2ca4fdf2f6fd760cd205f451092111a40824335c523bf8280b859df5,"This class handles the delivery of data in various formats. It can serialize data into strings, convert it to an eXist XDM value, or return the original document. The class manages different destination types based on the desired output format.",Data Delivery,Strategy,Adapter,,610,638,116
exist-core/src/main/java/org/exist/xquery/functions/fn/transform/Convert.java,org.exist.xquery.functions.fn.transform.Convert$ToExist,e5f66d2ba25855cec513b07c3d9cdc0bed4f62e5ac89fe8ad464cde35c685da0,"This class provides static methods to convert XDM (XML Data Model) values, items, and nodes into an internal existential representation. It handles the conversion of atomic values and XML nodes, ensuring proper representation and throwing exceptions for failed conversions.",XDM Conversion,Utility Class,Factory,,672,559,117
exist-core/src/main/java/org/exist/xquery/functions/fn/transform/Convert.java,org.exist.xquery.functions.fn.transform.Convert$ToSaxon,81cd6c075221589a0b8f46d9a455dd1176c66cd737f932c4c6f1c49bbd405038,"This class serves as a bridge, converting various internal data types and structures into Saxon's XDM (XPath Data Model) representation, enabling interoperability with the Saxon XSLT/XPath processor.",Data Conversion,Adapter,Facade,,648,813,108
exist-core/src/main/java/org/exist/xquery/functions/fn/transform/Convert.java,org.exist.xquery.functions.fn.transform.Convert,1d7a86d90538b1227340a1e9f21c48abcf400624e106212c85c6944b208f2d09,"This class provides utilities for converting between eXist-db data types and Saxon's XDM (eXist Data Model) types, specifically for use with the XSLT transformer.",Type Conversion,Utility Class,Static Factory,,755,907,109
exist-core/src/main/java/org/exist/xquery/functions/fn/transform/SerializationParameters.java,org.exist.xquery.functions.fn.transform.SerializationParameters$ParameterInfo,bd74356738a1209952cc28a34091589bd080989c8feb7da3fc48b1bb37e43e95,"This class represents metadata for a parameter, including its default value, whether it accepts multiple values, and a list of associated types.",Parameter metadata,Value Object,Data Transfer Object,,569,435,97
exist-core/src/main/java/org/exist/xquery/functions/fn/FunBoolean.java,org.exist.xquery.functions.fn.FunBoolean,01822915a801d871e3e50f7964f72791bbe23a48dec1374477b6ebdb8679284f,This class represents an XPath function that converts a sequence of items into a single boolean value based on their effective boolean value.,Boolean conversion,,,,381,621,55
exist-core/src/main/java/org/exist/xquery/functions/fn/FunGenerateId.java,org.exist.xquery.functions.fn.FunGenerateId,7fd8afb3308b81cd73e43e1210f0afa913089c21973a1cf82533068bba9b41a8,"This function generates a unique string identifier for a node, optionally taking the node from the current context. The identifier is composed of the node's type, document ID, and node ID.",ID Generation,Factory,Strategy,,742,623,106
exist-core/src/main/java/org/exist/xquery/functions/fn/FunSubSequence.java,org.exist.xquery.functions.fn.FunSubSequence,b9ce85a13a4832771e9531fc1be5ff9a7e9c833ebbe58b6398f700337f14d86b,"This class implements the `fn:subsequence` function, which extracts a portion of a sequence based on a starting position and an optional length.",Sequence slicing,Strategy,Template Method,,623,1139,98
exist-core/src/main/java/org/exist/xquery/functions/fn/FunAbs.java,org.exist.xquery.functions.fn.FunAbs,dfc41ced9dd14b7a709a009508ed3ef52b8bb029eade39d33d85eb749368c9dc,This class calculates and returns the absolute value of a given numeric input.,Absolute value,Value Object,Immutable,,534,657,83
exist-core/src/main/java/org/exist/xquery/functions/fn/FunIRIToURI.java,org.exist.xquery.functions.fn.FunIRIToURI,ba35879846a2befac2feca85d19679a94fe54e8a340fbcf8c3167b212648369a,"This class implements a function to convert an Internationalized Resource Identifier (IRI) string into a Uniform Resource Identifier (URI) string, adhering to RFC 3987 and RFC 3986 standards, including handling invalid characters and ensuring uppercase hexadecimal encoding for percent-encodings.",IRI to URI,Function,String Manipulation,Encoding/Escaping,640,1092,148
exist-core/src/main/java/org/exist/xquery/functions/fn/FunFloor.java,org.exist.xquery.functions.fn.FunFloor,abf98e1a38cc67dcda9d3d5d1d3fafc003ada5699caf2cffa04978c8067609fe,"Calculates the floor of a numeric value, returning the largest number not greater than the input. If the input is an empty sequence, it returns an empty sequence.",Numeric Floor,,,,472,637,64
exist-core/src/main/java/org/exist/xquery/functions/fn/FunGetDateComponent.java,org.exist.xquery.functions.fn.FunGetDateComponent,d987f2855eb024f798906464ad2074623284b3fb4d53b8b9d9fd7639ccbce4ec,"This class defines functions for extracting specific components (day, month, year, hour, minute, second, and timezone) from date, time, and date-time values.",Date/Time Extraction,Function Object,Component,,557,2827,106
exist-core/src/main/java/org/exist/xquery/functions/fn/FunReplace.java,org.exist.xquery.functions.fn.FunReplace,4039de16818c78f778979d7f191b9fc999bd3d2025236a3919dc187b8bb8801e,"This function replaces occurrences of a pattern within a string with a specified replacement string, optionally using flags to modify the replacement behavior. It performs validation on the pattern and replacement strings to ensure they are well-formed and compatible with the specified flags. If the input string is empty, it returns an empty string. The function leverages a regular expression engine for pattern matching and replacement.",String Replacement,Strategy,Template Method,,746,1433,143
exist-core/src/main/java/org/exist/xquery/functions/fn/FnRandomNumberGenerator.java,org.exist.xquery.functions.fn.FnRandomNumberGenerator$NextFunction,a237b2fd4d1b82c9c28a00708f95d50082aacbe29e9ba3b03c8839f92e85ba10,This class provides functionality to generate a sequence of random numbers and handles the visiting of expressions during evaluation.,Random generation,Strategy,Visitor,,499,513,88
exist-core/src/main/java/org/exist/xquery/functions/fn/FnRandomNumberGenerator.java,org.exist.xquery.functions.fn.FnRandomNumberGenerator$PermuteFunction,5942e266d70ddb20c51a1bd056b2801984ad40ce613891999ee9738b3955babd,This class defines a user-defined function for randomly shuffling items in a sequence and incorporates a mechanism to ensure the visitor pattern is applied only once.,Random permutation,User Defined Function,Visitor,,508,514,99
exist-core/src/main/java/org/exist/xquery/functions/fn/FnRandomNumberGenerator.java,org.exist.xquery.functions.fn.FnRandomNumberGenerator$XORShiftRandom,ffc6941ae931b04ae8478c12960e0213315ad53ab050e78170bf0b6bd0e1c30f,"This class provides a pseudorandom number generator using the XORShift algorithm, allowing for the generation of random integers and long values, as well as creating copies of its current state.",Random Number Generation,State,Value Object,Copy Method,582,665,124
exist-core/src/main/java/org/exist/xquery/functions/fn/FnRandomNumberGenerator.java,org.exist.xquery.functions.fn.FnRandomNumberGenerator,492a1c2a9e1c9f8639166b36a66e65df7c64f09d50f515629ecba7726de6a0b5,"This function provides a random number generator, capable of producing sequences of random numbers with an optional user-provided seed.",Random generation,Factory,Strategy,,482,1176,91
exist-core/src/main/java/org/exist/xquery/functions/fn/FunSubstringBefore.java,org.exist.xquery.functions.fn.FunSubstringBefore,afd2144d338e14cc3c6fcc1eeab9864aebf86698690046bb8847d3954b2931e2,"This class implements the XPath `substring-before` function, which returns the portion of a string that appears before a specified delimiter. It supports an optional collation argument for custom string comparison.",String Manipulation,Function Implementation,Built-in Function,,647,1050,109
exist-core/src/main/java/org/exist/xquery/functions/fn/FunAnalyzeString.java,org.exist.xquery.functions.fn.FunAnalyzeString,a70ff5a71fb17d8f814599f729e27f8cb9520947594e08c390abc37d2149fad5,"This class implements the XPath and XQuery 3.0 `fn:analyze-string()` function, which analyzes a string using a regular expression and returns an XML structure detailing matches, non-matches, and capturing groups.",String analysis,Strategy,Template Method,,571,1173,114
exist-core/src/main/java/org/exist/xquery/functions/fn/FunStrLength.java,org.exist.xquery.functions.fn.FunStrLength,949353fd6d6ac0f3c00436df38e3ca08eeca15baa1c64795e538d947746dc2da,"This class represents the built-in `fn:string-length` XQuery function, which calculates and returns the number of characters in a given string.",String length,Function,Built-in,,513,914,101
exist-core/src/main/java/org/exist/xquery/functions/fn/JSON.java,org.exist.xquery.functions.fn.JSON,0100e8fae640a9204338e519598ee9eb64d55500f31b6ef0a4df2d4f1d913397,"This class provides functionality for parsing JSON text and resources, converting JSON to XML, and managing JSON parsing options within an XQuery environment.",JSON processing,Facade,Adapter,Utility,683,1698,112
exist-core/src/main/java/org/exist/xquery/functions/fn/CollatingFunction.java,org.exist.xquery.functions.fn.CollatingFunction,4907f9c6f0907901848587ede56479d5e3bbc0c153815bcf5d1170e0b1330a3f,"This abstract class serves as a foundation for functions that require an optional collation argument, providing a mechanism to retrieve a collator based on the context and provided arguments.",Function base,Template Method,Abstract Base Class,,568,596,103
exist-core/src/main/java/org/exist/xquery/functions/fn/FunTrueOrFalse.java,org.exist.xquery.functions.fn.FunTrueOrFalse,3899db9f4a2873922c91226e7b0b91d887c226aff98cd3e753a5c80ee12e247d,This class provides built-in functions for returning boolean literals 'true' and 'false' within an XQuery context.,Boolean Literals,Factory,Strategy,,518,696,93
exist-core/src/main/java/org/exist/xquery/functions/fn/FunCodepointEqual.java,org.exist.xquery.functions.fn.FunCodepointEqual,fc20aac9617eab2411112a9beec269dd685dde0c6ade5c92390302bcf6b95325,Compares two strings for equality based on their Unicode code points.,String Comparison,Function,Strategy,,502,878,81
exist-core/src/main/java/org/exist/xquery/functions/fn/FunLocalName.java,org.exist.xquery.functions.fn.FunLocalName,d21fb8a1cff6c3a2e84e23a1705ffc508669c524963c1c58a9ce5970eea8809e,"This class represents the built-in XPath function `local-name()`, which extracts the local part of a node's name as an xs:string.",Name Extraction,Function Object,Strategy,,726,1012,101
exist-core/src/main/java/org/exist/xquery/functions/fn/FunEncodeForURI.java,org.exist.xquery.functions.fn.FunEncodeForURI,7aad30db5411e2f236bd4bd94607c82dc2f60d580176cb25b6843a30296729ee,Encodes a URI component by escaping reserved characters with their percent-encoded equivalents according to RFC 3986.,URI Encoding,,,,335,626,55
exist-core/src/main/java/org/exist/xquery/functions/fn/FunSubstring.java,org.exist.xquery.functions.fn.FunSubstring,9c1a07dadb3a056e9bee94d4d96c477b8cd1c28b6e672c7262b9bb8d0b213732,"This class provides functionality to extract substrings from a source string, supporting variations in specifying the starting position and the length of the desired substring.",Substring extraction,Function,Strategy,,504,1612,95
exist-core/src/main/java/org/exist/xquery/functions/fn/QNameFunctions.java,org.exist.xquery.functions.fn.QNameFunctions,fcbe3795943d4a323c80618b29305ef2ec5212b8d5bb0049795c80f55dff6f5e,"This class provides functions to extract components (prefix, local name, namespace URI) from a qualified name (QName).",QName extraction,Utility,Facade,,526,953,94
exist-core/src/main/java/org/exist/xquery/functions/fn/FunUnparsedText.java,org.exist.xquery.functions.fn.FunUnparsedText,11e6c9be350c39756064c99aa799cf16fa41cc8494fcdf0397c288d599d4713b,"This class provides functions to read external text resources, either as a single string or as a sequence of lines, and to check for the availability of these resources, with support for specifying character encoding.",External Text Reading,Function Object,Template Method,Strategy,774,1037,127
exist-core/src/main/java/org/exist/xquery/functions/fn/FunExactlyOne.java,org.exist.xquery.functions.fn.FunExactlyOne,ce3f1cf247a3ff6a84e63c21c5ebbf5120a2365caa2e64659a81128d38c05ba5,"This class implements a function that checks if a given sequence contains exactly one item and returns that item if it does, otherwise it raises an error.",Sequence validation,Function Object,Expression,,551,722,98
exist-core/src/main/java/org/exist/xquery/functions/fn/FunParseIetfDate.java,org.exist.xquery.functions.fn.FunParseIetfDate$Parser,b3371d0752178030cd591eae1f5153afd56b27d219873d074e92536b6dc3b71f,"This class is responsible for parsing a string representation of an IETF formatted date and time and converting it into an XMLGregorianCalendar object. It handles various components of the date and time, including day names, month names, years, hours, minutes, seconds, fractional seconds, and timezones, throwing an exception if the input string is not valid.",Date Parsing,Parser,Builder,State Machine,693,1486,157
exist-core/src/main/java/org/exist/xquery/functions/fn/FunParseIetfDate.java,org.exist.xquery.functions.fn.FunParseIetfDate,bb40313dda64e728b4dd96cca2c257a9762d0c66a2dba1fe0408e376279c6681,This class provides functionality to parse a string formatted according to RFC 3339 (IETF date-time) and convert it into an xs:dateTime representation.,Date Parsing,Function,Builder,Strategy,595,1814,119
exist-core/src/main/java/org/exist/xquery/functions/fn/FunId.java,org.exist.xquery.functions.fn.FunId,e6fe98dc65a6a243ea2e1441aa5b2e20b99c905fb6e7b1003446f5b6e895d21d,"This class implements a function that retrieves nodes based on their ID, supporting searches within a specific document context or across all available documents.",ID lookup,Function,Expression,,508,1008,94
exist-core/src/main/java/org/exist/xquery/functions/fn/FunLang.java,org.exist.xquery.functions.fn.FunLang,e55dc6472389d1bb4054fd35d3a320e2b911134b7ceb4a8aceb3aea17d0a01e2,"This class implements the built-in XQuery `lang` function, which tests if a given language tag matches the language of a node or the context item, considering language subtag rules.",Language testing,Interpreter,Strategy,,679,1201,106
exist-core/src/main/java/org/exist/xquery/functions/fn/FunDefaultCollation.java,org.exist.xquery.functions.fn.FunDefaultCollation,cafaf997481de079b0d57ef0dfe61796cabec17a07067213b0e79b9584538502,"This class provides a built-in function that returns the default collation of the current context, typically used for string comparisons in XPath expressions.",Default collation,Strategy,Function Object,,507,582,96
exist-core/src/main/java/org/exist/xquery/functions/fn/FunPosition.java,org.exist.xquery.functions.fn.FunPosition,e1b595c7efd9aada60ebb48df8f75c33876acaebb22186523a6fb722f532a0bd,This class provides a function to retrieve the current position within a sequence as defined by the XPath `position()` function. It is designed to work within an XQuery execution context and will raise an error if the context position is not defined.,Position retrieval,Built-in Function,Contextual Evaluation,,760,620,120
exist-core/src/main/java/org/exist/xquery/functions/fn/FunNamespaceURIForPrefix.java,org.exist.xquery.functions.fn.FunNamespaceURIForPrefix,335ad099fe1d0d1a22d3442bd14c0a816f83394f08771fa88b0fede6a12464e5,"This function retrieves the namespace URI for a given element based on its namespace prefix. It handles cases for explicit prefixes, the default namespace (empty prefix), and returns an empty sequence if no matching namespace is found.",Namespace resolution,Function Object,Strategy,,716,768,111
exist-core/src/main/java/org/exist/xquery/functions/fn/FunNot.java,org.exist.xquery.functions.fn.FunNot,d9b69938d1a44b406e34b4ab4ad6824cd731a21546424c2175821f9512a05c36,"This class implements the XPath 'not()' function, which returns the negation of the effective boolean value of its input argument.",Boolean negation,Function,Strategy,,486,901,92
exist-core/src/main/java/org/exist/xquery/functions/fn/FunAvg.java,org.exist.xquery.functions.fn.FunAvg,f836d75cc3cc28d122be22852925dafc0c960589975fd3cf7411da467604745f,"This class calculates the average of a sequence of numeric values, handling various data types and potential special numeric values like infinity and NaN.",Average calculation,Function,Strategy,,627,729,94
exist-core/src/main/java/org/exist/xquery/functions/fn/FunRoot.java,org.exist.xquery.functions.fn.FunRoot,7e3a1744ea1928d7fd58e0977747ad0e2d2ad86c8a49644e61865af6fad1db95,"This class implements the 'root' function, which returns the root node of the tree containing a given context item or a specified node.",Node root retrieval,Function Object,Strategy,,576,917,97
exist-core/src/main/java/org/exist/xquery/functions/fn/FunInsertBefore.java,org.exist.xquery.functions.fn.FunInsertBefore,78ae9683685fe2a78094f00811995a58e21f7ab81a6beebbf62dd8998e7059f3,This class implements a function that creates a new sequence by inserting one sequence into another at a specified position.,Sequence insertion,Function Object,Template Method,,617,950,91
exist-core/src/main/java/org/exist/xquery/functions/fn/FunReverse.java,org.exist.xquery.functions.fn.FunReverse,192c575165513d332e8d9e5f0207a263de3e105c49ef4ae263772116fa7ee42c,"This class implements a function that reverses the order of items in a sequence, returning an empty sequence if the input is empty.",Sequence reversal,Strategy,Template Method,,490,749,94
exist-core/src/main/java/org/exist/xquery/functions/fn/ExtCollection.java,org.exist.xquery.functions.fn.ExtCollection,5d561cd5271d90f7a6fe9e8b869c4eef3c5911a71954247dabd1383709be889a,"This class retrieves documents from a specified collection URI, optionally including documents from sub-collections. If no URI is provided, it uses a default or statically known collection.",Collection retrieval,Function,Template Method,Factory Method,893,917,120
exist-core/src/main/java/org/exist/xquery/functions/fn/FunStringToCodepoints.java,org.exist.xquery.functions.fn.FunStringToCodepoints,4543550d91f65c7a943aab6e639c4ddb9fd9b20af2b0ca5cf573a8c7dc7ee2b4,This class converts an input string into a sequence of its constituent Unicode code points.,String to Code Points,Function,Utility,,569,1321,86
exist-core/src/main/java/org/exist/xquery/functions/fn/FunInScopePrefixes.java,org.exist.xquery.functions.fn.FunInScopePrefixes,8bc2b9879e62e3bb8fd0cd087153fb7e28697db7b1f0ab931771544327bc6c4c,"This class provides functionality to retrieve and process namespace prefixes that are currently active within the scope of an XML element, including handling default namespaces and potentially excluding specific predefined prefixes.",Namespace processing,Strategy,Visitor,,562,772,101
exist-core/src/main/java/org/exist/xquery/functions/fn/FunNumber.java,org.exist.xquery.functions.fn.FunNumber,d6426b7356ee6397f5176f1f33f9fabd9efab94e80824b185691e3b00abcf492,"This class implements the XPath `number()` function, which converts its input (either a context item or a specified argument) into an `xs:double`. It handles various conversion scenarios, including empty sequences and non-numeric types, by returning `NaN` or raising an error as per XPath specifications.",Numeric Conversion,Strategy,Function Object,,667,1104,129
exist-core/src/main/java/org/exist/xquery/functions/fn/FunRoundBase.java,org.exist.xquery.functions.fn.FunRoundBase,d6f36aa7ac2acf376b57c86d4119275736c7c2abd6cf65943abe7113f6f439f0,"This abstract class serves as a foundation for rounding functions, providing a core evaluation mechanism that defers the specific rounding mode to its subclasses.",Rounding logic,Template Method,Strategy,Abstract Base Class,539,714,115
exist-core/src/main/java/org/exist/xquery/functions/fn/FunRemove.java,org.exist.xquery.functions.fn.FunRemove,877314f8c5c361fb70c9ad15b2a569c5b3f05ab38f85e5551d558420f2a52842,"This class implements a function that removes an item from a sequence at a specified position, returning a new sequence without the removed item. If the position is invalid, the original sequence is returned.",Sequence manipulation,Function,Strategy,,2117,777,106
exist-core/src/main/java/org/exist/xquery/functions/fn/FunResolveURI.java,org.exist.xquery.functions.fn.FunResolveURI,026755da298e92284198319bf85824fbf404b11cce4b6d909f08150ac2eb8b04,"This class implements the `resolve-uri()` function, which resolves a relative URI against a base URI to produce an absolute URI, handling various cases and error conditions.",URI Resolution,Function Object,Strategy,,495,1038,102
exist-core/src/main/java/org/exist/xquery/functions/fn/FunCompare.java,org.exist.xquery.functions.fn.FunCompare,eba26654911ddb962e78951e93f026cb4b2b4b68f923c0c804168782639eea44,"This class provides functionality to compare two strings using a specified collation, returning an integer that indicates their lexicographical order.",String Comparison,Strategy,Facade,,462,1307,91
exist-core/src/main/java/org/exist/xquery/functions/fn/FunEmpty.java,org.exist.xquery.functions.fn.FunEmpty,ea719250c3e8ebad29d5cda231149d16b368f59fd1a72cb7d11bccb5480b375b,This function checks if a provided sequence of items is empty. It returns true if the sequence is empty and false otherwise.,Empty Sequence Check,Command,Strategy,,593,591,93
exist-core/src/main/java/org/exist/xquery/functions/fn/FunUpperOrLowerCase.java,org.exist.xquery.functions.fn.FunUpperOrLowerCase,da6e99d24a8fe521b550a6f7a0f77c2a6a0bc2e714d2aa6a9f78cd81bff6deb2,"This class provides functionality to convert text to either uppercase or lowercase based on Unicode case mappings, handling various Unicode versions and locale-insensitivity.",Case Conversion,Function Object,Strategy,,534,1043,97
exist-core/src/main/java/org/exist/xquery/functions/fn/FunDeepEqual.java,org.exist.xquery.functions.fn.FunDeepEqual$UnexpectedItemTypeException,2c9762e0e63188e2926164ed7dad589f7012886acb87c23db68dd90fedf14175,This class represents a custom exception that is thrown when an item of an unexpected type is encountered during processing.,Error Handling,,,,345,393,52
exist-core/src/main/java/org/exist/xquery/functions/fn/FunDeepEqual.java,org.exist.xquery.functions.fn.FunDeepEqual,b0bdedf02b4f97d88cb41feb325a287a69d927af953072b887babaf04b4682f1,"This class provides functionality to compare two sequences or individual items for deep equality, optionally using a specified collation for string comparisons.",Deep Equality,Strategy,Visitor,Template Method,907,2033,110
exist-core/src/main/java/org/exist/xquery/functions/fn/FunEndsWith.java,org.exist.xquery.functions.fn.FunEndsWith,76b18aff03c8a664bb72fae8a2fa4580dce359f8a79f17d3784e8b04ab81e128,"This class implements a function that checks if a given string ends with a specified suffix, optionally considering a specific collation for comparison. It handles cases where input strings might be empty sequences.",String suffix check,Strategy,Function Object,,556,996,106
exist-core/src/main/java/org/exist/xquery/functions/fn/FunNilled.java,org.exist.xquery.functions.fn.FunNilled,ca5618836d6556bc09b32aa481d35004566af74662c526450b8a193e813818cf,"This class implements a built-in function that checks if an argument node is 'nilled' according to schema instance attributes, returning a boolean or an empty sequence depending on the input.",Node nil check,Strategy,Function Object,,547,752,107
exist-core/src/main/java/org/exist/xquery/functions/fn/FunUriCollection.java,org.exist.xquery.functions.fn.FunUriCollection,0c603967286527286236180176a75ce32ecc68bc24449c392bc649159f3c9387,"This class provides functionality to retrieve a sequence of URIs from a URI collection, with options to filter by content type and apply pattern matching.",URI Collection,Function Object,Strategy,,551,1366,97
exist-core/src/main/java/org/exist/xquery/functions/fn/FunDoc.java,org.exist.xquery.functions.fn.FunDoc,079405b2d7221764de1700310fcb0491dcea3b690cbc00976a8c0b4806401901,"This class implements the built-in `fn:doc()` function, which retrieves a document node from a given URI. It is intended to be a placeholder for a future, more robust XQuery implementation.",Document retrieval,Facade,Function Object,,492,819,110
exist-core/src/main/java/org/exist/xquery/functions/fn/FunSum.java,org.exist.xquery.functions.fn.FunSum,c35c6bdde4251e7dd553c27cc8c0bc72fac0bb8bf63dd68b42f7503e5365dc24,"This class provides functionality to sum a sequence of numeric values, with an option to specify a default value if the sequence is empty.",Numeric summation,Facade,Strategy,,497,883,94
exist-core/src/main/java/org/exist/xquery/functions/fn/FunBaseURI.java,org.exist.xquery.functions.fn.FunBaseURI,a2215f7c3b531085815ffea185f742626c89e8b35b748dab0fa16ca96d5e1f8b,"This class provides functions to retrieve the base URI of a node, either from the current context or from a specified node, and the static base URI of the context.",Base URI retrieval,Function Object,Domain Logic,,587,937,104
exist-core/src/main/java/org/exist/xquery/functions/fn/FunSubstringAfter.java,org.exist.xquery.functions.fn.FunSubstringAfter,411afb70cb516f3d72c218e05d97fd62fc63346f980780351e11775e51266eec,"This class provides functionality to extract a substring from a source string that appears after a specified search string, with support for optional collation.",String manipulation,Facade,Strategy,,5278,1074,94
exist-core/src/main/java/org/exist/xquery/functions/fn/FunMatches.java,org.exist.xquery.functions.fn.FunMatches,d161165127c58c6d3b097abd0bc58c763db9ffac1667c0f888980c746379656f,"This class implements the fn:matches() function, which checks if an input string matches a given regular expression pattern, optionally influenced by flags. It supports two variations: one with an input string and a pattern, and another that also includes flags to modify the matching behavior.",Regular expression matching,Function Object,Strategy,Template Method,739,2160,142
exist-core/src/main/java/org/exist/xquery/functions/fn/FunCollationKey.java,org.exist.xquery.functions.fn.FunCollationKey,8097d41c27bc6937d7b79d12cd8cea9a657832d56d72c965bb52627f1c67bce2,"This class provides functionality to generate a collation key for a given string, using an optional specified collation, which allows for locale-aware string comparison and ordering.",String collation,Strategy,Function Object,,479,717,100
exist-core/src/main/java/org/exist/xquery/functions/fn/FunNodeName.java,org.exist.xquery.functions.fn.FunNodeName,09de0e891e20fff2b8271e199ae2d2e9a3ea01c23b698aa589cc9571149692f2,"This class implements the built-in XQuery function `fn:node-name`, which returns the expanded QName of a given node, or an empty sequence if the node cannot have a name or is not provided.",Node Naming,Strategy,Function Object,,588,796,114
exist-core/src/main/java/org/exist/xquery/functions/fn/FunOneOrMore.java,org.exist.xquery.functions.fn.FunOneOrMore,2e762b31c191fb07fc517df3eb0c02812648259665029780a910167f6cab358d,"This class implements a function that checks if a given sequence contains one or more items, returning the sequence if it does, and raising an error otherwise.",Sequence validation,Strategy,Expression,,493,691,98
exist-core/src/main/java/org/exist/xquery/functions/fn/FunCeiling.java,org.exist.xquery.functions.fn.FunCeiling,75852f2d4a0fedf3c5368ac71485b80904315ad53abe0dd56ea7309efb9339a8,This class implements a function that returns the smallest number with no fractional part that is not less than the input number.,Numeric ceiling,Function Object,Value Object,,530,647,93
exist-core/src/main/java/org/exist/xquery/functions/fn/FunContains.java,org.exist.xquery.functions.fn.FunContains,11bed425c7c6dc7e13aa96981bc2a6205c8db7568ca7b9e3a34b8c42a1281bad,"This class implements functions to check if a source string contains a substring, with an option to specify a collation for the comparison.",String containment,,,,491,1003,56
exist-core/src/main/java/org/exist/xquery/functions/fn/FunRound.java,org.exist.xquery.functions.fn.FunRound,907591b2c461605cdc1f2dbdd42a43e26a1fc66b5407a73d8d37184e33dd0554,"This class implements the `fn:round()` function, which rounds a number to a specified precision using a specific rounding mode (rounding halves towards positive infinity). It handles various numeric types and edge cases like NaN and infinities.",Rounding Function,Template Method,Strategy,,605,1150,114
exist-core/src/main/java/org/exist/xquery/functions/fn/FunLast.java,org.exist.xquery.functions.fn.FunLast,2c541ba78630429d487d8b70b92e314c34b426fcefd671b8a69ced385c3fc82b,"This class provides the `last()` function, which returns the size of the current context sequence. If the context item is undefined, it raises an error.",Context Size,Function Object,Singleton,,507,960,100
exist-core/src/main/java/org/exist/xquery/functions/fn/FnOuterMost.java,org.exist.xquery.functions.fn.FnOuterMost,31623516650d562d62242969b26d5e68fbb1ca7a899c455c64f815b544559f46,This class implements a function that identifies and returns nodes from an input sequence that do not have any ancestors also present in that same input sequence. It ensures the output is ordered and unique.,Node Filtering,Command,Abstract Method,,506,654,106
exist-core/src/main/java/org/exist/xquery/functions/fn/FunEquals.java,org.exist.xquery.functions.fn.FunEquals,0c1a0bf44811b8ba355ee9915a87ead78ed5db9d255f2e7301d17623b4881068,"This class provides functionality to compare two strings for equality, optionally using a specified collation.",String comparison,,,,404,986,48
exist-core/src/main/java/org/exist/xquery/functions/fn/FunIdRef.java,org.exist.xquery.functions.fn.FunIdRef,9f7ea2b58ad72448246f2ea049119aec485766095782986db8dcef55af09d3b2,"This class implements a function that retrieves nodes based on IDREF values, allowing for searches within a document or a specified set of documents.",ID Reference Resolution,Strategy,Template Method,,510,964,97
exist-core/src/main/java/org/exist/xquery/functions/fn/FunNamespaceURI.java,org.exist.xquery.functions.fn.FunNamespaceURI,4919ad5c52e05b1abb192f6f4526985db3bb8285d0032d998651e64671aa0735,"This class implements the `namespace-uri()` XPath function, which retrieves the namespace URI associated with a qualified name (QName) of a given node or the context item.",Namespace retrieval,Function,Expression evaluation,,546,994,104
exist-core/src/main/java/org/exist/xquery/functions/fn/FunMin.java,org.exist.xquery.functions.fn.FunMin,c2c1bb49327cebf1483e0fd4e478af8d48578635486d5245978d74a635e279a5,"This class implements a function that finds and returns the minimum value from a given sequence of items, considering specific rules for type casting, comparison, and error handling based on the input data types and an optional collation.",Minimum value,Strategy,Template Method,,654,1500,111
exist-core/src/main/java/org/exist/xquery/functions/fn/FunError.java,org.exist.xquery.functions.fn.FunError,b2ff5b40e6f97904f6372e8770b73b26a23cde17805385a2b4907df5bbf79bc1,"This class represents a function that signals an irrecoverable error, immediately terminating script execution with an exception and providing customizable error details.",Error Handling,Factory (Method),Template Method,,638,1184,97
exist-core/src/main/java/org/exist/xquery/functions/fn/FunZeroOrOne.java,org.exist.xquery.functions.fn.FunZeroOrOne,73dd5e34f4675a3cde6dfcaf49a20c3a040656040dfe091b4fe2b57996e60901,"This function validates that an input sequence contains zero or one items, returning the sequence if the condition is met or raising an error otherwise.",Sequence validation,Strategy,Function,,609,706,95
exist-core/src/main/java/org/exist/xquery/functions/fn/FunNormalizeSpace.java,org.exist.xquery.functions.fn.FunNormalizeSpace,cfe96e9b7447a8726368dd25a4e1113815c1c787319d349fe1399f0123206b56,"This class provides functionality to normalize whitespace within a string, specifically by stripping leading and trailing whitespace and replacing multiple internal whitespace characters with a single space.",String normalization,Function Object,Facade,,1872,1160,98
exist-core/src/main/java/org/exist/xquery/functions/fn/FunResolveQName.java,org.exist.xquery.functions.fn.FunResolveQName,b7aa74606daf329b800b54f1391b868c931a0de55a10b999f3e0ef7899529645,This class implements a function that resolves a qualified name (QName) string into an expanded QName value by looking up namespace bindings within a given element's context.,QName Resolution,Factory,Strategy,,502,1413,103
exist-core/src/main/java/org/exist/xquery/functions/fn/FnHasChildren.java,org.exist.xquery.functions.fn.FnHasChildren,625141fe06c96052a0d6afd5d0b132c1d72d7cd271d3f7a78d7aadc5c03feab3,"This function checks if a given node or the current context item possesses any child nodes, returning a boolean value indicating the presence of children.",Node check,Strategy,Function Object,,505,734,96
exist-core/src/main/java/org/exist/xquery/functions/fn/FunEscapeHTMLURI.java,org.exist.xquery.functions.fn.FunEscapeHTMLURI,2b1fceaa5ad8c75545ef09beb6aa44c6f4bcc37532242fb62524fffb04b59488,"This function takes a URI string and replaces non-printable ASCII characters with their hexadecimal escape sequences, returning the processed string. If the input is an empty sequence, it returns an empty string.",URI Escaping,Strategy,Function Object,,543,665,108
exist-core/src/main/java/org/exist/xquery/functions/fn/FunConcat.java,org.exist.xquery.functions.fn.FunConcat,709bb8bf873537bf15e37756af1b68cc87eb17edff7b5cf89772cde940a04775,"This class implements a function that concatenates two or more atomic values into a single string, treating empty sequences as empty strings.",String concatenation,Strategy,Template Method,,672,845,94
exist-core/src/main/java/org/exist/xquery/functions/fn/FunDocAvailable.java,org.exist.xquery.functions.fn.FunDocAvailable,38a6e8af17038a49786ec920a8a037c0b1e9c4cd7155b328d686ed7b3720d9d6,"This class implements the XQuery `fn:doc-available()` function, which determines if a given document URI points to an accessible document within the XQuery execution context.",Document Availability,Function Implementation,Built-in Function,,593,774,106
exist-core/src/main/java/org/exist/xquery/functions/fn/FunGetDurationComponent.java,org.exist.xquery.functions.fn.FunGetDurationComponent,805d73b41e5e93f8ad0bab5ae9b05e197b5268e30a48b5f285943a077c7d6b93,"This class provides functions to extract individual components (years, months, days, hours, minutes, seconds) from various duration types.",Duration component extraction,Function Object,Strategy,,594,1414,96
exist-core/src/main/java/org/exist/xquery/functions/fn/FunHeadTail.java,org.exist.xquery.functions.fn.FunHeadTail,fdc4019011245fcc72a22dde1fa4f67b571806cf95ec367cc291b510bd169d09,This class implements functions to retrieve the first element (head) or all elements except the first (tail) from a sequence.,Sequence manipulation,Strategy,Facade,,683,830,93
exist-core/src/main/java/org/exist/xquery/functions/fn/FunMax.java,org.exist.xquery.functions.fn.FunMax,c49a27a57f222335171df6d0452a4b458c1b849b7157ee928997d3ebf225e0c4,"This class implements the `max` function, which selects the greatest item from a sequence based on specific comparison rules, considering type casting, promotion, and optional collations for string comparisons.",Max function,Strategy,Function Object,,755,1464,106
exist-core/src/main/java/org/exist/xquery/functions/fn/FunEscapeURI.java,org.exist.xquery.functions.fn.FunEscapeURI,1a5333f0918ab9c471dd8f558f08cfb1164d09ad5e70f709a79135c4c5d68d73,"This class provides functionality to escape Uniform Resource Identifiers (URIs) by replacing specific characters with their UTF-8 encoded escape sequences, with an option to include reserved characters in the escaping process.",URI Escaping,Strategy,Facade,,714,949,108
exist-core/src/main/java/org/exist/xquery/functions/fn/FunNormalizeUnicode.java,org.exist.xquery.functions.fn.FunNormalizeUnicode,19b33dadeafd6dea54bc2302591d6d7ac8ebdc638a078cc78054679d3ba3cd51,"This class implements the XPath `normalize-unicode` function, which normalizes Unicode strings to a specified form (like NFC or NFD) or defaults to NFC if no form is given.",Unicode normalization,Function Object,Strategy,,609,1370,107
exist-core/src/main/java/org/exist/xquery/functions/fn/FunDistinctValues.java,org.exist.xquery.functions.fn.FunDistinctValues$ValueComparator,2e7efe65e6a4dc53e3b0e457728e319d3ae16fcff0b3eb53daac79db375364da,"Compares two atomic values to determine their relative order, returning a value indicating equality, less than, or greater than. If a direct comparison is not possible or results in an error, it defaults to considering the first value as inferior.",Value comparison,Strategy,,,673,514,98
exist-core/src/main/java/org/exist/xquery/functions/fn/FunDistinctValues.java,org.exist.xquery.functions.fn.FunDistinctValues,8c325f9be0b0943fc073adef8c9ecb08f259eca3ca7feca8e2e469da5a334d3b,"This class implements the `distinct-values` XQuery function, which removes duplicate atomic values from a sequence, optionally using a specified collation for comparison.",Value deduplication,Strategy,Adapter,,622,1098,99
exist-core/src/main/java/org/exist/xquery/functions/fn/FunCodepointsToString.java,org.exist.xquery.functions.fn.FunCodepointsToString,3cbcf3bfd7b8a94b6eb0288a95c4810217cecdcc519b7140515c8f2dc60e6a02,"This class constructs an xs:string from a sequence of integer code points, returning an empty string for an empty input sequence and raising an error for invalid XML characters.",Code point to string conversion,Strategy,Adapter,,786,703,104
exist-core/src/main/java/org/exist/xquery/functions/fn/FnDefaultLanguage.java,org.exist.xquery.functions.fn.FnDefaultLanguage,0745013eb4fce3aab74d7da8c933b0895c7ac4dc111c525e58b4fe8b28d595aa,This class provides functionality to retrieve the default language setting from the dynamic execution context of a query or transformation.,Default language,Strategy,Command,,533,567,89
exist-core/src/main/java/org/exist/xquery/functions/fn/FunContainsToken.java,org.exist.xquery.functions.fn.FunContainsToken,ae1836e0e5e73149103e4bc16d0b467fe15a3079bbb6f8f13993aa1678d00d9d,"This class implements a function that checks if any string in a given sequence, when tokenized by whitespace, contains a specified token according to a given collation.",String tokenization,Function Object,Strategy,,640,898,101
exist-core/src/main/java/org/exist/xquery/functions/fn/FunTranslate.java,org.exist.xquery.functions.fn.FunTranslate,47701b2659a4e95c8106af862ec51166aa625ee3295dccce67893a392df03a2a,This class implements a function that translates characters within a string based on specified mapping and translation strings.,String Translation,Strategy,Facade,,657,977,87
exist-core/src/main/java/org/exist/xquery/functions/fn/FunExists.java,org.exist.xquery.functions.fn.FunExists,e7aa63d8dc896e6fcde25b10d3910ff5542f2742e5b2c5238e28d0dfbfa719cc,"This class implements the 'exists' function, which checks if a provided sequence of items is non-empty and returns a boolean indicating the result.",Sequence existence check,Expression evaluation,Function implementation,,600,669,100
exist-core/src/main/java/org/exist/xquery/functions/inspect/InspectFunctionHelper.java,org.exist.xquery.functions.inspect.InspectFunctionHelper,9c43707929469b7116fdca5035fa1f1b1dd32c662f07cdfedaef633e4278d249,"This class is responsible for generating XML documentation for functions, including their signatures, parameters, return values, descriptions, annotations, and dependencies.",Function documentation,Helper,Utility,,509,1045,95
exist-core/src/main/java/org/exist/xquery/functions/inspect/FunctionCallVisitor.java,org.exist.xquery.functions.inspect.FunctionCallVisitor,62e76fd94d2bdae116d2369bd0eb636cc3f90afe853e2744083e819db1ccc4cf,"This class collects all function calls encountered during an expression tree traversal, specifically to identify unique function signatures.",Function Call Collection,Visitor,,,421,450,72
exist-core/src/main/java/org/exist/xquery/functions/inspect/InspectionModule.java,org.exist.xquery.functions.inspect.InspectionModule,0ace77330d59c7c7e2ff1055e5760ad0949af39b03b98ffa9f4d9389439597e6,This class defines and registers functions related to inspecting modules and their properties within the eXist-db system.,Module Inspection,Module,Service,Registry,589,775,107
exist-core/src/main/java/org/exist/xquery/functions/inspect/ModuleFunctions.java,org.exist.xquery.functions.inspect.ModuleFunctions,40adac5ffe7e82a6202adb9378c0e6b096703e17edb0e9e993eeee3562f93935,"This class provides functionality to inspect and retrieve information about public functions within XQuery modules, either the current module or a module specified by a URI.",Module introspection,Abstract Factory,Facade,Extension Function,1750,822,116
exist-core/src/main/java/org/exist/xquery/functions/inspect/InspectModule.java,org.exist.xquery.functions.inspect.InspectModule,8e6cf3387d91cd146d70a944ca9ba76fc8433476be1f7053b290a9158feda9cd,"This class provides functionality to inspect XQuery modules, allowing the system to retrieve and represent metadata about modules, including their contained functions and variables, in an XML format.",Module Inspection,Service,Adapter,,630,791,101
exist-core/src/main/java/org/exist/xquery/functions/inspect/InspectFunction.java,org.exist.xquery.functions.inspect.InspectFunction,14be5c16e972f54125c12fff10562ce7c2defc21a63fa3b3c5e205d24181d3b4,This class provides functionality to inspect a User Defined Function (UDF) and generate an XML representation of its signature.,Function introspection,Strategy,Template Method,,615,580,92
exist-core/src/main/java/org/exist/xquery/functions/xmldb/XMLDBGetChildCollections.java,org.exist.xquery.functions.xmldb.XMLDBGetChildCollections,7b0611b6b70fe9780dfee31aa612c46336227c5e7eb717829c56ddae41ac4803,This class is responsible for retrieving and returning the names of sub-collections within a specified collection in an XML database.,Child Collection Retrieval,Abstract Base Class,Function Object,,681,644,95
exist-core/src/main/java/org/exist/xquery/functions/xmldb/XMLDBModule.java,org.exist.xquery.functions.xmldb.XMLDBModule,9941dc1655819688f8dcbf0a9929a0eb61948f274ed5d318f807a62585020e88,"This module defines and registers functions related to XML database operations, providing an interface for managing collections, resources, and database configurations within the system.",Function Registration,Module,Registry,,552,2189,96
exist-core/src/main/java/org/exist/xquery/functions/xmldb/XMLDBCollectionAvailable.java,org.exist.xquery.functions.xmldb.XMLDBCollectionAvailable,df74ac9a047e969d9405b2182d8d11b0281f0b9bcd32299e832c922587bf28a3,"This class implements the xmldb:collection-available function, which checks if a given eXist-db collection URI exists and is accessible.",Collection availability,Function Object,Facade,,605,711,99
exist-core/src/main/java/org/exist/xquery/functions/xmldb/XMLDBStore.java,org.exist.xquery.functions.xmldb.XMLDBStore,0d000b305de1fea3932155fe6945469e8ef4a15d9895dea615b32ffea5be32dc,"This class provides functionality to store new resources (documents or binary data) into an XML database collection, either by specifying content directly or by loading from a URI or file.",Data Storage,Facade,Adapter,,569,1359,102
exist-core/src/main/java/org/exist/xquery/functions/xmldb/XMLDBHasLock.java,org.exist.xquery.functions.xmldb.XMLDBHasLock,82eb209fd444bc406e4fef5d900c787303a7f6b533aa052df6f94dd47fb2f0a3,This class provides functionality to check if a resource within a collection has a user lock and to clear such locks.,Lock Management,Facade,Strategy,,522,975,90
exist-core/src/main/java/org/exist/xquery/functions/xmldb/XMLDBXUpdate.java,org.exist.xquery.functions.xmldb.XMLDBXUpdate,01ae0686f547e9cab4be8737776c9a9d35edcf5b6ce3ed3edaf91062510e44a2,"This class processes an XUpdate request against a collection, applying modifications defined in an XML document and returning the count of successful changes.",XUpdate Processing,Command,Adapter,,505,806,95
exist-core/src/main/java/org/exist/xquery/functions/xmldb/XMLDBAuthenticate.java,org.exist.xquery.functions.xmldb.XMLDBAuthenticate,e6f05f56968b5bfc45a053de4761816ed0bd3baf7b10099e1ca81720dddf156e,"This class provides functionality to authenticate users and manage login sessions within an XML database context, allowing for user credentials to be checked and user ownership of XQueries to be elevated.",User Authentication,Strategy,Template Method,Dependency Injection,708,1719,121
exist-core/src/main/java/org/exist/xquery/functions/xmldb/XMLDBReindex.java,org.exist.xquery.functions.xmldb.XMLDBReindex,37039ee8180aa76c1354e8546f7c53202c3684776009e49309cb1990e7ec97d7,"This class is responsible for reindexing collections and individual documents within a database, ensuring data integrity and efficient retrieval, specifically when invoked by a user with administrative privileges.",Reindexing data,Facade,Command,,747,908,101
exist-core/src/main/java/org/exist/xquery/functions/xmldb/XMLDBSetMimeType.java,org.exist.xquery.functions.xmldb.XMLDBSetMimeType,900d6fdd9c84c5a7eef626bb62f6a2d36ce62d5217796249f48b59c33ab6e1ab,"This class provides functionality to set the MIME type for a specific resource within the XML database, handling validation and updates.",MIME Type Management,,,,531,775,56
exist-core/src/main/java/org/exist/xquery/functions/xmldb/XMLDBLoadFromPattern.java,org.exist.xquery.functions.xmldb.XMLDBLoadFromPattern,d195547b91087fb7450cfdaab75442b318a8fb0bd583e4ed88a82920604eafef,"This class is responsible for storing resources into a database by reading files from the server's file system based on specified patterns, optionally preserving directory structure and handling different MIME types.",File Loading,Strategy,Function,,511,1374,103
exist-core/src/main/java/org/exist/xquery/functions/xmldb/XMLDBCreated.java,org.exist.xquery.functions.xmldb.XMLDBCreated,34c485d06b8b17a207a3662eec2b7872d2bcd0e0ec2b2d0f135da389d2e530f3,This class provides functionality to retrieve the creation or last modification dates of resources and collections within an XML database.,Date retrieval,Function,Template Method,,598,1066,90
exist-core/src/main/java/org/exist/xquery/functions/xmldb/XMLDBGetChildResources.java,org.exist.xquery.functions.xmldb.XMLDBGetChildResources,3aa2028485d632ef089c7e346197c6d640f97b65d95837b11bf7530d2636213e,This class retrieves and returns the names of resources contained within a specified collection in an XML database.,Resource Retrieval,Abstract Factory,Template Method,,512,628,89
exist-core/src/main/java/org/exist/xquery/functions/xmldb/XMLDBMatchCollection.java,org.exist.xquery.functions.xmldb.XMLDBMatchCollection,3c8524edcc7c7ebba76d7b141acda17be0b4e511813de1e88506cf9547caf8be,This class searches for collection names that match a provided regular expression and returns a sequence of matching collection names.,Collection Matching,Command,Function,,653,649,89
exist-core/src/main/java/org/exist/xquery/functions/xmldb/XMLDBDefragment.java,org.exist.xquery.functions.xmldb.XMLDBDefragment,fa7fecd09c3daec9fb90b4e7c194dcb38d493536698bcd3eee12934e3474cd79,"This class implements the `xmldb:defragment()` function, which initiates a defragmentation process on specified XML documents. Defragmentation is performed on documents containing nodes from a given set, and can be triggered based on a minimum number of fragmented pages or a system-wide configuration. This operation restructures documents, potentially invalidating existing references.",XML Defragmentation,Function,Module,,700,1058,142
exist-core/src/main/java/org/exist/xquery/functions/xmldb/XMLDBSize.java,org.exist.xquery.functions.xmldb.XMLDBSize,691f77c5b88c920731ae4cbedce30189323d236eed0f2298ec86f23eaaad9c4c,This class provides a function to estimate the size of a resource within an XML database collection by calculating the number of pages it occupies. It returns this size as a long integer representing bytes.,Resource Sizing,Function Object,Template Method,,712,734,108
exist-core/src/main/java/org/exist/xquery/functions/xmldb/FunXCollection.java,org.exist.xquery.functions.xmldb.FunXCollection,e8b1fd79c1257300c4b94127be91e95dd821f1328a6ef5706d42dfc56da8e89f,"This class provides functionality to retrieve documents from a specified collection, excluding documents from any sub-collections.",Collection retrieval,Facade,Strategy,,492,654,88
exist-core/src/main/java/org/exist/xquery/functions/xmldb/XMLDBTouch.java,org.exist.xquery.functions.xmldb.XMLDBTouch,09b648daf3f2daf7249d6bbc06c71ff5ad5b847e9f00e01cd7796c796b61bab6,"This class provides functionality to update the modification timestamp of a resource within an XML database collection, either to the current time or a specified timestamp. It does not create resources that do not already exist.",Timestamp Update,Strategy,Template Method,,783,896,108
exist-core/src/main/java/org/exist/xquery/functions/xmldb/XMLDBCopy.java,org.exist.xquery.functions.xmldb.XMLDBCopy,8ceb73fda82a2ccbb4edda72718abc8fc62824be480146679c2f2410a9aef92a,"This class provides functionality to copy collections and resources within a database, with options to preserve attributes.",Copying data,Facade,Function,Parameter Object,610,1205,106
exist-core/src/main/java/org/exist/xquery/functions/xmldb/XMLDBMove.java,org.exist.xquery.functions.xmldb.XMLDBMove,8aee72d195ec7f583fc806bf404bf96112ece3186a96a7a50cc04f6f5e138f3e,This class provides functionality to move XML database resources or entire collections between different locations within the database.,Resource Management,Adapter,Facade,,587,927,87
exist-core/src/main/java/org/exist/xquery/functions/xmldb/XMLDBGetMimeType.java,org.exist.xquery.functions.xmldb.XMLDBGetMimeType,c08c912d880e89c38c8475e140fb9a42300e3a485d2cc24e9cabba549741c80a,"This class provides functionality to retrieve the MIME type of a resource, supporting both external URIs and internal database paths.",MIME Type Retrieval,Extension Function,Strategy,,718,724,94
exist-core/src/main/java/org/exist/xquery/functions/xmldb/FindLastModified.java,org.exist.xquery.functions.xmldb.FindLastModified,2109c69a40072375e6763c7143d91b30e474222e4ea0bdc739dae3f8e4e7d223,"This class provides functionality to filter a set of XML nodes based on their resource's last modification date, supporting filtering for dates both since and until a specified timestamp.",Date Filtering,Strategy,Facade,,549,820,101
exist-core/src/main/java/org/exist/xquery/functions/xmldb/XMLDBRename.java,org.exist.xquery.functions.xmldb.XMLDBRename,5d24cbc3e8bc3e5d6ad15d671c3b67fc5eb357f5de84a646ef7927fce481efd9,This class provides functionality to rename XML database collections or resources within collections.,Collection/Resource Renaming,Facade,Command,,400,932,85
exist-core/src/main/java/org/exist/xquery/functions/xmldb/XMLDBCreateCollection.java,org.exist.xquery.functions.xmldb.XMLDBCreateCollection,9b98993f7d7eee85ea3fa17e3208891307517086e4d59d49cef710a6c1173481,"This class implements the xmldb:create-collection() function, enabling the creation of a new XML database collection as a child of a specified target collection.",Collection creation,Function Implementation,Abstract Base Class,,490,790,103
exist-core/src/main/java/org/exist/xquery/functions/xmldb/XMLDBURIFunctions.java,org.exist.xquery.functions.xmldb.XMLDBURIFunctions,050ce6c22872ceb9d5c4e77f3a95806358e3055f963c6e29e89a132872caef03,"This class provides functions to encode and decode strings and URIs for use with XMLDB, ensuring they are valid collection or resource paths.",URI Handling,Adapter,Utility Class,,715,1124,96
exist-core/src/main/java/org/exist/xquery/functions/xmldb/XMLDBAbstractCollectionManipulator.java,org.exist.xquery.functions.xmldb.XMLDBAbstractCollectionManipulator,53d17af1e5e5ccc71b48e2021159bba6b1800995bb5eb2fb9831dd027f0686f5,"This class provides functionality to access and manipulate collections of XML documents, supporting operations like opening, creating, and navigating hierarchical collection structures. It acts as a bridge between XPath/XQuery execution and underlying XML database collection management.",Collection manipulation,Template Method,Abstract Base Class,Facade,732,928,132
exist-core/src/main/java/org/exist/xquery/functions/xmldb/XMLDBRemove.java,org.exist.xquery.functions.xmldb.XMLDBRemove,49557745874692d9fd216c482bce897e2464276c6ba052bfd2493743e0dff3e4,"This class provides functionality to remove data from an XML database, either by deleting a specific resource within a collection or by removing an entire collection and its contents.",Data Deletion,Abstract Base Class,Template Method,,607,850,103
exist-core/src/main/java/org/exist/xquery/functions/xmldb/XMLDBRegisterDatabase.java,org.exist.xquery.functions.xmldb.XMLDBRegisterDatabase,28dcaf59fffb6354734574d93b0a1cdf87d5cfe1538b001e365227fa8db2208f,"This class registers an XML database driver with the XMLDB DatabaseManager, allowing access to different database instances.",Driver Registration,Facade,Service Locator,,606,762,90
exist-core/src/main/java/org/exist/xquery/functions/transform/Transform.java,org.exist.xquery.functions.transform.Transform,1b7e696ff47b2487ad4e50cf5c2bc08b5f79bf387f437128e8c75cda85835364,"This class provides functions to apply XSL transformations to XML documents, allowing for dynamic styling and data manipulation. It supports various invocation methods, including direct transformation to a node set or streaming the output for web contexts, with options for parameters, attributes, and serialization.",XML Transformation,Function Object,Strategy,,768,2339,121
exist-core/src/main/java/org/exist/xquery/functions/transform/TransformModule.java,org.exist.xquery.functions.transform.TransformModule,33cb95e90028f654d293871d8ca29167b4ffad24eee8d36aaef9dd280d558b12,"This class defines the functions available in the 'transform' module, providing XQuery transformation capabilities.",Module definition,Module,Registry,,443,734,87
exist-core/src/main/java/org/exist/xquery/functions/session/GetAttribute.java,org.exist.xquery.functions.session.GetAttribute,549adf380a0c85b870d3afeb5c80da10a9ad17d8b34e720f784f154044b716e4,"This function retrieves a session attribute by its name and returns its value as an XPath sequence, or an empty sequence if the attribute is not found or the session is unavailable.",Session attribute retrieval,Strategy,Function Object,,523,661,104
exist-core/src/main/java/org/exist/xquery/functions/session/GetExists.java,org.exist.xquery.functions.session.GetExists,7ce2c104515661a798ed13158aa5845d7da25bb0bc673cdebf2900637d149a2b,This class determines whether a session object exists within the system.,Session Existence Check,Strategy,,,366,553,64
exist-core/src/main/java/org/exist/xquery/functions/session/GetMaxInactiveInterval.java,org.exist.xquery.functions.session.GetMaxInactiveInterval,fb150576125eddf03450af1ca0f3e9cc833e21b9b296405ea04aae7c700830ce,"This function retrieves the maximum inactive interval for a user's session, which determines how long the session will remain open between client accesses before being invalidated. A negative value signifies that the session should never timeout.",Session Inactivity,Function Object,Template Method,,578,680,112
exist-core/src/main/java/org/exist/xquery/functions/session/GetLastAccessedTime.java,org.exist.xquery.functions.session.GetLastAccessedTime,34f24e367f841203edc51f50ebcda8267c62e49516d560de160a68c583c17c05,"Retrieves the last access time of a user session, returning a default time if the session is invalid or doesn't exist.",Session Access,Function Object,Value Object,,551,732,96
exist-core/src/main/java/org/exist/xquery/functions/session/GetCreationTime.java,org.exist.xquery.functions.session.GetCreationTime,bd0a6b8b83723da028f47f081d8246a71025abb55d2c3a595279815cdcd44c79,"Retrieves the creation time of a user's session, returning January 1, 1970 GMT if the session is invalidated.",Session creation time retrieval,Function Object,,,548,651,83
exist-core/src/main/java/org/exist/xquery/functions/session/Invalidate.java,org.exist.xquery.functions.session.Invalidate,f9f92750d8dcb7bb3bfc61603cde897a7628f476ef00a2f2294074b9d167dcb8,"This class provides functionality to invalidate, or remove, the current HTTP session if it exists. It always returns an empty sequence as a result.",Session invalidation,Command,,,611,566,80
exist-core/src/main/java/org/exist/xquery/functions/session/GetID.java,org.exist.xquery.functions.session.GetID,80c28f59f57254518d042eceeabca6345d5dc4bcecb617789ec7cd7c4aeeb0d2,"Retrieves the unique identifier for the current user session, returning it as a string if a session exists, or an empty sequence otherwise.",Session ID retrieval,Strategy,,,471,598,79
exist-core/src/main/java/org/exist/xquery/functions/session/SetMaxInactiveInterval.java,org.exist.xquery.functions.session.SetMaxInactiveInterval,8be0000c70d6aba80e8100a09b6e4125a9d04ddcaea4e602e485ba44c95b2ce6,"This class is responsible for setting the maximum inactive interval for a user's session, controlling how long a session remains open between client accesses before being invalidated.",Session Management,Command,Strategy,,511,703,99
exist-core/src/main/java/org/exist/xquery/functions/session/SetCurrentUser.java,org.exist.xquery.functions.session.SetCurrentUser,33fab03359b41cb6bf3cf6f87a10f0002022cfd2c09e8242f85c41c0ea0a216f,"This class represents a function that changes the user identity for the current HTTP session, allowing subsequent operations to be performed with the new user's privileges.",User Session Management,Command,Strategy,,627,691,99
exist-core/src/main/java/org/exist/xquery/functions/session/EncodeURL.java,org.exist.xquery.functions.session.EncodeURL,2a7c9faaafd78bd7bd834c8e6e8559db3df0f1eb08f565c35e7e60aaa4cda524,This class is responsible for encoding a given URL with the current HTTP session ID.,URL Encoding,Strategy,Function Object,,509,598,85
exist-core/src/main/java/org/exist/xquery/functions/session/Create.java,org.exist.xquery.functions.session.Create,ffcb31b5fdfd169a8ffdfb9d5207d564fe01fb6db6d0d668c3094b93c8397840,"This function ensures that a valid HTTP session is initialized if one does not already exist, and then returns an empty sequence.",Session Management,Command,Session Facade,,753,570,94
exist-core/src/main/java/org/exist/xquery/functions/session/Clear.java,org.exist.xquery.functions.session.Clear,d832c22839c77611d8f599309568714fe328285eee42dbe323756b79a04e618b,This class provides functionality to remove all attributes from the current HTTP session without invalidating the session itself.,Session Clearing,Strategy,Template Method,,428,562,89
exist-core/src/main/java/org/exist/xquery/functions/session/RemoveAttribute.java,org.exist.xquery.functions.session.RemoveAttribute,b00457c022c2c70741043caf282230db725ca57d528e29f21e0b968899d5e167,This class is responsible for removing a specified attribute from the user's session.,Session Management,Command,Strategy,,387,602,84
exist-core/src/main/java/org/exist/xquery/functions/session/SessionFunction.java,org.exist.xquery.functions.session.SessionFunction,fbf83e83e5d4eb59bea1f917524ead4a8d4cabb2dc617a5d7a71c86db29a4971,"This abstract class provides a foundation for functions that require access to an HTTP session, abstracting the session management logic and enabling subclasses to define specific function evaluations with session context.",Session-aware functions,Template Method,Strategy,Abstract Base Class,756,1301,124
exist-core/src/main/java/org/exist/xquery/functions/session/SessionModule.java,org.exist.xquery.functions.session.SessionModule,e789a31b6871bb99f058105e69d79e2b5e343537a231f50233840a5421c00dc9,"This class defines a module for managing user sessions, providing functions to create, manipulate, and retrieve session data, including attributes, identifiers, and access times.",Session Management,Module,Facade,Service,917,893,116
exist-core/src/main/java/org/exist/xquery/functions/session/GetAttributeNames.java,org.exist.xquery.functions.session.GetAttributeNames,6a71fb788b76fd2c7c072b16ea96476ce052cd4a05740e2bb1c2f3ea018313e7,This class is responsible for retrieving and returning a list of all attribute names present in the current HTTP session.,Session attribute retrieval,Function Object,Command,,552,597,91
exist-core/src/main/java/org/exist/xquery/functions/session/SetAttribute.java,org.exist.xquery.functions.session.SetAttribute,5c7dec79f80db9f29c291805f75403391bd1afdb38a59359a8ae81ddf4d39a29,"This class stores a value in the current session associated with a given attribute name. If no session is active, it will create one before storing the attribute.",Session attribute management,Command,,,2046,653,83
exist-core/src/main/java/org/exist/xquery/functions/session/StrictSessionFunction.java,org.exist.xquery.functions.session.StrictSessionFunction,54388074b92ab8b722103637391dca4b64ebfe4258568733862bb90f5f835749,"This class serves as a base for functions that require access to an HTTP session, enforcing the presence of a session by raising an error if it's unavailable.",Session enforcement,Template Method,Abstract Class,,638,653,102
exist-core/src/main/java/org/exist/xquery/functions/math/OneParamFunctions.java,org.exist.xquery.functions.math.OneParamFunctions,d9fb9f09846dd9dfd1afca9fa6e6870929e757b0db0e51975844eb8a0ec3c3e6,"This class provides a collection of mathematical functions that operate on a single numerical parameter, including trigonometric, exponential, and logarithmic operations.",Math functions,Value Object,Utility Class,,468,2027,95
exist-core/src/main/java/org/exist/xquery/functions/math/MathModule.java,org.exist.xquery.functions.math.MathModule,9317923b32a686c20f0cffe577f85d62c0c164adf0ebf6b8ed7f5677ca4994be,"This module provides mathematical functions for use within the eXist database, including trigonometric, logarithmic, and power operations.",Math functions,Module,Namespace,,480,896,91
exist-core/src/main/java/org/exist/xquery/functions/math/TwoParamFunctions.java,org.exist.xquery.functions.math.TwoParamFunctions,d1088402b271c411db18e6ed4c2e6720da993839b816779109720b35726155b8,"This class provides mathematical functions that accept exactly two parameters, specifically for calculating the angle between a point and the positive x-axis (atan2) and for exponentiation (pow).",Math functions,Abstract Factory,Strategy,Template Method,921,933,124
exist-core/src/main/java/org/exist/xquery/functions/math/NoParamFunctions.java,org.exist.xquery.functions.math.NoParamFunctions,3281b8763b9410e7c83130383d758845111253fee40a327aa9a77abf9bff970a,"This class provides mathematical functions that do not require any input parameters, such as returning the value of pi.",Math functions,Factory,Strategy,,1486,672,89
exist-core/src/main/java/org/exist/xquery/functions/system/FnExport.java,org.exist.xquery.functions.system.FnExport$Callback,82ec5ab71c26cb9d3fb005a8fca8ed328327334fb77880209fc113bdd73ead12,"This class acts as a callback handler for system export events, processing the start of collections and documents, and logging errors, optionally using a MemTreeBuilder for structured output.",Export Callback,Observer,Builder,,1158,776,102
exist-core/src/main/java/org/exist/xquery/functions/system/FnExport.java,org.exist.xquery.functions.system.FnExport,26a6fbe6f3f7c16420699b698d5f847dd26de3c56b6a08d956641487d9c1c9da,"This class provides functionality to export the database, either as a full or incremental backup, optionally to a zip file, and can be invoked with or without logging messages.",Database Export,Function Object,Adapter,Strategy,734,1193,119
exist-core/src/main/java/org/exist/xquery/functions/system/GetProductName.java,org.exist.xquery.functions.system.GetProductName,b2d2120e7988ba0006f05efaed383e0bc6496cccdd3f5eba7e723647957e7e12,"Retrieves the system's product name, defaulting to 'eXist' if not explicitly set.",System Info,Function Object,,,428,553,73
exist-core/src/main/java/org/exist/xquery/functions/system/GetIndexStatistics.java,org.exist.xquery.functions.system.GetIndexStatistics,d81be3f0cee77d9e8c87eedcbbab7a0dd7b309a76458b3e17c156577ce0d0a26,This class retrieves index statistics from the system and formats them into an XML document.,Index Statistics,Function,,,486,531,67
exist-core/src/main/java/org/exist/xquery/functions/system/GetExistHome.java,org.exist.xquery.functions.system.GetExistHome,11b1b759f3c2195cfe821a59e1bc4b12f3f9dd5f95cfce49af1b178707f4ebaf,"This class provides functionality to retrieve and return the absolute path of the eXist-db home directory. It handles cases where the home directory might not be configured, returning an empty sequence in such scenarios.",Get Home,,,,548,600,72
exist-core/src/main/java/org/exist/xquery/functions/system/GetBuild.java,org.exist.xquery.functions.system.GetBuild,cd7a2a708c0e9e648740f49d83a7d42b938c59eaefe9482b402cd53ba2663f87,This class provides a function to retrieve the build number of the eXist system.,Build retrieval,,,,334,603,48
exist-core/src/main/java/org/exist/xquery/functions/system/UpdateStatistics.java,org.exist.xquery.functions.system.UpdateStatistics,b18d38667a741403c2d26a328e542019bcb5bab20a8ec6c8d682748f5144e226,"This class is responsible for rebuilding index statistics for the entire database. It updates the index statistics by starting or continuing a transaction and then committing it, logging an error if the index worker is unavailable.",Index Statistics,Template Method,Strategy,,2386,586,108
exist-core/src/main/java/org/exist/xquery/functions/system/CountInstances.java,org.exist.xquery.functions.system.CountInstances,7e4261fdb95222760abbd0903e9831ef4830f539b1dfeff0478360913940f7c5,"This class provides functionality to count eXist broker instances, specifically the maximum configured, actively running, or available instances.",Instance Counting,Function Object,Marker Interface,,548,870,94
exist-core/src/main/java/org/exist/xquery/functions/system/GetRunningXQueries.java,org.exist.xquery.functions.system.GetRunningXQueries,aa1662d6398275ee19cedaf04551b4e19af0823ddbca33581fd317d2324cd984,"This class provides functionality to retrieve a list of XQueries currently being executed, with access restricted to users possessing DBA privileges.",Query Execution,Adapter,Facade,,554,770,92
exist-core/src/main/java/org/exist/xquery/functions/system/ClearXQueryCache.java,org.exist.xquery.functions.system.ClearXQueryCache,5ba8ecdb6536279b1899fe1d3237f093bf3fa462428e032c8dbc606345e53bee,"This class provides functionality to clear the XQuery cache, making it accessible as a system function.",Cache Management,Command,Function,,496,568,87
exist-core/src/main/java/org/exist/xquery/functions/system/GetMemory.java,org.exist.xquery.functions.system.GetMemory,46a4505af470a0201cc82481f12ea1aa08ee0124d9ff199338047e0dc9d1ec82,"This class provides functionality to retrieve information about the memory usage of the eXist database, specifically the maximum, total, and free memory available.",Memory Information,Facade,Service,,555,853,97
exist-core/src/main/java/org/exist/xquery/functions/system/KillRunningXQuery.java,org.exist.xquery.functions.system.KillRunningXQuery,36221b09a37144dc9379f49bca8816d7f5b02974bcab971de0766c79f00eeaa6,"This class provides functionality to terminate a running XQuery process, requiring the caller to have administrator privileges.",XQuery Termination,Function Object,Facade,,652,942,90
exist-core/src/main/java/org/exist/xquery/functions/system/GetMainModuleLoadPath.java,org.exist.xquery.functions.system.GetMainModuleLoadPath,ef706ea7cf5828f61073a079175e40d39aed0f55d14b262ff4f7b3aab5d6accf,Retrieves and returns the file system path of the main XQuery module that initiated the current execution context.,Module Path,Interpreter,Query Object,,532,605,90
exist-core/src/main/java/org/exist/xquery/functions/system/TriggerSystemTask.java,org.exist.xquery.functions.system.TriggerSystemTask,519e30a2e4ea97c9d0473ac3f7238f799e74eebf8cde7c8562ac23cdcb165fca,"This class provides functionality to execute a system task by dynamically loading and invoking a specified Java class, which must implement the `SystemTask` interface, and can optionally receive configuration parameters.",System Task Execution,Command,Strategy,Factory,751,687,122
exist-core/src/main/java/org/exist/xquery/functions/system/Restore.java,org.exist.xquery.functions.system.Restore$XMLRestoreListener,82c21a8d924f19b58d6b2ee5fb05e71fe4eabdf22439f0e314cb3d0ccdf95879,"This class acts as an XML-specific listener for restore operations, translating restore events into an XML document structure.",XML Generation,Listener,Adapter,,585,766,90
exist-core/src/main/java/org/exist/xquery/functions/system/Restore.java,org.exist.xquery.functions.system.Restore,975674bbd989e38acfe04aafd03ecceb1634e4d27aa138f8926672c9fe1a093b,"This class provides functionality to restore a database or a section of it from a backup, supporting administrative credentials and an option to overwrite existing applications. It also includes a nested class to generate an XML representation of the restore process and its results.",Database Restore,Factory (Method),Visitor,Builder,714,1117,134
exist-core/src/main/java/org/exist/xquery/functions/system/FunctionTrace.java,org.exist.xquery.functions.system.FunctionTrace,83b6e78b3d11782c7dbe72d77a961be2fcc99cc9e7fd228a1c05dc14553fbada,"This class manages function tracing, allowing users to enable/disable tracing, retrieve trace statistics, and clear the trace log.",Trace Management,Strategy,Facade,,483,998,92
exist-core/src/main/java/org/exist/xquery/functions/system/FunctionAvailable.java,org.exist.xquery.functions.system.FunctionAvailable,d20d88065e59c76983a8bfd61d51c6d15d6c5f0003909663749f82489f8888a9,This class provides a mechanism to check for the availability of a specific XQuery function based on its qualified name and arity within the current execution context.,Function availability,Strategy,Command,,637,679,98
exist-core/src/main/java/org/exist/xquery/functions/system/GetVersion.java,org.exist.xquery.functions.system.GetVersion,ccca368899f30ba13d71c02bf0975c4efdf789964cc7351c596e01fd75572cfb,This class provides a way to retrieve the version of the eXist database system.,Get version,Strategy,,,422,602,68
exist-core/src/main/java/org/exist/xquery/functions/system/GetRevision.java,org.exist.xquery.functions.system.GetRevision,64f46ed68185c5dec725e370ee2f9349ca1d0774a8adb26181494d4338eb2b45,This class provides a function to retrieve the Git commit ID of the running eXist instance.,Get Git ID,,,,351,638,51
exist-core/src/main/java/org/exist/xquery/functions/system/SystemModule.java,org.exist.xquery.functions.system.SystemModule,416923703ca4adb58615ad5f441c1db87d34c7a713d9e650c994caf117cc0828,"This class serves as a registry and provider of system-related functions for the eXist-db platform, exposing information and control over the system environment and its operations.",System functions,Registry,Module,,809,1458,102
exist-core/src/main/java/org/exist/xquery/functions/system/FnImport.java,org.exist.xquery.functions.system.FnImport$XMLRestoreListener,a1905b228f5f4d90efbfc5f852d3f21cd06d63b00be208c41e1337ca742527f7,"This class acts as a listener that handles the restoration of collections and resources, and logs informational, warning, and error messages. It can either log these events directly or format them as XML elements if a `MemTreeBuilder` is available.",Logging & XML Generation,Observer,Adapter,Builder,723,872,135
exist-core/src/main/java/org/exist/xquery/functions/system/FnImport.java,org.exist.xquery.functions.system.FnImport,85b1787559fae8d0f20d04f896538c7ffec69fa70f3cfc4cee5cbd19e35e4627,"This class implements a function to restore the database or a section of it from a specified directory or ZIP file, with options to handle administrative credentials and log messages.",Database Restore,Function Object,Template Method,Strategy,585,1206,119
exist-core/src/main/java/org/exist/xquery/functions/system/GetModuleLoadPath.java,org.exist.xquery.functions.system.GetModuleLoadPath,61d33893fd40fb4cf1aa8b8198819dc030faa33dd9fea737948e195dc520dff4,"This class provides a function to retrieve the source location of the currently executing XQuery module, which is also used for resolving relative XInclude paths.",Module path retrieval,Strategy,Command,,570,590,98
exist-core/src/main/java/org/exist/xquery/functions/system/AsUser.java,org.exist.xquery.functions.system.AsUser,fe2c84d8ff0781f6e71bd43902ad97b825e89c086c8f7114d36bc4af97267735,"This class provides functionality to execute code or functions with the security context of a different user, ensuring a secure switch and revert to the original user context upon completion.",User context switching,Proxy,Strategy,,644,1059,101
exist-core/src/main/java/org/exist/xquery/functions/system/GetUptime.java,org.exist.xquery.functions.system.GetUptime,492c8a0865c915ef1d80e11c80199f2d7644380c064b537f3aae38ab7e20561e,"This class provides functionality to retrieve the duration since the eXist-db system was started, returning a stable value within the scope of a query.",Uptime retrieval,Function,,,527,650,82
exist-core/src/main/java/org/exist/xquery/functions/system/GetRunningJobs.java,org.exist.xquery.functions.system.GetRunningJobs,5432eb06916686820e1036a98dae5c967fdc60c5f1ced91befc5f00430eab78c,"This class provides functionality to retrieve and present a list of currently executing jobs, ensuring that only users with database administrator privileges can access this information.",Job retrieval,Template Method,Facade,,1258,596,97
exist-core/src/main/java/org/exist/xquery/functions/system/GetScheduledJobs.java,org.exist.xquery.functions.system.GetScheduledJobs,8b30278a356f9410c3dcbc37e8c36995dbf212312937c420efbcfb8322a7c448,"This class retrieves scheduled and currently executing jobs, verifies the caller's DBA privileges, and returns the job information as an XML document.",Job Retrieval,Facade,Template Method,,1212,729,96
exist-core/src/main/java/org/exist/xquery/functions/system/Shutdown.java,org.exist.xquery.functions.system.Shutdown$DelayedShutdownTask,dec43b57ac37530b846149519300a1ff1fca1a2de6b3e675d03987a119e27a28,"Schedules and executes a delayed application shutdown, ensuring all active tasks are completed before stopping the timer and releasing resources.",Delayed Shutdown,Observer,Strategy,,595,476,91
exist-core/src/main/java/org/exist/xquery/functions/system/Shutdown.java,org.exist.xquery.functions.system.Shutdown,fc8b559df4e060e65816f837a4da7c358a9097b25f0d0c811e048ea38048c8a5,"This class provides functionality to shut down the eXist-db server, with options for immediate termination or a delayed shutdown, accessible only to users with DBA privileges.",Server Shutdown,Strategy,Template Method,,2246,859,102
exist-core/src/main/java/org/exist/xquery/functions/validation/Jaxv.java,org.exist.xquery.functions.validation.Jaxv,6755c4c1b3a0d6806170595d4ee8516af53c63bcb6c31e2e5336a35d30e12aaf,Validates an XML document against specified grammars (XSDs or RELAX NG) and returns either a boolean indicating success or a detailed XML report of the validation process.,XML Validation,Adapter,Facade,,647,1459,103
exist-core/src/main/java/org/exist/xquery/functions/validation/Jaxp.java,org.exist.xquery.functions.validation.Jaxp,78286614992e429ac0b30d199725ccce393d7707227ba002c1bbe6dd6c21c362,"This class provides functionality to validate XML documents against grammars like XSDs and DTDs, with options for grammar caching and XML catalog specification, returning either a boolean validation result or an XML report.",XML Validation,Strategy,Facade,Adapter,586,1915,126
exist-core/src/main/java/org/exist/xquery/functions/validation/ValidationModule.java,org.exist.xquery.functions.validation.ValidationModule,17c2b23bd68e848e328cefeb935bc4d60cba42ccdd75762712e29c3657e873f8,"This class defines and registers functions related to XML validation within the eXist-db system, including functionalities for grammar tooling, JAX-V, JAXP, and JING.",Function registration,Module,Factory,,606,1082,106
exist-core/src/main/java/org/exist/xquery/functions/validation/Shared.java,org.exist.xquery.functions.validation.Shared,fdc4d308fd5e93e4722b43c160b33d5d49545de4e10e522f10eef38eba903219,"Provides utility methods for obtaining input streams and sources from various item types, retrieving URL values, and generating or closing validation reports.",Validation utilities,Utility,,,543,1350,76
exist-core/src/main/java/org/exist/xquery/functions/validation/Jing.java,org.exist.xquery.functions.validation.Jing,263f4b5aa8e3301d1ef60d568a2e39161ed51ee7fcca76ddf60ac93d441f8535,"This class provides functionality to validate XML documents against various grammar types such as XSD, RelaxNG, NVDL, and Schematron using the Jing library. It supports returning either a simple boolean result or a detailed XML report of the validation process.",XML Validation,Adapter,Facade,,586,989,119
exist-core/src/main/java/org/exist/xquery/functions/validation/GrammarTooling.java,org.exist.xquery.functions.validation.GrammarTooling,79e96578fc71f2098e42fb98651ee153aa2c5b9481ed436358385122e4d0722e,"This class provides functionality for managing grammar caches, including clearing the cache, displaying its contents, and pre-parsing grammar files for validation purposes.",Grammar management,Function Object,Template Method,,2551,1162,99
exist-core/src/main/java/org/exist/xquery/functions/response/GetExists.java,org.exist.xquery.functions.response.GetExists,f667052d022267b0e178bf445adc0935cdebe8f49c7c24556f18549f3cdbaa97,This class determines if an HTTP response is available within the XQuery context.,Response existence,Function Object,Query Function,,413,605,85
exist-core/src/main/java/org/exist/xquery/functions/response/StreamBinary.java,org.exist.xquery.functions.response.StreamBinary,156842ffa9166f0e7030fd0d3bc65c2af7cb8db203fe13e1b3b324368ae93630,"This class provides functionality to stream binary data as an HTTP response, allowing for the specification of content type and an optional filename.",Binary Streaming,Adapter,Strategy,,565,799,93
exist-core/src/main/java/org/exist/xquery/functions/response/SetHeader.java,org.exist.xquery.functions.response.SetHeader,15386a73b22e33ed7e525546423e2c34d35ffff93a096967f8303115e84f04eb,This class provides functionality to add an HTTP header with a specified name and value to an HTTP response.,HTTP Header,Strategy,,,419,681,71
exist-core/src/main/java/org/exist/xquery/functions/response/SetDateHeader.java,org.exist.xquery.functions.response.SetDateHeader,1b9c41e52bcaee73d24053dc4972393b555d77d5baa3248ac05a85d1f97ec1d5,"This class provides functionality to set a specific HTTP header on a response, expecting a header name and a date value.",Set Header,Strategy,Template Method,,498,712,92
exist-core/src/main/java/org/exist/xquery/functions/response/ResponseModule.java,org.exist.xquery.functions.response.ResponseModule,235767b882a1898a9e0db098224c8465e50f4d2751abbe9db892a449fa2ac1d8,"This class defines and registers functions related to HTTP response manipulation within the eXist-db system, enabling developers to control redirects, cookies, headers, status codes, and content streaming.",HTTP Response,Module,Registry,Facade,576,796,122
exist-core/src/main/java/org/exist/xquery/functions/response/Stream.java,org.exist.xquery.functions.response.Stream,371fad5db156214f8e1f86620a4e26acb2e9626145b299d57bc09d72c9f8e20d,"This class represents a function that streams its input directly to the servlet's output stream within a servlet context, serving as the final output statement in an XQuery.",HTTP Streaming,Strategy,Template Method,,704,671,102
exist-core/src/main/java/org/exist/xquery/functions/response/SetCookie.java,org.exist.xquery.functions.response.SetCookie,6f9e387befeb0dd528d1ec5c58999a28ed2f015a69652f35d4305320e1241ef2,"This class is responsible for adding HTTP cookies to responses, offering configurable options for name, value, expiration, security, domain, and path.",Cookie management,Builder,Strategy,Template Method,863,1096,114
exist-core/src/main/java/org/exist/xquery/functions/response/RedirectTo.java,org.exist.xquery.functions.response.RedirectTo,17992dacaa57947d0a116bf5a778c64add40d6f111325ee485fce217804adadf,"This class handles sending an HTTP redirect response to the client, directing them to a specified URI.",HTTP Redirect,Command,Strategy,,559,607,87
exist-core/src/main/java/org/exist/xquery/functions/response/ResponseFunction.java,org.exist.xquery.functions.response.ResponseFunction,c493f8c44fea9eb351fbfca84c38e05316369bc666a953ffbfaaeae62ffffa5a,"This class serves as an abstract base for functions that require access to the HTTP response during their evaluation, extending basic function capabilities by incorporating response-specific logic.",Response functions,Template Method,Abstract Class,,580,641,101
exist-core/src/main/java/org/exist/xquery/functions/response/SetStatusCode.java,org.exist.xquery.functions.response.SetStatusCode,637a878bcdec09542acc78369fcf543a1e1847a380b2bef58d0bd3c2813d946d,This class provides a function to set the HTTP status code of a response within an XQuery context.,Set HTTP Status,Strategy,Template Method,,1428,634,90
exist-core/src/main/java/org/exist/xquery/functions/response/StrictResponseFunction.java,org.exist.xquery.functions.response.StrictResponseFunction,cf75d380ad9f1b0c1c0068730552ebee7a5a1204fac6a5a31a1ce48831cd081e,"This abstract class defines a contract for functions that operate on an HTTP response, ensuring that a response object is always available when evaluating the function; otherwise, it signals an error.",Response handling,Template Method,Abstract Base Class,,683,672,106
exist-core/src/main/java/org/exist/xquery/functions/util/NodeXPath.java,org.exist.xquery.functions.util.NodeXPath,9226b91fc3f5aa56eff31fb2755f63c45d2c71d7762d220b35ff26602dd77188,"This class generates an XPath expression for a given XML node, representing its location within a document.",XPath generation,Strategy,Builder,,543,826,87
exist-core/src/main/java/org/exist/xquery/functions/util/SystemProperty.java,org.exist.xquery.functions.util.SystemProperty,41affd4c04c215e614c39b4cdaf7e8e260d6b3e5407ff0166398a41b12e9d461,"This class provides a function to retrieve the value of a system property, supporting both predefined properties and standard Java system properties.",System property retrieval,Function,Facade,,611,726,93
exist-core/src/main/java/org/exist/xquery/functions/util/IndexKeyOccurrences.java,org.exist.xquery.functions.util.IndexKeyOccurrences,043e35b399419330eee789103c723bc8d36d65d567ec32420ff1c3228ffe8fee,"This class counts the occurrences of a specific value within a given index across a set of nodes, supporting searches with or without a specified index name.",Index Occurrences,Function,Strategy,,661,837,98
exist-core/src/main/java/org/exist/xquery/functions/util/Parse.java,org.exist.xquery.functions.util.Parse,defe705f57b3c843ea2897d43ce1ec10592bdd7dc1d748228ec9e1a0f8421da9,"This class is responsible for parsing an input string, which may contain HTML, into a well-formed XML document fragment using the Neko HTML parser. It handles empty or invalid input gracefully by returning an empty sequence or throwing an exception with a validation report if parsing fails.",XML Parsing,Adapter,Facade,,569,746,122
exist-core/src/main/java/org/exist/xquery/functions/util/ExclusiveLockFunction.java,org.exist.xquery.functions.util.ExclusiveLockFunction,f77d878a8b41cbaa7af5878358b96a3b6132f6c647d00f528b7cc35708e096e2,"This function acquires exclusive locks on the documents owning a given set of nodes, evaluates a provided expression within that locked context, and then releases the locks.",Exclusive locking,Command,Template Method,,555,599,99
exist-core/src/main/java/org/exist/xquery/functions/util/Compile.java,org.exist.xquery.functions.util.Compile,8cbc3318955cd4e7fbbebe705df24bce3504c1ed42d1b69368277eb804f4d292,"This class provides functionality to compile and evaluate XQuery expressions, returning either the successful result or detailed error information.",Expression compilation,Strategy,Function Object,,1887,1295,91
exist-core/src/main/java/org/exist/xquery/functions/util/GetFragmentBetween.java,org.exist.xquery.functions.util.GetFragmentBetween,90bfa7a2d3f1011ceff2bb613f57c913ed105c43c1b54e909013a917b06a953b,"This class retrieves and serializes an XML fragment between two specified nodes within a document, with options to wrap the fragment in a parent element and control root namespace display.",Fragment retrieval,Strategy,Command,Adapter,479,1991,118
exist-core/src/main/java/org/exist/xquery/functions/util/SharedLockFunction.java,org.exist.xquery.functions.util.SharedLockFunction,77d5adfcbfe688052425c0b1941015a767dbf9aec5b35a8b5fa1e14e8d926706,"This class provides functionality to acquire a shared lock on the owner documents of specified nodes, then evaluates a given expression, and finally releases the acquired locks. This is useful for ensuring that a set of documents remains consistent during a critical operation.",Shared locking,Function Object,Template Method,,778,618,117
exist-core/src/main/java/org/exist/xquery/functions/util/IndexKeyDocuments.java,org.exist.xquery.functions.util.IndexKeyDocuments,e7fa3608d3aad9393df4156d6a4c5c6d51d4657a72bd5344b77b902ea92d806b,"This class provides functionality to count the number of documents associated with a specific indexed value within a given index, optionally filtering by a set of nodes.",Document Counting,Facade,Parameter Object,Strategy,662,817,115
exist-core/src/main/java/org/exist/xquery/functions/util/BinaryToString.java,org.exist.xquery.functions.util.BinaryToString,7ad5cc6ad133410ec8ba03e0f810a080c62a165c5ffb4d2678e446b46f6f2da8,"This class provides functionality to convert binary data to strings and strings to binary data, with support for specifying character encodings.",Data Conversion,Utility Function,Strategy,,539,1282,93
exist-core/src/main/java/org/exist/xquery/functions/util/NodeId.java,org.exist.xquery.functions.util.NodeId,afb9e525b718b5b1350c77f8ff237afb39bfbeedff71d58f1156430e9953f967,"This class provides a function to retrieve the internal node ID of a given document node, which serves as a unique identifier within its document.",Node ID Extraction,Function Object,Value Object,,727,662,98
exist-core/src/main/java/org/exist/xquery/functions/util/DeepCopyFunction.java,org.exist.xquery.functions.util.DeepCopyFunction,6d7f776f491a6ed65733c53a834f41ff2ad985d122930792a3fb959152121bd2,This class implements a function that creates a completely independent in-memory duplicate of a given item.,Item duplication,,,,548,605,50
exist-core/src/main/java/org/exist/xquery/functions/util/LogFunction.java,org.exist.xquery.functions.util.LogFunction,5f651c3d2c70742d4964e99fab035ee46bc692ee847c88fccab5cdb4c7c131a7,"This class provides functions for logging messages with different priorities and destinations, including the system console and named loggers.",Logging Interface,Strategy,Adapter,,655,1152,90
exist-core/src/main/java/org/exist/xquery/functions/util/Hash.java,org.exist.xquery.functions.util.Hash,5b572faa4158948479627731b6f958950a25a3657f6109f411891495548250ec,"This class generates a message digest (hashcode) from a string using a specified algorithm, with an option to return the result as a Base64 encoded string.",Hash generation,Adapter,Facade,,500,894,101
exist-core/src/main/java/org/exist/xquery/functions/util/DocumentNameOrId.java,org.exist.xquery.functions.util.DocumentNameOrId,9cabec42924f33146a70c0df0b04f50d918b7e5271031b81df2eb28c53dd6f23,"This class provides functions to retrieve information about documents and resources within a database, including their names, internal IDs, and absolute resource IDs, and allows retrieving resources by their absolute ID.",Document lookup,Function,Provider,,1895,1392,104
exist-core/src/main/java/org/exist/xquery/functions/util/Profile.java,org.exist.xquery.functions.util.Profile,a9ac8154c78c86f6b8c40efa2bbeaa07c9ea7a6c0c6ba15cd52a4f7e1e564bde,"This class provides functionality to control query profiling, enabling or disabling it and setting the verbosity level.",Query profiling,Strategy,Function Object,,588,725,89
exist-core/src/main/java/org/exist/xquery/functions/util/DescribeFunction.java,org.exist.xquery.functions.util.DescribeFunction,7c6cf94090d743d7d58b03e65dc011d729f9c19fb50ce517de2f988f3dfd7fc4,This class describes built-in functions by returning an XML element representing their signature.,Function description,Strategy,Template Method,,507,819,85
exist-core/src/main/java/org/exist/xquery/functions/util/Base64Functions.java,org.exist.xquery.functions.util.Base64Functions,f14220ee1b177f0f42b4dea3a02757e3efd9cfa05152e91ce66d66e891aacff8,"This class provides functionality for encoding strings into Base64 format and decoding them back to their original form, including URL-safe variants.",Base64 Conversion,Utility Class,Facade,,1422,1118,98
exist-core/src/main/java/org/exist/xquery/functions/util/IndexKeys.java,org.exist.xquery.functions.util.IndexKeys,dc5761b8e6c7e71200723b836f960cc5b56e878a671fc840630840f01486b882,"This class provides functionality to query range indexes defined on a set of nodes, reporting index keys to a callback function based on specified criteria like starting value and maximum results.",Index Query,Function Object,Strategy,,644,2006,102
exist-core/src/main/java/org/exist/xquery/functions/util/Collations.java,org.exist.xquery.functions.util.Collations,2f8862679bc696be56ec19b4b99f9fa49125936b1ed9144aaa5453b0fea8eea1,"This class provides a library function to return all collation locales known to the system, enabling the specification of language and country codes in collation URIs.",Locale retrieval,Strategy,,,682,617,80
exist-core/src/main/java/org/exist/xquery/functions/util/LineNumber.java,org.exist.xquery.functions.util.LineNumber,0913722b5dfb8f667de9c22cd3278ec22b11e4f32a113c938522d86560749c24,This class provides a function to retrieve the line number of an expression within the XQuery processing context.,Line Number,,,,525,546,51
exist-core/src/main/java/org/exist/xquery/functions/util/CollectionName.java,org.exist.xquery.functions.util.CollectionName,cb45e0e3fdf2b5d25b60769adc538a52353df3071f664545061e8c4a4ff4c11e,This class provides functionality to extract the collection name from a given node or a resource path string.,Collection Name,Function Object,Parameter Object,,637,772,89
exist-core/src/main/java/org/exist/xquery/functions/util/UtilModule.java,org.exist.xquery.functions.util.UtilModule,35a87f8af6925fc497b3d704c329b78ea6e76b7376fb50943f236faa35f1f7c5,"This class serves as a module definition for utility functions within an XQuery environment, registering and managing a collection of built-in and custom XQuery functions related to various utilities.",Module definition,Facade,Registry,Module,796,3067,120
exist-core/src/main/java/org/exist/xquery/functions/util/GetNodeById.java,org.exist.xquery.functions.util.GetNodeById,43a8e06ec09ca8b7c3da5caa9c2ada6adf8f18a402fd83ad414bf5ecf749e520,"This function retrieves a specific node from a document using its internal ID. It searches for the node within the provided document and returns it if found, otherwise, it returns an empty sequence.",Node retrieval,Function Object,Registry,,557,786,106
exist-core/src/main/java/org/exist/xquery/functions/util/FunUnEscapeURI.java,org.exist.xquery.functions.util.FunUnEscapeURI,8d151c8480aff5c4fcd73872c2432ca00ea684a99e913b5f1f2ce618234a3e2d,This class provides functionality to decode a URI-encoded string using a specified character encoding.,URI Decoding,Function Object,Utility Function,,452,755,87
exist-core/src/main/java/org/exist/xquery/functions/util/CallFunction.java,org.exist.xquery.functions.util.CallFunction,63212986c189ff46501112d7a1e38b4a209876a3f93ca1a8e7ca22e89c62dc26,"This class defines a function that allows for the invocation of a function reference, forwarding all provided arguments to the called function.",Function Invocation,Template Method,Strategy,,444,732,94
exist-core/src/main/java/org/exist/xquery/functions/util/Eval.java,org.exist.xquery.functions.util.Eval,daaf007855f527453bd05e0fb0cd9336029c7a70f44d7860ca4639f53ae6c466,"This class provides functionality to dynamically evaluate XPath and XQuery expressions, with options for caching, context management, and serialization of results.",Dynamic Evaluation,Strategy,Template Method,Adaptor,516,2536,113
exist-core/src/main/java/org/exist/xquery/functions/util/SystemTime.java,org.exist.xquery.functions.util.SystemTime,42f024da72dffacddaa1721e2506d78411d051b3d941f6d2d21965fb5f27aad8,"This class provides functions to retrieve the current system time, date, or date-time, all with timezone information, based on Java's `System.currentTimeMillis()`. Unlike standard functions, the values returned by this class are not stable and can change during query evaluation, making them suitable for measuring time differences.",System time,Function Object,Provider,,667,982,132
exist-core/src/main/java/org/exist/xquery/functions/util/Wait.java,org.exist.xquery.functions.util.Wait,6a22b40277a3b81d0d0e8c2000425c96723c0c3f4c85093453088c25fcf1aac4,"This class represents a function that pauses the execution of a process for a specified number of milliseconds, returning an empty sequence upon completion.",Execution delay,,,,422,601,57
exist-core/src/main/java/org/exist/xquery/functions/util/BaseConversionFunctions.java,org.exist.xquery.functions.util.BaseConversionFunctions,33bc364bee2afcf20ec0e6d396e94ad7d3897808a791fb3b4ad7e22138262e04,This class provides functions for converting between integer and octal string representations.,Base Conversion,Function Object,Strategy,,575,853,83
exist-core/src/main/java/org/exist/xquery/functions/util/InspectFunction.java,org.exist.xquery.functions.util.InspectFunction,d9a8d6ff974e750bee5cca97bd9fee0d301f791b058925ccd4c7249f2a9b7be6,"This class provides functionality to inspect user-defined functions, returning an XML representation of their signature and documentation.",Function Inspection,Template Method,Strategy,,455,579,90
exist-core/src/main/java/org/exist/xquery/functions/util/GetSequenceType.java,org.exist.xquery.functions.util.GetSequenceType,25969b596fb21bca881d0ac1fdd9e479dc5a7e6e3155a57a1e4f8099850ed41c,This class provides functionality to determine and return the string representation of a sequence's data type.,Sequence Type,Function,,,440,590,70
exist-core/src/main/java/org/exist/xquery/functions/util/FunDoctype.java,org.exist.xquery.functions.util.FunDoctype,3b17ac6495d976351e632d0ac2d4cba2af6378f0085ba26146c28582502dbbaf,This class is designed to retrieve document nodes from a collection based on specified DOCTYPE names. It processes one or more DOCTYPE arguments to find and return the relevant XML documents.,Document Retrieval,Function,,,477,684,88
exist-core/src/main/java/org/exist/xquery/functions/util/FunctionFunction.java,org.exist.xquery.functions.util.FunctionFunction,197e10d40fa21f171aea79d01a1e00a2ec8f8fdd50742ad71ff22aed0e2176f1,"This class creates a reference to an XQuery function, enabling higher-order functions by allowing functions to be passed as arguments and later invoked.",Function Reference,Factory Method,Template Method,Strategy,599,982,115
exist-core/src/main/java/org/exist/xquery/functions/util/QNameIndexLookup.java,org.exist.xquery.functions.util.QNameIndexLookup,c0f5e7cfa79adcc2d21304b9acaa136aa980a7d2d4d9836456ff99811a39a334,"This class provides functionality to look up nodes based on a qualified name (QName) and an optional comparison value and type indicator, enabling efficient querying of indexed data.",QName Lookup,Strategy,Template Method,,564,970,103
exist-core/src/main/java/org/exist/xquery/functions/util/BuiltinFunctions.java,org.exist.xquery.functions.util.BuiltinFunctions,5ef78c5e537f902ce2812d7305fe40881ea03de8025fb53058c78ffdd2b3a9d0,This class provides functionalities to retrieve information about registered functions and declared variables within modules in the query engine.,Function/Variable Discovery,Registry,Function Object,,724,1251,91
exist-core/src/main/java/org/exist/xquery/functions/util/ModuleInfo.java,org.exist.xquery.functions.util.ModuleInfo,b8844d943ba6740be3fa17c08a3cc30aba17c925af003f0a7812a2197d4d6cef,"This class provides functionality to manage and query information about registered and mapped XQuery modules within the system, allowing operations such as retrieving module lists, checking registration status, and mapping or unmapping modules.",Module Management,Facade,Command,Service Locator,614,1928,125
exist-core/src/main/java/org/exist/xquery/functions/util/UUID.java,org.exist.xquery.functions.util.UUID,d5c46271e0078849a7e51c4588b127440595137db3f975a5a962a9f107b6e092,"This class generates Universally Unique Identifiers (UUIDs), supporting both random version 4 generation and name-based version 3 generation.",UUID Generation,Factory,Abstract Factory,Builder,621,787,114
exist-core/src/main/java/org/exist/xquery/functions/util/Expand.java,org.exist.xquery.functions.util.Expand,dc9c8e99a45cca0017885844f01c40754321740e416f5038882b7964f7424b7d,"This class creates an in-memory copy of a given set of nodes, with options to customize how full-text match terms are tagged and XIncludes are expanded, and allows for specifying serialization parameters.",Node expansion,Function,Factory,,691,862,108
exist-core/src/main/java/org/exist/xquery/functions/util/LockFunction.java,org.exist.xquery.functions.util.LockFunction,b6b756731c26412d64a26cf08d0ab53e3625832f2a7cee1dbf9dd737375dff4e,"This class manages the acquisition of exclusive locks on documents to ensure safe concurrent access before performing an operation, and it also determines the data type of its second argument.",Locking Mechanism,Strategy,Template Method,,2660,626,102
exist-core/src/main/java/org/exist/xquery/functions/util/BaseConverter.java,org.exist.xquery.functions.util.BaseConverter$Base,7d22aabff6d7935ae3f91f31ffb43e19767a0e35be2d8483defca5c94086a132,"This enum represents different numerical bases (binary, octal, decimal, hexadecimal) and provides functionality to retrieve a base based on an integer value.",Base Representation,,,,552,429,60
exist-core/src/main/java/org/exist/xquery/functions/util/BaseConverter.java,org.exist.xquery.functions.util.BaseConverter,524a064f92d34bc374d9448931472bfda70b16fde90fd5c24f384013a5170165,"This class provides functionality to convert numbers between different bases, specifically from a given base to an integer, and from an integer to a string representation in binary, octal, or hexadecimal bases.",Base Conversion,Function Object,Parameter Object,,668,1018,108
exist-core/src/main/java/org/exist/xquery/functions/util/IndexType.java,org.exist.xquery.functions.util.IndexType,bf5b6c76dfb945585aaf54c977f9524eaf6c0bc4073be27f77f9dbe635ae8943,"This class determines and returns the range index type for a given set of nodes, or an empty sequence if no index is defined.",Index Type,Function,Template Method,,397,759,95
exist-core/src/main/java/org/exist/xquery/functions/util/PrologFunctions.java,org.exist.xquery.functions.util.PrologFunctions,679cef318c43e2afc29b9df7b2cc4c39f66e83e44113db356c3e987228494274,"This class provides functions for dynamically managing XQuery prolog features such as importing modules, declaring namespaces, and setting or retrieving serialization options within the current query context.",Prolog management,Facade,Command,Strategy,777,1181,117
exist-core/src/main/java/org/exist/xquery/functions/util/BinaryDoc.java,org.exist.xquery.functions.util.BinaryDoc,dad8f17506d76615d61c9f680717de83add32b8f56599ba70a574ce217f1a485,"This class provides functionality to interact with binary resources, allowing for retrieval of their content, checking for their availability, verifying their type, and obtaining content digests.",Binary Resource Management,Facade,Service,,478,1001,100
exist-core/src/main/java/org/exist/xquery/functions/util/RandomFunction.java,org.exist.xquery.functions.util.RandomFunction,ddcc1fe8da0f2646561934266af5fd34f00b45d4fd84b1e01366d6fd47b5f706,"This class provides functionality to generate random numbers, offering variations for returning a double between 0 and 1, an unsigned long integer within its maximum range, or an integer within a specified exclusive upper bound.",Random number generation,Factory Method,Strategy,Template Method,688,852,129
exist-core/src/main/java/org/exist/xquery/functions/array/ArrayConstructor.java,org.exist.xquery.functions.array.ArrayConstructor$ConstructorType,c3e231c12e3d528bdd9314efe569ffe0d140f60b8aafd8f70dd03bda604436bb,"This enum defines two distinct types of array constructors: SQUARE_ARRAY and CURLY_ARRAY, used to differentiate array instantiation styles.",Constructor type,,,,452,378,57
exist-core/src/main/java/org/exist/xquery/functions/array/ArrayConstructor.java,org.exist.xquery.functions.array.ArrayConstructor,f277c6e375694c52b312d845b70cc30b460b29cac4f37bc65fdbc17ce343deb4,"This class represents an array constructor in XQuery 3.1, capable of building arrays using either square bracket or curly brace syntax, and processing a list of arguments to form the array's elements.",Array construction,Composite,Visitor,Abstract Factory,654,856,127
exist-core/src/main/java/org/exist/xquery/functions/array/ArrayType.java,org.exist.xquery.functions.array.ArrayType$AccessorFunc,aa3425d762382f2f55595902481bdd1523656c59e2fb964a34fe2bda9ea6ddae,"This class defines a function that retrieves an element from a sequence using an integer index, ensuring the index is valid before access.",Sequence access,Strategy,Command,,730,490,93
exist-core/src/main/java/org/exist/xquery/functions/array/ArrayType.java,org.exist.xquery.functions.array.ArrayType,a948b4495012d5a746d0a5f8707e2872d50cca7cb3a65faa4a8eb24f9bdf94e9,"This class represents an XQuery array type, which is also treated as a function, allowing dynamic function calls. It is built upon an immutable, persistent vector, enabling efficient operations like appending, accessing the head and tail, and reversing, while operations like removal and insertion require creating a copy.",Array representation,Immutable Data Structure,Function Object,Value Object,898,2738,147
exist-core/src/main/java/org/exist/xquery/functions/array/ArrayModule.java,org.exist.xquery.functions.array.ArrayModule,538d08bb369fc62548d028ab3b64ea14a6b8dd7430611a4e3b369ba6f459c6f1,"This class provides a collection of functions for manipulating arrays, integrating with a larger system through defined namespaces and prefixes.",Array functions,Module,Function provider,,634,915,91
exist-core/src/main/java/org/exist/xquery/functions/array/ArrayFunction.java,org.exist.xquery.functions.array.ArrayFunction$Fn,8614ed87a6bea509dbc8a2f76e0f919344a94e547224cfd97e12f809677d2962,"This class defines an enumeration of functions, mapping string names to specific operations, and provides a mechanism to retrieve a function by its name.",Function enumeration,Enum,Registry,,4594,591,95
exist-core/src/main/java/org/exist/xquery/functions/array/ArrayFunction.java,org.exist.xquery.functions.array.ArrayFunction,7e97dbcb8aa2bf7cc748bf6826a9527ad222e29b9b02c949743cfb6c8214be9a,"This class provides a set of functions for manipulating arrays, enabling operations such as size calculation, element access, modification, sorting, and higher-order array processing.",Array manipulation,Utility,Function,,2099,4210,100
exist-core/src/main/java/org/exist/xquery/functions/integer/FormatModifier.java,org.exist.xquery.functions.integer.FormatModifier$Numbering,cc4aa989718903b0eaad62d636294aabc346ae3189ac35c6493e83e53606f8f0,"This enumeration defines two distinct types of number representation: cardinal (e.g., one, two, three) and ordinal (e.g., first, second, third).",Number representation,,,,671,374,67
exist-core/src/main/java/org/exist/xquery/functions/integer/FormatModifier.java,org.exist.xquery.functions.integer.FormatModifier$LetterSequence,78e10d42e06900e6a2f4f1258c1a8e013f518f7ec84f8322a107b54e6b12d9c2,"This enumeration defines the possible types of letter sequences that can be considered, specifically distinguishing between alphabetic and traditional ordering.",Sequence Type,,,,457,377,54
exist-core/src/main/java/org/exist/xquery/functions/integer/FormatModifier.java,org.exist.xquery.functions.integer.FormatModifier,1deb0654e558c2c32daa005b62871151c82068f318279e458dcbc41358c05e17,"This class represents and parses format modifiers for integer formatting, specifically handling numbering schemes, variations, and letter sequences as defined in the W3C XPath Functions and Operators 3.1 specification.",Format Modifier,Value Object,Data Transfer Object,,637,554,109
exist-core/src/main/java/org/exist/xquery/functions/integer/RomanNumberHelper.java,org.exist.xquery.functions.integer.RomanNumberHelper,7cc8cd0d028ac666727323b4523571ebd365c7f0cec5ae7415443f973bcad6d3,This class provides a utility method to convert an integer into its Roman numeral string representation.,Integer to Roman conversion,Utility Class,Immutable Data,,532,787,89
exist-core/src/main/java/org/exist/xquery/functions/integer/RomanIntegerPicture.java,org.exist.xquery.functions.integer.RomanIntegerPicture,a24f8fcb43892d1dfe086da9356aa3dd3f69f02a07787c82fdef237cade45c44,"This class is responsible for formatting integers into Roman numerals, supporting both uppercase and lowercase representations, and handling numbers within the range of 1 to 4999.",Roman numeral formatting,Strategy,Decorator,,839,544,103
exist-core/src/main/java/org/exist/xquery/functions/integer/DigitsIntegerPicture.java,org.exist.xquery.functions.integer.DigitsIntegerPicture$Group,8f537e1a0de1af5469f0bec59ae0122672edd6760004a876530ec50cef7546a3,"This class represents a group of formatting elements, tracking the count of optional and mandatory items, and an optional separator.",Formatting Group,,,,2122,470,54
exist-core/src/main/java/org/exist/xquery/functions/integer/DigitsIntegerPicture.java,org.exist.xquery.functions.integer.DigitsIntegerPicture$PrimaryFormatParser,ba9e36c4d0df7cc7d5bfd330f4d3618fd96ed67a1287046809d473551e518632,"This class is responsible for parsing and matching characters from a target string against a defined primary format, leveraging Unicode sets to identify specific character types and extract corresponding code points.",Format Parsing,Strategy,Builder,Flyweight,710,738,119
exist-core/src/main/java/org/exist/xquery/functions/integer/DigitsIntegerPicture.java,org.exist.xquery.functions.integer.DigitsIntegerPicture,377c0d124b54261bc6d7c786887690b60d6d229200a041c069e76074741c6a58,"This class formats integers according to specific rules defined by a primary format token and a format modifier, handling various digit families and group structures, and can optionally append ordinal suffixes.",Integer formatting,Strategy,Composite,Interpreter,675,2004,119
exist-core/src/main/java/org/exist/xquery/functions/integer/NumberingPicture.java,org.exist.xquery.functions.integer.NumberingPicture,e968da9f3f0dd8815fed4ca2ef17d0aee9c45dbe7099fa07cbbd5cdb8cedca67,"This class formats integers into strings according to specific numbering sequences defined by character ranges, falling back to a default format and handling ordinal numbering.",Number formatting,Factory,Template Method,Strategy,637,1100,113
exist-core/src/main/java/org/exist/xquery/functions/integer/SequenceIntegerPicture.java,org.exist.xquery.functions.integer.SequenceIntegerPicture,07afb6745c0b846c7e222882c3f1f499972980c7bf1a38e16101e371a86c6102,"This class formats integers into sequences of digits according to a specific rule, using a base-26 system. It handles formatting based on locale and returns '1' for values outside the expected range.",Integer Formatting,Strategy,Template Method,,1230,591,109
exist-core/src/main/java/org/exist/xquery/functions/integer/IntegerPicture.java,org.exist.xquery.functions.integer.IntegerPicture,5baf624a27718cb87708bb13ca062b426e72d127e26fc27bc84242037e82d865,"This abstract class defines a framework for formatting large integers according to various internationalization and presentation rules. It provides a static factory method to create specific formatters based on a picture string and abstract methods for subclasses to implement the actual integer formatting logic, including handling language-specific rules and ordinal suffixes.",Integer Formatting,Abstract Factory,Strategy,Template Method,723,1237,145
exist-core/src/main/java/org/exist/xquery/functions/integer/WordPicture.java,org.exist.xquery.functions.integer.WordPicture$CaseAndCaps,9102df7f6b7eba5316401cc2bd96c322c38ce7d73b86ef57e765809fe8ff28a5,"This enum provides a way to format integers according to locale-specific rules and then apply different casing conventions (uppercase, lowercase, or capitalized) to the resulting string.",String casing,Enum,Strategy,,592,513,101
exist-core/src/main/java/org/exist/xquery/functions/integer/WordPicture.java,org.exist.xquery.functions.integer.WordPicture,4ace5fdb0ace18638d3a60c4421de74f0f5d882f5c90a38a7e6a0682dd707cc9,"This class formats integers into their word representations, supporting different languages, grammatical cases (cardinal/ordinal), and capitalization styles, leveraging ICU4J for linguistic rules.",Number to words,Strategy,Adaptor,Decorator,620,1433,120
exist-core/src/main/java/org/exist/xquery/functions/securitymanager/AccountManagementFunction.java,org.exist.xquery.functions.securitymanager.AccountManagementFunction,4deb20f8c6cc2c5ba439e33c3cc44f01151c28ff720a9bad6995cbca7230c775,"This class provides functionality for managing user accounts, including creating, removing, and updating user passwords, with support for various options like specifying groups and metadata.",Account Management,Facade,Command,Service Layer,666,2000,116
exist-core/src/main/java/org/exist/xquery/functions/securitymanager/GroupMembershipFunction.java,org.exist.xquery.functions.securitymanager.GroupMembershipFunction,8a9e1aafb7365b486bdc24b7e554a50b8fa158cfb7334b7e9334d21ada981969,"Manages user and group relationships, allowing for the addition and removal of members and managers, retrieval of group information, and designation of primary groups, with access control enforced for administrative actions.",Group management,Facade,Command,Permission enforcement,712,2150,123
exist-core/src/main/java/org/exist/xquery/functions/securitymanager/AccountStatusFunction.java,org.exist.xquery.functions.securitymanager.AccountStatusFunction,6b86131da0bef14d9979298dfbf4be204cb4089e6a38396049d5829084d143a2,"This class provides functionality to check if a user account is enabled and to enable or disable user accounts, enforcing specific security permissions for these operations.",Account Status,Gateway,Facade,Strategy,576,877,113
exist-core/src/main/java/org/exist/xquery/functions/securitymanager/GroupManagementFunction.java,org.exist.xquery.functions.securitymanager.GroupManagementFunction,d3843435645c703cf9e1a5de86ac5e9b3e83684ad15edd7a0943dff0ef57a21b,"This class handles operations related to user group management, including creating new groups with various configurations and removing existing groups.",Group Management,Facade,Function Object,,494,1325,91
exist-core/src/main/java/org/exist/xquery/functions/securitymanager/FindGroupFunction.java,org.exist.xquery.functions.securitymanager.FindGroupFunction,b990ddc2940e8355b3a43070a2bca9bbec28382921d294a30273909aef0aaf85,"This class provides a set of functions for querying and managing user groups, including listing all groups, finding groups by name fragments, checking group existence, and retrieving user group memberships and primary groups.",Group Management,Function Object,Facade,,643,1492,107
exist-core/src/main/java/org/exist/xquery/functions/securitymanager/FindUserFunction.java,org.exist.xquery.functions.securitymanager.FindUserFunction,3a00084f7d9b234d7187039011cb13065ca9853880b7ecd66fe7550c3a1ce968,"This class provides functionality to search for users based on different criteria such as username prefix, personal name prefix, or to list all users and check for user existence.",User Discovery,Function Object,Facade,,3054,1324,101
exist-core/src/main/java/org/exist/xquery/functions/securitymanager/UMaskFunction.java,org.exist.xquery.functions.securitymanager.UMaskFunction,73f6d969c5a88ea346ed8b98b483a5c5f0d8f22c6152a7c92e152ecf919237bb,"This class provides functionality to retrieve and set the user account's umask, acting as an interface for security management operations.",User Mask Management,Adapter,Facade,,586,940,94
exist-core/src/main/java/org/exist/xquery/functions/securitymanager/SetPrincipalMetadataFunction.java,org.exist.xquery.functions.securitymanager.SetPrincipalMetadataFunction,5b47ae265582b8e02927132bda9d3b213f6f021507841c22581feab755a0a280,"This class provides functionality to set metadata attributes for user accounts and groups, acting as an intermediary to manage principal metadata.",Principal Metadata,Function Object,Command,,549,966,92
exist-core/src/main/java/org/exist/xquery/functions/securitymanager/IdFunction.java,org.exist.xquery.functions.securitymanager.IdFunction,12c45cc7e1128db904af86b67d19bf441222b95045742b4899306b9fffc2dcb2,"This class provides functionality to retrieve information about the user and group accounts executing an XQuery, returning details about both the real and effective accounts if they differ.",User Identity,Function Object,Factory Method,,613,809,101
exist-core/src/main/java/org/exist/xquery/functions/securitymanager/SecurityManagerModule.java,org.exist.xquery.functions.securitymanager.SecurityManagerModule,f549b6e7669c0382f57fcc3e80401c66a01c2811e34151b45bdcf4221b06f623,"This module provides XQuery functions for managing users, groups, and permissions within the eXist-db security manager.",Security Management,Module,Extension Point,Facade,711,2186,110
exist-core/src/main/java/org/exist/xquery/functions/securitymanager/IsAuthenticatedFunction.java,org.exist.xquery.functions.securitymanager.IsAuthenticatedFunction,0eaaacf08199d94a3b045a5587a5a8f804241855c1745175783d2e299058d50b,"This class provides functionality to determine if the current user is authenticated, including a distinction for external authentication.",Authentication Check,Function Object,,,432,711,72
exist-core/src/main/java/org/exist/xquery/functions/securitymanager/PermissionsFunction.java,org.exist.xquery.functions.securitymanager.PermissionsFunction,eaaf59caa09f09e05d9abf9e4b5f5376a802c1af9a68529fde6e658926f030db,"This class provides a set of functions for managing and querying file system permissions and access control lists, including operations like getting permissions, modifying ACEs, changing ownership, and checking access rights, along with utility functions for mode string conversions.",Permissions Management,Facade,Strategy,Command,730,4207,131
exist-core/src/main/java/org/exist/xquery/functions/securitymanager/GetPrincipalMetadataFunction.java,org.exist.xquery.functions.securitymanager.GetPrincipalMetadataFunction,0b2c0f8ef6d3f30e8f12510c5f9ce939a78a86f45e2e3f90a0872468723462a7,"This class provides functions to retrieve metadata keys and values for user accounts and groups, enforcing access control based on user privileges.",Principal Metadata,Facade,Strategy,Service,631,1532,109
exist-core/src/main/java/org/exist/xquery/ChildSelector.java,org.exist.xquery.ChildSelector,c7ef301d6d12542f3c60b988e5e687ac5249504e01b7ff36515e3e3e4d952a79,"This class selects a child node from a document based on a provided node ID, creating a proxy for that child node and transferring its contextual information.",Node Selection,Adapter,Specification,,489,492,97
exist-core/src/main/java/org/exist/xquery/IndexUseReporter.java,org.exist.xquery.IndexUseReporter,1c6ef6d72d88b5f07c290b5521ca158da69c951ba42ce282d332c83f1fed1a7e,"This interface indicates that an expression may use an index to optimize its evaluation, allowing for index-related pragmas to influence its execution.",Index usage reporting,,,,397,500,59
exist-core/src/main/java/org/exist/xquery/ConditionalExpression.java,org.exist.xquery.ConditionalExpression,2833e3e5fabb8c31cd2fa638471af86f96edd463abe81d2efe272939b09464a2,"This class represents an XQuery conditional (if-then-else) expression. It evaluates a test expression and, based on its result, executes and returns the value of either the 'then' or 'else' expression.",Conditional logic,Expression Tree,Visitor,,704,1394,114
exist-core/src/main/java/org/exist/xquery/PerformanceStatsService.java,org.exist.xquery.PerformanceStatsService,49b53c203f2f366e84e7eb583c5c83c3db3a0e4dff923b2b61c17587dfb61908,"This class implements a thread-safe performance statistics service, designed to be used by multiple threads and integrated with a broker pool. It provides methods to record various performance-related events, such as queries, function calls, index usage, and optimizations, and supports serializing and resetting these statistics.",Performance Tracking,State,Service,Thread-Safe Facade,789,1145,147
exist-core/src/main/java/org/exist/xquery/pragmas/NoIndexPragma.java,org.exist.xquery.pragmas.NoIndexPragma,e1f76bc60ad0868b7b4efb8a0a58c8c8c3365905179354ae7ffd0191eff86867,"This class represents a pragma that likely controls or influences index usage during query analysis, potentially disabling indexing for certain operations.",Pragma Handling,Marker,Strategy,,537,538,93
exist-core/src/main/java/org/exist/xquery/pragmas/ForceIndexUse.java,org.exist.xquery.pragmas.ForceIndexUse,ef6e88eca6416fcb5e1e38f128f85846f43993950aa2fdbeee0ce7fcb6bc2063,This class enforces the use of an index for XQuery expressions by checking if the expression components support index utilization and throwing an exception if they do not.,Index Enforcement,Visitor,Strategy,,554,733,98
exist-core/src/main/java/org/exist/xquery/pragmas/Optimize.java,org.exist.xquery.pragmas.Optimize,7e8f59bf83ee0312f3081b2c222eb054c4453f1450603c870434a9c5655f7aef,"This class is responsible for optimizing the execution of XQuery expressions by analyzing them, caching results, and utilizing structural indexes when available.",Query Optimization,Strategy,Decorator,Template Method,1035,1119,112
exist-core/src/main/java/org/exist/xquery/pragmas/TimePragma.java,org.exist.xquery.pragmas.TimePragma$Options,a6777266ca67c7e4985c5b195e23b68235fa229816f2d8565b52502642410760,"This class encapsulates the configuration settings for a timer pragma, including verbosity, logging details, and measurement mode.",Timer options,,,,498,459,54
exist-core/src/main/java/org/exist/xquery/pragmas/TimePragma.java,org.exist.xquery.pragmas.TimePragma$MeasurementMode,e9b12e1b02eb72a4679d5c3d3e44d66a49858b5c2a820871a25e2910ae83779f,"This enum defines distinct modes for taking measurements, allowing for either a single measurement event or multiple measurement events.",Measurement Mode,,,,513,390,52
exist-core/src/main/java/org/exist/xquery/pragmas/TimePragma.java,org.exist.xquery.pragmas.TimePragma$Timing,7f486bed5d52c5243b51f8dd62137569f5bdd2ab8deecf863a3ad5b5d9069905,"This class aggregates and provides statistical information about the duration of multiple execution cycles, such as the first, last, minimum, maximum, and average elapsed times, along with the total number of iterations.",Timing metrics,Value Object,Mutable Value,,579,1005,109
exist-core/src/main/java/org/exist/xquery/pragmas/TimePragma.java,org.exist.xquery.pragmas.TimePragma,c7583b73d6948a461ec6c935f3e79f4210bfe06a6103c72e360da236f5795338,"This pragma records the execution time of an associated XQuery expression and logs it with configurable verbosity, logger name, logging level, and message prefix.",Time Measurement,Decorator,Strategy,Template Method,664,2183,117
exist-core/src/main/java/org/exist/xquery/pragmas/ProfilePragma.java,org.exist.xquery.pragmas.ProfilePragma,460854c26d117b508c914886745627c68be9baf4f671a0ab145dd2a0ab68be2a,"This class manages the setup and teardown of performance profiling for XQuery expressions, enabling and disabling monitoring as needed.",Profiling Control,Aspect-Oriented Programming,Strategy,,495,595,95
exist-core/src/main/java/org/exist/xquery/InternalFunctionCall.java,org.exist.xquery.InternalFunctionCall,46cf556320de8ae1662dab00248216d74d24ad06a176dc1baff98bf029945e27,"This class acts as a secure wrapper around an internal function, enforcing access control checks before delegating the actual function execution.",Access Control,Proxy,Decorator,,2118,1527,92
exist-core/src/main/java/org/exist/xquery/NodeConstructor.java,org.exist.xquery.NodeConstructor,6c2adafcc75d271c73c2aec2ac02ac3c94d7454ee659fbd3ad6c6c2ed712f86f,"This abstract class serves as a base for constructors of nodes within an XQuery processing context, defining common behaviors for analysis, evaluation, and document preparation.",Node construction,Abstract Base Class,Template Method,,567,871,101
exist-core/src/main/java/org/exist/xquery/RangeSequence.java,org.exist.xquery.RangeSequence$RangeSequenceIterator,a28cb882f2b4d2be2417f84a9392715c5e1199f2b186eeabca5d92474c9df94f,"This class represents an iterator for a sequence of integers within a defined range. It provides methods to retrieve the next item, check if there are more items, and efficiently skip over elements.",Sequence Iteration,Iterator,Stateful,,537,616,107
exist-core/src/main/java/org/exist/xquery/RangeSequence.java,org.exist.xquery.RangeSequence$ReverseRangeSequenceIterator,893b0b3ef0d5a6cdbc53ff0027f948d333820887d6eced73683e9ce905520dba,"This class provides an iterator that generates a sequence of long integers in reverse order, starting from a given value and decrementing until the sequence is exhausted. It supports checking for remaining elements, determining skippable elements, and skipping elements backward.",Sequence Iteration,Iterator,State holder,,586,596,118
exist-core/src/main/java/org/exist/xquery/RangeSequence.java,org.exist.xquery.RangeSequence,f7eb2878d87a670975b89c746fccd05474fa30182e3a4d7f7bb6f09f21b67b22,"This class represents an immutable sequence of integers within a defined range, providing methods to iterate over the sequence in forward or reverse order, check for containment, and determine sequence properties. It also explicitly prevents modifications by throwing exceptions for add and addAll operations.",Sequence Generation,Immutable,Iterator,Value Object,728,1480,136
exist-core/src/main/java/org/exist/xquery/CDATAConstructor.java,org.exist.xquery.CDATAConstructor,81294043778f8b5b847907b8913437e4e04e3cf0f934a74ca68f779e0bb27296,"This class constructs and evaluates CDATA nodes in an in-memory XML document, representing CDATA sections with their content.",CDATA Construction,Value Object,Builder,,676,572,93
exist-core/src/main/java/org/exist/xquery/SimpleStep.java,org.exist.xquery.SimpleStep,e033b30ed50ce7d29e904001032c90db1ccc8b140c0571aabce9008715c72cd5,"This class represents a primary expression within a simple path step, primarily used to encapsulate variable references in path expressions for XQuery processing.",Path Expression,Abstract Base Class,Wrapper,Expression Visitor,619,878,114
exist-core/src/main/java/org/exist/xquery/Union.java,org.exist.xquery.Union,081258e596ddc92037aaa81f714dae4a98ab2ddccf305f29f85c89984f6c5f5e,"This class represents the union operation between two path expressions in an XQuery context, enabling the combination of their results while maintaining node sequence integrity.",Expression combination,Visitor,Strategy,,676,585,96
exist-core/src/main/java/org/exist/xquery/ExternalModuleImpl.java,org.exist.xquery.ExternalModuleImpl,6a5b7f2068fff5e37eff27fcdaf45b11e0f543f8cddba7157ce53b0c1495120d,"This class implements an external XQuery module, managing its functions, variables, and context within the eXist-db environment.",Module Management,Factory,Facade,Registry,730,1956,111
exist-core/src/main/java/org/exist/xquery/ElementConstructor.java,org.exist.xquery.ElementConstructor,4995556ffe249a49ee8fddfcd95b44a6180f7a49b911e7020541bd8d0ac49608,"This class constructs XML elements, managing their qualified names, attributes, namespaces, and content, and is responsible for analyzing and evaluating these elements within a given context.",Element Construction,Builder,Visitor,Command,528,1189,117
exist-core/src/main/java/org/exist/xquery/StringConstructor.java,org.exist.xquery.StringConstructor$StringConstructorPart,1641fa2e504511b33146476c9736c3d8a1ad446be09dbafaea1bc31aa8b45739,"This interface defines a contract for components involved in constructing and analyzing string expressions. It includes methods for analyzing context information, evaluating XPath expressions against sequences, dumping expression trees, and resetting internal state.",Expression Handling,Strategy,Visitor,Command,805,570,123
exist-core/src/main/java/org/exist/xquery/StringConstructor.java,org.exist.xquery.StringConstructor$StringConstructorContent,bdf645ad9ad4f886734b1884a43be92a81b547377238b7962f8e4fafbd642ddf,"This class represents a static piece of content within a string construction process, providing a fixed string value and managing its representation for analysis, evaluation, and debugging.",Static Content,Value Object,Immutable,,569,613,100
exist-core/src/main/java/org/exist/xquery/StringConstructor.java,org.exist.xquery.StringConstructor$StringConstructorInterpolation,dd9ab2ddf7c72e8a3de5f089da8a88c2b61d936ff84c8f0f890c841ebbf9096c,"This class represents a part of a string constructor that involves interpolating an expression. It handles the analysis, evaluation, and representation of this interpolated expression within a larger string construction process.",String Interpolation,Composite,Strategy,,469,613,105
exist-core/src/main/java/org/exist/xquery/StringConstructor.java,org.exist.xquery.StringConstructor,930cfcedb291f7a1c43b568417818755b82444ddfb9c99d331b6a23b699d8fc3,This class constructs an XQuery 3.1 string by composing literal string parts and the results of interpolated expressions.,String construction,Composite,Visitor,Expression Tree,627,1246,109
exist-core/src/main/java/org/exist/xquery/TypeswitchExpression.java,org.exist.xquery.TypeswitchExpression$Case,a253572efffaf4d277621eedaf097db5cc01b6facc76aff6056822e098c2e1cc,"This class represents a single case within a larger case statement, storing the types it applies to, the variable to be used, and the expression to be evaluated when the case matches.",Case clause,,,,724,430,67
exist-core/src/main/java/org/exist/xquery/TypeswitchExpression.java,org.exist.xquery.TypeswitchExpression,b85ea22fbadcb250279f0d727bc17921c37f93b13a92ca76b6b66e2e14d39004,"This class implements a typeswitch construct, allowing conditional execution of different expressions based on the type of an input sequence. It supports defining multiple cases, each with specific sequence types and optional variable bindings, as well as a default clause.",Type Switching,Strategy,Visitor,Command,550,1145,131
exist-core/src/main/java/org/exist/xquery/DeferredFunctionCall.java,org.exist.xquery.DeferredFunctionCall,3432d744df8ffbcd9446e0d3d9d8e20f9bfa1eb7b226033ebbeff3bc95b78a99,"This abstract class represents a deferred function call within an XPath processing system, providing a mechanism to delay the execution of XPath queries and manage sequences of items.",Deferred execution,Template Method,Strategy,Command,638,1698,116
exist-core/src/main/java/org/exist/xquery/FilteredExpression.java,org.exist.xquery.FilteredExpression,95a8e385984db658456dbcbd77f826539b552396bc89747028d6f9266c0b3505,This class represents an XPath expression that applies one or more predicates (filters) to an underlying expression.,Expression filtering,Visitor,Composite,Decorator,446,1086,105
exist-core/src/main/java/org/exist/xquery/AtomicToString.java,org.exist.xquery.AtomicToString,a0a0347f0496fdd12a5308ee62d0cf72dda81e216491300a9718b202684481e9,This class represents an XQuery expression that evaluates an embedded expression and converts its results into a string.,String Conversion,Expression,Visitor,,672,984,88
exist-core/src/main/java/org/exist/xquery/DescendantOrSelfSelector.java,org.exist.xquery.DescendantOrSelfSelector,29376ef1e124067b972a03914eda32485f7428bc427e7f3a3538f450286523c1,"This class extends a base selector to implement logic for identifying and retrieving descendant or self nodes within a document, based on a given context and node ID.",Node Selection,Strategy,Template Method,,1585,512,99
exist-core/src/main/java/org/exist/xquery/ValueComparison.java,org.exist.xquery.ValueComparison,721bcfd52ab6b61e7b43138972b53b5215338fb832907a4666345a04d9fe4346,"This class performs comparisons between values based on a specified relation, handling atomic values, node sets, and sequences, and supports various comparison scenarios including truncation and collators for atomic value comparisons.",Value Comparison,Strategy,Template Method,,1144,1262,106
exist-core/src/main/java/org/exist/xquery/AnyNodeTest.java,org.exist.xquery.AnyNodeTest,969819112a7b7a9c1bf0558e8c93dcb468750773925058922b7ea99060445766,"This class acts as a wildcard node test, designed to match any node that is not an attribute or does not conform to specific criteria, particularly within the context of XML processing and XQuery.",Wildcard Node,Strategy,Interface,,673,930,107
exist-core/src/main/java/org/exist/xquery/CachedResult.java,org.exist.xquery.CachedResult,478f22f9a81486873c51115353826ca2eeed052ab72bb0d26e24c49a43e770bb,"This class is designed to cache intermediate computation results, along with the context and item associated with that computation, to improve performance by avoiding redundant calculations when the same evaluation context is encountered again.",Result caching,Memoization,,,1132,516,89
exist-core/src/main/java/org/exist/xquery/AbstractInternalModule.java,org.exist.xquery.AbstractInternalModule$FunctionComparator,8d6b4e6a9eb14a9cd5d1ad6bd1c7239650d39d5606b876bee85516ef215e9902,"This class provides a mechanism to compare two `FunctionDef` objects based on their function identifiers, enabling ordered collections and efficient lookups.",Function Ordering,Strategy,Comparable,,696,444,95
exist-core/src/main/java/org/exist/xquery/AbstractInternalModule.java,org.exist.xquery.AbstractInternalModule,3e21f1dff921354c72b46512ac511b90b6f33f736b3ccd509c420ad5b303495a,"This abstract class serves as a base for internal XQuery modules, defining how functions and global variables are registered and managed. It allows a single implementation class to handle multiple function signatures and provides mechanisms for declaring and resolving variables within the module's scope.",Module Management,Abstract Factory,Template Method,Facade,810,1709,137
exist-core/src/main/java/org/exist/xquery/AnalyzeContextInfo.java,org.exist.xquery.AnalyzeContextInfo,72765f184fc0496ed23fdbc0a85b6fdb14ad29428e2fd39c0b093b89df5784c9,"This class holds context information and execution hints for XQuery expressions, providing details like the current XQuery context, parent expression, and various processing flags during the analysis phase of a query.",Analysis Context,Context Object,Holder,,1529,1196,106
exist-core/src/main/java/org/exist/xquery/LogicalOp.java,org.exist.xquery.LogicalOp,1c2a352344e75cb0f97e04d966e3f4fb55a5fed08607830babd34c396e2e23e4,"This abstract class serves as a base for boolean 'and' and 'or' operations, providing foundational logic for evaluating and analyzing these operations within an XQuery context.",Boolean logic,Template Method,Strategy,Abstract Base Class,632,946,121
exist-core/src/main/java/org/exist/xquery/BasicFunction.java,org.exist.xquery.BasicFunction,162a11e31104b9f4cbefcffbb825626a5cc2d6166f280857d82cf2c7d6a02d36,"This abstract class defines a base structure for implementing simple functions within an XPath evaluation context, requiring subclasses to provide specific evaluation logic.",Function evaluation,Abstract Base Class,Template Method,,677,671,96
exist-core/src/main/java/org/exist/xquery/VariableImpl.java,org.exist.xquery.VariableImpl,43f5bea277ae9b39abac78b953badd81094da37eebbc86efda9c7ac960b7ca00,"This class represents an XQuery/XPath variable, holding its qualified name (QName) and its associated value, along with type information and its position in a variable stack.",Variable representation,Value Object,Data Transfer Object,,670,962,106
exist-core/src/main/java/org/exist/xquery/PIConstructor.java,org.exist.xquery.PIConstructor,0fd26e93b168936d180b453e9b7e55350ffb77c5720e17775869655fc24f745e,"This class constructs and represents processing instructions within an XML document, managing their target and data, and providing functionality for their evaluation and serialization.",Processing Instruction,Factory Method,Composite,,516,703,96
exist-core/src/main/java/org/exist/xquery/PerformanceStats.java,org.exist.xquery.PerformanceStats$OptimizationType,0d6200b04b715b890d349f59d806ea2971673f15c6e8f993c0826694d2d65cf5,This code defines an enumeration for specifying different types of optimizations that can be applied.,Optimization types,,,,352,378,47
exist-core/src/main/java/org/exist/xquery/PerformanceStats.java,org.exist.xquery.PerformanceStats$IndexOptimizationLevel,a38898ca980cb93a78e70799765ccd74b167a88aaa7783c9723a743cc1b8249b,"This enum defines different levels of optimization that can be applied to an index, ranging from no optimization to a basic or fully optimized level.",Index optimization levels,,,,499,384,59
exist-core/src/main/java/org/exist/xquery/PerformanceStats.java,org.exist.xquery.PerformanceStats,c997bab3263a1f4b81681259368fbcf224552ebf4e18853529f863ff29455db7,"This interface defines methods for recording and managing performance statistics related to query execution, function calls, index lookups, and optimizations. It allows for enabling/disabling these stats, recording various performance metrics, merging stats from different sources, serializing them to XML, and resetting them.",Performance Recording,Strategy,Facade,Observer,687,1261,141
exist-core/src/main/java/org/exist/xquery/WindowExpr.java,org.exist.xquery.WindowExpr$WindowType,164b93c1ed14a2bb5cc32887a63e2289f7a400daac582687f498bcca5b182a0d,"This enum defines the distinct types of data windows that can be utilized for stream processing, specifically differentiating between tumbling (fixed, non-overlapping) and sliding (fixed, overlapping) window mechanisms.",Window Types,,,,571,386,69
exist-core/src/main/java/org/exist/xquery/WindowExpr.java,org.exist.xquery.WindowExpr$WindowContextVariables,db206188e7b9c3177941f066a0ba41a452f395704282086d3bacb27fdfd8f210,"This class encapsulates the state of window context variables used during XQuery processing, including the current item, its position, and adjacent items, and provides methods to manage and deallocate these resources.",Context Management,Value Object,Encapsulation,,751,554,109
exist-core/src/main/java/org/exist/xquery/WindowExpr.java,org.exist.xquery.WindowExpr$Window$State,96ba24bc5841806260ee782a50114265610133c2c454a7e582e9ef2aaac96453,This class defines a simple enumeration to represent two distinct states: STARTED and ENDED.,State management,,,,2023,378,48
exist-core/src/main/java/org/exist/xquery/WindowExpr.java,org.exist.xquery.WindowExpr$Window,c49556586ea5c3c9bb2203fd515ff86453a5236f6511fd2f8425209e9c68f023,"This class represents a time-bound window for collecting a sequence of items, with defined start and end states and optional associated context variables.",Windowing items,State,Value Object,,1357,597,97
exist-core/src/main/java/org/exist/xquery/WindowExpr.java,org.exist.xquery.WindowExpr,302c34e5eb54a03d9273737d6c2a65400536472a8e148ce6d1fc6581d7a415a8,"This class represents an XQuery window expression, defining how to process an input sequence by dividing it into windows based on start and end conditions, and then evaluating a return expression for each window.",Window processing,Visitor,Expression Tree,,512,1532,107
exist-core/src/main/java/org/exist/xquery/CastExpression.java,org.exist.xquery.CastExpression$FunctionWrapper,8225a0926d297473898cab35146ba4cd360dc8fd230d99cbb4ca5b8ec29d8d12,"This class acts as a wrapper for a cast expression, enabling its evaluation within a function context.",Expression evaluation,Adapter,,,439,492,70
exist-core/src/main/java/org/exist/xquery/CastExpression.java,org.exist.xquery.CastExpression,248758eb91edc7c069a86c8ae6d25a40f86d7c086f9f4e06a69b55834256a855,"This class represents and evaluates expressions that involve casting a given expression to a specific required type and cardinality, functioning as a type constructor within the system.",Type casting,Expression,Visitor,Strategy,753,1080,114
exist-core/src/main/java/org/exist/xquery/FunctionDSL.java,org.exist.xquery.FunctionDSL,bfaacbf303bb2cf0a83e38b16234c02efb6fca9ff4d3323607fa6bd225dc2da1,"This class provides a Domain Specific Language (DSL) for defining function signatures and their implementations, simplifying the process of declaring and registering functions within the system.",Function Definition,Builder,Fluent Interface,DSL,2470,5461,116
exist-core/src/main/java/org/exist/xquery/OpNumeric.java,org.exist.xquery.OpNumeric$OpEntry,964a5d4a7f68c2878868624eb6a71f54edaaf0d4287c8797ad637a8b8dea8258,"Represents a specific arithmetic operation with its associated operand types and result type, designed to be ordered and compared with other operations.",Operation Definition,Value Object,Comparable,,673,534,94
exist-core/src/main/java/org/exist/xquery/OpNumeric.java,org.exist.xquery.OpNumeric,271d5fb9d657ff98239a0fa36902da6a92a8a9e134e95eaf502589a9d990d5e7,"Performs numeric and temporal operations between two operands, handling type promotions and specific error conditions like division by zero.",Numeric Operation,Strategy,Visitor,Template Method,585,3013,108
exist-core/src/main/java/org/exist/xquery/PartialFunctionApplication.java,org.exist.xquery.PartialFunctionApplication$PrecomputedValue,88c2ad06e3cb92954933d00d69ffac88d372ddb56fff055516e03a0983520452,"This class represents a precomputed sequence that is returned directly during evaluation, disregarding any runtime context.",Precomputed value,Strategy,Value Object,,553,618,89
exist-core/src/main/java/org/exist/xquery/PartialFunctionApplication.java,org.exist.xquery.PartialFunctionApplication,6b624616318fbd77403cb6b38b42bdce19ad4434f1c0c90575d884b531279ec3,"This class represents the concept of partial function application, allowing a function to be applied with some arguments fixed, returning a new function with fewer arguments. It caches analysis context and can evaluate itself by creating a new function reference.",Function Application,Expression,Factory,Memoization,794,830,130
exist-core/src/main/java/org/exist/xquery/ParentSelector.java,org.exist.xquery.ParentSelector,2304a5bbb3855359d88dc0ec1837012275f7e1fd4f78143b56bacd934777960c,"This class selects parent nodes within a document context, enabling navigation and retrieval of a specific node based on its identifier.",Node Selection,Strategy,Visitor,,656,447,91
exist-core/src/main/java/org/exist/xquery/FunctionSignature.java,org.exist.xquery.FunctionSignature,a447659deb64314e6e4b778b474cc32fe74df05ff524907937a7abbe17a9ca25,"This class defines the structure and metadata for a function, including its name, argument types, return type, and descriptive information.",Function definition,Value Object,Data Transfer Object,,560,1399,96
exist-core/src/main/java/org/exist/xquery/GroupSpec.java,org.exist.xquery.GroupSpec,211d3a026679cd28e317cf369a1a85081344612ceed15297a44f8dc3079fd1d2,"This class specifies how to group items in a query, including the expression to group by, the name and type of the resulting key variable, and optional collation settings.",Grouping specification,Value Object,Specification,,694,837,102
exist-core/src/main/java/org/exist/xquery/JavaCall.java,org.exist.xquery.JavaCall,e286017e8f2d80d959892b266a9eb0d7529e2c685b218f8326ce95393dbdb928,"This class represents a special function call to a Java method or constructor whose namespace URI begins with ""java:"". It handles the identification, analysis, and evaluation of such calls within the system.",Java Calls,Strategy,Adapter,,825,984,106
exist-core/src/main/java/org/exist/xquery/ConcatExpr.java,org.exist.xquery.ConcatExpr,c213a49b5a32241960ea3945f3c49d8841259b9e83688db8e8c4ca07968f3dbf,"This class represents and evaluates an XQuery expression for string concatenation, ensuring compatibility with XQuery versions and handling the atomization and sequencing of string values for the concatenation.",String Concatenation,Expression Tree,Visitor,Abstract Factory,781,689,122
exist-core/src/main/java/org/exist/xquery/InlineFunction.java,org.exist.xquery.InlineFunction,97c0c5208faf8d8932b711f7fbd7aaad442bd834c8ff521f5f025d80be7dff3d,"This class represents an XQuery 3.0 inline function expression, managing its definition, analysis context, and execution as a function call.",Function Expression,Strategy,Composite,Interpreter,965,787,113
exist-core/src/main/java/org/exist/xquery/AttributeConstructor.java,org.exist.xquery.AttributeConstructor,83388b588aca9362e4b64ea177b2ecdf9fbd4e252c14fef6216adcd2f84c9735,"This class constructs an attribute node, which can contain literal values or enclosed expressions, and supports analysis and evaluation within an XQuery processing context.",Attribute construction,Visitor,Composite,Expression Tree,560,1146,114
exist-core/src/main/java/org/exist/xquery/LibraryModuleRoot.java,org.exist.xquery.LibraryModuleRoot,eae71428d8574f918fcab5a0224926ac77da3d5f857e44898eeb5d4b15216b0b,"This class defines the root of a library module within an XQuery context, responsible for managing default function namespaces and their prefixes.",Module root,Abstract Base Class,Visitor,,509,466,95
exist-core/src/main/java/org/exist/xquery/AbstractPragma.java,org.exist.xquery.AbstractPragma,075a4f9c43754530a055bddba580578c0c22da775f08186c9a21bec4078f459e,"This abstract class provides a foundational structure for XQuery Pragma expressions, defining common properties and offering default, no-operation implementations for lifecycle and analysis methods that subclasses are expected to override.",Pragma Expression,Template Method,Abstract Base Class,,589,942,109
exist-core/src/main/java/org/exist/xquery/Dependency.java,org.exist.xquery.Dependency,56693f3a6e7ade0e8aa05f7939f2c804f24e31f06e2ce515c08b5105cf36f9b8,"This class defines and manages bit flags to represent the various dependencies an expression can have within the execution context, such as the context sequence, context item, local variables, context variables, and context position.",Dependency Flags,Bit Field,,,1500,952,92
exist-core/src/main/java/org/exist/xquery/UnaryExpr.java,org.exist.xquery.UnaryExpr,5cae687e8897641bfe40ff52b1680d64122e2a69dac6bf56988c9b1a7c8f78f5,"Represents a unary arithmetic operation, such as negation or a positive sign, applied to an expression.",Unary Operation,Composite,Expression,,524,622,88
exist-core/src/main/java/org/exist/xquery/XPathErrorProvider.java,org.exist.xquery.XPathErrorProvider,4c0da20028c74868f6af4007b495523436beb216e53ece74d1730bd7ccc3c044,"This interface defines a contract for providing XPath error codes, allowing different implementations to supply specific error information.",Error Provision,Interface,Strategy,,1805,458,88
exist-core/src/main/java/org/exist/xquery/EmptySequenceExpr.java,org.exist.xquery.EmptySequenceExpr,5191bb23beef08c8525179d9c74e963be1718cd3b99cd82d785f626887406aba,"This class represents an empty sequence constructor in an XQuery expression, serving as a placeholder for no results.",Empty sequence,Expression,Abstract syntax tree node,,454,606,92
exist-core/src/main/java/org/exist/xquery/Annotations.java,org.exist.xquery.Annotations,27fa8912f468987747d22c06c8c4b1f81f86e0f6143228fa35514a31ad640644,This class acts as a registry for managing and retrieving annotation triggers based on namespaces and annotation names.,Annotation Registry,Singleton,Registry,,513,570,87
exist-core/src/main/java/org/exist/xquery/DocumentConstructor.java,org.exist.xquery.DocumentConstructor,56e7e93bfae35861c3c6c041ea355b9391fde6e65133f53e1024667b77148a86,"This class dynamically constructs an XML document by processing a given expression, creating a new document node with a unique identity and populating it with the evaluated content.",Document Construction,Builder,Visitor,,636,833,99
exist-core/src/main/java/org/exist/xquery/UntypedValueCheck.java,org.exist.xquery.UntypedValueCheck,b267437cfcd5a68c1e82e26bf278325edbd84dffe880ba3b81588ab043109bc1,"This class performs runtime type checking and conversion for untyped atomic values within an expression, ensuring they conform to a specified required type.",Type Checking,Interpreter,Strategy,Composite,618,1326,112
exist-core/src/main/java/org/exist/xquery/xqdoc/XQDocHelper.java,org.exist.xquery.xqdoc.XQDocHelper,c8213c40bb6ad6bfbabdec5dc31120435c02ebb495ff0ab2a0352392e7144e29,This class assists in parsing and applying XQDoc comments found within function signatures and external modules to enrich their metadata and descriptions.,XQDoc Parsing,Helper,Builder,,477,824,95
exist-core/src/main/java/org/exist/xquery/modules/ModuleUtils.java,org.exist.xquery.modules.ModuleUtils$ContextMapLocks,ec05c2f806c8d31d4e068e02063eb4c39c59ceba1d999c4728bba6d42b3e32d8,"This class manages and provides access to read-write locks for different context map names, ensuring thread-safe access to these context maps.",Lock Management,Singleton,Factory,,657,416,95
exist-core/src/main/java/org/exist/xquery/modules/ModuleUtils.java,org.exist.xquery.modules.ModuleUtils$ContextMapModifier,4a6568b0e30dc109f98e3ce58c4180f32892820cb20f5322bd9077e113821a9c,"This functional interface defines a contract for operations that modify a map of Long keys to generic type T values, returning a value of generic type U.",Map Transformation,Strategy,Functional Interface,,614,432,98
exist-core/src/main/java/org/exist/xquery/modules/ModuleUtils.java,org.exist.xquery.modules.ModuleUtils$ContextMapModifierWithoutResult,12f4342c07a3748a2a7a00492950e975149a132fb9d770fee29a9253297b0b2a,"This interface defines a contract for operations that modify a map of key-value pairs without returning a new map or specific result. It provides a default implementation for a generic `modify` method that internally calls a specific `modifyWithoutResult` method, which is intended to be implemented by concrete classes.",Map modification,Strategy,Functional Interface,,628,491,128
exist-core/src/main/java/org/exist/xquery/modules/ModuleUtils.java,org.exist.xquery.modules.ModuleUtils$ContextMapReader,90b0fea289b70a4d3e9ba63220cabcecbe2fc7b03ab4a5e09bb5b1107b5f23bc,This interface defines a contract for reading entries from a map based on their keys.,Map Reading,Strategy,,,415,422,67
exist-core/src/main/java/org/exist/xquery/modules/ModuleUtils.java,org.exist.xquery.modules.ModuleUtils$ContextMapEntryModifier,d62281b6e86d7be28b704fa389f14e05c32c1b3ccd22703175d61c7d70430674,"This abstract class defines a contract for modifying entries within a map. It provides a default implementation for iterating through a map and applying a modification to each entry, and requires subclasses to implement a method for modifying individual entries.",Map entry modification,Template Method,Strategy,,515,520,113
exist-core/src/main/java/org/exist/xquery/modules/ModuleUtils.java,org.exist.xquery.modules.ModuleUtils,089dd70e7b737f2b0adac5420a9b8677c7c25a2e2140050f794f90eb5212c0ed,"This class provides utility methods for integrating external XML, HTML, and Java objects into an XQuery execution context. It handles parsing various input formats into XML nodes, transforming HTML into XHTML, and managing object storage and retrieval within the XQuery environment.",XQuery Integration,Utility Class,Facade,State Holder,648,4362,137
exist-core/src/main/java/org/exist/xquery/CountClause.java,org.exist.xquery.CountClause,f4a97248505e2b20d21fd208ff7fa7314c30e12817350260220523617963742c,"This class implements a count clause within FLWOR expressions, managing a counter and associated variable for iterative processing of sequences.",Count Clause,Visitor,Command,Strategy,567,1027,108
exist-core/src/main/java/org/exist/xquery/FunctionCall.java,org.exist.xquery.FunctionCall$DeferredFunctionCallImpl,1d553f08cb122e4ada477f90e4e09afcc4dad90d0e9fa03418b700f6d0c43592,"This class represents a deferred call to a user-defined function, allowing for its execution with specific context and expressions.",Function Execution,Command,Strategy,,506,624,91
exist-core/src/main/java/org/exist/xquery/FunctionCall.java,org.exist.xquery.FunctionCall,8afd44d1fda6faa058fcdd0fd0e6d4a3b51ffd1d719f174382bb3d128405a310,"Represents a call to a user-defined function, ensuring all parameters are validated against the function's signature.",Function Invocation,Interpreter,Strategy,Visitor,485,1707,109
exist-core/src/main/java/org/exist/xquery/Function.java,org.exist.xquery.Function$Placeholder,a033bd8fe5e15f1780d819f6f236b2f3385bdf66633ba0697e446a05ddcbddcd,"This class represents a placeholder in an XQuery expression, typically used during query analysis and evaluation. It's designed to signify an unexpanded part of a query, and its evaluation results in an error indicating it should have been resolved.",Expression Placeholder,Abstract Expression,Visitor,,634,600,116
exist-core/src/main/java/org/exist/xquery/Function.java,org.exist.xquery.Function,3906c6afcb969029edbd34d15653a542484d1daf3bdf09709529e6cad6094576,"This abstract class serves as the foundation for all functions, both built-in and user-defined, within an XQuery processing system. It defines the structure and common behaviors for functions, including their signatures, arguments, and how they are analyzed and evaluated in the context of an XQuery expression.",Function Representation,Template Method,Abstract Base Class,Strategy,713,2691,147
exist-core/src/main/java/org/exist/xquery/NodeSelector.java,org.exist.xquery.NodeSelector,9ba9ef07dc0b5be41d464599bb5532b1aaf6a9a8e585c4eeca7962ae649e83c1,This interface defines a contract for selecting a specific node within a document based on its identifier.,Node Selection,Strategy,,,485,437,69
exist-core/src/main/java/org/exist/xquery/FailTest.java,org.exist.xquery.FailTest,8ca2a101fa0bef290775d54c235a1f1a83d61ffe5664f752057a83a62e71d438,"This class represents a node test that is designed to never succeed, serving as a default or placeholder in scenarios where no attribute node kinds should be matched.",Never Match,Sentinel Value,Constant Object,,556,762,100
exist-core/src/main/java/org/exist/xquery/UserSwitchingBasicFunction.java,org.exist.xquery.UserSwitchingBasicFunction,0d461a652fdd4779bca429427e87f784356686b4c8801031a79323709384f0d0,"This abstract class provides a mechanism to temporarily switch the active user context within an XQuery execution environment, ensuring that the original user context is restored upon completion or reset.",User context switching,Template Method,State,,589,741,103
exist-core/src/main/java/org/exist/xquery/ExtensionExpression.java,org.exist.xquery.ExtensionExpression,3dd4262e1c269389172c1aa563451ea57145982a4dbe896923bba504c2c33388,"This class represents an XQuery extension expression, which is composed of one or more pragmas followed by an inner expression. It handles the evaluation and analysis of these expressions, allowing pragmas to influence the execution flow before the inner expression is processed.",Expression evaluation,Interpreter,Composite,Strategy,858,1171,134
exist-core/src/main/java/org/exist/xquery/DynamicTextConstructor.java,org.exist.xquery.DynamicTextConstructor,d4cc9b2fa40c7d0789d77f9352399f0dda3a338ff609916052c42075fc3a5c9f,This class constructs a text node whose character content is determined at evaluation time based on an associated expression.,Dynamic text,Visitor,Composite,,529,871,88
exist-core/src/main/java/org/exist/xquery/regex/RegexUtil.java,org.exist.xquery.regex.RegexUtil,d7b7b2120684a7ec6e09fe56ccac9e45624c2439acf12bb776d5e380421d1f3b,This class provides utility methods for parsing and translating regular expression flags and patterns between XQuery and Java syntax.,Regex translation,Utility Class,,,421,1124,73
exist-core/src/main/java/org/exist/xquery/ClosureVariable.java,org.exist.xquery.ClosureVariable,0f65b53424dd8f7c7fb7757c4d8469c50731a486f8d725d03035a9d02ddf92bf,"This class represents a local variable that is accessible from an inline function, extending the functionality of a standard local variable to specifically handle closure scenarios.",Closure variable,Inheritance,Encapsulation,,936,427,99
exist-core/src/main/java/org/exist/xquery/Optimizable.java,org.exist.xquery.Optimizable,c78a101b4928481253d5fbcbbe67204306e5af7d21840df37dd72f88f9429fa0,"This interface defines a contract for objects that can be optimized, providing methods to filter optimizable items from a sequence, determine self-optimization capabilities, perform child optimizations, pre-select nodes for optimization, and specify an optimization axis.",Optimization Interface,Strategy,Expression,,708,688,114
exist-core/src/main/java/org/exist/xquery/parser/XQueryAST.java,org.exist.xquery.parser.XQueryAST,fec34ba17fddc038a5507cffdf4921ddd8cd591fad56be835c93874fdb04d8db,"This class represents a node in an Abstract Syntax Tree (AST) specifically designed for XQuery, extending common AST functionality to include lexical information such as line and column numbers.",AST Node,Node,Composite,,501,878,102
exist-core/src/main/java/org/exist/xquery/parser/XQueryFunctionAST.java,org.exist.xquery.parser.XQueryFunctionAST,2250a756b9d40ab5b6857f7345fe98e32abb2b3efdebb6ff2da004607f065015,"This class represents an Abstract Syntax Tree (AST) node specifically for XQuery function declarations, designed to retain associated XQDoc comments.",Function AST,Abstract Syntax Tree,Visitor,,451,485,97
exist-core/src/main/java/org/exist/xquery/value/BinaryValueFromInputStream.java,org.exist.xquery.value.BinaryValueFromInputStream,a4e3907d431f6793877ec772ee753a7d572216d4fe4cffd7367113bbf37b173f,"This class represents XSD binary data, such as base64Binary or hexBinary, where the data source is an InputStream and supports caching and streaming.",Binary Value,Factory,Proxy,Resource Management,597,933,117
exist-core/src/main/java/org/exist/xquery/value/DoubleValue.java,org.exist.xquery.value.DoubleValue,99ea031282732b3122278e58b1c9ef520b260219040eda0481ffc67e5ffb5281,"Represents a double-precision floating-point number, including special values like positive and negative infinity, and Not-a-Number (NaN), and provides methods for various arithmetic operations, conversions, and comparisons.",Double value,Value Object,Immutable,Flyweight,580,2554,129
exist-core/src/main/java/org/exist/xquery/value/EmptySequenceIterator.java,org.exist.xquery.value.EmptySequenceIterator,ad5630ea6829d8475976b05933064f1f21c44c07ac4eff4808c7069afa2ec9ba,"This iterator represents an empty sequence, providing no subsequent elements.",Empty Iterator,Iterator,Empty Object,,550,581,81
exist-core/src/main/java/org/exist/xquery/value/YearMonthDurationValue.java,org.exist.xquery.value.YearMonthDurationValue,52262db4f3b5c797610ddac33d0b4be60bc5de6a15d871e0524ed9facbc3194f,"This class represents a duration value specifically for years and months, providing functionalities for creating, manipulating, and converting these durations within an XPath context.",Year-Month Duration,Value Object,Immutable,Builder (implicit in constructors),673,1041,120
exist-core/src/main/java/org/exist/xquery/value/GMonthDayValue.java,org.exist.xquery.value.GMonthDayValue,6c7366e6ee6e7883fd366a74106a85fba5b4bf05eaec941f6a5c464217dcfbfb,"This class represents a Gregorian month and day value, handling its creation, conversion to different data types, and providing basic date-time operations. It is designed to store and manipulate month-day information within an XML Gregorian calendar context.",MonthDay value,Value Object,Type Conversion,,631,749,117
exist-core/src/main/java/org/exist/xquery/value/SubSequence.java,org.exist.xquery.value.SubSequence$CollectionIterator,3962ae82b77138eec693f64bf18107d2f3d95e4773c5873c122fcb700994a842,"This class iterates through a sequence of items, yielding distinct collections of persistent nodes. It effectively groups consecutive persistent nodes that belong to the same document collection.",Collection iteration,Iterator,,,451,533,81
exist-core/src/main/java/org/exist/xquery/value/SubSequence.java,org.exist.xquery.value.SubSequence$SubSequenceIterator,e861114a647ea4b9df2a30b0b96d91f759226781280b974ef5e02053f4c94086,"This class acts as an iterator that provides access to a specific range of elements within a larger sequence, allowing for efficient traversal and manipulation of sub-sequences.",Sequence view,Iterator,Decorator,,491,613,99
exist-core/src/main/java/org/exist/xquery/value/SubSequence.java,org.exist.xquery.value.SubSequence,cac793dc94a416c916b04656d231cb3b599409943ee6698ca1d851b5194b7be2,"This class provides an immutable view of a portion of an underlying sequence, allowing access to a sub-sequence without modifying the original sequence.",Sequence view,Decorator,View,Immutable,631,2131,112
exist-core/src/main/java/org/exist/xquery/value/DateTimeValue.java,org.exist.xquery.value.DateTimeValue,8aa50dc558da978ac7d408ad02617e656bd3dab2f15e6c0713948e0787e8dc12,"This class represents a specific date and time value, supporting various constructors for different input formats and providing methods for manipulation, conversion, and serialization.",DateTime representation,Value Object,Data Transfer Object,,610,1258,99
exist-core/src/main/java/org/exist/xquery/value/UntypedAtomicValue.java,org.exist.xquery.value.UntypedAtomicValue,34925762f455004f8c2880aeefa652b07ab0c29737e657f26a419aa1a667c39a,"This class represents an untyped atomic value, primarily holding a string representation, and provides methods for converting it to various specific atomic types and performing comparisons.",Atomic Value,Value Object,Conversion,Strategy,536,1943,117
exist-core/src/main/java/org/exist/xquery/value/GYearMonthValue.java,org.exist.xquery.value.GYearMonthValue,12aa404247a082094b30259dffefad70770610c90e6a2ae69484bd15bbe58a09,"This class represents a year and month value within a date-time context, providing functionality for its creation, conversion, comparison, and arithmetic operations.",Date-time,Value Object,Type Conversion,,591,796,100
exist-core/src/main/java/org/exist/xquery/value/Item.java,org.exist.xquery.value.Item,99365c801a1c892304bde4a3a2aacc95e51d3d5b4c26c09cd4047bc7cd282fc6,"This interface defines the contract for items within an XPath 2.0 sequence, representing either atomic values or nodes, and provides methods for accessing their properties, converting them, and managing their resources.",XPath Item,Interface,Value Object,Data Transfer Object,910,1373,127
exist-core/src/main/java/org/exist/xquery/value/FunctionParameterSequenceType.java,org.exist.xquery.value.FunctionParameterSequenceType,467056b0dfb6bf11f4b4678429443a91c0726a7c906d72b1745c81b8180b5071,"This class defines the characteristics of a parameter for an XQuery function, including its name, data type, cardinality, and a descriptive text.",Function parameter,Value Object,Data Transfer Object,,454,811,99
exist-core/src/main/java/org/exist/xquery/value/ValueSequence.java,org.exist.xquery.value.ValueSequence$InMemoryNodeComparator,4ed68cbf5dcf143da8e3b9fba320703fab17325be6e40cb669318e6b75691421,"This class provides a comparison mechanism for `Item` objects, enabling their sorting based on the owning document and then the item's internal number.",Node sorting,Strategy,,,442,456,80
exist-core/src/main/java/org/exist/xquery/value/ValueSequence.java,org.exist.xquery.value.ValueSequence$CollectionIterator,0d8ab415bfe0632a8c9b6de05b682d5b7a44e5fa03050d440f7d2972eb5c8e26,"This class provides an iterator for traversing through collections of items, yielding one collection at a time.",Collection Traversal,Iterator,,,402,496,71
exist-core/src/main/java/org/exist/xquery/value/ValueSequence.java,org.exist.xquery.value.ValueSequence$ValueSequenceIterator,38b990ba5ca82d8520642991e9aff3890740459d88750c97367da1f925c1c821,"This class acts as an iterator for a sequence of values, allowing traversal and skipping of elements.",Sequence iteration,Iterator,,,399,566,70
exist-core/src/main/java/org/exist/xquery/value/ValueSequence.java,org.exist.xquery.value.ValueSequence$ReverseValueSequenceIterator,ebd94f7fa8fa56095ae66d4cb99ec2ce3f532a09070ebcd383604188107d1763,"This class provides an iterator that traverses a sequence of values in reverse order, allowing for checks on the availability of subsequent elements, retrieval of the next item, and efficient skipping of elements.",Sequence Iteration,Iterator,State,,515,577,106
exist-core/src/main/java/org/exist/xquery/value/ValueSequence.java,org.exist.xquery.value.ValueSequence,0bf0533f78834beecacad92b71b4fde390e742d1bc21a682b49f95497dee7a9f,"This class represents a sequence that can hold a mix of atomic values and nodes, with capabilities for ordering, duplicate removal, and conversion to a node set.",Value Sequence,Composite,Iterator,Strategy,530,3289,116
exist-core/src/main/java/org/exist/xquery/value/GDayValue.java,org.exist.xquery.value.GDayValue,4dc6e0de9db2f0fb6bc94cbb081e0ce31ee0f5114d0101014b1af14088e19e4b,"Represents an xs:gDay atomic value and provides functionality for type conversion, date-time operations, and comparison.",Date/Time Value,Value Object,Value Transformation,,535,797,96
exist-core/src/main/java/org/exist/xquery/value/FunctionReference.java,org.exist.xquery.value.FunctionReference,818b134403a51c3f92bd331ff9a2ee2e57a68f990cf903970d82959d5978b714,"Represents a reference to a function that can be dynamically called, allowing for late binding and execution of function logic.",Function Reference,Strategy,Dynamic Invocation,Value Object,662,1798,111
exist-core/src/main/java/org/exist/xquery/value/Base64BinaryValueType.java,org.exist.xquery.value.Base64BinaryValueType,2c123142ccfe517dc3d7266a0d65634644e40904157ccefc156484284c4eb6ab,This class validates and formats strings intended to represent binary data encoded in Base64 format.,Base64 Encoding,Value Object,Type,,523,876,89
exist-core/src/main/java/org/exist/xquery/value/NodeValue.java,org.exist.xquery.value.NodeValue,74ac1a6ede37470264269a8fce0f165f6cfd8fcf0c464f71f10599df8dfc9366,"Represents a node value, which can be either an in-memory construct or a persistent database entry, providing methods for identity comparison, document order traversal, and retrieval of node-specific information.",Node Representation,Value Object,Interface,,637,1057,108
exist-core/src/main/java/org/exist/xquery/value/TimeUtils.java,org.exist.xquery.value.TimeUtils,fa264c8811cd38ff15090085cb7ca5b15f1187c078a17c1798d003c673d30f62,"This class serves as a centralized utility for time-related operations, primarily by delegating to an XML datatype factory to manage the creation of time and duration objects, while also providing control over timezone settings for testing purposes.",Time utilities,Singleton,Facade,Factory,557,2101,128
exist-core/src/main/java/org/exist/xquery/value/ArrayListValueSequence.java,org.exist.xquery.value.ArrayListValueSequence$ArrayListValueSequenceIterator,e55d6d842673f2d285cb521269a4cad697fec5d90d844fafd03d5a5c1fa461fa,"This class acts as an iterator for a sequence of values, adapting an existing iterator of items to conform to the SequenceIterator interface.",Sequence Iteration,Adapter,Iterator,,534,486,95
exist-core/src/main/java/org/exist/xquery/value/ArrayListValueSequence.java,org.exist.xquery.value.ArrayListValueSequence,6c517a6e3ec621004afbf7c74aef84b522af0737c6e0289fc8fc66cb8ffb2f58,"This class stores a sequence of items in an array list, providing efficient addition and iteration but without support for sorting.",Item sequence,Collection,Value Object,,546,2557,92
exist-core/src/main/java/org/exist/xquery/value/Type.java,org.exist.xquery.value.Type,4f8b6ad9cb2a25592f9611beb7ba0497a37ffac880956258b59907a12f3e6d2c,"This class defines and manages a comprehensive set of built-in data types and their hierarchical relationships, serving as a central registry for type information within the system.",Type Definition,Type Hierarchy,Registry,Constants,569,6022,117
exist-core/src/main/java/org/exist/xquery/value/DateTimeStampValue.java,org.exist.xquery.value.DateTimeStampValue,d8d7e02ba9786023f9991812f39fee880381d47f1f397e64caf8efe21c3b6d69,"This class represents an XML dateTimeStamp value, handling its creation, conversion, and type identification within the system.",Value Representation,Value Object,Immutable,,539,670,91
exist-core/src/main/java/org/exist/xquery/value/ComputableValue.java,org.exist.xquery.value.ComputableValue,4283a074db9b3e362a3984584c5a31f6e50acfb8a9eb444ddb1b60b115ed30d9,"This abstract class defines the contract for computable atomic values, outlining operations such as string conversion, type casting, comparison, arithmetic operations (addition, subtraction, multiplication, division), and finding minimum/maximum values.",Value Computation,Abstract Base Class,Strategy,Value Object,634,1055,129
exist-core/src/main/java/org/exist/xquery/value/SingleItemIterator.java,org.exist.xquery.value.SingleItemIterator,85f481dd76edf60189921e59247afe72924b6ef76cd95a9c3a9f66cf1f71c803,This iterator allows for a single item to be iterated over exactly once.,Single item iteration,Iterator,,,361,594,66
exist-core/src/main/java/org/exist/xquery/value/SequenceIterator.java,org.exist.xquery.value.SequenceIterator,f2dec0b9719a7a9cc13f7bad293d412f68e58c7b25c51c0048e0b78d22896a15,"This interface defines the contract for iterating over a sequence of items, providing methods to check for the existence of subsequent items, retrieve the next item, and optionally skip over a specified number of items.",Sequence Traversal,Iterator,Provider,,562,796,108
exist-core/src/main/java/org/exist/xquery/value/AtomicValue.java,org.exist.xquery.value.AtomicValue$EmptyValue,42068ffb7f312edf23c21a0b7056c134233773c094fe80401af2800ea67d9c6e,"This class represents an empty value within an XPath processing context, providing specific behaviors for operations like conversion, comparison, and sequence handling.",Empty Value,Immutable Object,Value Object,Marker Interface,559,1067,114
exist-core/src/main/java/org/exist/xquery/value/AtomicValue.java,org.exist.xquery.value.AtomicValue,5678ec1f402538cfc928d744fca6121381c19819b4605cb191ea6d5f8f40b8d4,"Represents an atomic value in the system, serving as a base for all simple, non-node values and implementing interfaces for items and sequences.",Atomic value,Abstract Base Class,Interface Implementation,Value Object,501,3299,118
exist-core/src/main/java/org/exist/xquery/value/FloatValue.java,org.exist.xquery.value.FloatValue,c3c199d9b3c3fb698b0ad82196753c65adef6d9558f828bfc5067df29f7032e2,"This class represents a floating-point numeric value, supporting standard arithmetic operations, comparisons, and conversions to other types, including special values like NaN and infinity.",Float Representation,Value Object,Immutable,Numeric Abstraction,581,2662,119
exist-core/src/main/java/org/exist/xquery/value/BinaryValueFromFile.java,org.exist.xquery.value.BinaryValueFromFile,0d1d971a3ee2557837d5d542afb1d80e0316fe544a6e34a030e1cb1cc56c3e1b,"Represents an XSD binary value backed by a file, enabling efficient handling of large binary data stored on disk.",File-backed Binary Value,Facade,Value Object,Resource Management,533,1204,113
exist-core/src/main/java/org/exist/xquery/value/FunctionReturnSequenceType.java,org.exist.xquery.value.FunctionReturnSequenceType,91e1f0dd6890cdd2565d8227cc07546f9d9ae8c9c839c464f5b7110a63750c63,This class defines the type and description of a sequence returned by an XQuery function.,Function return,Builder,Value Object,,635,738,86
exist-core/src/main/java/org/exist/xquery/value/BinaryValueManager.java,org.exist.xquery.value.BinaryValueManager,177c215d2c8f83006a41818c585f46b4298919b98c54601bc49b7440b9daca71,This interface defines a contract for managing binary values and executing cleanup tasks. It allows for the registration of binary data and the controlled execution of cleanup operations based on specified criteria.,Binary Management,Strategy,Interface Segregation,,673,570,104
exist-core/src/main/java/org/exist/xquery/value/Base64BinaryDocument.java,org.exist.xquery.value.Base64BinaryDocument,52a4f98a1447d3ce4af4dd8933b32f5031e9a621f19fc4a27abb9058ee61eff4,"This class acts as a wrapper for Base64 encoded binary data, providing methods to create instances from input streams and manage an associated URL.",Binary data wrapper,Factory,Value Object,,610,551,98
exist-core/src/main/java/org/exist/xquery/value/NumericValue.java,org.exist.xquery.value.NumericValue,c02d64b63afd23790e889ea6cc9d0d9aef5b0ad2d83cd5df6fd28ba51fb6ee66,"This abstract class represents a numeric value within the system, providing a common interface for various numeric types and defining fundamental arithmetic and comparison operations.",Numeric Value,Abstract Base Class,Value Object,Template Method,658,1410,116
exist-core/src/main/java/org/exist/xquery/value/BooleanValue.java,org.exist.xquery.value.BooleanValue,fde99a723833390cbac22cda3b0e013fe9865fa05aa34249ddcd5effd7c80974,"This class represents a boolean value within the system, providing methods for its creation, conversion, comparison, and determination of its effective boolean representation.",Boolean Value,Value Object,Singleton,Immutable,738,1504,114
exist-core/src/main/java/org/exist/xquery/value/SequenceType.java,org.exist.xquery.value.SequenceType,9ccc16f43d3fbb0d4a3fa5384f539078e32f59f0806e87e2d48c7c0696263c9e,"This class defines and validates XQuery sequence types, ensuring that sequences and individual items conform to specified data types and cardinalities.",Type validation,Value Object,Type System,,507,1359,95
exist-core/src/main/java/org/exist/xquery/value/ItemComparator.java,org.exist.xquery.value.ItemComparator,5d9821de227b48232806e1338962a2602538763e14d0e6e3f646e3194100be43,"This class provides a mechanism to compare different types of Items, including various node implementations and atomic values, ensuring they can be ordered consistently despite differences in their inheritance hierarchies.",Item comparison,Strategy,,,527,637,84
exist-core/src/main/java/org/exist/xquery/value/HexBinaryValueType.java,org.exist.xquery.value.HexBinaryValueType,65df05ffaeb8ad9f25d20b64857a3caa8b91fe7f1898d77b568094950c4c9d4a,"This class defines a value type for representing and validating hexadecimal binary data, ensuring it conforms to expected hexadecimal string formats and converting it to uppercase.",Hexadecimal String Validation,Template Method,Value Object,,691,562,100
exist-core/src/main/java/org/exist/xquery/value/AtomicValueComparator.java,org.exist.xquery.value.AtomicValueComparator,5d537901db9ba92762e83402c415578a69b859832c96b5bb8deeca5d9635afd4,"This class provides a way to compare `AtomicValue` objects, supporting custom collation and handling potential errors during comparison.",Value Comparison,Comparator,,,501,525,74
exist-core/src/main/java/org/exist/xquery/value/SequenceComparator.java,org.exist.xquery.value.SequenceComparator,c7a8506d53659845a55537902a7269728aa963f3e528a56d46fe65c64ff56380,"This class defines a custom comparison logic for sequences, primarily used for sorting or ordering them.",Sequence Comparison,Strategy,,,445,560,69
exist-core/src/main/java/org/exist/xquery/value/BinaryValueFromBinaryString.java,org.exist.xquery.value.BinaryValueFromBinaryString,4e6d946d97e3c5ce86aeb8a1318fe65ea46fab780c95db967aa3ef3dd32ca3f6,Represents an XSD binary value (like xs:base64Binary or xs:hexBinary) that is constructed from a pre-encoded string.,Binary String,Adapter,Value Object,,545,879,100
exist-core/src/main/java/org/exist/xquery/value/GYearValue.java,org.exist.xquery.value.GYearValue,173521939f3c1f25046430e34711f8d063b2dbad645fe2b927222af0c0485477,"Represents a Gregorian year value, with functionality for conversion, type identification, and potential arithmetic operations (though subtraction is currently unsupported).",Year Value,Value Object,Type Conversion,,504,767,97
exist-core/src/main/java/org/exist/xquery/value/JavaObjectValue.java,org.exist.xquery.value.JavaObjectValue,6e730cee6a18f8e8f0390f446adc2a87e1e460e6ac4038deba473b24a6e14e28,"This class represents an arbitrary Java object as an atomic value, primarily for integration with systems that expect atomic value types, while providing limited support for type conversions and comparisons.",Java integration,Adapter,Value Object,,479,1130,102
exist-core/src/main/java/org/exist/xquery/value/DateValue.java,org.exist.xquery.value.DateValue,46c31346073c85d3ec9e1864b7710f98ed1a5ff6f88ce593fed6951f7908bdab,"This class represents a date value within the system, handling its creation, manipulation, conversion to other types, and serialization/deserialization.",Date handling,Value Object,Immutable,Data Transfer Object,642,1048,116
exist-core/src/main/java/org/exist/xquery/value/AnyURIValue.java,org.exist.xquery.value.AnyURIValue,d4cd96c27e13242f888ebf11233cee7687e88eedbff87e4d1ef797b39982b3f7,This class represents an xs:anyURI XML Schema data type value and provides functionality to escape and normalize URI strings according to XML Linking standards.,URI value,Value Object,Immutable Object,,550,3177,98
exist-core/src/main/java/org/exist/xquery/value/OrderedValueSequence.java,org.exist.xquery.value.OrderedValueSequence$Entry,f03d3c95a9f613bc40b75dd70149101494ee7ea155bad9599b2ccb09d29b68fd,"This class represents an entry within a sequence, holding an item and its associated ordering specifications, along with information about the primitive types encountered during evaluation.",Entry Representation,Value Object,Comparable,,520,951,98
exist-core/src/main/java/org/exist/xquery/value/OrderedValueSequence.java,org.exist.xquery.value.OrderedValueSequence$OrderedValueSequenceIterator,254d7e7a6c1c760b29f4d696cb54e705e3ed1aa703d3740fbe145d840e782800,"This class provides an iterator for a sequence of items, allowing traversal, checking for the existence of the next item, and skipping a specified number of items.",Sequence Iteration,Iterator,,,457,558,83
exist-core/src/main/java/org/exist/xquery/value/OrderedValueSequence.java,org.exist.xquery.value.OrderedValueSequence,9739c05880474f5203e2490b2d7c14ccd5b52629ef7cdc6f7c9511823164dd6f,This class represents a sequence of items that are sorted based on a set of ordering specifications. It evaluates the order expressions for each item as they are added and then sorts the entire sequence before iteration.,Ordered Sequence,Strategy,Value Object,Comparable,729,2237,125
exist-core/src/main/java/org/exist/xquery/value/IntegerValue.java,org.exist.xquery.value.IntegerValue,7aa7a117a2ab4da47ca8e1de7098d2cf4c7f3471d2f4abefba18f319e4101e9d,"Represents an integer value, derived from a decimal by fixing fractional digits to zero, and provides operations for arithmetic, comparison, and conversion between various numeric types.",Integer Representation,Value Object,Immutable,Numeric Domain,598,3170,119
exist-core/src/main/java/org/exist/xquery/value/MixedNodeValueComparator.java,org.exist.xquery.value.MixedNodeValueComparator,477836900178406ef77df27161c221659813150bec1323dde41348bc6faf9ba9,"This class compares two node values, considering their type and internal structure, to establish an ordering. It distinguishes between in-memory and persistent nodes, applying specific comparison rules for each.",Node comparison,Strategy,Comparator,,668,486,104
exist-core/src/main/java/org/exist/xquery/value/OrderedDurationValue.java,org.exist.xquery.value.OrderedDurationValue,8a9dbada5e96c31c19504ee14165f648c3987e9141e3fe692a9d78d820b49a2a,"This class provides functionality for ordered duration value comparisons, mathematical operations like addition and subtraction, and type-safe conversion to BigDecimal, ensuring compatibility and orderability for duration-related computations.",Duration comparison,Value Object,Abstract Base Class,,738,1101,107
exist-core/src/main/java/org/exist/xquery/value/EmptySequence.java,org.exist.xquery.value.EmptySequence,a13dabb233739102c4c86546bb67f38561d756e4e0e3c2affe170b17845ceaf6,"Represents an empty sequence or collection, providing methods to interact with a collection that contains no elements. It prevents modifications and returns default or null values for retrieval operations.",Empty Collection,Flyweight,Immutable,Marker,699,958,119
exist-core/src/main/java/org/exist/xquery/value/DecimalValue.java,org.exist.xquery.value.DecimalValue,aebd5b94effd0d0213c7fe06218901faac2d541f1c64a96761915fe431d17542,"Represents a decimal numeric value, supporting various arithmetic operations, type conversions, and comparisons as defined by the XPath 2.0 xs:decimal type.",Decimal Numeric,Value Object,Data Transfer Object,Type Conversion,641,2775,120
exist-core/src/main/java/org/exist/xquery/value/QNameValue.java,org.exist.xquery.value.QNameValue,2d398405177af5f1d5ee6f6e8164e82abd043ccd9f6040268a824c583ea14904,"This class represents a Qualified Name (QName) value within the XQuery processing environment, extending the functionality of atomic values and providing methods for conversion, comparison, and representation.",QName Representation,Value Object,Adapter,,659,1479,105
exist-core/src/main/java/org/exist/xquery/value/Sequence.java,org.exist.xquery.value.Sequence,e353d9f1f2aec0fcb5517af5caa2903ddf045aa27608e21b983b54e24f4ca794,"This interface defines the contract for a sequence of items, which are either atomic values or nodes, and provides methods for manipulating, iterating, and querying these sequences, adhering to XPath 2.0 specifications.",Sequence Representation,Interface,Value Object,Collection Abstraction,623,3831,129
exist-core/src/main/java/org/exist/xquery/value/PreorderedValueSequence.java,org.exist.xquery.value.PreorderedValueSequence$OrderedComparator,2d5a556f02b9b3b713bf032823735066990b127fae93d91cbc766971c3000341,"This class provides a custom comparison logic for `OrderedNodeProxy` objects, enabling them to be sorted according to specific ordering rules that handle empty values and descending order.",Ordering Logic,Strategy,,,502,465,84
exist-core/src/main/java/org/exist/xquery/value/PreorderedValueSequence.java,org.exist.xquery.value.PreorderedValueSequence$OrderedNodeProxy,3764c5b51e8a18d73595fee7d417b065b39e8fd4b889c54c33ffd3e101744c98,"This class acts as a proxy for nodes, specifically designed to manage and potentially order associated values, likely for use in expressions or data structures.",Ordered value proxy,Proxy,,,550,419,80
exist-core/src/main/java/org/exist/xquery/value/PreorderedValueSequence.java,org.exist.xquery.value.PreorderedValueSequence$PreorderedValueSequenceIterator,5e2f9322a8cd728a412757df70fb903f8828ed44b8047fac08779e696423e95f,"This class provides an iterator for a pre-ordered sequence, allowing traversal and skipping of elements within the sequence.",Sequence Iteration,Iterator,,,418,583,74
exist-core/src/main/java/org/exist/xquery/value/PreorderedValueSequence.java,org.exist.xquery.value.PreorderedValueSequence,592422c04381f12563c83092c402b49c4475afca4f130c91f0f9580212343b0b,"This class represents a sequence of items that are sorted according to specified order criteria, primarily used for processing results from an 'order by' clause in queries.",Sorted Sequence,Strategy,Decorator,Adapter,999,1299,116
exist-core/src/main/java/org/exist/xquery/value/BinaryValueType.java,org.exist.xquery.value.BinaryValueType,e6e039e9055e1204e552ca218294be2c599a61d2d7877bbaa104060497bb12e8,"This abstract class defines a blueprint for handling binary value types, including their XQuery type representation and mechanisms for encoding and decoding data streams. It also provides abstract methods for validating and formatting string representations of these binary values.",Value Representation,Template Method,Factory Method,,560,664,113
exist-core/src/main/java/org/exist/xquery/value/StringValue.java,org.exist.xquery.value.StringValue,299d2ced91c541601652ba3164ce296a77c3bbb606e8504337de895e726b9917,"Represents an XPath string value, providing methods for string manipulation, type conversion, comparison, and serialization.",String Value,Value Object,Immutable,Strategy,516,2556,107
exist-core/src/main/java/org/exist/xquery/value/AbstractSequence.java,org.exist.xquery.value.AbstractSequence,09f4a96e1fbeb7e2bede2ab313e345528d58c60a91ad73a50008833d8ca6db19,"This abstract class provides a base implementation for sequences, offering default behaviors for common operations and compatibility with older versions of the eXist database.",Sequence handling,Abstract Base Class,Template Method,,614,1562,99
exist-core/src/main/java/org/exist/xquery/value/DayTimeDurationValue.java,org.exist.xquery.value.DayTimeDurationValue,0364cef8643d8ac13a0a3fd07c5ae5132fe595751fce36ae088f7c20bc139772,"This class represents and manipulates day-time durations, supporting operations like addition, multiplication, division, conversion to other types, and providing a canonical representation.",Day-Time Duration,Value Object,Type Conversion,Domain Object,596,1159,121
exist-core/src/main/java/org/exist/xquery/value/MemoryNodeSet.java,org.exist.xquery.value.MemoryNodeSet,91c487a8d5356d9ddc52c5d2d8498faf1af92441744c30a34f246799ea7ab254,"This interface defines a set of operations for navigating and querying hierarchical node structures, enabling the retrieval of related nodes such as children, descendants, ancestors, and siblings based on specified tests.",Node navigation,Repository,Specification,Traversal,557,1053,121
exist-core/src/main/java/org/exist/xquery/value/TimeValue.java,org.exist.xquery.value.TimeValue,31ef67a854c59d475b370b1daa741710b09f6406ad2c818a37e4a8bcae7eee92,"Represents and manipulates time values, supporting operations like addition, subtraction, conversion to different types, and serialization.",Time Handling,Value Object,Factory,Template Method,625,1150,110
exist-core/src/main/java/org/exist/xquery/value/DurationValue.java,org.exist.xquery.value.DurationValue,7f2436e22142c3e8a2b0128be990a358db2ca402b7044b76f1fbcd2faeeb2607,"This class represents a duration value and provides functionality for creating, manipulating, and converting durations, particularly within an XPath context.",Duration Handling,Value Object,Value Wrapper,Canonical Representation,875,2171,112
exist-core/src/main/java/org/exist/xquery/value/GMonthValue.java,org.exist.xquery.value.GMonthValue,86a05746acd73aa5938dfb3022dfcffac03177dc5b2c1ed94e9416e671e2cd31,"Represents an `xs:gMonth` value, handling its creation, conversion to other atomic types, comparison, and indicating that subtraction operations are not supported.",Month Value,Value Object,Type Conversion,,521,902,102
exist-core/src/main/java/org/exist/xquery/value/BinaryValue.java,org.exist.xquery.value.BinaryValue,5793b9ba98700bcf7ad4ccefc8010cb93c19417016b696e8a108ed16efb2b954,"Represents an abstract atomic value for binary data, providing methods for comparison, conversion to Java objects, streaming, and reference counting, interacting with a BinaryValueManager and BinaryValueType.",Binary data,Value Object,Abstract Class,Closeable,588,1655,125
exist-core/src/main/java/org/exist/xquery/value/AbstractDateTimeValue.java,org.exist.xquery.value.AbstractDateTimeValue$Parser,c4507b91810b84e3ef0e686bfe9ae094c1b346476f5abd8d9270d001424f927a,"This class is responsible for parsing a string representation of a date and time, adhering to a specific format, and converting it into an XMLGregorianCalendar object. It meticulously extracts and validates components like year, month, day, hour, minute, second, fractional seconds, and timezone information.",String Parsing,Builder,Interpreter,Lexer,697,861,144
exist-core/src/main/java/org/exist/xquery/value/AbstractDateTimeValue.java,org.exist.xquery.value.AbstractDateTimeValue,5ab678682a9de2993b549786f1b057d67654bd571d45519eb33fb1fc302bf0a0,"This class provides an abstract representation for date and time values, supporting various operations like comparison, conversion, and manipulation of date and time components, while also handling timezone adjustments and string representations.",Date/Time Handling,Abstract Base Class,Value Object,Strategy,575,3485,127
exist-core/src/main/java/org/exist/xquery/InstanceOfExpression.java,org.exist.xquery.InstanceOfExpression,78137b80fa568be90e1429d4c537417b66f2c91f7d135d4880e789e54695bd30,"This class implements the XQuery ""instance of"" operator, checking if a given sequence conforms to a specified sequence type and cardinality.",Type checking,Abstract Expression,Visitor,,423,907,95
exist-core/src/main/java/org/exist/xquery/NamespaceConstructor.java,org.exist.xquery.NamespaceConstructor,dea23f5bd66d36d233e47599afda3230cf638aae8d1394c3fea2f683da0016f6,"Constructs and evaluates XQuery 3.0 computed namespace nodes, creating valid namespace bindings with associated URIs.",Namespace construction,Factory,Strategy,,544,743,91
exist-core/src/main/java/org/exist/xquery/PerformanceStatsImpl.java,org.exist.xquery.PerformanceStatsImpl$IndexStats,647051620d9f24134391d5b5a015a901373fd56cb5abc62f3bdbafe5836befcc,"This class tracks statistics for an indexed operation, including its source, type, location, optimization level, usage count, and total execution time.",Index Statistics,Data Transfer Object,Value Object,,590,591,99
exist-core/src/main/java/org/exist/xquery/PerformanceStatsImpl.java,org.exist.xquery.PerformanceStatsImpl$QueryStats,935247e0e1b31a7909e8281eaea26a580b4fdfcc7d626418d051f4d5398cb092,"This class tracks and aggregates statistics for a specific data source, including its total execution time and the number of times it has been called.",Query Statistics,Value Object,Immutable,,452,547,96
exist-core/src/main/java/org/exist/xquery/PerformanceStatsImpl.java,org.exist.xquery.PerformanceStatsImpl$FunctionStats,4d10062e92a46f659d01aae2f2e36c6c093ec0f0289090fe51aba7ee6d6d7f1e,"This class collects statistics related to the execution of functions, including their qualified names and performance metrics.",Function Statistics,Immutable,Value Object,,531,488,88
exist-core/src/main/java/org/exist/xquery/PerformanceStatsImpl.java,org.exist.xquery.PerformanceStatsImpl$OptimizationStats,59b2daff494b50aa4b86d32bb98d0ce49a594a93117ee4fd8e9f4cfe3e316a71,"This class represents immutable statistical data related to an optimization, including its source, type, and location.",Optimization statistics,Value Object,Record,,476,415,89
exist-core/src/main/java/org/exist/xquery/PerformanceStatsImpl.java,org.exist.xquery.PerformanceStatsImpl$CompareByTime,e962d4171e88fda709380ba66fbbab40e272dcef2d509739239d5ad782bf7cda,"This class provides a way to compare `FunctionStats` objects based on their execution time, enabling ordered arrangements of function statistics.",Comparison Logic,,,,732,435,56
exist-core/src/main/java/org/exist/xquery/PerformanceStatsImpl.java,org.exist.xquery.PerformanceStatsImpl$Enabler,6da95e1e7f96ad36525ae9dcd13a2193d2c9369b1412ea868ece555b626ffd9e,This interface provides a mechanism to enable or disable features.,Feature Toggling,Strategy,,,463,407,63
exist-core/src/main/java/org/exist/xquery/PerformanceStatsImpl.java,org.exist.xquery.PerformanceStatsImpl,4e7e628fc7f4b2383f37296f4115aae03b924b247ee80adcdecc9d5a9f1760c1,"This class collects and aggregates performance statistics for queries, function calls, and index usage, and tracks optimization details, primarily for use within a single XQuery context. It provides methods to record various performance events, merge statistics from other sources, and serialize the collected data.",Performance tracking,Value Object,Builder,Data Transfer Object,629,1712,141
exist-core/src/main/java/org/exist/xquery/DynamicVariable.java,org.exist.xquery.DynamicVariable,dc14a32b053bdaed371e58ae15e768b96101a1af899ba352669921d39d83dc14,"This class represents a variable whose value is computed on demand through a supplier function, ensuring immutability of the variable's definition once created.",On-demand value,Factory Method,Strategy,Immutable Value,497,748,118
exist-core/src/main/java/org/exist/xquery/XPathException.java,org.exist.xquery.XPathException$FunctionStackElement,67a6a35ca8dab1edc136a1dcaf5214cec95130961845890449eacd28d6e17cfd,"This class represents a single element within a call stack, storing information about a function call including its name, the file it originates from, and its line and column number.",Call stack element,Value Object,Immutable,,687,484,104
exist-core/src/main/java/org/exist/xquery/XPathException.java,org.exist.xquery.XPathException,9317b1647404cdc9cb134b0b5c2c97f0daf90512a57f736c742f123dd0a0669e,"This class represents a generic exception that can occur during XPath processing, providing detailed information about the error's location, code, message, and call stack.",XPath Exception,Exception Handling,Error Reporting,,627,2295,101
exist-core/src/main/java/org/exist/xquery/ContextItemExpression.java,org.exist.xquery.ContextItemExpression,dcbe7dafc814108bfb195c3732483a1ecb77960c25ba8ff9ff68f911526ca29a,"This class represents an expression that evaluates within a specific context, and it is designed to analyze and evaluate expressions, potentially handling function types as a special case.",Contextual Expression,Strategy,Template Method,,675,593,101
exist-core/src/main/java/org/exist/xquery/AnnotationTriggerOnResult.java,org.exist.xquery.AnnotationTriggerOnResult,d0369edef6167bce35cd0cd575fc9b04447c71f8d0d6e051add7a16e196b6e78,"This interface defines a contract for triggers that react to the result of a sequence processing, specifically handling potential XPath-related exceptions during the triggering process.",Sequence Trigger,Strategy,Template Method,,566,452,98
exist-core/src/main/java/org/exist/xquery/DebuggableExpression.java,org.exist.xquery.DebuggableExpression,1ac87cc86b404427051802db52255f3a5972842b8c3a238f5243b74b9bd0e351,"This class wraps an existing XPath expression to provide debugging capabilities, such as tracking execution location and facilitating state management.",Expression Debugging,Decorator,Visitor,,778,1269,91
exist-core/src/main/java/org/exist/xquery/FLWORClause.java,org.exist.xquery.FLWORClause$ClauseType,3bc6bb93b88566bbde7c984186669a25ba843bb098a0778132abfae064ee7f9b,"This code defines an enumeration representing different types of clauses that can be used in a query language, such as those for filtering, sorting, or grouping data.",Clause Types,,,,383,391,62
exist-core/src/main/java/org/exist/xquery/FLWORClause.java,org.exist.xquery.FLWORClause,0dd6b17c555d56dc5436e572e3d2ec327f50378dc2d4787ef70ddf92336c9409,"Represents a clause within a FLWOR (for, let, where, order by, return) expression, defining its type, return expression, and relationships with preceding clauses, while also providing methods for pre-evaluation, post-evaluation, and variable management.",FLWOR clause,Strategy,Abstract Factory,Interpreter,1188,1202,139
exist-core/src/main/java/org/exist/xquery/Option.java,org.exist.xquery.Option,908551018f8ff7493f3ff70621aa3bee6ec06b6fea66f24810d5a8490daf9d79,"This class represents an XQuery option declared using the 'declare option' syntax, storing its qualified name and content, and providing methods to tokenize and parse its content.",Option Declaration,Value Object,Immutable,,1488,942,102
exist-core/src/main/java/org/exist/xquery/VariableReference.java,org.exist.xquery.VariableReference,68fb9a2a664c71e60e50e34a88c6d6f1a9a8c6c9cdace719ac8b05eb32ab70ef,"This class represents a reference to an in-scope variable within an XQuery expression, providing mechanisms to analyze, evaluate, and manage its properties within a query execution context.",Variable Reference,Expression,Visitor,,604,998,102
exist-core/src/main/java/org/exist/xquery/NamedFunctionReference.java,org.exist.xquery.NamedFunctionReference,0cdfa44160a76eccee089e14104ab409f3cdb6e6f09c340e0c721be080ab0a96,"This class represents a named function reference within an XQuery expression, storing its qualified name and arity, and facilitating its analysis, evaluation, and serialization within the XQuery processing framework.",Function Reference,Interpreter,Composite,Strategy,524,800,122
exist-core/src/main/java/org/exist/xquery/DynamicCommentConstructor.java,org.exist.xquery.DynamicCommentConstructor,628e554a920243e2aee904040eb50fb6e6f115974537a76419d32218621e9d48,"This class constructs an XML comment node whose character content is determined dynamically at evaluation time, unlike a static comment constructor.",Dynamic comments,Builder,Strategy,,481,815,91
exist-core/src/main/java/org/exist/xquery/TextConstructor.java,org.exist.xquery.TextConstructor,abdc7a696e2b9d6ddc8f440458b29c96c09da0b574dfbde00ae63b751034194d,"This class constructs an XML text node from provided string content, handling its evaluation within an XPath context and providing debugging information.",Text Node Construction,Factory,Builder,,555,816,93
exist-core/src/main/java/org/exist/xquery/NameTest.java,org.exist.xquery.NameTest,d95e59c2d307a3d74a98329439b8cdc8f41e4291a9a9e9f15c3e863670a69768,"This class tests if a node matches a specific qualified name and type, providing various methods to check against different node representations including proxies, raw nodes, qualified names, and XML stream readers.",Name matching,Strategy,Specification,,778,832,105
exist-core/src/main/java/org/exist/xquery/TypeTest.java,org.exist.xquery.TypeTest,dfa81b64f623b8b01926f854a10119a0dd92c20f192a4f8fd58d2c5c8686c61c,"This class defines a test to determine if a node conforms to a specific type, with additional logic for handling general 'ITEM' or 'NODE' types and underlying node types.",Type checking,Strategy,Specification,,651,751,103
exist-core/src/main/java/org/exist/xquery/DynamicAttributeConstructor.java,org.exist.xquery.DynamicAttributeConstructor,e685598337afc8c033cd1e68dea19a39a2915c2f2224b983834e0a8f41967a24,"This class constructs an XML attribute whose name and value are determined dynamically at runtime through the evaluation of expressions, rather than being fixed at compile time.",Dynamic Attribute,Interpreter,Visitor,,594,1054,97
exist-core/src/main/java/org/exist/xquery/GeneralComparison.java,org.exist.xquery.GeneralComparison$IndexFlags,b41c1134a870e4f5695512268c5bd31d681572e783d4f05bc388507971c5bb9f,"This class manages various flags related to indexing behavior within the data store, specifically controlling whether indexing is enabled for qualified names and paths, and providing methods to query and reset these states.",Index configuration,Value Object,Feature Toggle,,748,596,106
exist-core/src/main/java/org/exist/xquery/GeneralComparison.java,org.exist.xquery.GeneralComparison,95fbf52699739e9f7437c6833ad4df318bf59f0a709bfcdcaca6a8ce36627aa3,"This class represents a general comparison operation between two expressions, supporting various comparison operators and string truncation for optimized querying and indexing.",Comparison Expression,Strategy,Visitor,Composite,589,3309,109
exist-core/src/main/java/org/exist/xquery/Variable.java,org.exist.xquery.Variable,79a34e6984877b6fa235c1fc53a28870ffcc896029ac2c6982dbbe8ab7656625,"Represents an XQuery/XPath variable, holding its qualified name, value, type information, and initialization status, along with methods for managing its lifecycle and type checking.",Variable representation,Value Object,Interface,,586,627,103
exist-core/src/main/java/org/exist/xquery/Expression.java,org.exist.xquery.Expression,f8a0ea71dcd1cd8cba704009706b7f13f5d509e8b0dce803943895548b43d67f,"This interface defines the contract for all classes that represent an XQuery or XPath expression, providing methods for static analysis, type determination, simplification, state management, and tree traversal.",Expression representation,Visitor,Abstract Syntax Tree,,544,2122,105
exist-core/src/main/java/org/exist/xquery/BinaryOp.java,org.exist.xquery.BinaryOp,33d2f0091943cbf7e059ec4d77ebf6e44f9aeaff74fc619224b384fdfb9517d7,"This abstract class represents a binary operation within a query expression language, defining the common structure and behavior for operations that take two operands, such as arithmetic or logical operations. It provides methods for accessing and modifying these operands, analyzing the expression's context, and evaluating its result.",Binary operation,Abstract Base Class,Expression Tree,,629,775,126
exist-core/src/main/java/org/exist/xquery/QueryRewriter.java,org.exist.xquery.QueryRewriter,33d085d29ce8fe1ff124fe4c35b688fe895442345e4fa2db6adb69c2e2d5e4b1,This class serves as a base for creating custom index modules that can modify specific query expressions by rewriting them to utilize indexes and optionally generating pragmas for optimization.,Query rewriting,Strategy,Template Method,,462,622,100
exist-core/src/main/java/org/exist/xquery/ErrorCodes.java,org.exist.xquery.ErrorCodes$ErrorCode,0678389fdfd25134e42173017d097848c3df94dbbd3f03d1e24bad605ed9dbe1,"This class represents a structured error code, holding both a qualified name and a human-readable description, allowing for consistent error handling and reporting.",Error representation,Value Object,,,545,461,80
exist-core/src/main/java/org/exist/xquery/ErrorCodes.java,org.exist.xquery.ErrorCodes$W3CErrorCode,9ef21e3d870d9ad066a2eea369c23f693783ab7ce3780533252e68dfb6be6131,"This class defines specific error codes for W3C-related issues, extending a more general error code system.",Error Codes,,,,478,395,53
exist-core/src/main/java/org/exist/xquery/ErrorCodes.java,org.exist.xquery.ErrorCodes$EXistErrorCode,abc9b8ed2ec3a3155b11cad1c146719ce34bce791516a2c41f581142a8c77177,This class defines a specific type of error code related to existing errors.,Error definition,Enum,Value Object,,394,393,83
exist-core/src/main/java/org/exist/xquery/Lookup.java,org.exist.xquery.Lookup$LookupSupport,07b675f3b44c73d7eb01da1ecf4703f35939acad4c197b8623376d458ba64e72,This interface defines a contract for objects that can provide a sequence of values based on an atomic key and also expose all available keys.,Key-Value Lookup,Interface,Contract,,616,418,96
exist-core/src/main/java/org/exist/xquery/Lookup.java,org.exist.xquery.Lookup,311ed88c75b94f3378568622e75cc007e8cd6ff35757e7b4f493c70508dff2dd,"This class implements the XQuery 3.1 lookup operator for maps and arrays, allowing retrieval of values based on keys from context expressions.",Lookup Operator,Expression Tree,Visitor,,554,857,97
exist-core/src/main/java/org/exist/xquery/Except.java,org.exist.xquery.Except,2d42a37a8912b5658e90050567ed11217f4c4c1fd86e6fb6ffb9a8857e72c872,"This class represents the 'except' operation in an XQuery context, calculating the set difference between two path expressions by returning nodes from the left expression that are not present in the right expression.",Set Difference,Strategy,Composite,,1508,544,106
exist-core/src/main/java/org/exist/xquery/TryCatchExpression.java,org.exist.xquery.TryCatchExpression$CatchClause,fe9f9d2f752f897f4d4c584a759bd5de86f36b377fb00894e24d8a859024aa93,"Represents a clause for catching specific errors and executing an associated expression, potentially involving variables.",Error Handling,Data Structure,Value Object,,638,505,88
exist-core/src/main/java/org/exist/xquery/TryCatchExpression.java,org.exist.xquery.TryCatchExpression,3b6163478765b1eb4979369052060b1bfe34398cce3ac61898651851a1913183,"This class implements the XQuery 3.0 try-catch expression, allowing for structured error handling by executing a primary expression and then executing a fallback expression if an error occurs.",Error Handling,Strategy,Template Method,,567,2658,105
exist-core/src/main/java/org/exist/xquery/Intersect.java,org.exist.xquery.Intersect,93243899f2f146ad2cf1afa1ca3e8dde565271bdc93061711cfe1cdb98b1b396,"Represents the intersection operation between two path expressions, calculating the common nodes present in both sequences.",Set intersection,Visitor,Composite,,530,588,87
exist-core/src/main/java/org/exist/xquery/QuantifiedExpression.java,org.exist.xquery.QuantifiedExpression,4c57336c0b654fc7161f6da8cf301f8c36e5cea03133d705a99ee9e4b47ffabf,"This class represents quantified expressions such as 'some' or 'every' within a query language, defining how to check conditions across a sequence of items.",Quantified logical expressions,Abstract Syntax Tree Node,Strategy,,648,916,103
exist-core/src/main/java/org/exist/xquery/SelfSelector.java,org.exist.xquery.SelfSelector,ca603ce90ca903405bc12131538c446125416ca7f91cadae824eab284795a082,"This class selects a node from a document based on its ID, utilizing a predefined context to optimize the selection process.",Node Selection,Strategy,Encapsulation,,762,487,93
exist-core/src/main/java/org/exist/xquery/CastableExpression.java,org.exist.xquery.CastableExpression,b07e9c43dd7715f49f70cdea730ed08be0f0a08ac8ffe7e283df1f3231fb9de8,"This class represents an XQuery expression that checks if another expression's result can be cast to a specified type and cardinality, returning a boolean indicating the outcome.",Type Casting Check,Expression,Composite,,604,1045,101
exist-core/src/main/java/org/exist/xquery/AbstractExpression.java,org.exist.xquery.AbstractExpression,0c6e34e6020ba621956ac8c0555068c072b72578b14a2a39e16252d83399a104,"This abstract class provides a base implementation for expressions within an XQuery processing engine, handling common state management and context information for various query components.",Expression base,Abstract Base Class,Template Method,Expression Object,695,1178,117
exist-core/src/main/java/org/exist/xquery/AncestorSelector.java,org.exist.xquery.AncestorSelector,8edc38addb0865c7574393188eb6e82ead7f5cac3579d2d31cdb381d0b61ea51,"This class identifies and selects ancestor nodes within a document, optionally including the node itself and managing descendant information for matching purposes.",Ancestor selection,Strategy,Composite,,461,529,92
exist-core/src/main/java/org/exist/xquery/GroupByClause.java,org.exist.xquery.GroupByClause$GroupByData,f18ead7edbd4e0b491dc52adb83fc1a9ff96c58b40d410cb3e19e2217239c8f9,"This class manages the state required for grouping operations, specifically collecting tuples and tracking grouping variables across multiple evaluation phases. It ensures that recursive calls do not interfere with each other by maintaining separate state data on a stack.",State Management,State Holder,Object Pool,,580,511,112
exist-core/src/main/java/org/exist/xquery/GroupByClause.java,org.exist.xquery.GroupByClause$DeepEqualKeysHashStrategy,6d7be5a1491ae0c947ce6aeeb7dbf245883662be9ecbaeba459249ca02b5dd85,This class provides a custom strategy for comparing and hashing sequences based on a provided set of group specifications and their associated collators.,Sequence comparison,Strategy,,,1003,471,76
exist-core/src/main/java/org/exist/xquery/GroupByClause.java,org.exist.xquery.GroupByClause$Tuple,9849fa49f6f342c2a17b0649ab1202992fb64e5801ad081031db41cce4a8a577,"This class represents a collection of named sequences, designed to store and manage related data entries for grouping purposes.",Data Grouping,Value Object,Composite,,594,484,91
exist-core/src/main/java/org/exist/xquery/GroupByClause.java,org.exist.xquery.GroupByClause,5078645f8895102398452bf1324de4466a03c51287dbc040a6ed6d7fc332c39b,"This class implements the 'group by' clause within a FLWOR (For, Let, Where, Order by, Return) expression in XQuery. It is responsible for organizing and processing data into groups based on specified criteria, managing the state across multiple evaluations of the FLWOR expression.",Group by,Strategy,Composite,Interpreter,738,1321,142
exist-core/src/main/java/org/exist/xquery/DefaultExpressionVisitor.java,org.exist.xquery.DefaultExpressionVisitor,57f395f50d5dd7533d975aaf52276c9e0c2bf5e58551cc4b8fb8f87f2a880376,"This class acts as a default visitor that traverses an expression tree, providing a base implementation for visiting various expression types within a query or program structure.",Expression Traversal,Visitor,,,1588,1589,81
exist-core/src/main/java/org/exist/xquery/XQueryWatchDog.java,org.exist.xquery.XQueryWatchDog,086a9a050bc1aca32bbf68b1ba55d75edc45acf72740b8c4dec6334aa9eaaf03,"This class acts as a watchdog for XQuery execution, enforcing limits on query execution time and output size to prevent resource exhaustion and potential system instability. It allows for monitoring and termination of running queries.",Query oversight,Guard,Monitor,Policy enforcement,699,1106,125
exist-core/src/main/java/org/exist/xquery/DynamicPIConstructor.java,org.exist.xquery.DynamicPIConstructor,9a0a1ae7e8f93ba12f869bdc69833938e7bf4c953c93de9d02e50f854214163e,"This class constructs processing instruction nodes dynamically, using provided expressions for the instruction's name and content.",Instruction Construction,Builder,Expression Tree,,526,806,89
exist-core/src/main/java/org/exist/xquery/LetExpr.java,org.exist.xquery.LetExpr,ea41795d51d21b015d644f09db3a43ae3b14359bb9d9826caf4c1231ce4892c9,"This class represents a let-expression in XQuery, which allows binding a sequence to a variable within the scope of another expression.",Variable Binding,Visitor,Expression Tree,,608,892,95
exist-core/src/main/java/org/exist/xquery/FunctionFactory.java,org.exist.xquery.FunctionFactory,e8b61303df4e8fa9737fad6e2a1f3c14e28e32954cac52fe40118e6d201d5eab,"This class serves as a factory for creating various types of function expressions within an XQuery processing environment, handling built-in, user-defined, constructor, and optimized string functions, as well as Java function bindings.",Function Factory,Factory Method,Abstract Factory,Builder,656,1705,130
exist-core/src/main/java/org/exist/xquery/BasicExpressionVisitor.java,org.exist.xquery.BasicExpressionVisitor$FirstStepVisitor,57fc8071eaefac7ac2a6de901a89e4d01f06a2bfcb1e1bd3a520b8eaef8f9204,This class is designed to visit location steps and specifically capture and store the very first location step encountered during the visitation process.,First step capture,Visitor,,,508,445,76
exist-core/src/main/java/org/exist/xquery/BasicExpressionVisitor.java,org.exist.xquery.BasicExpressionVisitor$VariableRefVisitor,6cda74e918f2e63bcfa41767a78833314635aa17c1cb4f4a8ae2947b1ef77537,"This class is designed to traverse an abstract syntax tree, specifically identifying and recording `VariableReference` nodes and recursively processing `PathExpr` nodes.",AST Traversal,Visitor,,,460,491,81
exist-core/src/main/java/org/exist/xquery/BasicExpressionVisitor.java,org.exist.xquery.BasicExpressionVisitor,a76cfef957c32852fe4e3b289ef45c56937dc2de81b2d86dfc631c1abc1cdca0,"This class provides a basic visitor implementation for traversing expression trees, with most methods acting as empty placeholders. It includes utility methods to find specific expression components like location steps and variable references.",Expression Traversal,Visitor,Abstract Syntax Tree Traversal,,689,2657,109
exist-core/src/main/java/org/exist/xquery/OrderSpec.java,org.exist.xquery.OrderSpec,02175c69ec680428be510d30eb7052e01acffe6fd3e1c3e21d687d4ca7484f77,"This class represents an ordering specification for an XQuery 'order by' clause, encapsulating the expression to sort by and associated modifiers like order direction and empty handling.",Order specification,Value Object,Expression Tree,,594,748,103
exist-core/src/main/java/org/exist/xquery/Optimizer.java,org.exist.xquery.Optimizer$FindOptimizable,2c7b8b3ef2b7c7e9260ce9724318959cabb1f983ccb3d3e9bef664c6e67f418a,"This class serves as a visitor to traverse an expression tree and identify all expressions that implement the Optimizable interface, collecting them for further processing.",Find optimizables,Visitor,,,585,702,81
exist-core/src/main/java/org/exist/xquery/Optimizer.java,org.exist.xquery.Optimizer$InlineableVisitor,557033ac7c964c297555a7cee682d0b692b3addd195ba4acd76f59efe1a11b7f,This class determines if an expression subtree can be inlined by traversing it and checking for specific constructs that prevent inlining.,Inlining check,Visitor,Expression Tree Traversal,,639,1990,96
exist-core/src/main/java/org/exist/xquery/Optimizer.java,org.exist.xquery.Optimizer,1d543fa7f2046388d835f5bb02546193237eefe491e4d6de1b7a6bc99a2dc0cc,"This class analyzes an XQuery expression tree to identify and mark parts that can be optimized for the query engine by wrapping them in an optimization pragma. It does not perform the actual optimization, which is handled by the pragma.",Query Optimization,Visitor,Expression Rewriting,,615,2182,116
exist-core/src/main/java/org/exist/xquery/DescendantSelector.java,org.exist.xquery.DescendantSelector,a4af3ea18d1f9265755f874087032063cc902e07b442ed7f6e2f57b9bf13257f,"This class is responsible for selecting descendant nodes within a document, providing a mechanism to retrieve and represent nodes based on their context and identifiers.",Node Selection,Strategy,Visitor,,499,487,95
exist-core/src/main/java/org/exist/xquery/Profiler.java,org.exist.xquery.Profiler$ProfiledExpr,cc942c4c9b9bbca124871d138b8a3d6c0ebddda2dff1c3937e3195d517ecc436,This class wraps an expression with timing information to measure its execution duration.,Expression timing,Decorator,,,408,400,65
exist-core/src/main/java/org/exist/xquery/Profiler.java,org.exist.xquery.Profiler,68ed8c02c9ff188ab4487dc0302accc9553ee43b8555c1623d80cf79ce24e943,"This class captures profiling information about XQuery execution and logs it, allowing for detailed analysis of query performance and behavior.",Query Profiling,Decorator,Observer,Strategy,621,2353,109
exist-core/src/main/java/org/exist/xquery/LocalVariable.java,org.exist.xquery.LocalVariable,51bbab2ebf20751f339e3d79a346fa68e1a0b11122384021c3d9d5c4b51fba47,"This class represents a local variable, managing its scope and relationships within a linked list structure to facilitate variable resolution.",Variable Scope,Linked List,,,622,519,74
exist-core/src/main/java/org/exist/xquery/util/NumberFormatter_ru.java,org.exist.xquery.util.NumberFormatter_ru,0d221e466db6c1046d2b8d5f83d909a9829f6817347b8d0d6f1e7d455407e9d1,"This class provides number and date formatting specifically for the Russian locale, converting numerical values into their Russian word representations.",Number formatting,Strategy,Adapter,,540,700,90
exist-core/src/main/java/org/exist/xquery/util/NumberFormatter_nl.java,org.exist.xquery.util.NumberFormatter_nl,5e26ea890aecb000fac6dd10a4b31245aaca40ec5701628da7b6935a3ddbf841,"This class provides locale-specific formatting for numbers and dates, specifically for the Dutch language, by extending a base number formatter and overriding methods to handle Dutch conventions.",Number formatting,Strategy,Template Method,,513,436,101
exist-core/src/main/java/org/exist/xquery/util/NumberFormatter_sv.java,org.exist.xquery.util.NumberFormatter_sv,bc59146a32c88bf6271e34793e85e0d167d5601e588b74a4e19d0aa398cbccf1,"This class provides Swedish language-specific formatting for numbers and dates, including determining the correct ordinal suffix for a given number.",Language Formatting,Strategy,Adapter,,485,434,92
exist-core/src/main/java/org/exist/xquery/util/NumberFormatter_fr.java,org.exist.xquery.util.NumberFormatter_fr,5ed1f95b09f37844d2c226f3885b1dffd14bc9d20cba1db2e5e6909075afccb3,"This class formats numbers and dates for the German language, specifically providing the correct ordinal suffix for numbers.","Localization, Formatting",Strategy,Abstract Factory,,529,433,90
exist-core/src/main/java/org/exist/xquery/util/Error.java,org.exist.xquery.util.Error,1efccd164e099dac42d52a5719cbe831dc3b4bfbf14903846c741d4a85e0cfc6,This class provides a mechanism to carry error codes and associated arguments during runtime to facilitate the generation of meaningful error messages by subordinate components.,Error context,Value Object,Marker,,509,1281,95
exist-core/src/main/java/org/exist/xquery/util/NumberFormatter_en.java,org.exist.xquery.util.NumberFormatter_en,12ac5f80513c5d325ac42dc7c14bf741b9615ca26a264dc4494f8b93d510b085,"This class provides English-specific formatting for numbers and dates, including generating ordinal suffixes.",Number/Date Formatting,Strategy,Template Method,,440,431,88
exist-core/src/main/java/org/exist/xquery/util/NumberFormatter.java,org.exist.xquery.util.NumberFormatter,63539473cf2ba5710cc774495b06712dc619edb7e8c25b95534042ab2b53229c,"This abstract class provides a framework for formatting numbers and dates based on locale-specific rules, with concrete implementations handling the actual language-dependent formatting.",Number Formatting,Factory Method,Template Method,Strategy,556,699,116
exist-core/src/main/java/org/exist/xquery/util/ExpressionDumper.java,org.exist.xquery.util.ExpressionDumper,9a8afde51ce5ba41453fea5f7a558606ea0c213707089f15121408f4e81df5f6,"This class serializes expression structures into a human-readable string format with configurable indentation and verbosity levels, aiding in debugging and analysis.",Expression Serialization,Builder,Visitor,Decorator,536,861,112
exist-core/src/main/java/org/exist/xquery/util/DocUtils.java,org.exist.xquery.util.DocUtils,4d14583dfac7373b1bfe6798eb153892e658271b1a5d50b4643c6b50f05b2495,"Provides utility functions for retrieving and checking the availability of XML documents, as well as parsing input streams into in-memory DOM documents within an XQuery context.",Document Access,Utility,Facade,,509,1494,99
exist-core/src/main/java/org/exist/xquery/util/NumberFormatter_de.java,org.exist.xquery.util.NumberFormatter_de,e2c5948de67ca5e27af8f21a682cbe216cabcfc2f6eb909c1a86e3a1a635a653,"This class provides German-specific formatting for numbers and dates, including generating the correct ordinal suffix for a given number.","Localization, Formatting",Strategy,Adapter,,435,433,92
exist-core/src/main/java/org/exist/xquery/util/Messages.java,org.exist.xquery.util.Messages,7c1bca191587b57e015e4e4f225c4981596afb25ee1305f7f821e65178f52d1b,"This class provides access to localized error messages, allowing developers to retrieve and format messages with arguments using a resource bundle.",Message Formatting,Utility Class,Resource Bundle,,549,670,93
exist-core/src/main/java/org/exist/xquery/util/HTTPUtils.java,org.exist.xquery.util.HTTPUtils,8269582c1e522005b7d509f4d12af3493ee81def317827b4a8dc9824d638e6fe,"This class provides utility methods for handling HTTP-related operations, specifically for generating an HTML-formatted stack trace from an exception and for setting the `Last-Modified` HTTP header based on the modification times of XQuery documents in a response.",HTTP Utilities,Utility Class,,,513,658,100
exist-core/src/main/java/org/exist/xquery/util/URIUtils.java,org.exist.xquery.util.URIUtils$CharArray,34aea7c6d31a1128323057ca60b0728933cedb207fc2366ab8132f6b26f5eeeb,"This class provides a mutable character buffer that can append single characters or small groups of characters, resizing its internal storage as needed.",Character buffer,,,,532,630,56
exist-core/src/main/java/org/exist/xquery/util/URIUtils.java,org.exist.xquery.util.URIUtils,edc837ae5c0f95d6e25e0971552f259ad63e294bbf280b4e9ec37ef157b30feb,"This class provides utility methods for encoding, decoding, and manipulating Uniform Resource Identifiers (URIs) to ensure they are safe for use in various contexts and adhere to specified encoding standards like RFC 3986 and UTF-8.",URI utilities,Utility Class,Helper Methods,,622,4127,118
exist-core/src/main/java/org/exist/xquery/util/SerializerUtils.java,org.exist.xquery.util.SerializerUtils$ParameterConvention,380cd9766280d3c366037868750956b35cd10e1f8d4baf27d59a5ff7f0f18d91,"Defines a contract for objects that represent parameter conventions, providing access to their name, local name, type, cardinality, and default value.",Parameter definition,,,,370,556,59
exist-core/src/main/java/org/exist/xquery/util/SerializerUtils.java,org.exist.xquery.util.SerializerUtils$W3CParameterConvention,f337186ecfef2c62010dbc621a04da1863f5e49bb1cd4baa2650d62896b10e91,"This enum defines a set of constants representing W3C serialization parameters, specifying their names, data types, cardinality, and default values, used for configuring output serialization.",Serialization Parameters,Enum,Value Object,,554,1327,102
exist-core/src/main/java/org/exist/xquery/util/SerializerUtils.java,org.exist.xquery.util.SerializerUtils$ExistParameterConvention,db4de7f3fbf0cd4ec4b9ee3532b0e170a0e873136190c9dd5a45b7639d996e8c,"This class defines a set of standard parameters and their conventions for interacting with eXist-db, providing a structured way to configure query execution and output formatting.",Query Parameters,Enum,Convention,,622,894,100
exist-core/src/main/java/org/exist/xquery/util/SerializerUtils.java,org.exist.xquery.util.SerializerUtils,bbdbe89a6f96e0c723ed0dd32a07de9d2d856cfb9eed6cccfa37d75c2b51db04,"Provides utility methods for parsing and setting serialization parameters used by XQuery functions, including support for W3C and eXist-specific conventions and character map handling.",Serialization parameters,Enum for parameter conventions,Strategy for parameter handling,,633,3160,107
exist-core/src/main/java/org/exist/xquery/Constants.java,org.exist.xquery.Constants$Comparison,625a85c4bc3d5eb525bab534479398406609fe29c670e3c97e240bcadce234cc,This enumeration defines standard comparison operators used for evaluating conditions or filtering data.,Comparison Operators,,,,394,482,45
exist-core/src/main/java/org/exist/xquery/Constants.java,org.exist.xquery.Constants$StringTruncationOperator,526a152cc42beec14d67078133dee4356a22ca7fd2f1c6cf4d30ce36e4ba65da,"This enum defines a set of constants representing different strategies for truncating strings, indicating whether truncation should occur from the right, left, both sides, or if the string should be an exact match.",String truncation,,,,500,401,70
exist-core/src/main/java/org/exist/xquery/Constants.java,org.exist.xquery.Constants$ArithmeticOperator,e99d94da821df069c13e3e98dadd57e19a14672effc74204ff533c784661f91a,"This enum defines a set of standard arithmetic operations and their corresponding symbolic representations, intended for use in calculations.",Operator enumeration,Enum,,,443,441,72
exist-core/src/main/java/org/exist/xquery/Constants.java,org.exist.xquery.Constants$NodeComparisonOperator,cf3f822246c4bcb5933ef54a1d2276977353952066322dbc59127857affcc993,"This enum defines a set of operators used for comparing node identities, including checks for equality, precedence (before), and succession (after), each represented by a specific symbol.",Node comparison,Enumeration,,,484,422,86
exist-core/src/main/java/org/exist/xquery/Constants.java,org.exist.xquery.Constants,bcc0907f91259bc6160653b2b6cfd4c18c35ac688a6a7dcb26e7465c0cb6ab70,"This interface declares constants and enumerations for various components of a query engine, including axis specifiers, node types, comparison operators, string truncation operators, arithmetic operators, and node comparison operators.",Query Engine Constants,Constants,,,533,1287,90
exist-core/src/main/java/org/exist/xquery/AbstractFLWORClause.java,org.exist.xquery.AbstractFLWORClause,5d4351511b5972f96a2b82f2cf1c19fc3f344a6cd0108de91224f3dfee405f9c,"This abstract class serves as a base for clauses within FLWOR (For, Let, Order by, Where, Return) expressions, managing local variables, return expressions, and the chaining of clauses.",FLWOR Clause,Template Method,Chain of Responsibility,Abstract Factory,684,860,129
exist-core/src/main/java/org/exist/xquery/BindingExpression.java,org.exist.xquery.BindingExpression$ExprUpdateListener,9d7887c654ca21944c4686229d01d9db244d29f639f6570f14b945c49fb5a7f8,"This class acts as a listener for updates related to a sequence, specifically handling node movements and the detachment of the listener itself.",Update listener,Observer,,,518,621,76
exist-core/src/main/java/org/exist/xquery/BindingExpression.java,org.exist.xquery.BindingExpression,8951d1e4125028cafd0477e823d91547048be194c30eb6d715107af0c5b1c381,"This abstract class serves as a foundation for variable binding expressions within a FLWOR (For, Let, Where, Order By, Return) clause, handling the setup and management of variables and their associated sequences.",Variable Binding,Abstract Superclass,Template Method,,607,1400,112
exist-core/src/main/java/org/exist/xquery/Predicate.java,org.exist.xquery.Predicate$ExecutionMode,a6bd8c58fc110ef484fc0aa1bb9d1c720a4904d781bbe533ce7ded08a13c9c39,"This enum defines the various modes for executing operations within the system, including unknown, node-based, boolean logic, and positional execution.",Execution modes,,,,465,388,58
exist-core/src/main/java/org/exist/xquery/Predicate.java,org.exist.xquery.Predicate,5b059899dcd6b4b32fd76ad7d5840700b69d3b108ef8bd3254278133dd0338c9,"This class evaluates predicate expressions within an XPath context, optimizing the evaluation based on different execution modes like node selection, boolean logic, or positional evaluation, and it can reset its internal state and be visited by an ExpressionVisitor.",Predicate evaluation,Visitor,Command,Expression,643,1459,129
exist-core/src/main/java/org/exist/xquery/NodeTest.java,org.exist.xquery.NodeTest,e2323cbe74a2937ce82f25f2fa19cf964c22419e2424deb402c4dbfbb8455911,"This interface defines a contract for testing nodes based on various criteria, including their type, name, and whether they are a wildcard. It provides methods to set and retrieve the node type, and to check for matches against different node representations like NodeProxy, Node, XMLStreamReader, and QName.",Node testing,Strategy,Interface,,586,766,128
exist-core/src/main/java/org/exist/xquery/WindowCondition.java,org.exist.xquery.WindowCondition,9d97a2701c91f158de46e68450fcc3b10acb344bc60e858a08e0ca59a4101b11,"This class represents a condition that can be applied to a window of items, specifying criteria for inclusion based on a conditional expression and item context.",Window condition,Expression,Context,,632,707,96
exist-core/src/main/java/org/exist/xquery/ContextItemDeclaration.java,org.exist.xquery.ContextItemDeclaration,3caf25d5dafd462ece94902100ac83dfaf25216056ac8b88f2d92d4c4cb5085b,"This class represents the declaration of a context item within an XQuery expression, specifying its optional type, whether it's external, and its assigned value.",Context Item Declaration,Abstract Expression,Expression Visitor,Interpreter,673,894,119
exist-core/src/main/java/org/exist/xquery/Context.java,org.exist.xquery.Context,baee6cabd6b412e746969ea054470d0b5258b4a7961db98da247980aa8824d89,"This interface defines the contract for an XQuery execution context, managing namespaces, variables, functions, modules, and other runtime state necessary for processing XQuery expressions.",Execution Context,Context Object,State Management,Registry,617,8913,119
exist-core/src/main/java/org/exist/xquery/CombiningExpression.java,org.exist.xquery.CombiningExpression,43335ddb8c4699a2a9d0e0f69d63bd52a77afb29e4cabbcb44f2345fb2abf5c4,"This abstract class serves as a base for XQuery/XPath operators that combine two path expressions, defining how they are analyzed, evaluated, and represented. It facilitates combining results from left and right sub-expressions and supports traversal and state management.",Expression Combining,Composite,Template Method,Visitor,1534,1055,134
exist-core/src/main/java/org/exist/xquery/StaticXQueryException.java,org.exist.xquery.StaticXQueryException,e0a92d2cfaf40b77d72105f72b5f837bc803dbc667c37e11313dadb95ab7a473,This class represents exceptions that occur during the static analysis or compilation phase of an XQuery.,XQuery Exception,,,,476,576,50
exist-core/src/main/java/org/exist/xquery/ModuleContext.java,org.exist.xquery.ModuleContext,c7f40fdeb3ac094b274e084be42e44d445eae1992aa87e288cafb73c1a427d7b,"This class extends the XQuery context to specifically handle imported modules, managing their namespaces, prefixes, and locations, and tracking their relationships within an execution environment.",Module context,Decorator,Proxy,Context Object,763,3316,117
exist-core/src/main/java/org/exist/xquery/DynamicFunctionCall.java,org.exist.xquery.DynamicFunctionCall,6e05109330dceefc20c2e473b968266a60c43d7502617d6841b8cf0873262745,"This class represents a dynamic function call, allowing for the invocation of functions with a variable number of arguments within an expression evaluation context.",Function Invocation,Interpreter,Strategy,Visitor,505,748,112
exist-core/src/main/java/org/exist/xquery/UserDefinedFunction.java,org.exist.xquery.UserDefinedFunction,b1ad62648298f8184cd5a4903626fed7af7a5ab169ec6d1d8a09538a898972b5,"This class represents a user-defined function within the system, encapsulating its signature, body, and execution context. It manages function parameters, argument binding, and the evaluation of the function's logic.",User Function,Strategy,Template Method,Visitor,628,1205,127
exist-core/src/main/java/org/exist/xquery/NodeComparison.java,org.exist.xquery.NodeComparison,305c588f1c4ef4632e53c26cce6eace889b6bd1325db915b9b1e5f8d934c93b6,"This class implements comparison operations between nodes, specifically checking for identity, non-identity, and order using operators like '<<' and '>>'.",Node comparison,Strategy,Composite,,542,825,98
exist-core/src/main/java/org/exist/xquery/RangeExpression.java,org.exist.xquery.RangeExpression,67ffba853208a7bf3bc454ba075f73a370d5ae3810c1bfe2053d4698bec0173b,"Represents an XQuery range expression, such as '1 to 10', that generates a sequence of numbers between a start and end point.",Range Generation,Composite,Abstract Syntax Tree,,542,784,100
exist-core/src/main/java/org/exist/xquery/Step.java,org.exist.xquery.Step,61f57e45b9c7369cd219dd908ccc8b9d0e8868855a861daecdc1e186603b8c29,"This abstract class represents a step in an XPath expression, defining the core functionality for navigating and filtering nodes within an XML document.",XPath Step,Abstract Base Class,Expression,,503,1267,95
exist-core/src/main/java/org/exist/xquery/XQueryContext.java,org.exist.xquery.XQueryContext$SavedState,86a9f0ef2536fbb132161daa2baa0657644e4b2d3b4227839f54389504bdc8a6,"This class is responsible for preserving and restoring the application's state, specifically the configurations of modules, namespaces, and prefixes, allowing for rollback or snapshotting functionalities.",State Saving,Memento,,,491,564,84
exist-core/src/main/java/org/exist/xquery/XQueryContext.java,org.exist.xquery.XQueryContext$BinaryValueCleanupTask,809d1bd67fb7ce87ab6226ffb0bb3f87788f20f86b0f431da41db36f790565e6,"This class represents a task responsible for releasing streams of binary values that were utilized during query execution, ensuring proper resource management.",Resource Cleanup,Strategy,Template Method,,549,497,93
exist-core/src/main/java/org/exist/xquery/XQueryContext.java,org.exist.xquery.XQueryContext$ContextUpdateListener,bffc04990163897e4337244e2e3310586fe19b6bc5c475e06cf993d3ca54b859,"This class acts as a centralized hub for managing document update notifications, ensuring that all subscribed listeners are informed about changes and can be efficiently unsubscribed.",Notification management,Observer,Thread-safe,Concurrency,534,774,116
exist-core/src/main/java/org/exist/xquery/XQueryContext.java,org.exist.xquery.XQueryContext$CleanupTask,635dbf01d424d4a0ed7580ffa893260c0408d73da6164c35925dc34feb9c5bc3,"This interface defines a contract for cleanup tasks that operate on an XQuery context, allowing for the removal of elements based on a provided condition.",Data Cleanup,Strategy,Interface Segregation,,484,437,98
exist-core/src/main/java/org/exist/xquery/XQueryContext.java,org.exist.xquery.XQueryContext$HttpContext,371d96d08b6ed1fe6a7de00f9f63b7b8602e96ea19eb7a784bcb7b42ececcba9,"This class encapsulates the request, response, and session objects for a single HTTP interaction, providing a convenient way to access and manage these components throughout the request lifecycle.",HTTP context,Value Object,Immutable Object,,628,563,102
exist-core/src/main/java/org/exist/xquery/XQueryContext.java,org.exist.xquery.XQueryContext$ModuleVertex,e5d866ecd0f93a779a2bfbfb8a63b4336c2754c4a9f2ed5f50cf83977cc7935a,"Represents a module within a software system, identified by its namespace and optionally its location.",Module identification,Value Object,Immutable,,546,470,87
exist-core/src/main/java/org/exist/xquery/XQueryContext.java,org.exist.xquery.XQueryContext,4ab13ed3eed51211b4df363760fca6630f8388926efda124228201a9c5b5ed6a,"This class represents the execution context for an XQuery, holding all necessary static and dynamic information required to process an XQuery, including namespaces, variables, functions, modules, and configuration options.",XQuery Context,Context,Interpreter,State,732,14904,124
exist-core/src/main/java/org/exist/xquery/DecimalFormat.java,org.exist.xquery.DecimalFormat,da5f540e30fbd526807bf23e17eec75c4b22657dca6980362986f733a3a3af3b,"Represents a configurable set of characters and strings used for formatting decimal numbers, including separators, signs, and special values like infinity and NaN.",Number formatting,,,,414,718,59
exist-core/src/main/java/org/exist/xquery/OpOr.java,org.exist.xquery.OpOr,f5b30559e7060267d5011175446bd629f99b662038ee8254e298a49440dbfdf3,"This class represents a boolean OR operator for evaluating logical expressions within an XQuery context, handling the evaluation, visitor acceptance, and string representation of the OR operation.",Logical OR,Visitor,Composite,,592,621,100
exist-core/src/main/java/org/exist/xquery/ExpressionVisitor.java,org.exist.xquery.ExpressionVisitor,d3975cb17b4f3af339e98b8cc4ad5e7085eafdfdb673a2b68e1a0790437650b0,"This interface defines a visitor for traversing and processing various types of expressions within an expression tree, enabling different operations to be performed on each expression node without modifying the tree structure itself.",Expression Visitor,Visitor,,,481,2001,86
exist-core/src/main/java/org/exist/xquery/TerminatedException.java,org.exist.xquery.TerminatedException$TimeoutException,296ee2be74d52672ae598a6dc9be6d42ab53c66bdea5a1e6619b8faba320e431,"This class represents a specific type of exception that is thrown when an operation exceeds its allotted time, indicating a timeout condition.",Exception handling,Exception,,,384,429,75
exist-core/src/main/java/org/exist/xquery/TerminatedException.java,org.exist.xquery.TerminatedException$SizeLimitException,6706101999dd9a4bcfaf1e0a7d1677fd37d556ed711a560d1faccc24ff14c618,"Represents an exception that is thrown when a size limit is exceeded, typically during parsing or processing.",Error Handling,Exception Hierarchy,,,348,432,72
exist-core/src/main/java/org/exist/xquery/TerminatedException.java,org.exist.xquery.TerminatedException,a9c8d2147df7c570fe601765c80b99ca9e5981299c41cf79f26555ed5cc7b78a,"This class represents exceptions that can occur during the termination of an XPath processing operation, with specialized subclasses for timeouts and size limits.",Exception Handling,Exception Hierarchy,Error Propagation,,552,606,95
exist-core/src/main/java/org/exist/xquery/WhereClause.java,org.exist.xquery.WhereClause,24aa66339571e77cc6dadb1d0860b3c7cbdcc0e814a0b1eef9ab87be2f3cbc78,"This class implements the conditional filtering logic within a FLWOR expression, determining whether subsequent clauses are executed based on a boolean condition.",Conditional Filtering,Expression,Context,Visitor,485,915,110
exist-core/src/main/java/org/exist/xquery/ForExpr.java,org.exist.xquery.ForExpr,1dda7725ed75a2eb3e83d562dae5e28bd0d4cf30621adb6e4fb9f86613cff6f3,"Represents a `for` expression in XQuery, handling iteration over sequences, variable binding, and conditional processing, including optimizations for `where` and `order by` clauses.",For loop,Strategy,Visitor,Interpreter,594,1095,121
exist-core/src/main/java/org/exist/xquery/Pragma.java,org.exist.xquery.Pragma,b552955fa8ae22a8c35a5d1b86629f0f6a968cc3904774bd94fc26cbdfa2b052,"This interface defines the contract for implementing XQuery Pragma expressions, enabling analysis, pre-execution processing, evaluation, post-execution actions, structural dumping, and state resetting.",Pragma Execution,Strategy,Template Method,Interface,576,731,122
exist-core/src/main/java/org/exist/xquery/InternalModule.java,org.exist.xquery.InternalModule,b3071abc07403ed53dddb6ad9d1738ce0c6321442c3fb163c7a0e74b48b01d9a,"This interface defines an internal module for XQuery, responsible for managing and providing definitions for Java-implemented functions within the module.",Function Management,Module,Factory (implied by FunctionFactory usage),,527,739,100
exist-core/src/main/java/org/exist/xquery/DynamicNameCheck.java,org.exist.xquery.DynamicNameCheck,af804389d030a68fb70551e170205286ff60a874253f9d20b97dcc17df23d7e8,"This class validates that a sequence of items, typically nodes, matches a specific name test, ensuring adherence to expected element or attribute names.",Name Validation,Interpreter,Visitor,,594,1065,95
exist-core/src/main/java/org/exist/xquery/XQuery.java,org.exist.xquery.XQuery,302e8b9cf0c59d10149d220f80dcadaf776b0aef521cdcd69dfd2e5e932760c9,"This class serves as an entry point for compiling and executing XQuery expressions against a database, providing various overloaded methods to accommodate different input types and execution contexts.",XQuery execution,Facade,Builder,Strategy,609,2527,117
exist-core/src/main/java/org/exist/xquery/FunctionId.java,org.exist.xquery.FunctionId,156529aa64e7eab84dcf23944702a6a71596c68b3b53bdc900e6393b8432bd9f,"This class serves as a unique identifier for functions, combining a qualified name with the number of arguments it accepts.",Function Identifier,Value Object,Comparable,,547,535,91
exist-core/src/main/java/org/exist/xquery/Module.java,org.exist.xquery.Module,81b8938bf2afac7b54a9ec44f74e774df871b9f11473224edff7a373335515a6,"This interface defines the contract for XQuery library modules, which encapsulate function definitions and global variables, identified by a namespace URI and an optional prefix, and can be loaded dynamically by the XQuery engine.",Module definition,Module,Interface,Abstraction,571,1515,125
exist-core/src/main/java/org/exist/xquery/RewritableExpression.java,org.exist.xquery.RewritableExpression,5f1bd84281e29f9778b0c6b0cddd094b23376dcc8b354aa97fd44de5aa2a07da,"This interface defines operations for expressions that can be modified by a query optimizer, allowing for replacement or removal of sub-expressions and access to adjacent or the first expression.",Expression manipulation,Strategy,Visitor,,547,488,101
exist-core/src/main/java/org/exist/xquery/OpAnd.java,org.exist.xquery.OpAnd,17f650c93955507d30545d5839f92adf9aa6c3db65aaece62605a464f28da2fa,"Represents the logical AND operation in an XQuery expression, evaluating two sub-expressions and returning a result based on their evaluation.",Logical AND,Visitor,Expression Tree,,567,671,95
exist-core/src/main/java/org/exist/xquery/Materializable.java,org.exist.xquery.Materializable,5a4b90a3ff5ed7449e7ee333e8de030b434ab3c438ec5986f86bb43aff0331d8,"This interface defines a contract for expressions that can be materialized, meaning their results can be evaluated and produced as a sequence within a given execution context. It outlines how to handle context sequences and individual context items during evaluation.",Expression Materialization,Strategy,Interface,,662,867,112
exist-core/src/main/java/org/exist/xquery/update/Rename.java,org.exist.xquery.update.Rename,552b481df0dcbd08284d43bde377a79ad140cd07dd65d6293df49bb3919a10ef,"This class represents an operation to rename nodes within an XML document, identified by a selection expression and assigned a new name based on a value expression.",Node Renaming,Command,Expression,,506,614,98
exist-core/src/main/java/org/exist/xquery/update/Update.java,org.exist.xquery.update.Update,cfa9fa3c2a337f2da6516a74369da35c029793fe465e8e495025df894850a376,"This class represents an update operation within an XQuery context, responsible for modifying or inserting content into XML documents by identifying target elements via a selection query and applying a new value.",Update Document,Command,Expression Tree,,492,656,104
exist-core/src/main/java/org/exist/xquery/update/Delete.java,org.exist.xquery.update.Delete,0156012776f44686a73e5d1e19d3e65b0774508c9f9e47a3f7c329e49d54a83a,"This class represents a delete operation that removes nodes identified by an XQuery expression, ensuring data integrity and notifying relevant parties of changes.",Node deletion,Command,Visitor,,562,618,94
exist-core/src/main/java/org/exist/xquery/update/Modification.java,org.exist.xquery.update.Modification,cf67e7589127678b4c646d3f9509cbcd3e7bc6495d95a39af302a6909c403b72,"This class defines an abstract base for expressions that modify documents, handling the acquisition and release of document locks, managing modified documents, and preparing or finishing associated triggers.",Document modification,Template Method,Strategy,Composite,568,1733,118
exist-core/src/main/java/org/exist/xquery/update/Replace.java,org.exist.xquery.update.Replace,eef77a1bcfa7da55d46cb14f74297278d10cfc0bdcec4f06e9c248f4ddce9dde,"This class represents an XQuery update operation that replaces existing nodes in a document with new content, ensuring data integrity and proper transaction management.",Node replacement,Command,Expression,,452,689,95
exist-core/src/main/java/org/exist/security/realm/Realm.java,org.exist.security.realm.Realm,1803394e8337f78bfdf399d55db9b93a39356b7da4eca7ef32de86bad3946d86,"This interface defines a contract for managing and retrieving information about accounts, groups, and users within a security realm. It provides methods for authentication, authorization, and lifecycle management of these entities, along with access to underlying database and security manager components.",Realm Management,Interface,Facade,Repository,890,808,133
exist-core/src/main/java/org/exist/security/realm/AuthorizingRealm.java,org.exist.security.realm.AuthorizingRealm,6bcc4b7fdabdf67b3b34b6b7cb51d3f659733b0515b75ba1197a8a885815d95e,"This interface defines the contract for an authorizing realm, which is responsible for managing and validating authorization credentials.",Authorization management,Interface,Abstraction,,439,404,88
exist-core/src/main/java/org/exist/security/realm/AuthenticatingRealm.java,org.exist.security.realm.AuthenticatingRealm,27b4832f69e55bf637628c48c185061aa1d38c941ea40c036e89aa9fcc898ea6,"This interface defines a contract for authenticating users. It specifies a single method, `authenticate`, which takes a user's account name and credentials, and either returns a `Subject` representing the authenticated user or throws an `AuthenticationException` if the authentication fails.",User Authentication,Strategy,Interface,,567,460,121
exist-core/src/main/java/org/exist/security/PermissionRequiredAspect.java,org.exist.security.PermissionRequiredAspect,4f021b5bed7e17cfd8f44258ae9271d6691442ce89537eeec41bbe9561d87267,"This aspect intercepts method calls to enforce security permissions, ensuring that only authorized users can execute methods or access parameters requiring specific privileges. It acts as a security guard for critical operations within the system.",Access Control,Aspect-Oriented Programming,Decorator,Interception,607,991,128
exist-core/src/main/java/org/exist/security/SimpleACLPermission.java,org.exist.security.SimpleACLPermission,d0e6be58a4fde00a2c8aa90ed7f0f2d203a9e8ce7b1fe0ec2f0ee5190f957f13,"This class manages detailed access control permissions by extending basic Unix-style permissions with a list of Access Control Entries (ACEs). It allows for granular control over user and group access to resources, including adding, removing, modifying, and validating permissions.",Access Control,Decorator,Composite,Strategy,546,2869,134
exist-core/src/main/java/org/exist/security/AbstractRealm.java,org.exist.security.AbstractRealm$PrincipalDbByName,d23a2cb4565a60532f5714b4c2ba986ca60c7e8b630b935c5351250fc5ef48a0,This class serves as a thread-safe container for mapping principal names to principal objects.,Name-based storage,Concurrent HashMap,Value Object,,397,400,89
exist-core/src/main/java/org/exist/security/AbstractRealm.java,org.exist.security.AbstractRealm,8c27896ea6cd756b2d81ff030b0031dcea2a14b5c9546cfff05a0c546410ffac,"This class provides an abstract base for managing user accounts and groups within a security realm, offering functionalities for registration, retrieval, and update of principals and their relationships.",Realm Management,Abstract Base Class,Repository,Strategy,679,2300,119
exist-core/src/main/java/org/exist/security/BouncyCastleJceProviderStartupTrigger.java,org.exist.security.BouncyCastleJceProviderStartupTrigger,a241aa8a0a4b24a2b32a703da8c2f970d11ac5ec86c5b4ac4d934c0f24dcbbb8,This class is responsible for ensuring that the Bouncy Castle cryptographic provider is registered with the Java runtime environment upon system startup. It logs a confirmation message once the provider is successfully registered.,Provider Registration,,,,549,521,67
exist-core/src/main/java/org/exist/security/Subject.java,org.exist.security.Subject,39bcab8a6d88c656271563b55a19cf17e13794aa6d6265213e84eb7b7c626455,"This interface defines the contract for subjects that can be authenticated, providing methods to check authentication status, retrieve session information, and obtain a unique session identifier.",Authentication,Observer,Strategy,,487,461,97
exist-core/src/main/java/org/exist/security/utils/Utils.java,org.exist.security.utils.Utils,5d0627fab553fc829a8799183234d166f64ec6db100dd9110a99142a05b197bb,"Provides utility methods for managing database collections, including creation and retrieval, ensuring collections exist before operations and setting default permissions.",Collection Management,Utility Class,,,389,535,75
exist-core/src/main/java/org/exist/security/Session.java,org.exist.security.Session,873d93326603bf9a0c8dfb1d38636e19b8afdb558cc99ca54c68ed45735d3cd0,"This class represents a user's session, storing an identifier, associated subject, properties, and tracks its validity based on recent usage.",Session Management,Value Object,Object Pool,,554,574,97
exist-core/src/main/java/org/exist/security/AuthenticationException.java,org.exist.security.AuthenticationException,26be2b6e662784eee92c68ad3ae5c99410069897840c82101b1052f098d5718d,"This class represents a specialized exception for errors occurring during the authentication process, carrying specific error types like account not found or wrong password.",Error Handling,Exception,,,445,594,77
exist-core/src/main/java/org/exist/security/XmldbPrincipal.java,org.exist.security.XmldbPrincipal,4b705cc76a6a3f2621e92fc2227efa327feb29b5f5069dc76ad72d47934323c8,Represents a principal that can be stored in an XML database and provides access to its password.,User representation,Interface,Principal,,568,394,87
exist-core/src/main/java/org/exist/security/AbstractSubject.java,org.exist.security.AbstractSubject,eb2fe9f8f49c4797223ab5d7279832f67c35790e1b59d3dbf645f2f4cd49c57e,"This abstract class serves as a base for representing a subject within the system, likely an account or user, and provides foundational methods for managing associated groups, roles, credentials, and metadata, while interacting with sessions and other account-related entities.",Account Management,Template Method,Strategy,Proxy,585,1419,134
exist-core/src/main/java/org/exist/security/SchemaType.java,org.exist.security.SchemaType,11881f153581926644c9d65581b5f377a2db9657132b7f64ab5eee8033bcf610,"Represents a schema type within a namespace, providing access to its namespace and alias.",Schema representation,,,,406,417,48
exist-core/src/main/java/org/exist/security/management/AccountsManagement.java,org.exist.security.management.AccountsManagement,a96a948159c8ebbab40189d98d549f2b8ac576a3d5dd45fee068d184e2b9bf83,"Manages the lifecycle of user accounts within the system, including adding, retrieving, updating, deleting, and checking for the existence of accounts, both locally and generally. It defines the contract for account operations and handles potential errors related to permissions, existing data, and system configuration.",Account Management,Interface,Facade,Service Layer,732,755,141
exist-core/src/main/java/org/exist/security/management/GroupsManagement.java,org.exist.security.management.GroupsManagement,2236bf3be02e3dff2594ee8ad10e7b0bffe72fcc2bc4f84b7300e72cc6d96e30,"This interface defines operations for managing groups within the system, including adding, retrieving, updating, and deleting them, along with checks for their existence and locality.",Group Management,Interface,Abstraction,,824,785,99
exist-core/src/main/java/org/exist/security/EffectiveSubject.java,org.exist.security.EffectiveSubject,4359a4a31ff84e9d8e3d8d8cf473969f1ef53cd20ffdef774acf1ae1614b3497,"This class represents an effective user, often a combination of a user and a group, used to adjust permissions during operations like setting UID and GID. It augments or replaces the standard user subject for specific database broker interactions.",User representation,Adapter,Decorator,Composite,852,1763,130
exist-core/src/main/java/org/exist/security/AccountComparator.java,org.exist.security.AccountComparator,17ae3eafb4b27af20b523f1cab58babed5ff71e086363a6f990735b58daad18d,Compares two Account objects based on their names lexicographically.,Account Comparison,Comparator,,,650,486,63
exist-core/src/main/java/org/exist/security/PermissionRequired.java,org.exist.security.PermissionRequired,4c0420d1ee69d52f3cc4579c6fd26de77a1e16b5e5ee5ebb665fa2dff503c37e,"This annotation defines requirements for access control, specifying user, group, and mode permissions needed for a particular operation.",Access Control,Annotation Processor,Marker Interface,,833,701,92
exist-core/src/main/java/org/exist/security/ACLPermission.java,org.exist.security.ACLPermission$ACE_ACCESS_TYPE,74df68d2ab2d65563763572aec09b034acadc867475fd2dada2ec94ccd541512,"This class defines an enumeration for access control entries (ACE), specifying whether access is allowed or denied, and provides a utility to convert integer values back to their corresponding access type.",Access Type,Enumeration,,,732,487,87
exist-core/src/main/java/org/exist/security/ACLPermission.java,org.exist.security.ACLPermission$ACE_TARGET,58af5345b8ab609ff3ca39c1ff0858bc5c318c8734f3c931a064672c27f22b1e,"This enumeration defines target types for Access Control Entries (ACEs), specifically distinguishing between users and groups, and provides a mechanism to retrieve an ACE target type from its integer representation.",Target identification,Enumeration,,,628,474,87
exist-core/src/main/java/org/exist/security/ACLPermission.java,org.exist.security.ACLPermission,aae63c79f5ff99a433df87996a5414eb8463b4e955aa1e8e99faeda5e36d02d6,"This interface defines the contract for managing Access Control Entries (ACEs) within a permission system, allowing for the addition, modification, removal, and querying of access control rules for users or groups.",ACL Management,Interface Segregation,Capability-Based Security,,666,1320,112
exist-core/src/main/java/org/exist/security/AbstractPrincipal.java,org.exist.security.AbstractPrincipal,87ac5504f2fe9ae94e0889410badc93fe687bbdb97c57a1762c3de159c4a9b09,"This abstract class represents a principal entity within a security realm, holding configuration details like ID and name, and providing methods for saving its configuration and managing its state.",Principal Configuration,Abstract Class,Configuration Object,Data Holder,680,813,120
exist-core/src/main/java/org/exist/security/AbstractUnixStylePermission.java,org.exist.security.AbstractUnixStylePermission,d86b90c58d276081ea1c468dca0b07b2ebd15533e114db79e01fd5845fff9376,"This abstract class provides a framework for managing Unix-style file permissions, offering methods to parse and convert between various string representations (simple symbolic, Unix symbolic, and eXist symbolic) and their corresponding integer values, while also providing utility functions for permission manipulation and representation.",Permission Management,Strategy,Abstract Factory,Builder,653,1663,140
exist-core/src/main/java/org/exist/security/UnixStylePermission.java,org.exist.security.UnixStylePermission,a4af0ecf038e55c5ea79aa2f5d8fa343d811dc34ec08a2a64c8c1968902abd5a,"This class manages resource permissions using a bit vector, representing owner, group, and other access modes, similar to Unix file permissions.",Resource Permissions,Value Object,Bit Manipulation,Immutable,612,2528,113
exist-core/src/main/java/org/exist/security/Account.java,org.exist.security.Account,9c36f83e677902aab089202a35d34691857482b8b70c18c120a65e1d1677bab1,"This interface defines the core functionalities of a user account, enabling operations such as setting a primary group and managing user masks, while also enforcing permission checks for account modifications.",User Account Management,Interface Segregation,Role-Based Access Control,,569,605,108
exist-core/src/main/java/org/exist/security/AbstractAccount.java,org.exist.security.AbstractAccount,6334f6f26f45a8efd2f7a4bc2baaebb56bf9a1a953e14f5636665945a85e96fe,"Represents an account within the system, managing group memberships, credentials, and various account status flags such as locked, expired, and enabled, along with user-defined metadata and permissions.",Account Management,Decorator,Abstract Factory,Template Method,626,1667,124
exist-core/src/main/java/org/exist/security/SecurityManager.java,org.exist.security.SecurityManager$PrincipalIdReceiver,bd611ea388ff82e8f0896ad4b59991e9c58dde5b9ca0ae46a30e6190481b4b9e,This interface defines a contract for objects that receive and process a security principal's identifier.,Principal Receiver,Callback,Interface,,429,458,86
exist-core/src/main/java/org/exist/security/SecurityManager.java,org.exist.security.SecurityManager,0621abd394098047a781f23db28b7f3f7d0968cab596a2f582fa853ec2638c14,"Manages user accounts, groups, and authentication within the system.",Security Management,Interface Segregation Principle,Single Responsibility Principle,,468,2840,86
exist-core/src/main/java/org/exist/security/PermissionFactory.java,org.exist.security.PermissionFactory,e3830dd3eaf845056e1f97968f943e77192c1695e2468158b90bf6538f2d6af7,"This class acts as a factory for creating and manipulating permissions for various database resources, ensuring adherence to POSIX standards for ownership and access control.",Permission management,Factory,Facade,Adapter,628,4261,113
exist-core/src/main/java/org/exist/security/AbstractGroup.java,org.exist.security.AbstractGroup,5c06779ad53b90d7eb8dbdfd011162708497d987e0578273d074bc35a0dbb4a9,"This abstract class represents a group within a security system, managing its members, including designated managers, and handling associated metadata, while enforcing permission checks for group modifications.",Group Management,Abstract Base Class,Template Method,Repository,643,1285,120
exist-core/src/main/java/org/exist/security/EXistSchemaType.java,org.exist.security.EXistSchemaType,a004af0aa93f5aca09335262c48a3b13ebbd858ea20d61472b0a5c181b75c771,"This enum defines specific schema types used within the eXist-db system, each associated with a unique namespace and an alias, and provides methods to look up these types by their namespace or alias.",Schema identification,Enum,Value Object,,675,610,109
exist-core/src/main/java/org/exist/security/Credential.java,org.exist.security.Credential,98f6be2713f72d1aab0ebb089367ce004fe1a84c7d1f9b8f7d78889f1249e634,"This interface defines a contract for credential objects, specifying methods for checking their validity and retrieving a digest representation.",Credential validation,Interface,Strategy,,447,438,89
exist-core/src/main/java/org/exist/security/AXSchemaType.java,org.exist.security.AXSchemaType,f2ff69db9f9916f26f20a1720a1c05d35d850a02b2d96e92cdc5acb14c43b730,"This enum defines a set of constants representing different types of AXSchema types, each associated with a specific namespace and alias, providing a structured way to manage and access these schema types.",Schema Type,Enum,Constant,,581,708,104
exist-core/src/main/java/org/exist/security/Group.java,org.exist.security.Group,7310ce46360458ba8d4cc24d59bd1cc1e964fbd0d3f9e2d8067dee0fa6db22bb,"This interface defines the contract for managing group memberships and permissions, specifically focusing on identifying and modifying manager roles within a group.",Group Management,Interface Segregation,Role-Based Access Control,,468,602,98
exist-core/src/main/java/org/exist/security/Principal.java,org.exist.security.Principal,dc190ccb0026bf58c2f80075a089399bca610b519398d04790eeaac755379a08,"This interface defines a principal entity within the system, representing a user or an identity that can be configured, associated with a realm, and can manage its own metadata and configuration persistence.",Configuration Management,Interface Segregation,Repository,Value Object,793,592,124
exist-core/src/main/java/org/exist/security/MessageDigester.java,org.exist.security.MessageDigester,bf2b55dec5731a226f43921c3edf93fcfb0c85cadae44e02cb4f95c7906c9ad1,This class provides utility methods for generating cryptographic hashes (like MD5) of messages and converting byte arrays to hexadecimal strings.,Message Hashing,Utility Class,Helper Methods,,451,646,95
exist-core/src/main/java/org/exist/security/PermissionDeniedException.java,org.exist.security.PermissionDeniedException,2a651162c01dcb11cb3f4714063a0feb2de9c36e9712bc0f5756355d8f8811a1,This class represents a specific type of exception that is thrown when a user is denied permission to perform an action.,Error Handling,Exception,,,449,558,73
exist-core/src/main/java/org/exist/security/internal/Password.java,org.exist.security.internal.Password$Hash,3d0c9907228c9766fc168ec1748c93364d77a41359a3af380634481b47ba4008,"This enum defines a set of supported hashing algorithms, allowing for the selection and representation of either MD5 or RIPEMD160.",Algorithm enumeration,,,,450,383,59
exist-core/src/main/java/org/exist/security/internal/Password.java,org.exist.security.internal.Password,6fd27ef3dd0557173ee6b17334eca72a504186e2e2470800bc96b27be55cc910,"This class represents and manages password credentials, handling hashing, encoding, and comparison for security purposes.",Password Management,Value Object,Strategy,,878,964,88
exist-core/src/main/java/org/exist/security/internal/RealmImpl.java,org.exist.security.internal.RealmImpl,71e7b4cdfed8779408d1947945c30fb187ceafcd31f34bc65158a26a990f3e13,"This class implements a realm for user and group management, handling authentication, account deletion, group deletion, and searching for users and groups based on various criteria.",User/Group Management,Facade,Repository,Adapter,718,1681,118
exist-core/src/main/java/org/exist/security/internal/SubjectAccreditedImpl.java,org.exist.security.internal.SubjectAccreditedImpl,6f2357241aa63db1b7bdc2ae98493cd07f01b279f613d0cf3b49e4bff09fb0ab,"This class represents an accredited subject within the system, holding a letter of credit for authentication purposes. Its authentication mechanism is currently a placeholder that always fails.",User Authentication,Adapter,Strategy,,654,618,98
exist-core/src/main/java/org/exist/security/internal/SMEvents.java,org.exist.security.internal.SMEvents,94b541b850542b2c1d447fccbd5abb809aed0df40bd88cfc18345f66c8c52f65,"This class manages security events, specifically handling authentication events by executing XQuery scripts when authentication is established or by delegating to an existing mechanism if it has already occurred.",Event handling,Strategy,Template Method,,568,771,102
exist-core/src/main/java/org/exist/security/internal/EventAuthentication.java,org.exist.security.internal.EventAuthentication,783d70331115ed84c3035b886b52cf09563d8fb965dc60294011832df086b915,This class handles event-driven authentication by executing a script associated with a subject when an event occurs.,Event Authentication,Observer,Strategy,Configuration,487,581,105
exist-core/src/main/java/org/exist/security/internal/EXistDBLoginModule.java,org.exist.security.internal.EXistDBLoginModule,2e20f5385353bbce2e70eb5a6fe8cce259b189df16ceac4c055e62c8da50d25a,"This class acts as a JAAS LoginModule for authenticating users against an eXist-db database, handling initialization, login, commit, abort, and logout operations.",Authentication,Strategy,Callback,Pluggable Authentication,609,1593,122
exist-core/src/main/java/org/exist/security/internal/web/HttpAccount.java,org.exist.security.internal.web.HttpAccount,ff07aabc6c2f302670d125863110d7f27e9a131ed16a12972f751b018b5db798,This class provides functionality to extract user information from an incoming HTTP servlet request.,User Extraction,,,,440,408,46
exist-core/src/main/java/org/exist/security/internal/SubjectImpl.java,org.exist.security.internal.SubjectImpl,902229d2aac1641e6f029ead7f40a8d7b42e4ed1e6fe2db5e82b72b81621f3f6,"This class represents a user's identity and authentication status within the system, managing credentials and checking if the user has been successfully authenticated.",User Authentication,Strategy,Decorator,,567,585,95
exist-core/src/main/java/org/exist/security/internal/SecurityManagerImpl.java,org.exist.security.internal.SecurityManagerImpl$SessionsCheck,17fe7fa8d8f9be3245ab5ae429f4ab47a2b9fcf6e9e4d4efd1b305d3eb39c3af,This class is responsible for purging invalid sessions from the session database by executing a scheduled job.,Session management,Job,Service,,544,526,86
exist-core/src/main/java/org/exist/security/internal/SecurityManagerImpl.java,org.exist.security.internal.SecurityManagerImpl$PrincipalLocks,a50951be63a0a59f516ca4c5c611de13d66ea9b1e7e1ab10877df1f0e3ed605b,"This class manages read-write locks for different principals, ensuring thread-safe access to resources associated with them.",Lock Management,Lazy Initialization,Stripe Concurrency,,496,432,94
exist-core/src/main/java/org/exist/security/internal/SecurityManagerImpl.java,org.exist.security.internal.SecurityManagerImpl$SessionDb,7708eb171bb5b9e26acb6ba0dca9d18f64a010558369acc9c91285c83c299901,"This class provides thread-safe storage for session data, mapping session identifiers to Session objects.",Session Storage,Thread-Safe,Concurrent Value,,486,397,89
exist-core/src/main/java/org/exist/security/internal/SecurityManagerImpl.java,org.exist.security.internal.SecurityManagerImpl$PrincipalDbById,3d9abd9c7847273e12274ffbc1ef7a21de2ac157241119500470291f3c61cb43,"This class manages a thread-safe collection of principals, identified by their integer IDs, and provides atomic updates to both the collection and the last assigned principal ID.",Principal storage,Immutable Value,Thread Safe,,525,564,102
exist-core/src/main/java/org/exist/security/internal/SecurityManagerImpl.java,org.exist.security.internal.SecurityManagerImpl,6660482907213e9afafd9de75e31e85ff7f8640f2bcc72f230887c2b97cb71b4,"Manages users, groups, and authentication within the system by interacting with configured security realms and persisting security-related data.",Security Management,Configuration,Registry,Repository,659,4199,109
exist-core/src/main/java/org/exist/security/internal/GroupImpl.java,org.exist.security.internal.GroupImpl,df8553c1799f46d351c003aba4dbb8256c71c818d543f8268213b9828f6abe52,"This class represents a group, likely for managing users or resources, and is configured within a 'group' configuration context. It supports various constructors for initializing a group with different parameters, including a database broker, realm, unique identifier, name, and associated managers.",Group management,Factory,Builder,Configuration,795,523,137
exist-core/src/main/java/org/exist/security/internal/AccountImpl.java,org.exist.security.internal.AccountImpl$SecurityProperties,5c5ec790cd8a90d839c0dea356947518d586de8fba1f7622425d143e80cb4eb1,"This class manages the configuration for password checking within the application's security settings, allowing it to be enabled or disabled and retrieving its current state.",Password Check,Configuration Holder,Singleton (implied),,718,501,101
exist-core/src/main/java/org/exist/security/internal/AccountImpl.java,org.exist.security.internal.AccountImpl,c8d85eff0a453449a6068c4ed7d7a9ab05c3cdcd2f8fe2ce3f6dd011475a0dc0,"This class represents and manages user accounts within the database, handling their authentication credentials and group memberships.",User Account,Configuration,Factory Method,Security,572,1732,105
exist-core/src/main/java/org/exist/security/internal/aider/UserAider.java,org.exist.security.internal.aider.UserAider,b86ef1c9919214c99d5dfeb6a6f0c6b0bd3dc7d3d62789b2f7bc33e175701557,"Represents a user account, managing its properties like name, realm, groups, and metadata, and providing methods to interact with these attributes.",User Account,Data Transfer Object,Value Object,,694,1691,99
exist-core/src/main/java/org/exist/security/internal/aider/PermissionAider.java,org.exist.security.internal.aider.PermissionAider,cb6f74231fcaddefb5107d4793a04d1506e0571c12783f26adb040f74fef50ff,"This interface extends the existing Permission interface, implying it provides additional or specialized permission-related functionality.",Permission extension,Interface Segregation,Adornment,,2245,402,91
exist-core/src/main/java/org/exist/security/internal/aider/ACEAider.java,org.exist.security.internal.aider.ACEAider,d59eaa7d6bd48b0afd43dca4ff3a8a04ebdd0dc917b8322664fb0e7452607db6,"This class represents and holds information about access control entries (ACEs), defining permissions for specific subjects to access specific targets with certain modes.",Access Control,Value Object,Data Transfer Object,,653,633,98
exist-core/src/main/java/org/exist/security/internal/aider/UnixStylePermissionAider.java,org.exist.security.internal.aider.UnixStylePermissionAider,389acb56d45b8ec524ce07b5dbf875d2b18c8a6b1ebb74e34fec02187a1e7236,"This class represents and manages Unix-style file permissions, including owner, group, and mode settings, and provides methods to manipulate and query these permissions.",Permission Management,Adapter,Value Object,Immutable,795,1873,116
exist-core/src/main/java/org/exist/security/internal/aider/GroupAider.java,org.exist.security.internal.aider.GroupAider,21e7734cb75496e911405457c500bc55e2cca2d407fc83447aa9f8af362d9f3e,"Represents a group with an identifier, realm, name, and associated managers, capable of managing group metadata and permissions.",Group Management,Value Object,Repository,Value Transfer Object,555,1171,112
exist-core/src/main/java/org/exist/security/internal/aider/SimpleACLPermissionAider.java,org.exist.security.internal.aider.SimpleACLPermissionAider,7957636fb1367517bc8d9d9307d5dfaf9e8e0d13700f3533884c542ddc15f771,"This class manages Access Control Lists (ACLs) and their associated Access Control Entries (ACEs), allowing for the addition, modification, removal, and comparison of ACEs to control permissions.",ACL Management,Adapter,Composite,Interpreter,729,1582,123
exist-core/src/main/java/org/exist/security/internal/aider/PermissionAiderFactory.java,org.exist.security.internal.aider.PermissionAiderFactory,9249096f378acc18455131c49840e9e0814171a155ed186716ccf0e6f5f8c49e,"This factory class is responsible for creating and returning a `PermissionAider` object, selecting the correct implementation based on external configuration.",Permission instantiation,Factory Method,Simple Factory,,524,459,96
exist-core/src/main/java/org/exist/security/User.java,org.exist.security.User,21dab7dae59519cdffc8e4ae67a663334898cad7a9cb87e6905c4f556f4e7920,"This interface defines the contract for user objects, enabling operations related to group management, role checking, and account status verification. It also provides methods for managing user credentials and retrieving user identity information.",User identity,Principal,Interface,Marker Interface,686,1492,124
exist-core/src/main/java/org/exist/security/Permission.java,org.exist.security.Permission,08b99ec247d4d37ed871fc37752020f2e371d4d692dedf4739c7f0e16941dfe6,"This interface defines the contract for managing access control permissions for resources, including owner, group, and mode settings, and provides methods to validate access and modify permissions.",Access Control,Interface Segregation,Constancy,Value Object,754,2216,121
exist-core/src/main/java/org/exist/Debuggable.java,org.exist.Debuggable,fef966a59b48895fc2c41ed4f159f857ed84963f3049141ab385f455f2787f46,This interface defines a contract for objects that can provide debugging information to a specified output stream.,Debugging Output,Interface,Strategy,,475,451,86
exist-core/src/main/java/org/exist/Indexer.java,org.exist.Indexer$ProcessTextParent,d003f859a1c89eabb5c215cd3062a043842538314097bd6a2b82409283e233fd,"This enum defines the possible parent contexts for processing text within an XML document, indicating whether the text is within a comment, a processing instruction, CDATA section, or the start or end of an element.",XML Parsing Context,Enum,,,528,387,93
exist-core/src/main/java/org/exist/Indexer.java,org.exist.Indexer,5122b3f805d9359cb4c54185673e478a033f81a39ea6e2ea9677ed497e435350,"This class parses an XML document using SAX, stores the parsed data into a database, and manages the creation of indexes for the stored content.",XML Parsing,SAX Parser,Visitor,Repository,510,3115,116
exist-core/src/main/java/org/exist/http/Descriptor.java,org.exist.http.Descriptor,06e2f85fb627efb49ca19e762d6739589ab2ebf53ad927bd29642da4a09d93e0,"This class represents and manages the configuration defined in a descriptor.xml file for an XQuery web application, providing functionality to control access to XQuery sources, map paths, and log requests.",Configuration Management,Singleton,Factory Method,Adapter,749,2058,124
exist-core/src/main/java/org/exist/http/SessionCountListener.java,org.exist.http.SessionCountListener,25c5e101ebc7ac3206064ef09825d2fe74e07923a59dc50992a2bc0734185dea,"This class listens for user session lifecycle events, maintaining a count of currently active user sessions.",Session Counting,Listener,,,469,503,69
exist-core/src/main/java/org/exist/http/servlets/ResponseWrapper.java,org.exist.http.servlets.ResponseWrapper,d1a85cc2e92f29a15e7af082d5419bb56c777dbc90d6f130db0bc67f94c283e4,"This interface defines methods for managing HTTP responses, including setting headers, cookies, content types, character encoding, and handling redirects and errors.",Response Management,Adapter,Facade,,547,2758,95
exist-core/src/main/java/org/exist/http/servlets/HttpSessionWrapper.java,org.exist.http.servlets.HttpSessionWrapper,f1fd870c0f42641cceb43efd78dded90cc397f7b8aeabd940fb7b263663d0f8e,"This class acts as a wrapper around a standard HttpSession, providing a consistent interface for session management across different underlying session implementations.",Session Management,Adapter,Facade,,518,752,92
exist-core/src/main/java/org/exist/http/servlets/RequestWrapper.java,org.exist.http.servlets.RequestWrapper,77f83bc048866b7b8bf1818360f5853caa6402917e3f2b0b31f90c0b6207e58e,"This interface defines a contract for wrapping and accessing various aspects of an incoming web request, including attributes, parameters, headers, cookies, session information, and request details like protocol, scheme, and server information.",Request access,Adapter,Facade,,1138,5236,109
exist-core/src/main/java/org/exist/http/servlets/XSLTServlet.java,org.exist.http.servlets.XSLTServlet,69089492352c9ae07404b1ee1c0fb0532f4fb80dd3c000eee06a5c7cf83c99d3,"Handles XSLT transformations by processing XML input with specified stylesheets and outputting the transformed content, supporting configurable transformation parameters and error handling within a web servlet environment.",XSLT Transformation,Servlet,Strategy,Facade,874,982,119
exist-core/src/main/java/org/exist/http/servlets/SessionWrapper.java,org.exist.http.servlets.SessionWrapper,b9249b88594892846caef192b8416ba57f8bdcc9c257f4d5b106d5a7fcc26262,"This interface defines operations for managing a user's session, allowing retrieval and modification of session attributes, as well as control over session lifecycle aspects like creation time, ID, inactivity intervals, and invalidation.",Session Management,Facade,Wrapper,,704,1393,109
exist-core/src/main/java/org/exist/http/servlets/HttpRequestWrapper.java,org.exist.http.servlets.HttpRequestWrapper,b17b3f60bbd265695aab4fcf347281720666c657abdfa6a7a53ee4889397b53d,"This class acts as a wrapper around an HttpServletRequest, providing convenient access to parsed request parameters, including those from URL queries and form data (both standard and multipart). It also handles temporary storage and cleanup of uploaded files.",Request Parsing,Adapter,Decorator,Composite,1314,3513,129
exist-core/src/main/java/org/exist/http/servlets/AbstractExistHttpServlet.java,org.exist.http.servlets.AbstractExistHttpServlet,24bfb1c4139cc4534027d4e97b9d7f95e1501c90396fb10a2ede56aab8c0beb7,"This abstract class provides a base implementation for eXist database-related servlets, handling initialization, shutdown, authentication, and management of broker pools and encoding settings.",Servlet base,Template Method,Strategy,,653,1029,102
exist-core/src/main/java/org/exist/http/servlets/HttpResponseWrapper.java,org.exist.http.servlets.HttpResponseWrapper,8a940c5e58cfed146077773a86998e3b80165724bdde5823884ff266cc58d199,"This class acts as a wrapper around an HttpServletResponse, providing methods to add cookies and headers, set content types and status codes, encode URLs, and manage the response buffer.",Response manipulation,Adapter,Decorator,,776,1522,103
exist-core/src/main/java/org/exist/http/servlets/Authenticator.java,org.exist.http.servlets.Authenticator,1edfe71b58cf4772fdf8bffb0a5c1f3e940f1f7b61afc3f1c4d14c0cd4649303,This interface defines the contract for different HTTP authentication strategies. Implementations will handle the logic for authenticating users and sending challenges when necessary.,Authentication Provider,Strategy,Interface,,600,653,95
exist-core/src/main/java/org/exist/http/servlets/RedirectorServlet.java,org.exist.http.servlets.RedirectorServlet$ModifiableRequestWrapper,f1b8788230a78d7307b587b0cc7065134253fb67c64f93da422dd008c9651ec5,"This class extends HttpServletRequest to allow for modification of request parameters, enabling the addition of new parameters and overriding existing ones. It acts as a wrapper to provide a mutable interface to request parameters, useful for scenarios where request data needs to be altered before processing.",Request modification,Decorator,Adapter,,653,562,119
exist-core/src/main/java/org/exist/http/servlets/RedirectorServlet.java,org.exist.http.servlets.RedirectorServlet,077e5b190b245aa551a90b1e21dd9d7330f25c7ef5e1c360dda86f965cea6cba,"This servlet processes incoming HTTP requests by executing a configured XQuery. Based on the XQuery's XML output, it either redirects the client to a new URL or forwards the request to another servlet within the server, all transparently to the client.",Request redirection,Servlet,Wrapper,,557,1635,118
exist-core/src/main/java/org/exist/http/servlets/HttpServletRequestWrapper.java,org.exist.http.servlets.HttpServletRequestWrapper$ServletInputStreamWrapper,fd7593958d24c98bc7d4a588716a626fa5fdbead5d02f15e1e3591d9d356942f,"This class acts as a wrapper around a `CachingFilterInputStream`, providing a `ServletInputStream` interface to the underlying cached input stream, enabling operations like reading bytes and checking stream availability.",Stream wrapper,Adapter,Decorator,,579,650,105
exist-core/src/main/java/org/exist/http/servlets/HttpServletRequestWrapper.java,org.exist.http.servlets.HttpServletRequestWrapper$RequestParameter$ParameterSource,f056b95191f75727af2571e9a5137e0b7e7c1432eb13fa0b1028db8c37a6bdfd,"This enum represents the possible sources from which a parameter can be obtained within a request, specifically indicating whether it originates from the URL or the request's content.",Parameter Source,,,,501,395,63
exist-core/src/main/java/org/exist/http/servlets/HttpServletRequestWrapper.java,org.exist.http.servlets.HttpServletRequestWrapper$RequestParameter,9c6736c1bb5474857d901c0f72f5ef74b237ad1d9b4b5122ee4a59da6c3364df,"This class represents a single request parameter, storing its value and indicating whether it originated from the URL or the request content.",Parameter Holder,,,,685,577,55
exist-core/src/main/java/org/exist/http/servlets/HttpServletRequestWrapper.java,org.exist.http.servlets.HttpServletRequestWrapper,2a7e7b3a1e54d8fc8ed28a952c28b0cf5d723581f8ade5c1ca8907c01dbed9bc,"This class extends HttpServletRequest to differentiate between parameters found in the URL query string versus those in the request's content body, and caches the content body for repeated access.",Request Parsing,Adapter,Decorator,Facade,733,3017,119
exist-core/src/main/java/org/exist/http/servlets/EXistServlet.java,org.exist.http.servlets.EXistServlet$FeatureEnabled,919be856a0df02ea1f17cb78bede1c65aaff3e918fd37c128bcce2ccffd74a26,"This enum defines possible states for feature flags, indicating whether a feature is completely disabled, always enabled, or only enabled for authenticated users.",Feature flags,,,,524,388,58
exist-core/src/main/java/org/exist/http/servlets/EXistServlet.java,org.exist.http.servlets.EXistServlet,f86bc3423d1b9096ef118519dc3340dd7151dfbf8b73e1b337ecc722c4e77805,"This class acts as a servlet that exposes the eXist REST API, handling HTTP requests such as GET, PUT, POST, DELETE, HEAD, and PATCH by interacting with an underlying REST server.",REST Interface,Adapter,Facade,Servlet,617,1322,125
exist-core/src/main/java/org/exist/http/servlets/DigestAuthenticator.java,org.exist.http.servlets.DigestAuthenticator$Digest,3d5027052715aefa6e55e0ac90d54bc32cb154eda40b75fffe8e5d88f98e9838,"This class represents a Digest authentication challenge, storing authentication parameters and providing a mechanism to verify user credentials against a calculated response.",Authentication Digest,Value Object,Data Transfer Object,,657,473,95
exist-core/src/main/java/org/exist/http/servlets/DigestAuthenticator.java,org.exist.http.servlets.DigestAuthenticator,d2fa8d34a3319088f9ea9f68fca7f64a89b963c9691f6e2bc11caf8b12945893,"This class implements MD5 Digest Authentication, handling the process of verifying user credentials against a security manager and sending authentication challenges to clients.",User Authentication,Strategy,Authenticator,,511,714,94
exist-core/src/main/java/org/exist/http/servlets/BasicAuthenticator.java,org.exist.http.servlets.BasicAuthenticator,192bc7246c0969d773dadad026e7133793f735ccc99145ebd11cab6618d98494,This class provides basic HTTP authentication by validating user credentials submitted via the 'Authorization' header and challenging unauthenticated requests.,User Authentication,Strategy,Adapter,,560,660,91
exist-core/src/main/java/org/exist/http/servlets/ExistExtensionServlet.java,org.exist.http.servlets.ExistExtensionServlet,2c535a9bf2e56bf91d56f1e58fcf644e7f3e281a80dae0fa070940f7913c7a17,This interface defines a contract for servlets that expose functionality via a specific path specification within the application.,Servlet Path,Service Provider Interface,,,477,406,73
exist-core/src/main/java/org/exist/http/AuditTrailSessionListener.java,org.exist.http.AuditTrailSessionListener,0c2a3798842f62ddb976fa84683b9bc683234c20de8dbd673da6a4541e9da737,This class audits HTTP session creation and destruction events by executing XQuery scripts specified via system properties.,Session Auditing,Listener,Strategy,,458,724,88
exist-core/src/main/java/org/exist/http/Response.java,org.exist.http.Response,1bb5a2f232ddea6d274118b8ad68be7fe14ce7153ec6c70d53fbf6d35ad8a534,"This class represents an HTTP response, encapsulating its status code, content, content type, and encoding, and provides functionality to write the response to an output stream.",HTTP Response,Value Object,Builder,,588,770,102
exist-core/src/main/java/org/exist/http/jaxb/Collection.java,org.exist.http.jaxb.Collection,c6673942978e4c68468616620941358cd3db5d512be1859ed2d3acce793c9ea4,"Represents a collection, which can contain other collections and has associated metadata such as name, creation timestamp, owner, group, and permissions.",Collection Representation,Value Object,Tree Structure,,638,1562,98
exist-core/src/main/java/org/exist/http/jaxb/Query.java,org.exist.http.jaxb.Query$Properties$Property,9c0ac87e65197d0efe03728cc8b7efce4510b921f4cafd2ea52a68c2217015a6,"This class represents a simple key-value pair, likely used for configuration or metadata, with required name and value attributes.",Data holder,Value Object,,,465,878,76
exist-core/src/main/java/org/exist/http/jaxb/Query.java,org.exist.http.jaxb.Query$Properties,156d20fe14f8de456a90720715a1345fc085e1585a0a9594b38d207627d89683,"This class represents a collection of properties, where each property has a name and a value.",Property collection,Value Object,Data Transfer Object,,485,1526,89
exist-core/src/main/java/org/exist/http/jaxb/Query.java,org.exist.http.jaxb.Query$Variables$Variable$Qname,2766e7a39b2bb47be35edadf5959f22748bc6f57cb651278fd7051d2733f9a36,"This class represents a qualified name (QName) which includes a local name, a namespace URI, and an optional prefix, along with an associated sequence.",Qualified name,Value Object,Data Transfer Object,,560,1324,102
exist-core/src/main/java/org/exist/http/jaxb/Query.java,org.exist.http.jaxb.Query$Variables$Variable,afbc04916e1c879df0a0d65bed3ad43fafdcf91ad94f1ce39bb5563264eb9e9f,"This class represents a variable within a query, containing its qualified name which includes a local name, namespace, optional prefix, and an associated sequence.",Query variable,Value Object,Data Transfer Object,,650,1992,100
exist-core/src/main/java/org/exist/http/jaxb/Query.java,org.exist.http.jaxb.Query$Variables,64b7c4d1b5f98e10f139e279419f5e95d1db5de073cd0017239c4af4bd4275d9,"This class represents a collection of variables, each defined by its qualified name (local name, namespace, and optional prefix) and an associated sequence.",Variable Representation,Data Transfer Object,Value Object,,559,2778,100
exist-core/src/main/java/org/exist/http/jaxb/Query.java,org.exist.http.jaxb.Query,9a8319c2d0fc8b505b21d3c45d3d0ab02ed976700012d4fd6c19b8dc339dfafd,"Represents a query that can be executed, including the query text, optional variables, and properties.",Query definition,Data Transfer Object,Value Object,,523,7147,91
exist-core/src/main/java/org/exist/http/jaxb/Sequence.java,org.exist.http.jaxb.Sequence$Value,fa95fbc086bab1f1390955d04d83910ff6272cfe1d5515d311000b83dbc36f7b,"This class represents a value with an associated type, used for structured data representation. It holds a string content and a QName to define the type of that content.",Value Holder,Value Object,Data Transfer Object,,798,848,104
exist-core/src/main/java/org/exist/http/jaxb/Sequence.java,org.exist.http.jaxb.Sequence,5df0559f58560cc69c7329750fb777c1178148215f99ee5e34d5ad06634dc431,"This class represents a sequence of values, where each value has an associated type.",Value Sequence,Data Transfer Object,Value Object,,441,1499,87
exist-core/src/main/java/org/exist/http/jaxb/Result.java,org.exist.http.jaxb.Result$Value,cae07a8e3fa5db5a56fd097d061a69e29b253c9d2cb736f4cdbcfd5c17ca7636,"This class represents a flexible value that can contain mixed content, such as text or other XML elements, and is associated with a specific type attribute.",Mixed content,Value Object,Data Transfer Object,,718,988,100
exist-core/src/main/java/org/exist/http/jaxb/Result.java,org.exist.http.jaxb.Result,1ec6a7a1f1652c8e5010733e2e4616656bf7984b528d5d5a79ca7b82d08a1ea7,"This class represents a result which can contain either a collection or a list of values, along with metadata about the query execution.",Query result,Value Object,Data Transfer Object,,583,2567,96
exist-core/src/main/java/org/exist/http/jaxb/YesNo.java,org.exist.http.jaxb.YesNo,0de25dec9124e52c44778348b4854f3d610a69d22e164c888d20630fc8f4e049,"This enum represents a binary choice, specifically 'yes' or 'no', and provides functionality to convert between string representations and enum values.",Enum representation,Enumeration,,,502,651,79
exist-core/src/main/java/org/exist/http/jaxb/ObjectFactory.java,org.exist.http.jaxb.ObjectFactory,b66f4b25c1ee0effc2b088da3ed2db6f5e7659ac20552d0118b23d3014b46c0f,"This class provides factory methods for programmatically creating instances of various JAXB-generated Java objects that represent XML content, facilitating the construction of XML structures from Java code.",Object Creation,Factory Method,Builder,,632,1334,103
exist-core/src/main/java/org/exist/http/SessionManager.java,org.exist.http.SessionManager$QueryResult,5a8a17ccd960a19485850541333e81f8489125ca0f0f33abd43ae34ecb080250,"This class encapsulates the result of a query, pairing the original query string with its corresponding sequence.",Query result,,,,418,402,50
exist-core/src/main/java/org/exist/http/SessionManager.java,org.exist.http.SessionManager,14e29138716c87f813e31115ef396698219fa9c24435e54cd3d74f8b17702f6e,"Manages active user sessions by storing and retrieving query-sequence pairs, with automatic cleanup of inactive sessions.",Session Management,Cache,Singleton,,572,641,89
exist-core/src/main/java/org/exist/http/filter/DumpFilter.java,org.exist.http.filter.DumpFilter,a04e24aa5f67390e4e323dabb5527ef8765141965cf86ce8e9ef62f7dac17739,"This class acts as a filter within a web application, primarily responsible for logging detailed information about incoming requests before they are processed by subsequent filters or servlets. It also handles its own lifecycle management, including initialization and destruction.",Request Logging,Filter,Decorator,,580,809,112
exist-core/src/main/java/org/exist/http/filter/PathFilter.java,org.exist.http.filter.PathFilter,9b266f86ac01d0445f334113400784c55279813b6b8b2913e9398c4b23e9901a,"This filter inspects incoming HTTP requests and allows or denies them based on configurations related to allowed and denied request paths, query parameters, and HTTP methods.",Request Filtering,Filter,,,575,883,81
exist-core/src/main/java/org/exist/http/filter/GuestFilter.java,org.exist.http.filter.GuestFilter,9580d0d0908bd0ae403a6543cbbfd4dcbb197647533d76cd13619f01f5b5a9f8,"This class implements a servlet filter that intercepts HTTP requests to enforce security by checking for authenticated users and redirecting non-HTTPS requests to a secure connection, particularly for WebDAV resources.",Security enforcement,Filter,,,597,681,87
exist-core/src/main/java/org/exist/http/RESTServerParameter.java,org.exist.http.RESTServerParameter,1fb21069a0b8c8482b6ebbf5d7095f04c1d3068ceac8450593fa6f6c854b2434,"This enum defines various parameters that can be used to control the execution and retrieval of queries and XPaths via a REST server, supporting both GET and POST requests.",REST Parameters,,,,487,3440,63
exist-core/src/main/java/org/exist/http/MethodNotAllowedException.java,org.exist.http.MethodNotAllowedException,d0007ca8cb637a1b5e231126cb07387aca80d0896c14ec3e405faee9144b0274,This class represents a custom exception that is thrown when an unsupported HTTP method is used in a request.,Error Handling,,,,486,439,51
exist-core/src/main/java/org/exist/http/BadRequestException.java,org.exist.http.BadRequestException,254f5648fa92a8e326233098d2d17a6ee2479b6fa728fd14fbb604c1acf1648c,"This class represents a custom exception for handling bad requests, indicating that the server could not process the request due to a client error.",Error Handling,Exception,,,557,433,77
exist-core/src/main/java/org/exist/http/RESTServer.java,org.exist.http.RESTServer$NamespaceExtractor,5eb170f8a3fa0c060a16f2a544284e50ffd457405c5c81b693e4d7406fb1a97a,"This class extracts and collects namespace declarations from an XML document during parsing, excluding a specific 'exist' namespace. It provides a way to retrieve all recorded namespaces after the parsing process is complete.",Namespace extraction,Adapter,Decorator,,713,488,106
exist-core/src/main/java/org/exist/http/RESTServer.java,org.exist.http.RESTServer$Namespace,65ecb424aaa2bc3ea0d7506134c365fae1fcea2e792afccef2d5fb9ce0d7eb3a,"This class represents an XML namespace, holding both its prefix and Uniform Resource Identifier (URI).",XML Namespace,Value Object,,,435,424,71
exist-core/src/main/java/org/exist/http/RESTServer.java,org.exist.http.RESTServer,63334345c9b5367a9b4342f65f072a290630f816bbffd012f76f5cc26df1c1fe,"This class acts as a web server endpoint, handling various HTTP requests (GET, POST, PUT, PATCH, DELETE) to interact with a database. It serves documents, executes queries, manages resources, and handles different response formats and error conditions.",HTTP Server,Controller,Facade,Layered,854,4953,135
exist-core/src/main/java/org/exist/http/urlrewrite/URLRewrite.java,org.exist.http.urlrewrite.URLRewrite,6957a6754a7c1c77159443fe66e6c447b36f654c4d07d8fa57e7f3860b2cc8bb,"This abstract class defines the core functionality for URL rewriting, serving as a blueprint for concrete implementations that handle modifications to incoming requests and their targets.",URL Rewriting,Template Method,Strategy,Abstract Base Class,988,1378,117
exist-core/src/main/java/org/exist/http/urlrewrite/ControllerForward.java,org.exist.http.urlrewrite.ControllerForward,141dbeea1463edcfb5e8a1b6adb012bee33374d4943d2746e863829f0ef27dfa,"This class rewrites URLs based on server names, mapping external hostnames to specific internal resource paths for request processing.",URL Rewriting,Adapter,Strategy,,518,938,92
exist-core/src/main/java/org/exist/http/urlrewrite/PassThrough.java,org.exist.http.urlrewrite.PassThrough,314de15ec379872d1c0f5795a72bada8947c7f43f626cae28674f591d50e5a97,"This class represents a URL rewrite rule that does not alter the incoming URL, effectively allowing it to pass through unchanged.",Pass-through rewrite,Strategy,Template Method,,643,507,94
exist-core/src/main/java/org/exist/http/urlrewrite/Forward.java,org.exist.http.urlrewrite.Forward,f14fa3b26c95d3034feea2d24d7f5d8cad15e5af668dedb3652e6113a12f2c3a,This abstract class defines a mechanism for handling HTTP requests by configuring response headers and forwarding the request to a specified resource. It serves as a base for concrete implementations that determine the target resource for the forwarding.,URL Forwarding,Template Method,Abstract Class,,580,477,111
exist-core/src/main/java/org/exist/http/urlrewrite/RewriteConfig.java,org.exist.http.urlrewrite.RewriteConfig$Mapping,992211bdf7383b9ece96acfc0e80b457e1743c4820e4174acd5e4295777b57a6,"This class represents a mapping between a regular expression and a URL rewriting action, enabling the system to transform incoming URLs based on defined patterns.",URL Rewriting,Strategy,Value Object,,534,485,97
exist-core/src/main/java/org/exist/http/urlrewrite/RewriteConfig.java,org.exist.http.urlrewrite.RewriteConfig,2785ebe5c937b033dc6a89ced8d72ae6f87b90a2bdcbe65d955dba718c783b32,"This class configures static URL rewriting rules based on an XML configuration file, mapping server names and request paths to specific controller actions or servlets.",URL mapping,Configuration,Registry,,574,1214,97
exist-core/src/main/java/org/exist/http/urlrewrite/XQueryURLRewrite.java,org.exist.http.urlrewrite.XQueryURLRewrite$ModelAndView,61e98853d4dfc5dfff7cba867c1eb782f5440c947e8fa0b8739a5dac247a9465,"This class acts as a container for views, error handlers, and source information, and controls whether caching is used.",View/Handler Management,Builder,Model-View-Controller (MVC) related,,497,712,101
exist-core/src/main/java/org/exist/http/urlrewrite/XQueryURLRewrite.java,org.exist.http.urlrewrite.XQueryURLRewrite$SourceInfo,5e026d8840bcf97a2dea63b7fdec0549d0de37e8bc4aa004251353f4c8027f54,"This class represents immutable information about a source, including its origin, module load path, and controller path.",Source information,,,,305,438,52
exist-core/src/main/java/org/exist/http/urlrewrite/XQueryURLRewrite.java,org.exist.http.urlrewrite.XQueryURLRewrite$RequestWrapper,c812ae86089ac7f16acaec604ec99fb3c30fe63019b1612c08eda208b4fed4aa,"This class acts as a wrapper around an HttpServletRequest, allowing for modification of request parameters, paths, and content, while also providing options to control request caching.",Request modification,Decorator,Wrapper,,556,1205,100
exist-core/src/main/java/org/exist/http/urlrewrite/XQueryURLRewrite.java,org.exist.http.urlrewrite.XQueryURLRewrite$CachingResponseWrapper,bb1858f04cb6d668c833e8c0b85e07e925329b8f289d2f4fc159bfc56809a70d,"This class intercepts and caches the response from a servlet, allowing for inspection and potential modification before it's sent to the client. It can capture the response's status, content type, and data, and provides methods to access this cached information.",Response Caching,Decorator,Wrapper,,558,853,119
exist-core/src/main/java/org/exist/http/urlrewrite/XQueryURLRewrite.java,org.exist.http.urlrewrite.XQueryURLRewrite$CachingServletOutputStream,606ac2df71c5275f54a0de50be0cfb254f64c86687fa2b1c9ef3f2d909bd5868,"This class extends ServletOutputStream to buffer output data in memory, allowing retrieval of the written bytes after the output operations are complete.",In-memory buffering,Adapter,Decorator,,898,613,95
exist-core/src/main/java/org/exist/http/urlrewrite/XQueryURLRewrite.java,org.exist.http.urlrewrite.XQueryURLRewrite$CachingServletInputStream,2bef1e300f2a0aadad8e9281cae4e87de2973bb2e85df0dbe4b553294cd6d212,"This class caches the content of a ServletInputStream by wrapping an UnsynchronizedByteArrayInputStream, allowing for multiple reads of the same stream data.",Stream Caching,Adapter,Decorator,,514,630,96
exist-core/src/main/java/org/exist/http/urlrewrite/XQueryURLRewrite.java,org.exist.http.urlrewrite.XQueryURLRewrite,23f4d69ebf315f427534fc4738d3bc175ab335c7cd7219cf14ddad9e1a8207d7,"This servlet acts as a URL rewriting filter that uses XQuery to determine how to process incoming HTTP requests, potentially forwarding them internally without client-side redirection.",URL Rewriting,Servlet Filter,Command,Repository,676,3840,118
exist-core/src/main/java/org/exist/http/urlrewrite/PathForward.java,org.exist.http.urlrewrite.PathForward,8098cbd75bd66b3aa29dc96eb1b4eee5d0f4dd291e056beb9630e3474d6a62b1,"This class manages URL rewriting based on a specified path, determining how incoming requests should be forwarded internally within the application.",Path forwarding,Abstract Factory,Template Method,Command,521,506,110
exist-core/src/main/java/org/exist/http/urlrewrite/ModuleCall.java,org.exist.http.urlrewrite.ModuleCall,a00af9093600e740f59ddd343b6dcd374e224017c22cb1cffddb61ef9c91e1e8,This class handles URL rewriting specifically for module calls by evaluating an XQuery expression and storing its result. It also provides functionality to create copies of its configuration.,URL Rewriting,Strategy,Template Method,,497,546,101
exist-core/src/main/java/org/exist/http/urlrewrite/Redirect.java,org.exist.http.urlrewrite.Redirect,ed0e65a0d6b1bfa8f6e6e4fa05e3428f8484dcc272aa1757f60ce1220f98619f,This class handles HTTP redirects by configuring a target URL and setting response headers. It also supports creating copies of its configuration for use elsewhere.,URL redirection,Strategy,Template Method,Abstract Factory,600,506,114
exist-core/src/main/java/org/exist/http/NotFoundException.java,org.exist.http.NotFoundException,0469c56245b9a31b12736cc70a8a2446e637ae9da97c03e732374f836b0ea607,This class represents a custom exception to be thrown when a requested resource or entity is not found within the system.,Error Handling,Exception,,,429,433,73
exist-core/src/main/java/org/exist/management/DummyAgent.java,org.exist.management.DummyAgent,4e604d4e352d29b8fca662073cd878758662e2c833318de5abf91506d84714de,"This class acts as a placeholder agent that performs no operations, intended to be used when JMX (Java Management Extensions) is disabled.",No-op agent,,,,453,709,60
exist-core/src/main/java/org/exist/management/CacheManagerMXBean.java,org.exist.management.CacheManagerMXBean,a52361575f218557d748c1da3027616ef3863d07e0e0a4acb1271a2671ce9b66,"This interface defines the management interface for caching statistics, exposing metrics like maximum total cache size, maximum individual item size, and current cache size.",Cache Metrics,MBean,,,461,395,79
exist-core/src/main/java/org/exist/management/client/JMXtoXML.java,org.exist.management.client.JMXtoXML$Ping,9a8e2f454b5d2ad0eacfaf16b145985e881b84483bdd75f2ea71116cf812f942,This class represents a task to ping a specific MBean instance and return a Long value indicating success or failure. It handles potential errors during the ping operation by logging them.,MBean Pinging,Callable Task,Error Handling Strategy,,753,474,106
exist-core/src/main/java/org/exist/management/client/JMXtoXML.java,org.exist.management.client.JMXtoXML,4a007f1f6a4b022c41b26e422292183417c3e8cdf5941da51f6718afd76e7af5,"This class acts as a bridge to expose eXist-db's Java Management Extensions (JMX) interface as an XML representation, allowing for status monitoring and interaction with the database.",JMX Reporting,Adapter,Facade,Utility,630,2453,124
exist-core/src/main/java/org/exist/management/client/JMXClient.java,org.exist.management.client.JMXClient$Mode,e82aebf632d472be61dcdadaf0db19e1dc2120f0540e658e61eb7785b9d0c9a6,"This enum defines distinct operational modes for the system, specifically for managing statistics and handling locks.",Operational Modes,,,,468,378,49
exist-core/src/main/java/org/exist/management/client/JMXClient.java,org.exist.management.client.JMXClient,f8cafc2f866fe278ee35fb4a14d2ebe3d7a49a939543ce434d611b6a204d7105,"This class acts as a client for interacting with a Java Management Extensions (JMX) MBean server, enabling remote monitoring and management of application statistics, memory usage, cache performance, lock information, and job/sanity reports.",JMX Client,Facade,Command,Adapter,645,1571,131
exist-core/src/main/java/org/exist/management/client/JMXServlet.java,org.exist.management.client.JMXServlet,0c2cf819a9f26c38f77bfd4f83a5c879f5060596ab74394c5572881a555146af,"This servlet exposes database status information via JMX and provides a ping operation to test database responsiveness, returning XML-formatted results.",JMX monitoring,Servlet,Facade,Adapter,736,1376,111
exist-core/src/main/java/org/exist/management/TaskStatus.java,org.exist.management.TaskStatus$Status,83e95e9cba64550a53b97ab3d8b829e2a7bb81396790d9593c1409dd9cdde679,"This enum represents the possible states of a system or process, ranging from initial conditions to various running, stopped, and error states, including ping-related statuses.",State representation,,,,1191,419,63
exist-core/src/main/java/org/exist/management/TaskStatus.java,org.exist.management.TaskStatus,bec5e00a5050e3d6f838ace7e6f2cf5b6d953615bf98969d1553bf3157aca4aa,"This class represents and manages the status of a task, including its current state, reason for that state, progress percentage, and the timestamp of the last status change. It also provides methods to convert the status to a string and to be represented as CompositeData for monitoring or external interaction.",Task State,Value Object,Enum,,642,650,126
exist-core/src/main/java/org/exist/management/impl/RecentQueryHistory.java,org.exist.management.impl.RecentQueryHistory,9ad34d6b226142a082aeff0b29c032a6a304c968b004f93330a076fa4f6f20d2,"This class holds detailed information about a recently executed XQuery, including its index, source, invocation count, and execution time and duration.",Query History,,,,511,538,58
exist-core/src/main/java/org/exist/management/impl/ExistMBean.java,org.exist.management.impl.ExistMBean,b9e9234ccea03c0bc042c390755232ffa7ebbaf29165768c73547e700bd62800,"Defines the contract for eXist-db managed beans (MBeans), specifying how to retrieve their unique identifier.",MBean contract,,,,431,451,55
exist-core/src/main/java/org/exist/management/impl/Job.java,org.exist.management.impl.Job,801497c45a548d25543f9bf21ea5f543b7d0ee30a22a9fe1275ed55fca01d45e,"This class represents a distinct unit of work or task, encapsulating its unique identifier, the operation it performs, and any associated details.",Job data,,,,461,456,58
exist-core/src/main/java/org/exist/management/impl/BinaryValues.java,org.exist.management.impl.BinaryValues,fa02c57d81e687cab3de810364769836be7a163b5a604a836c736045133d4718,"This class provides access to information about binary value caches across different broker instances, enabling monitoring and management of these caches.",Cache monitoring,Adapter,Query,,1968,485,91
exist-core/src/main/java/org/exist/management/impl/Lock.java,org.exist.management.impl.Lock,1b7dbb4a649d90b152aac5ed6b81fc3cdad8ea51890db1a23b83c1213f548aee,"This class encapsulates detailed information about a lock, including its type, mode, owner, and threads waiting for or holding it.",Lock Information,Value Object,Data Transfer Object,,553,545,96
exist-core/src/main/java/org/exist/management/impl/ActiveBroker.java,org.exist.management.impl.ActiveBroker,853e1ed9c77adfb23bcb06bca012b2903ae4b439044d0238c452a4606b0b298e,"This class encapsulates information about an active broker, including its owner, reference count, and details about its acquisition.",Broker Information,,,,1083,492,53
exist-core/src/main/java/org/exist/management/impl/LockTableMXBean.java,org.exist.management.impl.LockTableMXBean,40d5875522971faf5bbed36302d51f7714190f9a87edbdf979f24c973d01c16d,"This interface provides JMX (Java Management Extensions) access to monitor the internal state of a lock table, allowing for inspection of acquired locks, attempting lock acquisitions, and various debugging dump functionalities.",JMX Monitoring,MXBean,Adapter,,614,861,108
exist-core/src/main/java/org/exist/management/impl/Error.java,org.exist.management.impl.Error,fa997fe420bb127c88f129a83c8af635befbc0fe73a45529a3f7a35c4ec44a25,"This class represents a structured error, holding both an error code and a descriptive message for a sanity check failure.",Error representation,Value Object,,,571,436,74
exist-core/src/main/java/org/exist/management/impl/SanityReportMXBean.java,org.exist.management.impl.SanityReportMXBean,f30a82f2c1f3c9727e94f887334952895a0c6556b617538bbda23ced7532fd6b,"This interface defines a management bean (MXBean) for reporting on the status and results of a sanity check process, allowing for remote monitoring and triggering of checks.",Health Reporting,Management Interface,Monitoring,,564,530,101
exist-core/src/main/java/org/exist/management/impl/LockTable.java,org.exist.management.impl.LockTable,5a0dd70cdd7904bb71bdeadcee1b1cd9798b989149fa5a9e086ccca34fd7bff9,"This class provides a managed interface for examining and debugging the internal state of the lock table, allowing for console and log-based output of acquired and attempting locks in various formats.",Lock management,Facade,Adapter,Proxy,578,974,120
exist-core/src/main/java/org/exist/management/impl/BinaryInputStreamCacheInfo.java,org.exist.management.impl.BinaryInputStreamCacheInfo$CacheType,f61105e2063766ca30153add49e5d9ee46010e001a31cf8afb09ae29c105f82e,"This enum defines the different types of caching strategies that can be employed, specifying whether data is stored in a file, a memory-mapped file, or directly in memory.",Cache Strategy,,,,391,386,65
exist-core/src/main/java/org/exist/management/impl/BinaryInputStreamCacheInfo.java,org.exist.management.impl.BinaryInputStreamCacheInfo,5ce68249fa17b41c9f1f560086600d1b520c2ede1f6b5a05ef980fb759d3f745,"This class serves as a data carrier for information related to cached binary input streams, including creation time, cache type, associated file path, and size.",Cache Info,Data Transfer Object,,,494,668,83
exist-core/src/main/java/org/exist/management/impl/SanityReport.java,org.exist.management.impl.SanityReport,c2fce0562ac8f70c6a0431908a1ae4c6ac15a3ded0766f433884156297948de4,"This class monitors and reports on the health and consistency of the system, providing mechanisms to trigger checks, report errors, and expose its status through JMX.",Health Monitoring,Facade,Observer,State,635,1183,116
exist-core/src/main/java/org/exist/management/impl/CollectionCache.java,org.exist.management.impl.CollectionCache,eeebc220b31fcbd4f22e52ca9adba3ea655d74eb2645d7b37bf023b3a7390143,"This class provides a JMX interface for monitoring and managing the CollectionCache, exposing statistics and instance information for external observation and control.",JMX Exposure,Facade,Adapter,,461,526,95
exist-core/src/main/java/org/exist/management/impl/SystemInfo.java,org.exist.management.impl.SystemInfo,b881946022b0e9714042dab71c55c3754a3b1346604ece7a71e6d974cbac8b87,"This class provides information about the system's product, build, and operating environment.",System Information,Facade,Service,,398,551,85
exist-core/src/main/java/org/exist/management/impl/DatabaseMXBean.java,org.exist.management.impl.DatabaseMXBean,8a956c495d7eccaee407f907ad1a29bafacb6bd2b4cb938cc56c5087c91ca6fb,"This interface defines a management interface for a database system, exposing operational status, broker information, memory usage, and uptime metrics. It also provides a method to initiate a graceful system shutdown.",Database Management,Monitor,Proxy,Interface,580,506,122
exist-core/src/main/java/org/exist/management/impl/PerInstanceMBean.java,org.exist.management.impl.PerInstanceMBean,8abb55bce3fe464250346b15a6685922f5583ac08d4c4c1da6490655fdb87897,"Provides a contract for MBeans that are associated with a specific instance, offering a way to retrieve a unique identifier for that instance.",Instance Identification,,,,434,381,57
exist-core/src/main/java/org/exist/management/impl/RunningQuery.java,org.exist.management.impl.RunningQuery,06b8c2d874b4d5eefaa00616e0d68716fc943c289e2dc1babf5cae29e863844d,"This class encapsulates the details of a query that is currently executing, storing information such as its unique identifier, source, status, and initiation time.",Query Details,Value Object,Immutable Object,,512,548,99
exist-core/src/main/java/org/exist/management/impl/Database.java,org.exist.management.impl.Database,1613d6a7c4f74842980b37767121302645206d93415fed3dd8263b2233eb85a1,"This class provides an interface for managing and monitoring a pool of brokers, offering functionalities to retrieve resource statistics, manage broker status, and initiate shutdown procedures.",Broker Management,Facade,Resource Pool,Adapter,620,747,116
exist-core/src/main/java/org/exist/management/impl/DiskUsageMXBean.java,org.exist.management.impl.DiskUsageMXBean,e8b01d90dfff50897fccc2750cda5c3b1a0d2ec19fdde0bac1a835058b4ab45e,"This interface provides a way to access information about disk usage for both data and journal directories, including total space, usable space, and used space, as well as the journal directory's file count.",Disk Usage,Interface,Management Extension,,521,533,109
exist-core/src/main/java/org/exist/management/impl/JMXAgent.java,org.exist.management.impl.JMXAgent,4cf252dc42377a2b6c2ba9a14ebac3e3aacf6c8f874a4815a0ebb7357bad6d49,"This class implements the Agent interface to register and manage Java Management Extensions (JMX) MBeans with an MBeanServer, facilitating the monitoring and management of database instances and their components.",JMX Registration,Adapter,Facade,Service Locator,697,932,124
exist-core/src/main/java/org/exist/management/impl/CollectionCacheMXBean.java,org.exist.management.impl.CollectionCacheMXBean,b52c79ab913ecbfef9945de8f8299d1242244740b358a199c5473e70930f0c77,"This interface defines a JMX MXBean for exposing the statistics of a CollectionCache, allowing for runtime monitoring and management of the cache's performance.",Cache Monitoring,Interface,Proxy,Facade,738,456,115
exist-core/src/main/java/org/exist/management/impl/DiskUsage.java,org.exist.management.impl.DiskUsage,f932588d5c26e667d3f861dc5f27aa0fe9c9ae9b261bbefc249e909b004cc70b,This class provides information about disk space usage and file counts for the data and journal directories of a broker instance.,Disk monitoring,MXBean,Adapter,,497,757,91
exist-core/src/main/java/org/exist/management/impl/ProcessReportMXBean.java,org.exist.management.impl.ProcessReportMXBean$QueryKey,bc254380ae4baefaf9964d1ceddf5e8b17b1991610c0e06b9c5b76096415417e,"This class represents a unique key for a query, comprised of an integer ID and a string key, and it provides methods for accessing these components and for comparing query keys.",Query identification,Value Object,Comparable,,599,518,103
exist-core/src/main/java/org/exist/management/impl/ProcessReportMXBean.java,org.exist.management.impl.ProcessReportMXBean,c6d559e2c1ed350213d9094a80dc91c545cb90979093d036e6bba8d4e40bcbea,"This interface provides management capabilities for processing reports, allowing users to view scheduled and running jobs, monitor active queries, manage query history, and terminate specific queries.",Query Management,MBean,Service Facade,,623,977,101
exist-core/src/main/java/org/exist/management/impl/BinaryValuesMXBean.java,org.exist.management.impl.BinaryValuesMXBean,e6be274ea319a3669e6fce62794583106cfc576d4700e36a6c3ec5b6d5e8b08c,"This interface provides access to information about binary input stream caches within the system, allowing for the retrieval of a list of active cache instances.",Cache Monitoring,,,,441,390,58
exist-core/src/main/java/org/exist/management/impl/ProcessReport.java,org.exist.management.impl.ProcessReport,ab745063373ca337ed216c2bdad209d93d45edc6dff356b92165814dd6dfc693,"This class serves as a management interface for monitoring and controlling XQuery processes and their associated jobs and queries within the system, exposing operational metrics and allowing for administrative actions like terminating queries.",Process Management,Facade,Adapter,Monitor,644,1164,121
exist-core/src/main/java/org/exist/management/impl/SystemInfoMXBean.java,org.exist.management.impl.SystemInfoMXBean,9c99f9412ef8ed8274e7de12aae352e5a5db6e59fac1df243af1705235c84aba,"This interface defines a Java Management Extensions (MXBean) for exposing system information such as product name, version, build details, Git commit hash, operating system, default locale, and default encoding.",System Info,Interface,Provider,MXBean,577,447,125
exist-core/src/main/java/org/exist/management/CacheManager.java,org.exist.management.CacheManager,67b0822b5db336267634cefcdb3b74d78d0aaaf0be6d0ed954f1dd899dac8eca,"This class acts as a management interface for a caching system, exposing metrics and identifiers for monitoring and control, likely for JMX integration.",Cache Management,Adapter,Facade,Proxy,673,539,112
exist-core/src/main/java/org/exist/management/CacheMXBean.java,org.exist.management.CacheMXBean,e4c84a9d0e8ad3e78e3d51071ce7538f6fa25153513bcfeeead1db4605e6008f,"This interface defines a set of operations for monitoring and retrieving statistics from internal page caches, enabling performance observation and management.",Cache monitoring,Interface,Adapter,Facade,534,446,108
exist-core/src/main/java/org/exist/management/AgentFactory.java,org.exist.management.AgentFactory,cbab1d1707af69ac41ef96e07d113d949fa7cb846a2eca3bf1c84938aa514250,"This class is responsible for providing a single, globally accessible instance of an Agent.",Singleton Factory,Singleton,,,1342,414,67
exist-core/src/main/java/org/exist/management/Agent.java,org.exist.management.Agent,ca30ab91ce45f20afa773d135241c6b094ef694014726949b7c79e70716d3e42,"This interface defines operations for managing JMX (Java Management Extensions) agents, allowing for the initialization and closure of database instances, the registration of performance monitoring components, and the updating of task statuses and progress.",JMX Agent Management,Bridge,Dependency Injection,Strategy,677,632,129
exist-core/src/main/java/org/exist/management/Cache.java,org.exist.management.Cache,ab406a663b32761dd35760e5003152cc37d2f373cf139e0b6faa8ff74d0b0935,"This class acts as a wrapper for an underlying cache implementation, exposing its metrics and identifying information for management and monitoring purposes.",Cache Metrics,Adapter,Facade,,635,604,92
exist-core/src/main/java/org/exist/test/ExistXmldbEmbeddedServer.java,org.exist.test.ExistXmldbEmbeddedServer,74569b29b66221af7f1513e80a6af99e920c755e41d198fc0ed36463276b8c48,"This class provides a JUnit rule for embedding an eXist-db XML database server for testing purposes, allowing for the execution of queries and management of collections within a controlled test environment.",Test Server,Test Rule,Wrapper,Resource Management,769,1413,124
exist-core/src/main/java/org/exist/test/ExistWebServer.java,org.exist.test.ExistWebServer,7a7518f2bafd09b331f37005d0761cf9da57ccc49320dffc822e89ed6de33c22,"This class acts as a JUnit rule for starting and managing an embedded eXist-db Jetty web server during integration tests, providing control over port assignments, database cleanup, and temporary storage.",Test Server,Rule,External Resource,Test Fixture,773,1016,126
exist-core/src/main/java/org/exist/test/runner/ExtTestIgnoredFunction.java,org.exist.test.runner.ExtTestIgnoredFunction,f7f7bd1ee2546051eeffce30ff8312d8d4a5f5652d4b33e3ef09e44913983864,This class represents an ignored test function within the JUnit testing framework. It is designed to be invoked during a test run to signal that a particular test should be skipped.,Test Ignorer,Adapter,Template Method,,501,479,103
exist-core/src/main/java/org/exist/test/runner/ExtTestErrorFunction.java,org.exist.test.runner.ExtTestErrorFunction,e9430e389c19585b3eb3abfc641b029a428ed48d3593d6608aa56170187646ae,"This class is designed to integrate with the JUnit testing framework, specifically to report test failures originating from XQuery errors. It facilitates the translation of XQuery error details into a format recognizable by JUnit, allowing for detailed failure reporting during test execution.",Test Failure Reporting,Adapter,Strategy,,914,1035,117
exist-core/src/main/java/org/exist/test/runner/ExtTestStartedFunction.java,org.exist.test.runner.ExtTestStartedFunction,a8f7c9f1efd3115c289c189406a846a2e82d643f5a74309fdedddb2322d7d8cf,This class is responsible for initiating a test run within a testing framework by signaling that a test has started.,Test initiation,Adapter,Template Method,,455,471,90
exist-core/src/main/java/org/exist/test/runner/XSuite.java,org.exist.test.runner.XSuite$XSuiteFiles,10d2fd3b4d82d725d3f6680be0c2fd0a3053d06ed545916686f8607941c48b39,This annotation is used to specify the test classes or directories that should be executed when a test class is run with the XSuite runner.,Test Specification,Marker Annotation,Configuration Element,,454,498,97
exist-core/src/main/java/org/exist/test/runner/XSuite.java,org.exist.test.runner.XSuite$XSuiteParallel,3398474207a2ff1a203cbfb9664be4ad0add769bc7a935cb45403e5c9d68e316,"This annotation indicates that tests associated with a class, when run via `@RunWith(XSuite.class)`, should execute in parallel.",Test Parallelization,Marker Annotation,Configuration,,488,438,96
exist-core/src/main/java/org/exist/test/runner/XSuite.java,org.exist.test.runner.XSuite$RunXSuiteBefores,e26b7f218d0b37de8b7a4312de3c74cd46d5c57a477ad3fc8fb3790c08ccc4e1,"This class orchestrates the execution of setup methods (befores) before running a test suite or subsequent test statements, ensuring that necessary pre-conditions are met. It acts as a decorator, wrapping a primary test execution statement to interleave setup logic.",Pre-test setup,Decorator,Chain of Responsibility,,621,517,122
exist-core/src/main/java/org/exist/test/runner/XSuite.java,org.exist.test.runner.XSuite$RunXSuiteAfters,814b356077ccb8ed4a3575878fc9c5d1554d736e98f99241c0ae087d7b27cbad,"This class is responsible for executing a primary test evaluation and then running a series of cleanup actions, ensuring that any errors from both phases are aggregated and reported.",Test Execution,Template Method,Composite,Strategy,667,540,117
exist-core/src/main/java/org/exist/test/runner/XSuite.java,org.exist.test.runner.XSuite$StartExistDbStatement,878c86d788000b3facde52a015ce769c209f6d069be05cd5dbd9a82886e50af5,"This method starts an embedded database server if one is not already running, ensuring that only a single instance is initialized and started.",Database server,,,,401,432,56
exist-core/src/main/java/org/exist/test/runner/XSuite.java,org.exist.test.runner.XSuite$StopExistDbStatement,4491d797e8a4bec489fa1f12aa633aaf68784991bf1f99fd7626d74532c6dfa0,"This method stops an embedded eXist database server instance if it is currently running and then nullifies the reference to it. If the server has already been stopped, it throws an exception.",Stop Server,,,,441,438,69
exist-core/src/main/java/org/exist/test/runner/XSuite.java,org.exist.test.runner.XSuite$ParallelFileScheduler,48ed062ee314823041b16bd24cdf8fd4abd840fc72dbb2a3c6baff4790ff0583,This class orchestrates the parallel execution of child test runners using a configurable thread pool and implements a mechanism for detecting and reporting test hangs by monitoring activity over time.,Parallel Test Execution,Producer/Consumer,Thread Pool,Observer,648,1086,121
exist-core/src/main/java/org/exist/test/runner/XSuite.java,org.exist.test.runner.XSuite,6d22daefe6882d2222cfac46680359cb3b6a9e98958068bc1bfc315b01cc2733,"This class acts as a test runner that aggregates and executes test suites defined in XQuery files and XML tests, enabling parallel execution and integration with an embedded eXist-db server for testing purposes.",Test Runner,Composite,Template Method,Strategy,548,2821,126
exist-core/src/main/java/org/exist/test/runner/ExtTestAssumptionFailedFunction.java,org.exist.test.runner.ExtTestAssumptionFailedFunction,bfbd816d03c971ee6db7985425c1da386cbe18c40a0d1fb6b022114fd6a214c4,"This class is designed to handle and report test assumption failures within a JUnit testing framework, leveraging XPath for context and evaluation.",Test Assumption Reporting,Template Method,Strategy,,463,574,94
exist-core/src/main/java/org/exist/test/runner/XMLTestRunner.java,org.exist.test.runner.XMLTestRunner$XMLTestInfo,161eadc3bc41aeebfc703cfe367817b82246b8631f102c9273388e2bde10adab,"This class represents immutable data for storing information about an XML test, including its name, description, and a list of its child element names.",Test Data,,,,489,389,59
exist-core/src/main/java/org/exist/test/runner/XMLTestRunner.java,org.exist.test.runner.XMLTestRunner,6cff723d24365a2c5e3eb5fde3d7f8ee34ea8d96b158add9a5d2387fb49aad96,"This class executes XQuery tests from an XML file against an eXist-db instance, using JUnit's test runner infrastructure to manage and report test results.",Test Execution,Adapter,Builder,Test Runner,600,770,119
exist-core/src/main/java/org/exist/test/runner/XQueryFailureLog.java,org.exist.test.runner.XQueryFailureLog,f3fd6178339d394c0f0b3889899cb5ba542eed682a63ec595e171fe1ceff51d5,"This class provides a utility for appending failure messages from XQuery tests to a dedicated log file, formatted for easy parsing by CI systems and grep.",Failure Logging,Utility,Immutable,,642,666,97
exist-core/src/main/java/org/exist/test/runner/ExtTestFailureFunction.java,org.exist.test.runner.ExtTestFailureFunction,c306daff289b34d8b1f2d37496b98c76904bfd2f12e9c6919ed6712908f63976,"This class provides functionality to evaluate XQuery test cases by comparing expected and actual results, reporting any discrepancies, and integrating with a test notifier to log failures and provide detailed error information for debugging.",Test Evaluation,Strategy,Template Method,,2167,779,107
exist-core/src/main/java/org/exist/test/runner/JUnitIntegrationFunction.java,org.exist.test.runner.JUnitIntegrationFunction,c517de27f31f328d7c1b05e7e3ed1479bbeb2322daa543c6cc51d404f5ec2b9b,"This abstract class serves as a foundation for XQuery functions designed to integrate with JUnit for testing purposes, providing essential elements for test description and execution flow.",JUnit Integration,Template Method,Visitor,,437,597,99
exist-core/src/main/java/org/exist/test/runner/ExtTestFinishedFunction.java,org.exist.test.runner.ExtTestFinishedFunction,f83ec936759d74e6e25e3ff783d5a31d1714b117dbdfc6f9175fbfb0a8b3ee6b,"This class extends a testing framework integration to manage the completion of specific tests, using a provided test name to identify and signal the end of a test's execution.",Test finishing,Template Method,Strategy,,502,471,102
exist-core/src/main/java/org/exist/test/runner/XQueryTestRunner.java,org.exist.test.runner.XQueryTestRunner$XQueryTestInfo$TestFunctionDef,b1ce03bed185d7940e4e75f40f0a9b1461408e905e2a277065e5c7b4a7560d42,This record defines a structure to hold the local name and arity (number of arguments) of a function.,Function definition,Data Transfer Object,,,441,379,75
exist-core/src/main/java/org/exist/test/runner/XQueryTestRunner.java,org.exist.test.runner.XQueryTestRunner$XQueryTestInfo,a89f63e64cbd5e4c9d287a2ca04bd79e7a4bbad0286bfda7efa255b37b32ae2f,"This record defines a structure to hold information about an XQuery test, including its namespace prefix, the full namespace URI, and a list of test function definitions, each specifying a function's local name and arity.",Test configuration,,,,415,405,75
exist-core/src/main/java/org/exist/test/runner/XQueryTestRunner.java,org.exist.test.runner.XQueryTestRunner,a8ecf4ec0079b7627d42b51dbd04f02189c7282c329594eb8d5d405af9993f94,"This class acts as a bridge between JUnit's test execution framework and eXist-db's XQuery test suite (XQSuite), enabling the execution of XQuery tests within a standard Java testing environment.",Test Runner,Adapter,Bridge,,594,1184,112
exist-core/src/main/java/org/exist/test/runner/AbstractTestRunner.java,org.exist.test.runner.AbstractTestRunner,1b499c9b801bd2364e53338467558d5d2e0f32a8729b542d9388488a022c968f,"This abstract class provides a foundational framework for executing tests written in XQuery or XML, managing test file paths and execution parallelism, and offering utility methods for query execution and description validation.",Test Execution,Template Method,Template Method,Template Method,862,750,124
exist-core/src/main/java/org/exist/test/DiffMatcher.java,org.exist.test.DiffMatcher,6f6db7d05a61dba9a77460d5653c9daf53bd2be4c250a2862e31db6dbf14b7a7,"This class provides Hamcrest matchers for comparing XML nodes, enabling verification of whether two XML sources are similar or identical.",XML Comparison,Matcher,Factory,,545,1006,92
exist-core/src/main/java/org/exist/test/TransactionTestDSL.java,org.exist.test.TransactionTestDSL$TransactionScheduleBuilder$NilOperation,512ba7ec53c34f53e34e24845d28cf11de83ffcae846559fe0df2d9c0eb8d9da,This class represents a transaction schedule that performs no operations. It is designed as a singleton and cannot be instantiated.,No operation,Singleton,Marker Interface,,501,386,91
exist-core/src/main/java/org/exist/test/TransactionTestDSL.java,org.exist.test.TransactionTestDSL$TransactionScheduleBuilder,caa4ed812b8852320de195d044c342ee9319d97206330bbf2b8fd34259616991,"This interface defines a builder for constructing transaction schedules, allowing for the chaining of operations within transactional contexts, and includes a mechanism for representing a null operation and a factory for building schedules involving two transactions.",Schedule Building,Builder,Singleton,,441,600,107
exist-core/src/main/java/org/exist/test/TransactionTestDSL.java,org.exist.test.TransactionTestDSL$BiTransactionScheduleBuilderFactory,b4cb833165f9ccfdfad6ce15753e747db3ccc8631249a8b141455b354cbbca8d,"This class acts as a factory for creating schedule builders specifically designed for managing two distinct transactions, T1 and T2. It provides methods to initiate the building process by setting the first operation for either T1 or T2.",Schedule Builder Factory,Factory,Singleton,,511,817,114
exist-core/src/main/java/org/exist/test/TransactionTestDSL.java,org.exist.test.TransactionTestDSL$BiTransactionScheduleBuilder$BiTransactionScheduleBuilderOperation,6b341214c6ed303973762b6026503bfdceaf7d0d69b936631fb839c7df1143b4,"This class orchestrates complex, multi-step operations across two distinct transactions, allowing for sequential execution and conditional switching of focus between them. It builds a schedule for these interdependent operations, managing the state transformations and coordination needed for their successful completion.",Transaction Scheduling,Builder,Chain of Responsibility,State,666,1809,135
exist-core/src/main/java/org/exist/test/TransactionTestDSL.java,org.exist.test.TransactionTestDSL$BiTransactionScheduleBuilder,9096c52442ff679d981f794adc666f11358dd99a49b9bb17d66a7581da640bdb,"This class acts as a builder for constructing schedules of operations that involve two transactions, T1 and T2. It allows for chaining operations sequentially on either transaction.",Builds schedules,Builder,Chain of Responsibility,State,573,1688,120
exist-core/src/main/java/org/exist/test/TransactionTestDSL.java,org.exist.test.TransactionTestDSL$TransactionSchedule,c5d26d6a7ea24ecf83c29c05b68d2a48813d62f7795431f67f0eeabb394dc71e,"Defines a contract for executing a sequence of database transactions, potentially with progress notifications.",Transaction execution,Strategy,Command,,427,691,85
exist-core/src/main/java/org/exist/test/TransactionTestDSL.java,org.exist.test.TransactionTestDSL$BiTransactionSchedule,ef157cf26087a29d76b243655652aa0211e20d04d469113c2d7cb22756241369,"This class represents a schedule for executing two distinct transactional operations, T1 and T2, concurrently. It manages the execution of these operations in their own threads, ensuring they proceed linearly according to the defined schedule, and then combines their results.",Concurrent Transactions,Builder,Strategy,Composite,698,791,133
exist-core/src/main/java/org/exist/test/TransactionTestDSL.java,org.exist.test.TransactionTestDSL$TransactionOperation,b3a1da89e483f48371dd0502fbbabf50584b5233b06d07753ffe4fc8a7d8dfa6,"This interface defines a functional contract for operations that interact with a database within a transaction, enabling a fluent way to chain and combine database actions.",Transaction Management,Strategy,Function Composition,Command,703,1911,114
exist-core/src/main/java/org/exist/test/TransactionTestDSL.java,org.exist.test.TransactionTestDSL$NamedCountDownLatch,a91a3d5ad2fc3b5e6d73bade23362e0369f535ce226fb1926b775c5746995c81,"This class extends `CountDownLatch` to add a name for identification, aiding in debugging transaction scheduling.",Named latch,,,,477,456,51
exist-core/src/main/java/org/exist/test/TransactionTestDSL.java,org.exist.test.TransactionTestDSL$ExecutionListener,61a9278bcdfcf7fba7968f8e5d16b293f83818472678658bca2aa9f9a87d2fa5,"This functional interface defines a contract for objects that want to be notified about events occurring during the execution of a schedule, allowing them to react to these events by processing a given message.",Event Notification,Listener,Observer,,547,475,104
exist-core/src/main/java/org/exist/test/TransactionTestDSL.java,org.exist.test.TransactionTestDSL,027a4f597c3133cab2cc98e18625dd9c98ec91def744aeea137edf2afc1a3968,"This code defines a domain-specific language (DSL) for describing and executing sequences of database transaction operations. It uses a type-safe builder pattern to construct schedules, ensuring that operations receive the correct input types based on previous operations' outputs, and allows for the concurrent execution of two independent transaction branches.",Schedule building,Builder,Domain Specific Language,Recursive Types,666,5050,148
exist-core/src/main/java/org/exist/test/XQueryCompilationTest.java,org.exist.test.XQueryCompilationTest,4fc0928c4537b4e42212bdb3cc8bd177aec9e526f0e27ed597b14e5fd6ac89d3,"This abstract class provides a foundation for testing XQuery compilation, offering utility methods to compile and execute XQuery strings against an eXist-db instance. It is designed to facilitate the creation of specific test suites by handling the common setup and execution logic.",XQuery Testing,Template Method,Test Support,,539,579,122
exist-core/src/main/java/org/exist/test/ExistEmbeddedServer.java,org.exist.test.ExistEmbeddedServer,1325440fa5e7310a0fb849062699353986d99421db6806cef7598c21d307909e,"This class provides a JUnit rule for managing an embedded eXist-db database instance during integration tests, handling its startup, shutdown, and configuration.",Embedded Server,Test Rule,External Resource,,739,1154,100
exist-core/src/main/java/org/exist/test/XmlStringDiffMatcher.java,org.exist.test.XmlStringDiffMatcher,841c870157fc5e0b7e94fc71d6e03ea55231142eff1202b704328d093d256cb7,"This class acts as a Hamcrest matcher for comparing XML content represented as strings. It provides static factory methods to create matchers for both identical and similar XML comparisons, and its core functionality lies in verifying if an input XML string conforms to a specified expected XML structure and content.",XML Comparison,Matcher,Factory Method,,656,939,124
exist-core/src/main/java/org/exist/test/XQueryAssertions.java,org.exist.test.XQueryAssertions,2ec64a3b395f2da8dce1909c6e1eab2dcf11dd3557237cc2adc1e2c6982a80bb,"This class provides a suite of assertion methods specifically designed for testing XQuery compilation, execution, and error handling, facilitating easier validation of XQuery-related operations within a test environment.",XQuery Testing,Test Utility,Assertion,,551,1269,106
exist-core/src/main/java/org/exist/test/TestConstants.java,org.exist.test.TestConstants,bdd1af503c9fc2fd1d4f454af296fbc2874a7d43b592d9d837c0e5005ffeb61d,"This class defines a collection of constant values, primarily consisting of URIs and strings that represent paths and names used for testing purposes within the system. It includes pre-encoded and decoded versions of special characters and standard file/collection names.",Test constants,,,,644,1319,78
exist-core/src/main/java/org/exist/xqj/Marshaller.java,org.exist.xqj.Marshaller,37c22d23d595d7fa9d8805f49cc29d86e96e094f9baebae76d3c34fe2f6b6c4a,"This class provides functionality to serialize and deserialize sequences and items to and from XML representations, and to convert streamed XML data into DOM Nodes.",XML serialization/deserialization,Utility,Adapter,,567,2346,99
exist-core/src/main/java/org/exist/validation/ValidationReportItem.java,org.exist.validation.ValidationReportItem,380c7c7762939c440fbf5b222ab1e923e5cd8ddbda303190d8b1347549b05cc4,"Represents a single validation issue encountered during processing, storing details such as its type, location, message, and frequency.",Validation reporting,Value Object,Data Transfer Object,,485,708,95
exist-core/src/main/java/org/exist/validation/resolver/unstable/eXistLSResourceResolver.java,org.exist.validation.resolver.unstable.eXistLSResourceResolver,69ad763649e141fa034a009f25092e5e12f68c36b5e58495b6420b297b8cb783,"This class facilitates the redirection of external resource references for applications, particularly when used with `javax.xml.validation.Validator`.",Resource Resolution,Adapter,,,381,597,77
exist-core/src/main/java/org/exist/validation/resolver/unstable/ExistResolver.java,org.exist.validation.resolver.unstable.ExistResolver,90f6d27fe0490e6ae4dadbb92b4c7f090c2ea1d17a66ad8f0873bd063caafbaa,"This class acts as a resolver for XML entities and URIs, leveraging a connection pool to interact with an eXist-DB database. It provides functionality to translate public and system identifiers, as well as URI references, into input sources or transform sources, enabling the integration of external XML resources and data within the application.",XML/URI Resolution,Adapter,Bridge,,703,913,134
exist-core/src/main/java/org/exist/validation/resolver/unstable/eXistLSInput.java,org.exist.validation.resolver.unstable.eXistLSInput,7684dd5d06673bec4d053184c9536b2151d4705c77e725ad9e0b6a7ca7b3e98f,This class provides a mechanism to redirect references to external resources by allowing applications to supply their own input streams or string data.,Input redirection,Data Transfer Object,Value Object,,527,707,95
exist-core/src/main/java/org/exist/validation/resolver/AnyUriResolver.java,org.exist.validation.resolver.AnyUriResolver,df0ad7a71ad088fd2eba83659335cf8926564c48970b979919a9c2a946e41ec5,"This class resolves XML external entities by first attempting to use a provided URI and then falling back to an expanded system identifier if necessary, managing the resolution process across multiple attempts.",URI Resolution,Strategy,Adapter,,506,677,102
exist-core/src/main/java/org/exist/validation/resolver/SearchResourceResolver.java,org.exist.validation.resolver.SearchResourceResolver,531fffe12affb3c3e5d8cbc68828e302b3a9d6b55fc3f70f39deff3eaef19acb,"This class is responsible for resolving XML resources by querying a database using either a namespace or a public identifier, and then returning an XML input source for the found resource.",Resource Resolution,Strategy,Repository,,477,669,101
exist-core/src/main/java/org/exist/validation/ValidationContentHandler.java,org.exist.validation.ValidationContentHandler,02d62cdf7b606afe155ff3dcf83cf0b6549d080b0c8389508c6fc8e6818f9a0e,"This class is designed to process an XML document, specifically identifying and storing the namespace URI of the document's root element. It achieves this by leveraging the SAX (Simple API for XML) parsing mechanism.",Namespace Identification,Listener,Handler,,518,588,110
exist-core/src/main/java/org/exist/validation/XmlLibraryChecker.java,org.exist.validation.XmlLibraryChecker$ClassVersion,7c130a039cef040b925adbd91db27d452b17813c6bd4d85739b7f4cd13a617dd,"This class encapsulates information about a class, including its descriptive name, its required version, and a mechanism (a fully qualified function name) to retrieve its actual runtime version.",Class Versioning,Value Object,Encapsulation,,472,651,106
exist-core/src/main/java/org/exist/validation/XmlLibraryChecker.java,org.exist.validation.XmlLibraryChecker,fe0f699a5f9900826260339ff52dc874a9a3ef4d1760a137915bf1432bfbf843,"This class provides functionality to check for the presence and compatibility of required XML processing libraries, including parsers, transformers, and resolvers, ensuring the system has the necessary components for XML operations.",Library Checking,Value Object,Factory Method,Service Locator,620,1760,125
exist-core/src/main/java/org/exist/validation/ValidationReport.java,org.exist.validation.ValidationReport,edf898d8c8d27055aa13081fad35f6dce926ab89a4543015fda81fa523fea244,"This class aggregates and reports all validation information, including errors and warnings encountered during a process, and tracks the duration of that process.",Validation Aggregation,Observer,Adapter,,499,1142,95
exist-core/src/main/java/org/exist/validation/GrammarPool.java,org.exist.validation.GrammarPool$GrammarKey,10c0fc8e5ffa0b724b5f70886069ce37a7cd9b99acc2ea5ab5ee4f335e81abe3,"This class provides a way to uniquely identify and compare grammar configurations based on their type and target namespace, enabling efficient management within a cache.",Cache Key,Value Object,Immutable,,607,458,96
exist-core/src/main/java/org/exist/validation/GrammarPool.java,org.exist.validation.GrammarPool,9442ab88872e6a039cd3c56f73b1b16a51093ac221dda3e7f61dd9c9fe2b251d,"This class implements a grammar cache using the Caffeine library to store and retrieve XML grammars, optimizing performance by reducing repeated parsing. It provides methods to cache, retrieve, clear, and manage the state (locked/unlocked) of the grammar pool.",Grammar caching,Cache-Aside,Object Pool,Lazy Load,720,1065,140
exist-core/src/main/java/org/exist/validation/Validator.java,org.exist.validation.Validator,6d74fa2dd428c2b981d2176c3fb79a51f53b5597a6f74fb7f1de27330ad3c478,"This class validates XML documents against various grammars, including DTDs and Schemas (XSD), using different validation libraries like Jing and Xerces. It supports validation against system catalogs and user-specified grammars, returning detailed validation reports.",XML Validation,Facade,Strategy,Dependency Injection,701,1154,135
exist-core/src/main/java/org/exist/validation/internal/node/NodeSerializerRunnable.java,org.exist.validation.internal.node.NodeSerializerRunnable,962998432fcd92f0bedfb3f5217471b4f79fa200a79372a5aaa84d7c4baeb49c,"This class is responsible for serializing a node to an output stream, handling potential IO exceptions during the process and ensuring the stream is properly managed.",Node Serialization,Runnable,Strategy,,434,621,97
exist-core/src/main/java/org/exist/validation/internal/node/NodeSerializer.java,org.exist.validation.internal.node.NodeSerializer,9f4f991b642d2803f45b3a05bf859677aa5e1f51afc9aca4529817c2c0a0c154,This class is responsible for serializing a node value into an output stream using a specified serializer and output properties.,Node Serialization,Strategy,,,413,507,73
exist-core/src/main/java/org/exist/validation/internal/node/NodeInputStream.java,org.exist.validation.internal.node.NodeInputStream,d9bd8491e0a9d0b3041dfd29ae2b24b29ac201b8879ef5e39874c936e6ad309f,"This class serializes a node into an input stream, allowing it to be read byte by byte or in chunks.",Node Serialization,Adapter,Decorator,,519,838,91
exist-core/src/main/java/org/exist/validation/internal/DatabaseResources.java,org.exist.validation.internal.DatabaseResources,231a60995403a0a62cf040b5264746e29b56a9342656955a65c2c77fc33b9474,"This class serves as a utility for accessing and executing predefined XQuery resources stored within the application, primarily for database interaction related to schema and catalog lookups.",Query Execution,Utility,Data Access Object,,597,943,101
exist-core/src/main/java/org/exist/xupdate/Conditional.java,org.exist.xupdate.Conditional,eb61dcfd3a02f9439f0c95c78fe55ab5b01f639f0a12ebcf0af2e6ee2f09ad8a,"This class represents a conditional modification that evaluates an XQuery. If the query returns true, it applies a list of other modifications; otherwise, it does nothing. It aggregates multiple modifications to be applied conditionally.",Conditional Execution,Strategy,Composite,,523,622,109
exist-core/src/main/java/org/exist/xupdate/Rename.java,org.exist.xupdate.Rename,306f4a79bfd7636431adbbdab116bacfb4e22339e9be6efc2a50519c87572c0f,"This class represents an XUpdate rename operation, allowing for the renaming of selected nodes within XML documents. It handles the necessary database interactions, document management, and permission checks to perform these modifications.",XML Renaming,Command,State,,604,588,107
exist-core/src/main/java/org/exist/xupdate/Update.java,org.exist.xupdate.Update,3319b88e1f68fdf37558834292996f3436bbc65094e930b4641e1230a595beba,"This class implements the XUpdate update modification, handling the processing of transactions to update or create nodes within documents, managing permissions, locking, and notifications.",Update Modification,Command,Strategy,,557,601,98
exist-core/src/main/java/org/exist/xupdate/Insert.java,org.exist.xupdate.Insert,1ec1253ae96d2051d7b62715b5856f4bf086ce9e8877ea355580987ac05b9093,This class represents an XUpdate modification to insert nodes either before or after a specified node within an XML document.,Node insertion,Strategy,Command,,668,780,90
exist-core/src/main/java/org/exist/xupdate/Append.java,org.exist.xupdate.Append,3baa08c6ca964d6aa93a2c13eb23094c4318f532895aa7f0dbe27e8a8f9441f7,"This class represents an operation to append child nodes to selected elements within XML documents, with the capability to overwrite existing attributes.",Append Child,Command,Data Mapper,,425,687,93
exist-core/src/main/java/org/exist/xupdate/Modification.java,org.exist.xupdate.Modification,b6adb9cfe1de8d112489fa994c8372456523b435c412969e49d936d436e1b52e,"This is an abstract base class defining the fundamental operations and state for modifications to XML documents within the XUpdate framework, including processing, selection, locking, and trigger management.",Modification Base,Template Method,Strategy,Template,529,2191,120
exist-core/src/main/java/org/exist/xupdate/XUpdateProcessor.java,org.exist.xupdate.XUpdateProcessor,59a815200a678f5bce27ef3d9ed0d0ba9708ca8f289a0a6a3dfaa5690c3edbf7,"This class processes an XUpdate XML request, parsing it using SAX and compiling it into a series of modifications that can be applied to a document.",Request processing,Visitor,Builder,State,567,2963,115
exist-core/src/main/java/org/exist/xupdate/Replace.java,org.exist.xupdate.Replace,143de6ff249e0a77fd7a59ebd605b684610a0b0e5bab4420636ae4c9a10065ef,"This class implements the xupdate:replace extension for the XUpdate standard, providing functionality to replace entire nodes, including their content, within an XML document.",Node replacement,Strategy,Command,,498,656,99
exist-core/src/main/java/org/exist/xupdate/Remove.java,org.exist.xupdate.Remove,cb4d3a6f049f0ec075fedaa21618449ec3101cf7fa4394e24e229b6c667e8cdd,"This class implements an XUpdate remove operation, responsible for processing transactions that involve removing nodes from documents within a specified document set based on a select statement and associated variables.",Node Removal,Command,Strategy,,456,608,101
exist-core/src/main/java/org/exist/Database.java,org.exist.Database,4d6eb23961794882018b8f9a22a061f5e73e5b7b18c2272a653e0a9394e3037f,"This interface defines a contract for interacting with a database, providing access to its various managers, brokers, and configuration, as well as methods for authentication, shutdown, and managing triggers and observers.",Database Access,Singleton,Facade,Observer,555,1342,123
exist-core/src/main/java/org/exist/repo/Deployment.java,org.exist.repo.Deployment$QueryPurpose,ac91db2429b803c3c359c8f8243ff8b7426b8963a0a4e6bd1eba11913c7c0ff1,"This class defines an enumeration to categorize the purpose of a query, differentiating between setup, pre-installation, post-installation, and undeployment operations.",Query categorization,,,,446,437,61
exist-core/src/main/java/org/exist/repo/Deployment.java,org.exist.repo.Deployment$RequestedPerms,9d697158ec14834b318427cf039ef34efa11bb15ad2444452fcc44709ba32f18,"This class represents a request for user permissions, including the user's credentials, an optional group, and either an integer or string representation of the permissions.",Permission Request,Value Object,Immutable,,503,440,100
exist-core/src/main/java/org/exist/repo/Deployment.java,org.exist.repo.Deployment$UpdatingDocumentReceiver,50a1589f8fd558d4e0356c4d15a4f77348dff98fdd6200f506d54aef0a1cc684,"This class is responsible for updating a repository XML file during its processing, with a specific focus on removing sensitive information like default passwords before the file is finalized or uploaded.",XML Update,Visitor,Decorator,Chain of Responsibility,569,1038,120
exist-core/src/main/java/org/exist/repo/Deployment.java,org.exist.repo.Deployment,7b3be17253d94164b67edd791ed623d21f30b94b5e27ac7ef302818533b550fd,"This class handles the installation, deployment, and uninstallation of software packages within the database, including managing dependencies and performing necessary setup and cleanup operations.",Package deployment,Command,Repository,Builder,514,3124,114
exist-core/src/main/java/org/exist/repo/PackageLoader.java,org.exist.repo.PackageLoader$Version,a06385539c73ab019c9055b4171e66b13ad5c78d4525870d13f455b15b76ffe0,"This class encapsulates and manages different versioning schemes, including minimum, maximum, and semantic versions, providing access to these version representations.",Version Management,Value Object,Data Transfer Object,,535,522,97
exist-core/src/main/java/org/exist/repo/PackageLoader.java,org.exist.repo.PackageLoader,d76977c2e357580ece2709591a6d2a59e80d7b9d3c58e6d6192a64b0c8466c9d,"This class defines an interface for loading expath packages, specifying how to locate a package by name and version, and includes an inner class to represent different package version schemes.",Package Loading,Strategy,Facade,,563,712,102
exist-core/src/main/java/org/exist/repo/AutoDeploymentTrigger.java,org.exist.repo.AutoDeploymentTrigger,36d1f3f578cde87fe1e8876dde5f209dcabc32b62a9cd153ee92de7e217a4537,This class initiates the automatic deployment of application packages by scanning a designated directory for `.xar` files and installing any applications not already present in the database.,Package Deployment,Startup Trigger,Service Locator,,461,705,101
exist-core/src/main/java/org/exist/repo/ClasspathHelper.java,org.exist.repo.ClasspathHelper,15b0a44adc327a867594d8bb7d7bf01ac9774a8718538d692993dc5cd2993e98,"This class is responsible for managing and constructing the classpath for expath modules that include JAR files, specifically within the context of eXist-db's startup process.",Classpath Management,Service,Helper,,602,650,102
exist-core/src/main/java/org/exist/repo/PkgXsltModuleURIResolver.java,org.exist.repo.PkgXsltModuleURIResolver,79a7a18b67bd5db80e01a76e9fd2fa742a55dccc2263b7b8c8ec649b312a88e7,This class acts as a URI resolver specifically designed to locate and retrieve XSLT modules packaged within EXPath packages from an eXist repository.,XSLT Module Resolution,Strategy,Adapter,,589,547,100
exist-core/src/main/java/org/exist/repo/ExistPkgExtension.java,org.exist.repo.ExistPkgExtension,795ffc279aa9a8a90b383c796d8249e6762a5efb280f48decbebb2fcc3ea4bda,"This class handles the parsing and installation of `exist.xml` descriptors within an EXPath package, facilitating the management and setup of these packages in a repository.",Package descriptor,Interpreter,Visitor,Facade,461,771,117
exist-core/src/main/java/org/exist/repo/RepoBackup.java,org.exist.repo.RepoBackup,9060f395bdcd524abeadbcc6ffc24a902cd9de5e4966c703d8f1b77fdf167299,This class provides utility methods for creating compressed backups of the expath file system repository and restoring the repository from a compressed archive.,Backup/Restore,Utility,,,478,837,77
exist-core/src/main/java/org/exist/repo/ExistRepository.java,org.exist.repo.ExistRepository$Action,a2d2fae5c6ec955e666d6596e9cd126ce723b4c855f44079bc53def8e30f2090,"This enum defines a set of possible actions that can be performed, specifically installation and uninstallation.",Action definition,,,,381,376,50
exist-core/src/main/java/org/exist/repo/ExistRepository.java,org.exist.repo.ExistRepository$Notification,8e44265ecd13cc1223ecb2aacf1395027d37f2c96a08ec52c850809ce5175835,This class represents a notification containing an action and a package URI.,Notification representation,Value Object,Immutable,,431,428,82
exist-core/src/main/java/org/exist/repo/ExistRepository.java,org.exist.repo.ExistRepository,c658b4ab058c669ed2864398dd7c7ccd4d0d132b6b28b241004d25e8ebb2bdae,"This class acts as a repository for EXPath packages, enabling the resolution and loading of Java, XQuery, and XSLT modules and providing notifications for repository actions like installation and uninstallation.",EXPath repository,Observable,Repository,,594,1578,108
exist-core/src/main/java/org/exist/repo/ExistPkgInfo.java,org.exist.repo.ExistPkgInfo,63cbc6514eb322509df4fa2eb75387f938118ccd714a4ab67835d642aa90b301,"This class extends PackageInfo to provide eXist-specific package information, managing resources like JARs, Java functions, and XQuery files associated with a package.",Package metadata,Adapter,Registry,,443,727,101
exist-core/src/main/java/org/exist/numbering/NodeIdFactory.java,org.exist.numbering.NodeIdFactory,73981cb3b9cdab034162b2b3cd18130e6fc5bb9ef79045705630c44a99709d19,"This interface defines a factory for creating and managing unique identifiers (NodeIds) for nodes within a system, supporting various initialization methods, deserialization from different data formats, and retrieval of specific node types like the document root.",Node ID factory,Factory Method,Abstract Factory,Builder,608,1509,132
exist-core/src/main/java/org/exist/numbering/NodeId.java,org.exist.numbering.NodeId,93167f5fdb224d71ed744398b25a3f355a040ed389b9645c9bbd31131837785e,"This interface defines the contract for internal identifiers of nodes within eXist, enabling their ordering and relationship determination within a document structure, and supporting their storage and retrieval.",Node identification,Value Object,Interface Segregation,Comparable,747,2508,121
exist-core/src/main/java/org/exist/numbering/DLNBase.java,org.exist.numbering.DLNBase,5fd71bc1441b404b919079e9564a3a81c769fe1baf7a26db3dbd41bf656db6ff,"This class provides a base implementation for representing and encoding node identifiers using a variable-length, prefix-free binary encoding scheme suitable for dynamic level numbers.",Node ID encoding,Value Object,Bit Packing,,645,3191,101
exist-core/src/main/java/org/exist/numbering/DLN.java,org.exist.numbering.DLN,f38ec253d2310f1871752641e92fe552ed758f352de4fd6511a5e738b1806825,This class represents a hierarchical node identifier (DLN) that supports efficient insertion of new nodes between existing ones by utilizing sublevel identifiers.,Node Identifier,Value Object,Composite,Command,579,2287,113
exist-core/src/main/java/org/exist/numbering/DLNFactory.java,org.exist.numbering.DLNFactory,2a33e248d501f8d8373fd59df96d281ecb658c389e3927da937816241fe99eab,"This class acts as a factory for creating and managing DLN-based node identifiers, providing methods to create them from various sources like integers, streams, byte arrays, and strings, as well as a dedicated identifier for document nodes.",Node ID creation,Factory,Abstract Factory,Builder,674,860,133
exist-core/src/main/java/org/exist/webstart/JnlpJarFiles.java,org.exist.webstart.JnlpJarFiles,1cefb9d6a3c8223680d19c1a742ac6544a87729745e59b157740fa06d2f38012,"This class manages a collection of Java Archive (JAR) files intended for use with Web Start, providing mechanisms to locate, retrieve, and determine the last modification time of these JARs.",JAR Management,Factory,Value Object,,534,1173,106
exist-core/src/main/java/org/exist/webstart/JnlpServlet.java,org.exist.webstart.JnlpServlet,bf91a912ab7457ac45a613d59e8b882c35b58857c747dfea10072423d2351816,"This servlet is responsible for serving JNLP files, JAR archives, and image files to facilitate Java Web Start application deployment and execution. It initializes by locating necessary libraries and handles incoming HTTP GET requests to deliver these resources.",Webstart Resource Serving,Servlet,Controller,,578,729,113
exist-core/src/main/java/org/exist/webstart/JnlpWriter.java,org.exist.webstart.JnlpWriter,f98f13c605aafe0a4147a4542a26f9b6944d31e3960a72244037214f9f30c847,"This class is responsible for generating and serving resources related to Java Web Start applications, including the JNLP configuration file, JAR archives, and image assets.",Resource Serving,Service,Facade,,553,946,98
exist-core/src/main/java/org/exist/webstart/LatestFileResolver.java,org.exist.webstart.LatestFileResolver,daee5f75cbaa37dc533a87f18edf9d138431148d601131cfa387c39d840f8e16,"This class resolves a filename to its latest version if it contains a '%latest%' token, otherwise it returns the filename as is.",Filename resolution,Strategy,Marker,,533,638,94
exist-core/src/main/java/org/exist/LifeCycle.java,org.exist.LifeCycle,4221050e0b3f18c673f2ce08ebbfbaec7d0857ccaddfd494251b08187096f4a9,"This interface defines the contract for managing the lifecycle of database operations, including starting and stopping transactions and synchronizing data. It is deprecated in favor of a more granular event-driven approach.",Lifecycle management,Strategy,Service Provider Interface,,484,658,107
exist-core/src/main/java/org/exist/Resource.java,org.exist.Resource,0c42636864a20b0c847a92c1c903439f94d369789caf9c5522ff5c89e89d1525,"This interface defines a contract for accessing common properties of any generic database resource, including its unique identifier and associated permissions.",Resource access,Interface,Abstraction,,430,504,91
exist-core/src/main/java/org/exist/protocolhandler/xmlrpc/XmlrpcInputStream.java,org.exist.protocolhandler.xmlrpc.XmlrpcInputStream,2d26a39d415037cc23f68e128c2e4248381eaba301b1a7c60a626780c431418d,"This class provides an input stream for reading document data from a remote database via XML-RPC, allowing the document content to be processed as a stream of bytes.",Remote Document Reading,Adapter,Bridge,,476,829,101
exist-core/src/main/java/org/exist/protocolhandler/xmlrpc/XmlrpcDownload.java,org.exist.protocolhandler.xmlrpc.XmlrpcDownload,3350e4996ca8e9417e0de91c0390801b258ebc039a8f89b8215523ef3a61cf94,"This class is responsible for downloading documents from a remote XML database via XMLRPC and writing the document's content into an output stream, handling large documents by reading them in chunks.",Document Download,Adapter,,,459,562,87
exist-core/src/main/java/org/exist/protocolhandler/xmlrpc/XmlrpcUploadRunnable.java,org.exist.protocolhandler.xmlrpc.XmlrpcUploadRunnable,31f35ee638bf05248ab14c95e1163e606b8230caf39c3d2c6214b839a7059292,"This class wraps an `XmlrpcUpload` instance into a `Runnable` for execution within an `XmlrpcOutputStream`, facilitating asynchronous data uploads.",Runnable Wrapper,Runnable,Wrapper,,452,528,97
exist-core/src/main/java/org/exist/protocolhandler/xmlrpc/XmlrpcOutputStream.java,org.exist.protocolhandler.xmlrpc.XmlrpcOutputStream,9e5a8bc0017dd5d6f62a0261c0c39900894cb2abec8f5803e3036f12d629ea84,"This class provides an output stream that writes data to a remote database via XML-RPC, buffering output before sending.",Remote document writing,Adapter,Decorator,,493,712,92
exist-core/src/main/java/org/exist/protocolhandler/xmlrpc/XmlrpcDownloadRunnable.java,org.exist.protocolhandler.xmlrpc.XmlrpcDownloadRunnable,ab3ece8a2562939e3fde7409e93fe2f59f2283b17ca8c009a474be3ff587a83a,"This class wraps the XmlrpcDownload functionality into a Runnable, allowing for asynchronous execution of downloading a resource from a URL and writing it to a provided output stream.",Background download,Runnable,,,589,591,83
exist-core/src/main/java/org/exist/protocolhandler/xmlrpc/XmlrpcUpload.java,org.exist.protocolhandler.xmlrpc.XmlrpcUpload,fbb9094e42d4446a0614bfe3dced6d32185d712497609226266c82a353b18d71,"This class handles uploading documents to a remote eXist-db server using XML-RPC, supporting both XML and binary content, and enabling large file uploads through chunking.",Remote Upload,Adapter,Proxy,,618,665,103
exist-core/src/main/java/org/exist/protocolhandler/xmldb/XmldbURL.java,org.exist.protocolhandler.xmldb.XmldbURL,b94a4880f5cbb6fa897500920759340a4466bfe072a820d33b51771a74716520,"This class provides a wrapper and convenience methods for working with xmldb URLs, which are used to represent resource locations in an XML database, offering functionalities like parsing and extracting components of these URLs.",URL Parsing,Adapter,Wrapper,Utility Class,638,2241,125
exist-core/src/main/java/org/exist/protocolhandler/eXistURLStreamHandlerFactory.java,org.exist.protocolhandler.eXistURLStreamHandlerFactory,a8f74b5f140776f59059c69c39658b10bc0d867e3908fa1e798a9e38cdc72d7e,"This class acts as a factory for creating custom stream handlers specifically for the 'xmldb' protocol, allowing for unique ways to handle data streams within the system.",Stream Handler Factory,Factory,,,477,608,85
exist-core/src/main/java/org/exist/protocolhandler/protocols/xmldb/InMemoryURLConnection.java,org.exist.protocolhandler.protocols.xmldb.InMemoryURLConnection,eda153dd3693a99e450fe7ed2f76197ba8b8cae20d7e7658350b5be3005ef9e7,"This class manages the translation of a URL object into a resource stream, simulating URL connection behavior.",URL Connection,Adapter,,,442,552,70
exist-core/src/main/java/org/exist/protocolhandler/protocols/xmldb/EmbeddedURLConnection.java,org.exist.protocolhandler.protocols.xmldb.EmbeddedURLConnection,51fb92e8d00ec6e5e14dac05bf452f4cd15f0ec7a06ca3c8d9ff99a9e42169bb,"Manages the translation of a URL object into a resource stream, providing a connection to embedded resources.",URL Connection,Adapter,,,436,616,71
exist-core/src/main/java/org/exist/protocolhandler/protocols/xmldb/Handler.java,org.exist.protocolhandler.protocols.xmldb.Handler,481f4b80dc126c274bab854387aae458cbfd80c18d6e2f119b97d7f4582c7e5e,"This class handles connections for the 'xmldb:' protocol, enabling interaction with XML databases through custom URL schemes.",Protocol Handler,Strategy,Adapter,,433,850,91
exist-core/src/main/java/org/exist/protocolhandler/Mode.java,org.exist.protocolhandler.Mode,98d8567d5498afd118430a1f43cdd342ddcae20e053904761d86b3b1db2c5ef6,This enum defines two distinct modes for handling data streams: either by keeping the data in memory or by storing it on disk to manage memory usage.,Stream mode,,,,468,452,60
exist-core/src/main/java/org/exist/protocolhandler/embedded/EmbeddedInputStream.java,org.exist.protocolhandler.embedded.EmbeddedInputStream,da7245215a2d2bddda1426be972256f4e46dfe0842a707c73a10460d71b5f5f7,"Provides an InputStream interface to read document content from an embedded database, lazily initializing the underlying stream and ensuring proper resource management.",Document Reading,Lazy Initialization,Resource Management,,623,1186,95
exist-core/src/main/java/org/exist/protocolhandler/embedded/InMemoryOutputStream.java,org.exist.protocolhandler.embedded.InMemoryOutputStream,d8e1c8376a041da49a999942aeb955002723b7e00665cbac3be44849a318b43d,"This class acts as an in-memory buffer for data before it is streamed to an XML database. It intercepts standard output stream operations and redirects them to an internal byte array, providing methods to eventually send this buffered data to a specified XML database URL.",Buffered Streaming,Adapter,Decorator,Sink,675,836,135
exist-core/src/main/java/org/exist/protocolhandler/embedded/EmbeddedOutputStream.java,org.exist.protocolhandler.embedded.EmbeddedOutputStream,39948dd51a73c3d23623e509e2c13f8b3a821721edeb2a14d88c44cf0da5af4e,"This class acts as an output stream that writes data directly to a local embedded database, managing the underlying stream operations and ensuring the stream is properly closed and flushed.",Database Writing,Adapter,Stream Abstraction,,644,945,102
exist-core/src/main/java/org/exist/protocolhandler/embedded/InMemoryInputStream.java,org.exist.protocolhandler.embedded.InMemoryInputStream,8bf9b27f3f1823112ee4f808a4d2b534000fc5abd016cf52a07f0ba82a47bdef,"This class provides a static method to create an InputStream for accessing document or binary resources from a database via a given URL, ensuring the URL does not point to a collection.",Data Access,,,,452,511,65
exist-core/src/main/java/org/exist/protocolhandler/URLStreamHandlerStartupTrigger.java,org.exist.protocolhandler.URLStreamHandlerStartupTrigger,f61ed0d1e9d899990f8464f71a6b5ca5b53d20a44a4d67d2da77738d41339f25,"This class is responsible for registering the eXist-db URL stream handler factory, ensuring that custom protocol handlers for eXist can be utilized by the Java runtime. It acts as a startup trigger, executing once to set up this crucial component for handling custom data streams within the application.",URL Handler Registration,Service Locator,Singleton,,756,641,128
exist-core/src/main/java/org/exist/debugger/ResponseListener.java,org.exist.debugger.ResponseListener,49c4e8f647eecebf1a13053efb35b62ea1fe2984dcd91657eb14018445bcf2af,"This interface defines a contract for objects that listen for and process responses to commands, enabling asynchronous command execution and continuation.",Response handling,Listener,Callback,,456,475,91
exist-core/src/main/java/org/exist/debugger/model/Breakpoint.java,org.exist.debugger.model.Breakpoint,c4a7816154d94e3c4871d2b9936f1122dc9627826cfb847f5334c41ed272890c,"This interface defines the contract for representing various types of breakpoints, including line, call, return, exception, conditional, and watch breakpoints, along with their properties and state management. It also provides methods for XML serialization, synchronization of changes, and removal.",Breakpoint definition,Interface,Value Object,Data Transfer Object,837,1437,138
exist-core/src/main/java/org/exist/debugger/model/Location.java,org.exist.debugger.model.Location,c3f68b055f3392e360918231071c2ffc74fc54ca45ea39d0692e23dccf7417af,"This interface defines a contract for objects that represent a source code location, providing methods to retrieve its file URI and starting line and column numbers.",Code Location,,,,428,448,59
exist-core/src/main/java/org/exist/debugger/model/Variable.java,org.exist.debugger.model.Variable,583ed08f75a1f0bae83798d4ebd6a6797e2a3790dcf17775e774599c8041a744,"This interface defines the contract for objects that represent variables, providing methods to retrieve their name, value, and type.",Variable representation,,,,494,420,54
exist-core/src/main/java/org/exist/debugger/ExceptionTimeout.java,org.exist.debugger.ExceptionTimeout,faeea6dc1ee68cd57db634a2dcc4f7e171fd38c9b3829fb248435fa1116c201c,This class represents a custom exception that is thrown when a timeout occurs during an operation.,Timeout Exception,,,,390,448,48
exist-core/src/main/java/org/exist/debugger/Response.java,org.exist.debugger.Response,bce362e87c025c8053fb208c6072d8abc91d4bdb34cdb9ec193ede62394a58c5,"This interface defines the contract for objects that represent a response, providing methods to access transaction identifiers, attributes, text content, and elements by name.",Response Representation,Interface,Data Transfer Object,,556,473,99
exist-core/src/main/java/org/exist/debugger/Debugger.java,org.exist.debugger.Debugger,078cebe585f4977f292450152fc663e3b22dcb8b0dbde99a39faf51ca50cb67f,"This interface defines the contract for interacting with a debugging session, enabling operations such as initializing the session, controlling execution flow (running, stepping, stopping), retrieving debugging information (source, variables, stack frames), and evaluating expressions.",Debugging Control,Adapter,Facade,Command,653,1141,130
exist-core/src/main/java/org/exist/debugger/DebuggingSource.java,org.exist.debugger.DebuggingSource,5ba72996258cb080aa34ce1d90c551cb0705b8ebc5025671932967e668003d63,"This interface defines the contract for interacting with a debugging session, allowing control over script execution, inspection of program state, and management of breakpoints.",Debugger control,Command,Facade,Interface Segregation,610,1522,115
exist-core/src/main/java/org/exist/dom/persistent/SortedNodeSet.java,org.exist.dom.persistent.SortedNodeSet$SortedNodeSetIterator,18e05f84ab5b84d4d604b74a5aaf7731a4f6df88955f538dcccd13ef14121745,"This class provides an iterator for a sorted set of nodes, allowing traversal and access to individual items and node proxies.",Node Iteration,Iterator,Adapter,,489,655,92
exist-core/src/main/java/org/exist/dom/persistent/SortedNodeSet.java,org.exist.dom.persistent.SortedNodeSet$IteratorItem,2e345ffb2d01f06524f173751139979c7677324b221ebd7bdc750d54ef7224b2,"This class represents an item within an iterator, holding a proxy to a node and an optional string value. It defines how these items are compared and checked for equality, ensuring correct ordering and uniqueness within the iteration process.",Iterator Item,Iterator,Comparable,,592,493,111
exist-core/src/main/java/org/exist/dom/persistent/SortedNodeSet.java,org.exist.dom.persistent.SortedNodeSet,b1fe3303792a5ec85e093a24b97f6b48ef9319f9b60eecb6c1d0149f3db7c1f8,This class represents a collection of nodes that are maintained in a sorted order based on a specified expression.,Sorted Nodes,Collection,Expression Evaluation,,486,1416,89
exist-core/src/main/java/org/exist/dom/persistent/MutableDocumentSet.java,org.exist.dom.persistent.MutableDocumentSet,7ca2d69fd08f76e9a50bb2da6bb97d94d6bcff6d7d331f8ecd78305bd2824c1b,"Provides functionality to add, clear, and manage documents within a set, with options for duplicate checking and adding entire collections or other document sets.",Document management,Collection,Mutable,,517,572,96
exist-core/src/main/java/org/exist/dom/persistent/Match.java,org.exist.dom.persistent.Match$Offset,6cd153c724cb40f666f910bd494b901d95e4795ff8fcf1b40356d82f59ea4296,"This class represents a segment of data or a range within a larger structure, defined by a starting position and a length. It provides methods to retrieve these values and to determine if two such segments overlap.",Offset tracking,Value Object,Comparable,,592,516,109
exist-core/src/main/java/org/exist/dom/persistent/Match.java,org.exist.dom.persistent.Match,86b69d0c273eb0fcc07df948dd98691d266b4b262dbfe089e8cc5de35fe0fa4d,"This class tracks occurrences of matching terms within text nodes, storing information about the node, the matched term, its frequency, and its specific positions (offsets and lengths). It supports operations for combining, filtering, and expanding these matches, as well as checking for overlaps and containment.",Match Tracking,Value Object,Composite,Command,683,2556,141
exist-core/src/main/java/org/exist/dom/persistent/NodeVisitor.java,org.exist.dom.persistent.NodeVisitor,6e93c0dc0c09f21b1b89e5e727425c81affe0acc0006f12758d023088a64378b,"This interface defines a contract for objects that visit stored nodes, allowing them to be notified of the current node during traversal and decide whether to continue the visit.",Node visitor,Visitor,,,533,454,82
exist-core/src/main/java/org/exist/dom/persistent/EmptyNodeSet.java,org.exist.dom.persistent.EmptyNodeSet$EmptyNodeSetIterator,83c207fd13896ac352b79207df02085b52618b91b5c7863a492aa3f2125a3a77,"This class represents an iterator for an empty set of nodes, providing methods to indicate the absence of elements and to signal errors when operations like 'next' or 'remove' are attempted.",Empty iterator,Iterator,Null Object,,643,609,106
exist-core/src/main/java/org/exist/dom/persistent/EmptyNodeSet.java,org.exist.dom.persistent.EmptyNodeSet$EmptyCollectionIterator,93e833e90cfb4db0497ddd0395ba585cd7558cdc471fda3cf5c68e6c7d23adba,This class implements an iterator that always indicates an empty collection and throws an exception if modification is attempted.,Empty Iterator,Iterator,,,398,530,71
exist-core/src/main/java/org/exist/dom/persistent/EmptyNodeSet.java,org.exist.dom.persistent.EmptyNodeSet,da884b57d29f3051437b3ef3a3d485268b2f6a72d87b5a939970764c9dc13f36,"This class represents an empty set of nodes, providing no-operation implementations for methods that would typically modify or query a node set, and always returning empty iterators or default values.",Empty set,Null Object,Immutable,,953,1486,105
exist-core/src/main/java/org/exist/dom/persistent/EmptyDocumentSet.java,org.exist.dom.persistent.EmptyDocumentSet,3c07465e995fb6691155cd6e6f6d4f100ca5422e66e4ed21fe1eb511ab25f85d,"This class represents an empty set of documents, providing default behavior for operations that would otherwise require accessing actual document data. All operations on this empty set consistently return empty results or false, reflecting its null state.",Empty Set,Singleton,Null Object,,618,862,110
exist-core/src/main/java/org/exist/dom/persistent/DocumentImpl.java,org.exist.dom.persistent.DocumentImpl,ab7caeafa9bcd617b60bc649f9d2acc2d96301acc4880e62bdd65a58e59106e3,"This class represents a persistent document in a database, capable of storing XML, binary files, or XQuery source code. It manages document metadata, permissions, and relationships with its containing collection.",Document Representation,Value Object,Data Transfer Object,Aggregate,660,8677,126
exist-core/src/main/java/org/exist/dom/persistent/CDATASectionImpl.java,org.exist.dom.persistent.CDATASectionImpl,e0bb318684b341c6f540d9a14c165c54aea3eb44677aa35e520f2c51f0e30ce5,"This class represents and manages a CDATA section within an XML document, handling its serialization and deserialization, and providing methods for text manipulation.",CDATA Section,Value Object,Serialization,Data Transfer,531,1038,115
exist-core/src/main/java/org/exist/dom/persistent/ProcessingInstructionImpl.java,org.exist.dom.persistent.ProcessingInstructionImpl,1311e246bdcf8a88881f75f979e6ec2cb355983306d6363d00019f0eae8648b4,"This class represents and persists a processing instruction node within a Document Object Model (DOM) structure, handling its target and data content.",Node persistence,Adapter,Value Object,Immutable,567,1248,112
exist-core/src/main/java/org/exist/dom/persistent/NamedNode.java,org.exist.dom.persistent.NamedNode,7137c5fe75cb90118ac25fe8d560973b67888f25b8fa77dea5b60fb2fd445b06,"This class represents a node that has a qualified name (QName), serving as a base for elements or attributes within a structured data context.",Named node,Abstract Base Class,Template Method,,655,837,99
exist-core/src/main/java/org/exist/dom/persistent/NodeSetHelper.java,org.exist.dom.persistent.NodeSetHelper,aee0fbe6e17e1808119040744197d3df0cb42706bd41e0a0125dcc878c23900e,"This class provides a collection of static utility methods for performing various operations on sets of nodes, including selecting parent-child relationships, ancestor-descendant relationships, siblings, preceding/following nodes, and attributes, as well as copying nodes.",Node set operations,Utility Class,Helper Methods,,652,2702,118
exist-core/src/main/java/org/exist/dom/persistent/IStoredNode.java,org.exist.dom.persistent.IStoredNode,641f859411b88645ee8fe7042a000389dd6587b6be92a761249789509e776ba5,"This interface defines the contract for nodes that are stored, providing methods for serialization, managing ownership by a document, and handling node lifecycle and modification status.",Stored Node,Visitor,Node Handle,,635,1107,99
exist-core/src/main/java/org/exist/dom/persistent/NodeImplRef.java,org.exist.dom.persistent.NodeImplRef,f735f3080c91614f6747c0831a9eb150ee62c4954de8c0145d10203fb1bd53d5,"This class acts as a mutable container for a reference to an `IStoredNode`, allowing the node to be passed and modified by reference within the system.",Mutable reference,Wrapper,Mutable field,,548,476,100
exist-core/src/main/java/org/exist/dom/persistent/DocumentSet.java,org.exist.dom.persistent.DocumentSet,5232e5aacfb0305d02b1ae7ee1fa2a8c12deb978f28bf17f057cdd4936abfa40,"Represents a collection of documents, providing methods to access, manipulate, and compare document sets, including operations like intersection, containment checks, locking, and conversion to other data structures.",Document collection,Collection,Interface,Immutable,628,804,121
exist-core/src/main/java/org/exist/dom/persistent/NodeSetIterator.java,org.exist.dom.persistent.NodeSetIterator,0ca49d40a5f55d5196d4938fb0564c51506a32cb0834a7c99dcc0ed17281efa1,"This interface extends the standard Java Iterator to provide additional capabilities for iterating over a set of nodes, specifically allowing a look-ahead inspection of the current node and the ability to reposition the iterator to a specific node.",Node iteration,Iterator,,,478,585,93
exist-core/src/main/java/org/exist/dom/persistent/ElementImpl.java,org.exist.dom.persistent.ElementImpl$AttribVisitor,22156245387606f84243bc55d74a9b0ae4d3bd089e78cfa045e38c6b92ef7a88,"This class traverses a node structure, identifying and storing the last attribute node encountered and the first child node that belongs to the current element. It stops traversing down a branch if a child node belonging to the current element is found.",Node Traversal,Visitor,,,520,472,97
exist-core/src/main/java/org/exist/dom/persistent/ElementImpl.java,org.exist.dom.persistent.ElementImpl,65624d0b472e77dbea5f95db6fecc6221a1372c7277291a6434cc0c6cd8e8a11,"This class represents an XML element within a document, managing its attributes, child nodes, and namespace declarations. It provides methods for serialization, deserialization, manipulation of its content (adding, removing, replacing children and attributes), and querying its properties.",XML Element,Composite,Visitor,State,801,5213,134
exist-core/src/main/java/org/exist/dom/persistent/VirtualNodeSet.java,org.exist.dom.persistent.VirtualNodeSet,daae545567e75e0b3adbb907ef2529f1e73e3599ce9f1781bf8835190c87c955,"This class represents a placeholder for a set of relevant nodes, enabling deferred resolution of XPath expressions to avoid inefficiently retrieving all descendant nodes. It primarily provides functionality to find the first matching descendant based on specific criteria.",Virtual node set,Lazy Evaluation,Proxy,Value Object,572,2406,130
exist-core/src/main/java/org/exist/dom/persistent/ContextItem.java,org.exist.dom.persistent.ContextItem,cdefb76604e68c1f4a59129f41615fec58edde4ab8f56017954b53c62882cb31,"This class represents an item within a context, holding a reference to a node and potentially linking to the next item in a direct sequence.",Context item,Chain of Responsibility,Flyweight,,642,532,98
exist-core/src/main/java/org/exist/dom/persistent/AVLTreeNodeSet.java,org.exist.dom.persistent.AVLTreeNodeSet$InorderTraversal,70eb8b91f0049b9495ba9a436baf0bae11673fc41ed24c10cfdee3d38052b325,"This class provides an in-order traversal of a binary tree, allowing iteration over its nodes and items. It supports checking for the next element, retrieving the next node or item, and peeking at the next node without removal, but does not support removing elements.",Tree Traversal,Iterator,Composite,,739,724,122
exist-core/src/main/java/org/exist/dom/persistent/AVLTreeNodeSet.java,org.exist.dom.persistent.AVLTreeNodeSet$Node,f409c093706200e5cbfdee9ab49d819dfa6a8fe2951168d7baed0dc982c1b849,"This class represents a node within a binary tree, storing data, parent, and child references, along with height information to manage tree structure and balance.",Tree Node,Composite,Tree Structure,,601,1070,99
exist-core/src/main/java/org/exist/dom/persistent/AVLTreeNodeSet.java,org.exist.dom.persistent.AVLTreeNodeSet,18095122860d9a05a01062cec10e507f98ed67d1d1975966fc25b8db00e68e73,"This class implements a set of nodes using a self-balancing binary search tree (AVL tree) to efficiently store and manage nodes while maintaining order and facilitating quick lookups, additions, and deletions.",Balanced Set,Self-Balancing Tree,Binary Search Tree,Collection,677,1827,130
exist-core/src/main/java/org/exist/dom/persistent/SymbolTable.java,org.exist.dom.persistent.SymbolTable$SymbolType,41a2b835194de44dc311861384ea96b61b953074aa3d15782268e0d312302dcb,"This enum defines different types of symbols, each associated with a unique byte identifier.",Symbol definition,Simple Enum,,,472,489,68
exist-core/src/main/java/org/exist/dom/persistent/SymbolTable.java,org.exist.dom.persistent.SymbolTable$SymbolCollection,46e8df5328f0e19f602c2dfbc837fd9635fbbdc0910f9fbbb5cc2c48d254979f,"This class manages a collection of symbols, allowing them to be looked up by either their integer identifier or their string name, and provides methods for writing these symbols to an output stream.",Symbol Management,Registry,Value Object,,555,942,105
exist-core/src/main/java/org/exist/dom/persistent/SymbolTable.java,org.exist.dom.persistent.SymbolTable$LocalNameSymbolCollection,580115b95c3eb65b5e2f12b4f1c1bf3b3f4e1c5ba3983e8223cb66df31f4a0a1,"This class manages a collection of local names for symbols, distinguishing between element and attribute names by using a prefix for attribute names in persistent storage while omitting it for in-memory storage.",Name Management,Decorator,Composite,,515,596,104
exist-core/src/main/java/org/exist/dom/persistent/SymbolTable.java,org.exist.dom.persistent.SymbolTable,c2ca94d0592c03ff0290384252e2076d0659aa2bfd746b6866665ceb43a03606,"This class maintains a global symbol table that maps namespace URIs and node names to unique numeric IDs, which are used internally by the database to represent these entities. It persists this mapping to a file and manages its loading and saving.",Symbol Mapping,Singleton,Value Object,Repository,625,3114,132
exist-core/src/main/java/org/exist/dom/persistent/NodeSet.java,org.exist.dom.persistent.NodeSet,d1c48e2d40b9790db2dc85c06e779ca0dca885d21ddae2bef5d4e160a62a5b14,"Represents a collection of nodes within a document structure, supporting operations for navigation, manipulation, and set-based comparisons such as intersection, union, and difference. It facilitates querying and processing of XML or similar hierarchical data by providing methods to access, filter, and relate nodes based on their relationships (parent, child, ancestor, descendant) and document origins.",Node Collection,Collection Abstraction,Iterator,Builder,902,4822,158
exist-core/src/main/java/org/exist/dom/persistent/LockedDocument.java,org.exist.dom.persistent.LockedDocument,cb3e2a87b6d6470bfdb243d391e5c22c6a073917a6c77a9ead13ff5b9aec2ac0,"This class wraps a document with a lock, ensuring the lock is released when the document is no longer needed through automatic resource management.",Document locking,Resource Acquisition Is Initialization (RAII),Adapter,,557,601,100
exist-core/src/main/java/org/exist/dom/persistent/QNamePool.java,org.exist.dom.persistent.QNamePool,6c80fddef9cfd665106fb14e609eb20c2f080de64913a241881770b5ab9d5307,"This class acts as a temporary cache for Qualified Name (QName) objects, aiming to reduce repeated memory allocations by storing and reusing existing QNames. If the cache reaches its capacity, it is cleared to make space.",QName Caching,Object Pool,Flyweight,,599,1164,116
exist-core/src/main/java/org/exist/dom/persistent/NewArrayNodeSet.java,org.exist.dom.persistent.NewArrayNodeSet$DocumentIterator,b50f52b5b89fde9bb25165da9882f3981e6fddd696a231bfad74102716b53333,"This class provides an iterator for a batch of documents, allowing sequential access to individual documents and preventing modifications to the batch during iteration.",Document iteration,Iterator,,,494,522,77
exist-core/src/main/java/org/exist/dom/persistent/NewArrayNodeSet.java,org.exist.dom.persistent.NewArrayNodeSet$NewArrayIterator,159453454ab250a63342203e9119eb196c4d9e063451c74b01630ed8e36a28b1,"This class acts as an iterator for a collection of nodes, providing methods to check for more elements, retrieve the next element, skip elements, and view the next element without advancing the iterator. It also explicitly disallows removal of elements.",Node Iteration,Iterator,Sequence,,700,769,116
exist-core/src/main/java/org/exist/dom/persistent/NewArrayNodeSet.java,org.exist.dom.persistent.NewArrayNodeSet,5a652748d8f5cf32e51cb756930040f770bc83b2efbc1b5bfb5a51daaa9bd745,"This class manages a collection of nodes and their associated documents, providing efficient storage and retrieval operations, with optional sorting and duplicate removal.",Node Set Management,Collection,Iterator,Array Data Structure,1604,4152,114
exist-core/src/main/java/org/exist/dom/persistent/NodeImpl.java,org.exist.dom.persistent.NodeImpl,ef1748b72395b6034e947648c27143fb85da5145ec44a5e49395199dc17fdc77,"This abstract class represents a node in a document object model (DOM) with support for expressions and transaction-based operations, although many of its DOM manipulation methods are explicitly unsupported.",DOM Node,Abstract Base Class,Template Method,,542,2186,106
exist-core/src/main/java/org/exist/dom/persistent/StoredNode.java,org.exist.dom.persistent.StoredNode,957f77aba24cbad93a3bf9073a3425fc35b532eb843e494b62ff96a905131f9d,"This class serves as the base for all nodes that are stored persistently in a database, providing fundamental properties and behaviors for such nodes, including identification, ownership, and serialization mechanisms.",Persistent Node,Visitor,Abstract Base Class,Composite,758,2369,122
exist-core/src/main/java/org/exist/dom/persistent/Visitable.java,org.exist.dom.persistent.Visitable,2b99fe54690efc18f9289774859683044e882c4ac2c08b30bb9fa6d197e5b3c3,This interface defines the contract for objects that can be visited by a NodeVisitor. It enables a traversal mechanism where a visitor can perform an operation on each element of a node structure.,Node visitation,Visitor,,,594,535,87
exist-core/src/main/java/org/exist/dom/persistent/DOMImplementationImpl.java,org.exist.dom.persistent.DOMImplementationImpl,3b9e094eb29d813cc5691c571a19223df42fbdb0799f163135193b90a3008324,"This class is responsible for handling the creation of XML documents and document types, as well as querying the availability of specific XML features.",DOM Implementation,Factory,Adapter,,470,664,94
exist-core/src/main/java/org/exist/dom/persistent/NodeProxy.java,org.exist.dom.persistent.NodeProxy$SingleNodeIterator,14331932b405e107264db8ef68543ad24a389a2b1db44fbb8358851c6e90bd0c,"This iterator provides a way to traverse a single node, offering methods to check for its existence, retrieve it, and manage its position, while also indicating that removal operations are not supported.",Single Node Iteration,Iterator,Sentinel,,524,755,107
exist-core/src/main/java/org/exist/dom/persistent/CommentImpl.java,org.exist.dom.persistent.CommentImpl,38cdec2a8496d02a9ff1dd1eeaa8bfb2059662d3bd02295803a68c535efa45e8,"This class represents and manages a comment node within a Document Object Model (DOM), providing functionality for its serialization and deserialization.",DOM Comment,Value Object,Data Transfer Object,,571,796,96
exist-core/src/main/java/org/exist/dom/persistent/TextImpl.java,org.exist.dom.persistent.TextImpl,aa5cb4472b6ae48c20052a2052cdce2fa998edbd560cda39e95723d7cbaced5f,"This class represents and manipulates text nodes within a document, handling serialization, deserialization, and basic text operations. It extends abstract character data and implements the Text interface, suggesting it's part of a Document Object Model (DOM) implementation for handling text content.",Text Node,Adapter,Composite,Flyweight,608,1265,139
exist-core/src/main/java/org/exist/dom/persistent/BinaryDocument.java,org.exist.dom.persistent.BinaryDocument,7aafc3c609417f08938cc0768e2c87ef82632cac98967b853a081a98e48f314a,"This class represents a persistent binary document, storing its content as binary data and providing an interface consistent with other document types.",Binary Document,Bridge,Composite,Data Transfer Object,511,1685,111
exist-core/src/main/java/org/exist/dom/persistent/DefaultDocumentSet.java,org.exist.dom.persistent.DefaultDocumentSet,9515759fecd6cabd8947789d827097988ee8528246819e0edd999ee86eb6309f,"Manages a set of documents and their associated collections, providing methods for adding, retrieving, and comparing document sets.",Document Management,Collection,Set,Aggregate,496,1451,108
exist-core/src/main/java/org/exist/dom/persistent/AbstractCharacterData.java,org.exist.dom.persistent.AbstractCharacterData,832ed25adb074b2b5f9a82bb291964cfdc629f0b3e7e7694d35273de06730af3,"This abstract class provides a base implementation for character data manipulation within an XML structure, offering methods to append, delete, insert, replace, and extract string data, while also managing the underlying XML string buffer and resource release.",Character Data,Abstract Base Class,Value Object,Resource Management,734,1465,133
exist-core/src/main/java/org/exist/dom/persistent/AbstractNodeSet.java,org.exist.dom.persistent.AbstractNodeSet$CollectionIterator,e5c57d49048f00b1b4e7d9728a2de8cc331234c4233adcb17eb368b147a94f85,This class provides an iterator for traversing a set of document nodes and yielding collections derived from them.,Collection iteration,Iterator,,,493,540,70
exist-core/src/main/java/org/exist/dom/persistent/AbstractNodeSet.java,org.exist.dom.persistent.AbstractNodeSet,7556e7e15d9b821abbac508767fac28a49a6d0e021dca117c9e9889d41b6defe,"This abstract class defines the core behavior for collections of nodes, acting as a specialized sequence that can be iterated over, modified, and used in various node-related operations like parent-child and ancestor-descendant relationships, set operations (union, intersection, difference), and attribute selection.",Node Set,Abstract Base Class,Interface Implementation,Composite,881,4952,145
exist-core/src/main/java/org/exist/dom/persistent/XMLDeclarationImpl.java,org.exist.dom.persistent.XMLDeclarationImpl,69aa1f8126cd06ec2950fcc063cba99365d7b7175da4f11ba6693215ad4c809b,"This class represents and provides functionality to read and write an XML declaration, which includes version, encoding, and standalone attributes.",XML Declaration,Value Object,Immutable,,559,841,93
exist-core/src/main/java/org/exist/dom/persistent/ExtNodeSet.java,org.exist.dom.persistent.ExtNodeSet,e3622bd704173a6abba9487f4441cc66a7ecd99d6df212c38caf85c148bb9cf1,"This method checks if a given node or its descendants exist within a specified set, optionally including the ancestor node itself, operating within the context of a document and allowing for copying matching nodes.",Node Set Query,Interface,Method Delegation,,532,460,107
exist-core/src/main/java/org/exist/dom/persistent/AttrImpl.java,org.exist.dom.persistent.AttrImpl,52632fe9afd0ccdf04b4b42d1bb965b53d8535f3cd948fa9cbb0d7e785d175df,"This class represents an attribute within an XML document, holding its name, namespace information, type, and value, and providing methods for serialization, deserialization, and manipulation of attribute data.",Attribute Representation,Value Object,Serializable,Builder,686,2168,123
exist-core/src/main/java/org/exist/dom/persistent/ExtArrayNodeSet.java,org.exist.dom.persistent.ExtArrayNodeSet$DocumentIterator,73d2c94cf75d0cdaef23844f06eef1e1649199b656d432190a9e1276d1ca1826,"This class provides an iterator for traversing a sequence of documents or document parts, allowing for sequential access and retrieval of the next available document.",Document Iteration,Iterator,,,588,521,79
exist-core/src/main/java/org/exist/dom/persistent/ExtArrayNodeSet.java,org.exist.dom.persistent.ExtArrayNodeSet$CollectionIterator,54639d66abefbd044f3a787c63ea5b3f19228576b5034ec73d5c9ab5b324b768,"This class provides an iterator that wraps another iterator, allowing iteration over a collection of collections.",Collection iteration,Adapter,Iterator,,530,515,86
exist-core/src/main/java/org/exist/dom/persistent/ExtArrayNodeSet.java,org.exist.dom.persistent.ExtArrayNodeSet$Part,54680104c184473b2adf7c2dcf28c4af7ab513e0c9baeb79716e5676340acb33,"This class manages a collection of node proxies, providing functionality to add, retrieve, check for existence, sort, and identify relationships (parent-child, descendant) with other nodes. It also handles duplicate removal and determines index types based on its contents.",Node collection,Collection,Composite,Strategy,832,1462,135
exist-core/src/main/java/org/exist/dom/persistent/ExtArrayNodeSet.java,org.exist.dom.persistent.ExtArrayNodeSet$ExtArrayIterator,9f992e294fee352aaf35446983d11bf45760a2dd7bf5227346c0039218133f41,"This class iterates over a collection of data parts, providing sequential access to nodes and items within those parts.",Sequence Traversal,Iterator,Composite,,538,663,90
exist-core/src/main/java/org/exist/dom/persistent/ExtArrayNodeSet.java,org.exist.dom.persistent.ExtArrayNodeSet,9579aa8138b39ecf0ea0eef5bb544a906a7de7bde2dda09cc4832fa9b27da02d,"This class provides an efficient array-based implementation for managing sets of nodes and documents, with features for maintaining order and handling duplicates. It allows for unordered storage during initial population and offers methods to sort and de-duplicate the set before iteration or specific query operations.",Node Set,Collection,Abstract Factory,Composite,837,3630,138
exist-core/src/main/java/org/exist/dom/persistent/DocumentTypeImpl.java,org.exist.dom.persistent.DocumentTypeImpl,4e7c91721d6733f64013289e6398ebd021b2663b2f53c36f6f967f98fb3e71c6,"Represents a document type, storing its name, public ID, and system ID, and providing access to its entities and notations.",Document Type,Value Object,Data Transfer Object,,610,700,97
exist-core/src/main/java/org/exist/dom/persistent/DocumentMetadata.java,org.exist.dom.persistent.DocumentMetadata,9864de5798bb8113c29bab91f881f87f285917c81fd4f392b4e83ff65ce8a98f,"This class holds and manages metadata associated with a document, including timestamps, MIME type, page count, and lock information. It is deprecated and its functionality is being migrated to `DocumentImpl`.",Document Metadata,Data Transfer Object,Value Object,,646,1085,110
exist-core/src/main/java/org/exist/dom/persistent/LockToken.java,org.exist.dom.persistent.LockToken$LockType,d04f25d21583ed641507e3896470f12fab366c275bb4c3efc3bf0c53b37f9217,"This enum defines different types of locks that can be applied, including no lock, a write lock, and a state where the lock type is not set. It also provides functionality to retrieve the byte representation of each lock type and to find a lock type based on its byte value.",Locking mechanism,Enum Type,,,672,497,109
exist-core/src/main/java/org/exist/dom/persistent/LockToken.java,org.exist.dom.persistent.LockToken$LockDepth,05a92de5f9e1e367daf81dca02de27bbf76d8a5e6b7f709b8ffe7562e4529c7b,"This code defines an enumeration for lock depths, providing a byte representation for each depth level and a method to retrieve an enum value from its byte representation.",Lock Depth,Enum,,,601,499,81
exist-core/src/main/java/org/exist/dom/persistent/LockToken.java,org.exist.dom.persistent.LockToken$LockScope,b0534c5b2a723c985ac9652ddd1cc364566cf79caeab976631ab10e955d2d292,"This enumeration defines different types of lock scopes (NONE, EXCLUSIVE, SHARED, NOT_SET) and provides functionality to convert byte values to their corresponding enum representations.",Lock scope definition,Enumeration,,,594,520,87
exist-core/src/main/java/org/exist/dom/persistent/LockToken.java,org.exist.dom.persistent.LockToken$ResourceType,afa69a634f2e30a9f755138ad00b4f5f736e55f8981d8fd2b3e234b0771624f5,"Defines a set of enumerated resource types, each associated with a specific byte value, and provides functionality to retrieve a ResourceType based on its byte representation.",Type Enumeration,Enum,,,603,479,83
exist-core/src/main/java/org/exist/dom/persistent/LockToken.java,org.exist.dom.persistent.LockToken,eb61dde739dcbb00479a7f2e5d532cc41ed613749b3a5c198b242baf84bd2941,"This class represents the details of a WebDAV lock, including its type, depth, scope, owner, timeout, and a unique opaque token. It provides functionality to generate and serialize lock token information.",Lock token,Value Object,Immutable,,658,1361,109
exist-core/src/main/java/org/exist/dom/persistent/XMLUtil.java,org.exist.dom.persistent.XMLUtil,d75006fa6dcbfcab6db3618aba35e12f2ecd71bfeab3157ddb07187b1f3f8831,"This class provides a collection of static utility methods for processing and manipulating XML and related string data, including serialization, encoding/decoding of attribute markup, file reading, and value parsing.",XML Utilities,Utility Class,,,626,1055,89
exist-core/src/main/java/org/exist/dom/persistent/AbstractArrayNodeSet.java,org.exist.dom.persistent.AbstractArrayNodeSet,c568d0885db99178afd6194561da27109b0f4197f36f7b37c3e71cafbcdaabb1,"This abstract class provides a base implementation for managing a collection of nodes, focusing on efficient storage and retrieval, particularly for array-like structures, and offers functionality for sorting, merging duplicates, and managing state changes.",Node Collection,Template Method,Abstract Class,Interface Segregation,662,1920,131
exist-core/src/main/java/org/exist/dom/persistent/NodeHandle.java,org.exist.dom.persistent.NodeHandle,17f4153825181d3026e2cc049351632a104f7c1b4fa1e83f48e8b76ae76fa12e,"This interface defines a handle to a document node, providing methods to set and retrieve its unique identifier and internal storage address within the database.",Node handle,Interface,Accessor,,491,482,95
exist-core/src/main/java/org/exist/dom/memtree/InMemoryXMLStreamReader.java,org.exist.dom.memtree.InMemoryXMLStreamReader$InScopeNamespaces,3953d1eda52e4d905506967aa571e69b7c12f99e6d5a51acfcdcffd3890235a6,Manages a collection of in-scope XML namespaces using a reference counting mechanism for efficient access and management.,Namespace Management,Value Object,Repository,,587,704,90
exist-core/src/main/java/org/exist/dom/memtree/InMemoryXMLStreamReader.java,org.exist.dom.memtree.InMemoryXMLStreamReader,fe75d48cc3a3b2f08027043000215b0d9393cc6214728cd728a6088cb22664c3,"This class implements a StAX XMLStreamReader that operates on an in-memory DOM representation of an XML document, providing an alternative to reading from persistent storage.",XML Parsing,Adapter,State,Strategy,527,2024,117
exist-core/src/main/java/org/exist/dom/memtree/DocumentBuilderReceiver.java,org.exist.dom.memtree.DocumentBuilderReceiver,ac60c570c152dba75c8d990aecceb96eb452b418f291b7ee5a8a373d9a786bf2,"This class acts as a SAX receiver, transforming XML events into an in-memory Document Object Model (DOM) tree.",DOM Builder,Adapter,Builder,Visitor,551,2423,110
exist-core/src/main/java/org/exist/dom/memtree/DocumentImpl.java,org.exist.dom.memtree.DocumentImpl,4e655d69d162c48a7815c53433b090fdc0a9404ac9c77d3ddd51018b6dfb5166,"This class represents an in-memory XML document, storing its nodes and associated data in arrays for efficient access and manipulation. It supports operations like adding nodes, attributes, and namespaces, as well as querying and serializing document fragments, with the ability to handle references to external nodes.",Document Management,Data Structure Array,Node Representation,DOM Interface,619,5579,145
exist-core/src/main/java/org/exist/dom/memtree/CDATASectionImpl.java,org.exist.dom.memtree.CDATASectionImpl,ac521d6e3949a55fbb80208bbfea8058e56f833d1aab5ec68c8382beafcf829f,"This class represents a CDATA section within an XML document, providing methods for accessing and manipulating its text content.",CDATA Section,Value Object,Immutable Value,,533,630,92
exist-core/src/main/java/org/exist/dom/memtree/ProcessingInstructionImpl.java,org.exist.dom.memtree.ProcessingInstructionImpl,adc7322cb5871cea020eefdc3adeca41b56208c425dc5c91f2669adfe31aceb9,"This class represents a processing instruction node within a document, allowing for the storage and retrieval of processing instruction data, as well as its conversion to an atomic string value.",Processing Instruction,Composite,Node,Value Object,528,850,119
exist-core/src/main/java/org/exist/dom/memtree/ReferenceNode.java,org.exist.dom.memtree.ReferenceNode,14da266ab4e4890d0937fb1c6cde5a1967ed39aff6719fe62e465fd74fc05399,"Represents a node in a document that refers to another node, providing access to its properties and enabling attribute and child selection based on node tests.",Node Reference,Abstract Document Element,Node Traversal,Attribute Selection,634,718,119
exist-core/src/main/java/org/exist/dom/memtree/InMemoryNodeSet.java,org.exist.dom.memtree.InMemoryNodeSet,299ceadb3e549b12c229c09ea9b5a3df0f200831e786833b54a34c64bb60cf8d,"This class represents an in-memory collection of nodes, providing methods to navigate and filter these nodes based on various relationships like children, descendants, ancestors, and siblings, as well as attribute and self-axis traversals.",Node collection,Collection,Value Object,,532,699,113
exist-core/src/main/java/org/exist/dom/memtree/MemTreeBuilder.java,org.exist.dom.memtree.MemTreeBuilder,cc766022b53da2641258f0bdc6555af7a9c00a3f9522cdd4c94baafe30cf4bb6,"This class builds an in-memory representation of an XML DOM document, handling the creation and organization of elements, text, comments, attributes, and other XML nodes.",DOM Builder,Builder,Composite,Document Object Model,638,2175,120
exist-core/src/main/java/org/exist/dom/memtree/ElementImpl.java,org.exist.dom.memtree.ElementImpl,e3ead851f33f6e63225c7c4e2f9d63dc3b539b938574670139c255e1e3826ea0,"This class represents an element within an XML document, handling its tag name, attributes, and child nodes, and supporting operations for querying and manipulating these aspects, including XPath-based selections.",Element Representation,Composite,Node,Attribute,577,2143,122
exist-core/src/main/java/org/exist/dom/memtree/NodeImpl.java,org.exist.dom.memtree.NodeImpl$SingleNodeIterator,2b1f4e66806dd4ee62022ced4ab012418cb0207938d0ea3b9e4cf8435f1c15da,"This class is an iterator designed to traverse a sequence containing a single node, providing methods to check for the next element, retrieve the current element, and manage skipping elements.",Node Iteration,Iterator,Single Element,,572,571,104
exist-core/src/main/java/org/exist/dom/memtree/NodeImpl.java,org.exist.dom.memtree.NodeImpl,39d4d37759a324bb07862ec2d89d83261bfab417cd26dfa45f8fa5ae0548fe17,"Represents an abstract node within a document, providing core functionality for node manipulation, value retrieval, and document traversal, while also supporting XPath-related operations and serialization.",Node Representation,Abstract Base Class,Value Object,Interface Implementation,739,4762,122
exist-core/src/main/java/org/exist/dom/memtree/DOMImplementationImpl.java,org.exist.dom.memtree.DOMImplementationImpl,eec276b9c28147d29bd8d4d59c7d03821f1530fe9a2fb9c729c46c18885c541b,"This class implements the DOMImplementation interface, providing methods to create new XML documents, document type definitions, and to query feature support.",DOM creation,Factory,Facade,,614,651,94
exist-core/src/main/java/org/exist/dom/memtree/CommentImpl.java,org.exist.dom.memtree.CommentImpl,0b4346de37b773d49faa7cd904ef0159cccc1c87f05c23d3c8dba9f6516d3930,"This class represents an XML comment node within a document, providing methods to access its string value and type, and encapsulating its data as an atomic string.",XML Comment,Value Object,Proxy,,476,511,100
exist-core/src/main/java/org/exist/dom/memtree/TextImpl.java,org.exist.dom.memtree.TextImpl,aaf1ded16844c9927fc8b9ef4e4d59581c9b57225b4e6f30b3ca7880da80b8bc,"This class represents a text node within a document, providing functionality to manipulate and retrieve its text content, including splitting and replacing the entire text.",Text Node,Adapter,Composite,,553,582,96
exist-core/src/main/java/org/exist/dom/memtree/AppendingSAXAdapter.java,org.exist.dom.memtree.AppendingSAXAdapter,92e034e785b459dbd75b68b7a5e8946ee6b3f2d1a44faa2ac61deaf841f57cc6,This class is an adapter that modifies the behavior of a SAX adapter to always allow appending to it by disabling the start and end document events.,XML Appending,Adapter,,,617,585,81
exist-core/src/main/java/org/exist/dom/memtree/NamespaceNode.java,org.exist.dom.memtree.NamespaceNode,6321664e579ae76bad9a0d52a7ffbbcead403981bb136e4efa5efbe089b4a301,"This class represents a dynamically constructed namespace node, used to track namespace declarations within elements, and it can be treated as a standard attribute.",Namespace tracking,Node Abstraction,Attribute Implementation,,398,862,98
exist-core/src/main/java/org/exist/dom/memtree/SAXAdapter.java,org.exist.dom.memtree.SAXAdapter,52c27990eddc4f951748f4a9564694e7cbbb3b010828050fc334c70fd9466da2,"This class acts as an adapter to build an in-memory document object model (DOM) from a SAX event stream, managing namespace declarations and handling character data, comments, and processing instructions.",XML Parsing,Adapter,Builder,,504,1629,107
exist-core/src/main/java/org/exist/dom/memtree/DocumentFragmentImpl.java,org.exist.dom.memtree.DocumentFragmentImpl,618a8bc1babdb267ea5910013075b9328b6756762d76be591bb6250e3493394b,"Represents a lightweight fragment of a document, capable of holding a collection of nodes that can be inserted into a parent document.",Document fragment,Node,Composite,,515,708,93
exist-core/src/main/java/org/exist/dom/memtree/AbstractCharacterData.java,org.exist.dom.memtree.AbstractCharacterData,de15a07534b5fd277509b1e0bd36157ff50c402b198f9a374fa218bd6ccb90f7,"This class provides foundational operations for managing character data within a document, including methods for retrieving, modifying, and selecting character-based information.",Character Data Management,Abstract Base Class,Template Method,Visitor,560,1140,116
exist-core/src/main/java/org/exist/dom/memtree/AttrImpl.java,org.exist.dom.memtree.AttrImpl,387fecbf8c4d7fefd3dda316207fa8e8913ea736b46ab1de160982bf9de76f56,"Represents an attribute within a document, providing methods to access and manipulate its name, value, type, and relationship to its owner element and parent node, while also supporting XPath-based node selections.",Attribute Node,Composite,Visitor,Node,575,1174,125
exist-core/src/main/java/org/exist/dom/memtree/DOMIndexer.java,org.exist.dom.memtree.DOMIndexer,6e885a56ad09f19dac97652d0fb1cfd19aeeb0f62128057a65c08443e1a2357a,"This class facilitates the efficient persistence of in-memory document fragments by directly writing them to a temporary database document, bypassing slower serialization methods.",Document Persistence,Value Object,Data Transfer Object,,608,1191,98
exist-core/src/main/java/org/exist/dom/NamedNodeMapImpl.java,org.exist.dom.NamedNodeMapImpl$IndexedHashMap,be9a0b2563d83d543b80ae1e064dce03b7305524eec05559874e73018be2693a,"This class provides a map-like data structure that maintains both key-value associations and an ordered list of keys, allowing for retrieval of values by key or by their position in the order.",Ordered Map,Composite,Decorator,,552,651,106
exist-core/src/main/java/org/exist/dom/NamedNodeMapImpl.java,org.exist.dom.NamedNodeMapImpl,496959033302edaa4792c1ead527c3c405a88873a777c6236a419039fc5caed5,"This class manages a collection of named nodes, supporting retrieval, addition, and removal of nodes by name or namespace, and provides indexed access to the nodes.",Node management,Collection,Map,,495,1104,99
exist-core/src/main/java/org/exist/dom/INodeHandle.java,org.exist.dom.INodeHandle,2baded9d0085ac3f6578bc2b5e6c318490fa19ff23969ac2f380e4c44294c9c4,"This interface defines a contract for objects representing nodes within the eXist database, supporting both persistent and in-memory document structures.",Node Representation,Interface,Abstraction,,472,636,94
exist-core/src/main/java/org/exist/dom/TypedQNameComparator.java,org.exist.dom.TypedQNameComparator,412a16e04ff9768225f9904e265e926509a33cd96000d77cce7a1f868de29791,"This class provides a custom comparison logic for `QName` objects, ensuring that their `nameType`, namespace URI, and local name are considered during comparison.",QName Comparison,Strategy,,,491,507,84
exist-core/src/main/java/org/exist/dom/INode.java,org.exist.dom.INode,7478cc579d055b021be3172fd8ce465cb879206ffaac5266f5e30e0a3cb06905,"Represents a generic node within the eXist database, supporting both persistent and in-memory documents and implementing standard DOM Node functionalities.",Node representation,Interface Segregation,Comparable,,512,629,97
exist-core/src/main/java/org/exist/dom/QName.java,org.exist.dom.QName$PartialQName,f45ebef1775d3cba750de442e91a5c79b7767066a06a1b1c4494ec4514bcff1a,"This interface defines a partial qualified name, serving as a marker for elements that represent an incomplete version of a fully qualified name.",Partial name,,,,419,372,56
exist-core/src/main/java/org/exist/dom/QName.java,org.exist.dom.QName$WildcardQName,04092fe601cb3f9b95e0c5440fc224b5e9e1c13f0c7946fc70909abb710d3404,"This class represents a wildcard qualified name, providing a singleton instance for this specific type of name.",Wildcard name,Singleton,,,435,424,71
exist-core/src/main/java/org/exist/dom/QName.java,org.exist.dom.QName$WildcardNamespaceURIQName,5b8053012095e6092bc38f0977192297ccad0bec4ada72d688aa835ac0e44bbe,"This class represents a qualified name (QName) where the namespace URI is treated as a wildcard, allowing for broader matching in certain contexts.",Wildcard matching,Value Object,Decorator,,498,426,98
exist-core/src/main/java/org/exist/dom/QName.java,org.exist.dom.QName$WildcardLocalPartQName,8f4c14848fba4734d6d4d120d06abea62dccbfe0f45cf6e888011b1ce312474f,"This class represents a qualified name where the local part is a wildcard, allowing for matching any local name within a specific namespace. It provides methods to construct such names and parse them from a given prefix using a provided context for namespace resolution.",Namespace Parsing,Factory,Value Object,,817,851,116
exist-core/src/main/java/org/exist/dom/QName.java,org.exist.dom.QName$Validity,a19ca216accffdb97d706a7f58e01f10e7537919c80d1896d7bf950898071def,"This class defines a set of enumerated constants representing different validation states for a particular type of data, each with an associated byte value.",Validation States,,,,378,455,57
exist-core/src/main/java/org/exist/dom/QName.java,org.exist.dom.QName$IllegalQNameException,4c334e6350d422ee3da11ab6c8920dc38bc6ed09df3d25c33225c62667040c44,"This class represents an exception that is thrown when a qualified name (QName) is invalid, carrying information about the nature of the invalidity.",Exception Handling,,,,358,446,60
exist-core/src/main/java/org/exist/dom/QName.java,org.exist.dom.QName,d23e07ba4e7d8887ef298bb930d47ebb59ad887021af35f359cfb9b9347aaeff,"This class represents a qualified name (QName), which is a combination of a local name, a namespace URI, and an optional prefix, enabling unique identification of elements and attributes within XML documents or similar structured data formats.",Name representation,Value Object,Immutable,Flyweight,883,3920,131
exist-core/src/main/java/org/exist/dom/NodeListImpl.java,org.exist.dom.NodeListImpl,95b8296a82c22e81654915cc83f76887eed5621d14ed695ba7b385e47c0f967a,"Manages a collection of Node objects, providing methods to add nodes and retrieve them by their position.",Node Collection,Collection,List,,470,655,88
exist-core/src/main/java/org/exist/util/Stacktrace.java,org.exist.util.Stacktrace,8faabb8ab7ec75fd713f2c2791ab9adafe1bd7e982ce37ed5dd514c47117b492,"Provides utility methods for processing and formatting stack traces, allowing for extraction of specific portions and their conversion into human-readable string representations.",Stacktrace manipulation,Utility,,,511,920,78
exist-core/src/main/java/org/exist/util/crypto/digest/MD2StreamableDigest.java,org.exist.util.crypto.digest.MD2StreamableDigest,87bb604b6c14033fde3cbb821aad819b344706ad5513d1d1251c1f26a906a639,"This class provides an implementation for a streamable MD2 digest, allowing for the incremental update and retrieval of a cryptographic hash.","Hashing, Digesting",Adapter,State,,475,680,95
exist-core/src/main/java/org/exist/util/crypto/digest/DigestOutputStream.java,org.exist.util.crypto.digest.DigestOutputStream,67380bcd561fa6927aae7ac543dc3bf6a20cce47e5d6495333da4ba46f4f395e,"This class acts as a wrapper around an existing output stream, calculating a cryptographic digest of all data written through it.",Data Digesting,Decorator,Adapter,,478,632,92
exist-core/src/main/java/org/exist/util/crypto/digest/MessageDigest.java,org.exist.util.crypto.digest.MessageDigest,5ca2e222b1a9a4db5c88db453e8f1cc03b8416ee887cb9ba372ecc0bcd10c98f,"Represents a message digest, storing its type and byte value, and providing methods to access and represent this data.",Message digest,,,,400,665,54
exist-core/src/main/java/org/exist/util/crypto/digest/Blake160StreamableDigest.java,org.exist.util.crypto.digest.Blake160StreamableDigest,fe717988bc8f7d30f7cb871b9adbaaba7b32294f79ad7fca529dcd33873a2d4f,"This class provides a streamable interface for calculating a 160-bit Blake2b cryptographic digest, allowing data to be processed in chunks.",Cryptographic Digest,Adapter,Streamable Interface,,592,670,101
exist-core/src/main/java/org/exist/util/crypto/digest/RIPEMD256StreamableDigest.java,org.exist.util.crypto.digest.RIPEMD256StreamableDigest,56aa0cfdaf60bb3fead821ac883ff3fc07bbe1265c60be9f2154f724d4fb969b,"This class implements a streamable digest for the RIPEMD256 hashing algorithm, allowing for incremental updates and retrieval of the message digest.","Hashing, Streamable",Adapter,State,,535,681,99
exist-core/src/main/java/org/exist/util/crypto/digest/Blake512StreamableDigest.java,org.exist.util.crypto.digest.Blake512StreamableDigest,3dd3820a4a82883b8e78f3fba3a309b2cd77cae2d43da07eef6c638f45d6e917,"This class implements a streamable digest for the Blake2b 512-bit hashing algorithm, allowing data to be processed in chunks for generating a message digest.",Hashing/Digest,Adapter,State,,615,656,103
exist-core/src/main/java/org/exist/util/crypto/digest/MD4StreamableDigest.java,org.exist.util.crypto.digest.MD4StreamableDigest,d5142402590c4b5e26335f5264511bc2217c3fb28d3537869e3f56e121102871,"This class provides an implementation of the MD4 message digest algorithm that can be updated incrementally with streams of data, allowing for the calculation of a cryptographic hash over potentially large inputs without loading the entire input into memory at once. It supports updating the digest with individual bytes or byte arrays, copying the digest's current state, and resetting it for new calculations.",Stream Hashing,Adapter,State,,716,685,140
exist-core/src/main/java/org/exist/util/crypto/digest/DigestInputStream.java,org.exist.util.crypto.digest.DigestInputStream,64119af3d719e4afdc699cde4b32003f57bd71908af0e119d6c8225578bddabd,"This class extends an input stream to compute a digest (like a checksum or hash) of the data as it is read. It wraps an existing input stream and intercepts read operations to update the digest calculation, providing the computed digest upon request.",Digest calculation,Decorator,Adapter,,713,751,116
exist-core/src/main/java/org/exist/util/crypto/digest/SHA256StreamableDigest.java,org.exist.util.crypto.digest.SHA256StreamableDigest,bcdbd5ffb44986b678f5fa7d3b645c57611831fd30debad61e87f7b9791e38f8,"This class implements a streamable digest for SHA-256, allowing incremental updates and retrieval of the message digest.",Hash computation,Adapter,Decorator,,447,650,92
exist-core/src/main/java/org/exist/util/crypto/digest/MD5StreamableDigest.java,org.exist.util.crypto.digest.MD5StreamableDigest,4f7c880438073daf62525051fcfb077271c49f3ea133c72dd651876b7e7229a1,"This class implements a streamable message digest using the MD5 algorithm, allowing data to be processed in chunks for calculating a hash.",Streamable digest,Adapter,Proxy,,532,646,95
exist-core/src/main/java/org/exist/util/crypto/digest/DigestType.java,org.exist.util.crypto.digest.DigestType,63fd4098b953647763e99b1b50ca62ab5da93e469454dfd6116322b291d0e3f7,"This enum defines the types of message digests supported, mapping each type to its unique identifier, bit length, and a factory for creating digest instances.",Digest types,Factory,Constant,,570,1373,97
exist-core/src/main/java/org/exist/util/crypto/digest/SHA1StreamableDigest.java,org.exist.util.crypto.digest.SHA1StreamableDigest,031bcb8e67b377f6627d1e88e9723bd14f23bbfc2266825e02f063177a98e9da,"This class implements a streamable SHA-1 cryptographic digest, allowing for incremental updates and retrieval of the message digest. It also supports creating copies of its internal state and resetting for new calculations.",SHA-1 Digest,Adapter,State,,692,636,108
exist-core/src/main/java/org/exist/util/crypto/digest/Blake256StreamableDigest.java,org.exist.util.crypto.digest.Blake256StreamableDigest,5ce5687a5080950fbccbd07a53c45099c65436d3130fab36996cac2cceb20fb8,"This class provides a streamable interface for computing a 256-bit Blake2b cryptographic hash, allowing data to be processed in chunks.",Hash computation,Adapter,State,,612,671,98
exist-core/src/main/java/org/exist/util/crypto/digest/RIPEMD160StreamableDigest.java,org.exist.util.crypto.digest.RIPEMD160StreamableDigest,5c8ba9fc7043e4de1c2c2c20e34deaa49116bd56b8bd1c17e1054ca715e30d49,This class implements the RIPEMD160 cryptographic hash function in a way that allows for incremental updates and copying of the digest state.,Cryptographic Hashing,Adapter,State,,515,639,98
exist-core/src/main/java/org/exist/util/crypto/digest/StreamableDigest.java,org.exist.util.crypto.digest.StreamableDigest,cf3e90f8fdb610f5e49fff293f9c2fe5b8f532c6d520b4d624e460020f719440,"This interface defines the contract for objects that can compute a message digest from a stream of data, allowing for incremental updates and retrieval of the digest in various forms.",Message Digest,Interface,Strategy,,609,924,100
exist-core/src/main/java/org/exist/util/crypto/digest/SHA512StreamableDigest.java,org.exist.util.crypto.digest.SHA512StreamableDigest,831f7e0ed03d4722076e0c8fcd1c27852bcb32a9d66e442a759ff20253e44fbd,"This class provides a streamable implementation for SHA-512 cryptographic hashing, allowing data to be processed in chunks for calculating a message digest.",Message Digest,Adapter,Strategy,,491,673,97
exist-core/src/main/java/org/exist/util/ByteArrayPool.java,org.exist.util.ByteArrayPool$PoolThreadLocal,164c3f26edb0e7a3685de38cbf767dd106cf4becdb7f76d8b4c401560a2fb127,Provides a thread-local storage for a pool of two-dimensional byte arrays.,Thread-local pooling,ThreadLocal,,,519,422,70
exist-core/src/main/java/org/exist/util/ByteArrayPool.java,org.exist.util.ByteArrayPool,eef9b66913f4252f7dd66a0fe4b3145946325cd51931ec648658f4dcbc8ad18e,"Manages a pool of reusable byte arrays to optimize memory usage during document parsing, specifically for small byte chunks generated from DOM nodes.",Byte array pooling,Object Pool,ThreadLocal,,554,653,97
exist-core/src/main/java/org/exist/util/HeapSort.java,org.exist.util.HeapSort,087609c7782e0f8bb0b5d7fd6c1b051de80b6df14f5842ab8ffe310ee9b7d87a,"This class provides various overloaded methods to sort arrays and lists of different types (comparable objects, longs, and NodeProxy objects) using a heap sort algorithm. It includes overloaded 'sort' methods that can take a Comparator or an auxiliary array for sorting, and internal 'fixHeap' methods to maintain the heap property during the sorting process.",Sorting Algorithm,Strategy,Object Pool,Flyweight,635,1349,155
exist-core/src/main/java/org/exist/util/ByteArray.java,org.exist.util.ByteArray,1261709779da2fe15d6e79d1b54ca374bed1d10a84047dc5e5b30d8643985237,"This interface defines operations for managing and manipulating sequences of bytes, including setting the length, copying data to various destinations, and appending new bytes or byte arrays.",Byte sequence,Value Object,Interface,,693,740,100
exist-core/src/main/java/org/exist/util/XQueryFilenameFilter.java,org.exist.util.XQueryFilenameFilter,c599156de52cc9ef964aa41e25601bbc129ffe68dec9f935fac817d805325498,This class acts as a filter to identify files that are specifically of the 'application/xquery' media type and are not XML files.,File Filtering,Strategy,Filter,,611,540,96
exist-core/src/main/java/org/exist/util/ProgressIndicator.java,org.exist.util.ProgressIndicator,2d4fef2f7bb43afae72d0ee316b48d70d98b1225c7585da11dfc1e1ad93d5b77,"This class tracks and reports progress, typically for long-running operations, by managing a current value against a maximum and notifying observers when a significant change occurs.",Progress Tracking,Observer,,,730,702,82
exist-core/src/main/java/org/exist/util/NamedThreadFactory.java,org.exist.util.NamedThreadFactory,224941a29cd9f6f3903847869108f5bd66aa7ecb9a07a11fab91bc6076b539a5,"This class provides a standard way to create threads with a consistent naming convention, which can include an instance identifier and a base name for clarity.",Thread creation,Factory,,,392,917,79
exist-core/src/main/java/org/exist/util/SingleInstanceConfiguration.java,org.exist.util.SingleInstanceConfiguration,c5e229de707c882d50bc5e36b344e4cbb7cf1442d147c439b332b3a1a1028833,"This class manages the configuration for a single instance of the system, including locating configuration files and determining the web application home directory.",Instance Configuration,Factory,"Singleton (intended, but not implemented)",,636,779,99
exist-core/src/main/java/org/exist/util/CollectionScanner.java,org.exist.util.CollectionScanner,8f5924224e48f1372746cd5bd12b76b7b20faea5269d8ed4cf45e1b8ff1473dd,This class provides functionality to recursively scan XML database collections for resources matching a specified pattern. It supports two overloaded methods: one that returns a new array of matching resources and another that adds matching resources to an existing list.,Resource scanning,Visitor,Facade,,575,515,111
exist-core/src/main/java/org/exist/util/CharSlice.java,org.exist.util.CharSlice,f991776f817921f9c779ef004824133e15a4e526c6f0d6211e754fbb577ffee1,"This class provides an efficient, immutable view of a character array, allowing operations like length retrieval, character access, and substring extraction without creating new arrays, thus optimizing memory usage and performance by avoiding unnecessary data copying.",Character view,Value Object,Immutable,Flyweight,765,1704,129
exist-core/src/main/java/org/exist/util/ValueOccurrences.java,org.exist.util.ValueOccurrences,9e213895de92a4f8939650eb6bfa8190ab234c7a8ba226bd5c671e06a8a86924,"This class tracks the occurrences of a specific atomic value and the set of documents in which it appears, facilitating aggregation and comparison of these counts.",Value tracking,Value Object,Mutable Value,,550,744,98
exist-core/src/main/java/org/exist/util/TraceableStateChange.java,org.exist.util.TraceableStateChange,b4ebdab225ad41b422b69b15b32c0e8d65dea5d68c25fcdd730a4f91c87d660e,"This abstract class represents a recorded change in the state of an object, along with information about the change itself, the state before the change, and the thread that performed the change. It provides a mechanism to trace and understand how the state evolved over time.",State tracking,Value Object,Immutable,,660,585,120
exist-core/src/main/java/org/exist/util/LockException.java,org.exist.util.LockException,f890fbef51520c16d25860d152ab46c9fcc9cef77dc4dee10e149a5aaafbc823,This class defines a custom exception to signal issues related to locking mechanisms within the application.,Error Handling,,,,376,453,48
exist-core/src/main/java/org/exist/util/DeadlockException.java,org.exist.util.DeadlockException,c1edb35d5b4fab43632eca58fd2752b0119c2bc0aa8abdfc63b3898784fed0ec,"This class represents a specific type of exception that is thrown when a deadlock occurs, indicating a situation where two or more processes are unable to proceed because each is waiting for the other to release a resource.",Error Handling,Exception Hierarchy,,,528,431,92
exist-core/src/main/java/org/exist/util/StringInputSource.java,org.exist.util.StringInputSource,73b58b24076dd0faab9ff010ac85b12d8525f57cfeb411ad7483699c4814a1e9,"Provides an input source for the system, allowing data to be read as either a string or a byte array.",String source,Adapter,Value Object,,554,892,91
exist-core/src/main/java/org/exist/util/SSLHelper.java,org.exist.util.SSLHelper,ef951d8996d7a5a523baf48da4c86ce72e0f853012c9b9e4703a4a7df527793e,"This class provides utility methods to configure HttpsURLConnection for environments where SSL certificate validation or hostname verification needs to be bypassed, typically for development or testing purposes.",SSL Configuration,Helper,Utility,,531,766,99
exist-core/src/main/java/org/exist/util/FileUtils.java,org.exist.util.FileUtils$CopyDirVisitor,68904e7ea0f60acfde1d2155963c3f7e918603b4a4583d0097e9514fb3077454,This class facilitates the recursive copying of a directory and its contents from a source path to a destination path. It handles the creation of directories and the copying of files while preserving the directory structure.,Directory Copying,Visitor,File Traversal,,572,559,109
exist-core/src/main/java/org/exist/util/FileUtils.java,org.exist.util.FileUtils$DeleteDirVisitor,c05e187ecf5ffcef519600726b1266a7bc53a278dad259b807c845c257a56d90,This class is responsible for recursively deleting a directory and its contents during a file system traversal.,Directory deletion,Visitor,,,372,495,69
exist-core/src/main/java/org/exist/util/FileUtils.java,org.exist.util.FileUtils$DirSizeVisitor,ad51764fa9d6c8c3f39ae12381f980531f80edaac72c58a2993613be120bb1f6,This class traverses a file system and calculates the total size of all files visited.,File Size Aggregation,Visitor,,,393,489,69
exist-core/src/main/java/org/exist/util/FileUtils.java,org.exist.util.FileUtils,7b68d60cd64c23135429684f43f65080189f392a7af288ba8f7653df450508b5,"Provides utility methods for performing various file and directory operations, including conversion, copying, deletion, size calculation, and path manipulation.",File System,Utility Class,Helper Methods,,573,4146,95
exist-core/src/main/java/org/exist/util/LongLinkedList.java,org.exist.util.LongLinkedList$ListItem,04ea9c4e179701c31c608634fbde83c25ed15bf6c38673911c8634398eef8b5a,"This class represents a node in a doubly linked list, storing a long value and references to the next and previous nodes.",List Node,Value Object,Comparable,,556,519,93
exist-core/src/main/java/org/exist/util/LongLinkedList.java,org.exist.util.LongLinkedList$LongLinkedListIterator,be0ca0d730647795900fb2920edd5653a324f0fc5534b8d1282138316370055b,Provides a mechanism to traverse a linked list and access its elements sequentially.,List traversal,Iterator,,,357,501,65
exist-core/src/main/java/org/exist/util/LongLinkedList.java,org.exist.util.LongLinkedList,fd19808ff0d6e5bec448cb9b03ebcbc70075077bcbffe3e3370e9e9543951ae0,"This class implements a doubly linked list that stores long integer values. It provides methods for adding elements, retrieving the size, accessing the first and last elements, checking for the presence of a value, removing the first element, and iterating through the list.",Linked List,Collection,Iterator,,514,872,118
exist-core/src/main/java/org/exist/util/TraceableStateChanges.java,org.exist.util.TraceableStateChanges,0957869261a4af12daaf2f17508f3ab6b031aed9535bfda673002caf3486c0de,"This class maintains a history of state changes, allowing for the addition, clearing, duplication, and logging of these changes.",State History,Observable,Memento,,576,777,92
exist-core/src/main/java/org/exist/util/UTF8.java,org.exist.util.UTF8,5203c178b41af18a7316be7721a4a69e87b3496a46a42ca28ae976ac9d24c47d,This class provides static utility methods for encoding and decoding strings to and from the UTF-8 byte representation.,UTF-8 Encoding,Utility Class,Static Factory,,504,2332,93
exist-core/src/main/java/org/exist/util/Lockable.java,org.exist.util.Lockable,17b0e490c17384ba1f2e031e8e6aef1cbd1a0fc2f06dc8f490c8b29899e231fa,"This interface defines a contract for objects that can be locked, providing a way to retrieve their lock name.",Locking mechanism,Interface,Marker Interface,,432,418,91
exist-core/src/main/java/org/exist/util/Compressor.java,org.exist.util.Compressor,d60665dbd372f556ba1764d049b73de4d42243b0111e8906b3f3d826db8d9efd,"This class provides functionality to compress and decompress byte arrays using GZip. It offers methods for direct compression and decompression of byte arrays, as well as decompression into an output stream. The utility is designed to be efficient with larger data sets due to GZip's overhead.",Data Compression,Utility Class,Facade,,714,994,124
exist-core/src/main/java/org/exist/util/HSort.java,org.exist.util.HSort,ea1df215a2deac9f302f605671a1938e470f1cf5f3496101843e7ab69a98d2a4,"This class provides a flexible implementation of Floyd's heapsort algorithm, capable of sorting various data types, including arrays of comparable objects, lists, primitive long arrays, and specialized NodeProxy objects, with options for custom comparators and associated data arrays.",In-place sorting,Heap,Comparison Sort,,570,1132,121
exist-core/src/main/java/org/exist/util/serializer/AbstractSerializer.java,org.exist.util.serializer.AbstractSerializer,bdf9c66eaf139136f4cb680f6a4b5de07763a5572782c48152d8bb8241ef1f75,"This class provides a common foundation for different types of serializers, handling the setup and configuration of various output formats like XML, XHTML, JSON, and HTML.",Serialization base,Template Method,Strategy,,500,812,100
exist-core/src/main/java/org/exist/util/serializer/SerializerPool.java,org.exist.util.serializer.SerializerPool,fb6a234dc401b5d9ba500cf56f445ffd2e722dec66d9dc25c16b5d1fb5ec68a9,"This class manages a pool of serializer objects, providing a mechanism to borrow and return serializer instances based on their class type, ensuring efficient reuse of resources.",Object Pooling,Object Pool,Singleton,,490,695,99
exist-core/src/main/java/org/exist/util/serializer/AttrList.java,org.exist.util.serializer.AttrList,78f661c58ca6d438aeb3eb5090932b5e7024b766431c14d0a5311299912e0239,"This class represents a collection of attributes for an XML element, storing their names, values, types, and associated node identifiers.",Attribute List,Value Object,Collection,,541,787,94
exist-core/src/main/java/org/exist/util/serializer/XHTML5Writer.java,org.exist.util.serializer.XHTML5Writer,364d12950134a9c56e84b05456f41c2b78eff2047ee8fb4df0ed782a019fcef9,"This class is responsible for generating well-formed XHTML5 output, specifically handling elements that do not require closing tags and defining which tags are considered inline elements.",XHTML5 Output,Template Method,Strategy,,583,1570,102
exist-core/src/main/java/org/exist/util/serializer/XMLWriter.java,org.exist.util.serializer.XMLWriter$XMLDeclaration,db75a183bd9052e07f5c836a8a779d07428f136e7decffcf977c99dcf1ad2da5,"This class represents the XML declaration part of an XML document, holding attributes for version, encoding, and standalone status.",XML Declaration,,,,558,423,54
exist-core/src/main/java/org/exist/util/serializer/XMLWriter.java,org.exist.util.serializer.XMLWriter,512c8dcb11eb38eebeb247c4c77b58169823ceaa0261d63b76641093c48b9a45,"This class provides a SAX-like API for writing XML documents to a character stream, handling the intricacies of opening and closing tags, attributes, namespaces, and special character escaping.",XML Serialization,Builder,Writer,State,814,3209,121
exist-core/src/main/java/org/exist/util/serializer/EXISerializer.java,org.exist.util.serializer.EXISerializer,60c51b35d114cf4ca866d8f5c4b95057af9d2e16c4e6b56221a0cfe62684beaa,"This class acts as an adapter, translating SAX events representing XML structure and content into a format suitable for an EXI serializer, ultimately producing a compact binary representation of XML.",EXI serialization,Adapter,ContentHandler,Receiver,646,1891,122
exist-core/src/main/java/org/exist/util/serializer/DOMStreamer.java,org.exist.util.serializer.DOMStreamer$ElementInfo,7c744346d58d8a5d1d11da7070e5de40c891e87ec2c289061fa4c341feb0ff55,This class holds information about an XML element and its associated prefixes.,Element wrapper,,,,402,400,44
exist-core/src/main/java/org/exist/util/serializer/DOMStreamer.java,org.exist.util.serializer.DOMStreamer,c6b01b43c3b0985cfac7ae1015fb613da9de89cb13591bbe83b32f9448103dc4,"This class serializes a DOM (Document Object Model) node and its descendants into a SAX (Simple API for XML) event stream, which can then be processed by SAX handlers.",DOM to SAX,Adapter,Visitor,,510,1098,108
exist-core/src/main/java/org/exist/util/serializer/TEXTWriter.java,org.exist.util.serializer.TEXTWriter,5b7445e49d8bb8ac5ba8a59e267a9a5b8b85a4f5d63b4deb20c88da1651f4488,"This class writes plain text content to an output stream, mimicking the behavior of SAX parsers but ignoring XML-specific elements like tags and attributes to focus solely on the character data.",Plain text writing,Adapter,Template Method,,670,2167,107
exist-core/src/main/java/org/exist/util/serializer/SAXToReceiver.java,org.exist.util.serializer.SAXToReceiver,8e0b1ff4ef911735473d952f9ce0a66723ce99da3f1115cd031748829efd225e,"This class acts as a bridge, translating SAX (Simple API for XML) parsing events into calls to a provided Receiver component, enabling it to process XML data as it's parsed.",XML Event Translation,Adapter,Observer,,592,1364,107
exist-core/src/main/java/org/exist/util/serializer/json/JSONSimpleProperty.java,org.exist.util.serializer.json.JSONSimpleProperty,46e8e7c34d119c69bdc5e0b23874a5f0ebceead33b73f4eccb5503daf6ddd08e,"Represents a simple property within a JSON structure, capable of serializing its name and value into a writer.",Property Serialization,Composite,Visitor,,438,603,90
exist-core/src/main/java/org/exist/util/serializer/json/JSONObject.java,org.exist.util.serializer.json.JSONObject,ae596c0cb0a94a340fbb11125008c04c22c8c2a5d6c22dcc3611bdc7865d359d,"This class represents a JSON object, capable of holding a collection of named JSON nodes and providing methods for adding, finding, and serializing these nodes.",JSON object,Composite,Builder,,526,827,98
exist-core/src/main/java/org/exist/util/serializer/json/JSONNode.java,org.exist.util.serializer.json.JSONNode$SerializationType,023b3feb28790cec862155d04b1c0a63b143dad61de96c6ead2ee533562388bb,"This enumeration defines possible ways to serialize data, either as a single object or as an array of objects.",Serialization format,,,,437,377,52
exist-core/src/main/java/org/exist/util/serializer/json/JSONNode.java,org.exist.util.serializer.json.JSONNode$SerializationDataType,5a7eee0adb464d02e574ffd05793e028f7bb6c4721b0ac3a64252811deda859e,"This enumeration defines the different ways data can be represented during serialization, either as a string or a literal value.",Serialization format,,,,352,379,53
exist-core/src/main/java/org/exist/util/serializer/json/JSONNode.java,org.exist.util.serializer.json.JSONNode$Type,bb55e3485c84490a69965f2ec44bbaa271e17f39691ab5ac0980a112554591df,"This enum defines distinct categories for types, specifically distinguishing between object types, value types, and simple property types.",Type classification,,,,486,382,53
exist-core/src/main/java/org/exist/util/serializer/json/JSONNode.java,org.exist.util.serializer.json.JSONNode,8f72dc063ff43a47e55e2b130680f7794350e2deef1be69a73196d0e5f0b59a3,"This abstract class serves as a base for representing nodes within a JSON structure, providing common attributes and abstract methods for serialization.",JSON Node,Composite,Abstract Factory,Template Method,688,833,111
exist-core/src/main/java/org/exist/util/serializer/json/JSONWriter.java,org.exist.util.serializer.json.JSONWriter,5e284de887bb19848c7fd0061b3d82d7007404d8499532e9b0b68c2bdb8914bf,"This class transforms XML data into JSON format according to a specific set of rules, handling elements, attributes, and text content to produce a JSON structure. It is used when the serialization method is set to JSON.",XML to JSON,Adapter,Builder,Visitor,798,2468,128
exist-core/src/main/java/org/exist/util/serializer/json/JSONSerializer.java,org.exist.util.serializer.json.JSONSerializer,a635e1e43bb80fc8bd7b50658da2dd4b2adcf6fa72ed51c06a5b64cda6152473,"This class is responsible for converting an XQuery sequence into JSON format, enabling structured data representation for external use and configuring the serialization process through output properties.",JSON Serialization,Adapter,Strategy,,581,661,98
exist-core/src/main/java/org/exist/util/serializer/json/JSONValue.java,org.exist.util.serializer.json.JSONValue,296ed79f1e549f116f9169a790e3b7351f978d725cdb5978f5b155612a316fc6,"This class represents a JSON value, which can be a simple string or an empty value. It provides functionality to add and serialize content, with special handling for escaping characters and formatting JSON arrays.",JSON Value,Value Object,Composition,,1509,705,107
exist-core/src/main/java/org/exist/util/serializer/SerializerObjectFactory.java,org.exist.util.serializer.SerializerObjectFactory,2d0661b1a1e329e583464b6a32e26a2d4a9d14d513aef2fc99fa29346afde751,"This factory is responsible for creating and managing serializer objects, ensuring they are properly initialized and can be reused.",Object creation,Factory,Object Pool,,564,550,90
exist-core/src/main/java/org/exist/util/serializer/SAXSerializer.java,org.exist.util.serializer.SAXSerializer,638c680d7c784151029d925636424cc333fd9f60ff0b859cdc3664281c3ef795,"This class acts as a SAX (Simple API for XML) event handler and serializer, translating SAX events into a stream of XML or XHTML output and managing namespace declarations. It forwards processed XML content and events to a configured receiver.",XML Serialization,Adapter,Receiver,State,732,2309,132
exist-core/src/main/java/org/exist/util/serializer/encodings/CharacterSet.java,org.exist.util.serializer.encodings.CharacterSet,431e0395bbdb8457a6a5345e5205bc14ea83a9e7941ce30eb1f283a832678873,This class defines a contract for determining if a given character belongs to a specific set of characters and provides a way to obtain character set instances based on an encoding.,Character Set,Abstract Base Class,Factory Method,,574,427,103
exist-core/src/main/java/org/exist/util/serializer/encodings/Latin1CharSet.java,org.exist.util.serializer.encodings.Latin1CharSet,c0d3acf090ea04c311ae5d473a17ed7c7180126f06d48909f4119e91db5791ed,"This class provides functionality to determine if a character belongs to the Latin-1 character set, which encompasses the first 256 Unicode characters. It acts as a singleton, ensuring only one instance of this character set checker exists.",Character Set,Singleton,,,654,484,97
exist-core/src/main/java/org/exist/util/serializer/encodings/ASCIICharSet.java,org.exist.util.serializer.encodings.ASCIICharSet,86e40710f2036bf93d1c6ab7d906fcae2de19e2c248323ae4239e174b6c340d1,This class represents the ASCII character set and provides functionality to determine if a given character is part of this set.,Character Set,Singleton,,,420,480,73
exist-core/src/main/java/org/exist/util/serializer/encodings/UnicodeCharSet.java,org.exist.util.serializer.encodings.UnicodeCharSet,799580abee2cf94d76c07aeb3a85037a29994dcdf9123f6c83b8c990a9871a16,"This class defines a specific character set representing Unicode characters, providing functionality to check if a character belongs to this set. It also acts as a singleton, ensuring only one instance of this character set is available throughout the application.",Character Set,Singleton,Abstract Factory (implied by CharacterSet),,612,471,119
exist-core/src/main/java/org/exist/util/serializer/encodings/Latin2CharSet.java,org.exist.util.serializer.encodings.Latin2CharSet,bd93b8b3d272350aa245ba8a482f9bca98f9c8a0f0bf2a00b3a3b53af8675973,"This class represents the Latin-2 character set, defining which characters are considered valid within this encoding.",Character set,Singleton,Value object,,529,1648,89
exist-core/src/main/java/org/exist/util/serializer/encodings/KOI8RCharSet.java,org.exist.util.serializer.encodings.KOI8RCharSet,3843ab50668bec0c0718f8f0452e942f9c05b96cb031a334105d44c5b26eed8c,"This class represents the KOI8-R character set, providing functionality to check if characters are within this set, primarily for handling Cyrillic and basic ASCII characters. It adheres to a singleton design to ensure only one instance of this character set is ever created.",Character Encoding,Singleton,Abstract Factory,,672,519,122
exist-core/src/main/java/org/exist/util/serializer/XQuerySerializer.java,org.exist.util.serializer.XQuerySerializer,621e0e1a7e4a932d142e5f19f48cc11ab2b81c017ba635e3f50792b251ee71ae,"This class provides a utility for serializing XQuery results, acting as an abstraction layer over eXist's internal serializers to specifically handle XQuery sequences and output them in formats like XML, JSON, or an adaptive method, while also incorporating compilation and execution timing.",XQuery serialization,Facade,Template Method,Strategy,749,768,141
exist-core/src/main/java/org/exist/util/serializer/HTML5Writer.java,org.exist.util.serializer.HTML5Writer,353ca6c0a3a4601b08b8f2e869a7ec0fb5db747cb5df71fd05c7d54e49e6044a,"This class generates HTML5 output, deviating from strict XHTML well-formedness and specifically handling boolean attributes and empty tags according to HTML5 specifications.",HTML output,Adapter,Builder,Strategy,475,2300,115
exist-core/src/main/java/org/exist/util/serializer/SerializerWriter.java,org.exist.util.serializer.SerializerWriter,a708b27cd6e70519f8ace263d9eb7f959107182338f8525f779c703076e7236a,"This interface defines a contract for classes that serialize data into an XML format. It provides methods for controlling the XML document structure, including document start and end, element and attribute handling, character data, comments, CDATA sections, and document type declarations.",XML Serialization,Visitor,Builder,Strategy,676,1571,135
exist-core/src/main/java/org/exist/util/serializer/MicroXmlWriter.java,org.exist.util.serializer.MicroXmlWriter,03928be38cb616ae78e6d03394e3c80f99b74129aa7a42470ad460e99044da4f,"This class extends an indenting XML writer to handle the processing of XML elements, attributes, and character data by removing prefixes and restricting certain characters before delegating to the superclass.",XML sanitization,Decorator,Adapter,,547,1577,105
exist-core/src/main/java/org/exist/util/serializer/CharacterMappingWriter.java,org.exist.util.serializer.CharacterMappingWriter,81f9ae7fd64b6fe5a460f38aada832b01943cedbfacc214947ad63d2c432735e,This class modifies the output of a serializer writer by replacing specific characters with their mapped string representations during XML serialization.,Character mapping,Decorator,Adapter,,664,1830,90
exist-core/src/main/java/org/exist/util/serializer/AdaptiveWriter.java,org.exist.util.serializer.AdaptiveWriter,22ba503abcbca75f49d1b42402665d81f7e709d633b676a6febf84b041661cca,"This class is responsible for serializing a sequence of items into a string representation, supporting various data types and output formatting options.",Sequence serialization,Adapter,Writer,Strategy,550,801,110
exist-core/src/main/java/org/exist/util/serializer/IndentingXMLWriter.java,org.exist.util.serializer.IndentingXMLWriter,156bfab25fb5fef1fd83fdc2d6a270251d371dc5de5f78e5507d5482f7d3500b,This class extends XMLWriter to provide pretty-printing functionality for XML output by managing indentation and whitespace preservation.,XML Formatting,Decorator,Adapter,,542,1656,89
exist-core/src/main/java/org/exist/util/serializer/AdaptiveSerializer.java,org.exist.util.serializer.AdaptiveSerializer,09f30c405c730f92b4d87988660bbcb9d96cc806eeb80ae443a72fa510d85366,"This class handles the adaptive serialization of sequences according to the XSLT and XQuery Serialization 3.1 specification, managing the underlying writer and item separation.",Data Serialization,Adapter,Strategy,,515,566,100
exist-core/src/main/java/org/exist/util/serializer/ReceiverToSAX.java,org.exist.util.serializer.ReceiverToSAX,4ba9b6af77f226952619bb24d7851237f8acd4671fb500dc6a54bad80151e105,"This class acts as an adapter, translating calls from the `Receiver` interface into corresponding SAX events for a `ContentHandler` and `LexicalHandler`.",SAX Conversion,Adapter,,,498,1478,85
exist-core/src/main/java/org/exist/util/serializer/ExtendedDOMStreamer.java,org.exist.util.serializer.ExtendedDOMStreamer,b23031c977856dcae7c8ed27c5c7cae071c63d1f9b3aff206fa729fa719562e2,"This class extends the functionality of a DOM streamer to handle XML serialization, with specific logic for serializing node references and managing the underlying serializer.",XML Serialization,Strategy,Decorator,,532,644,96
exist-core/src/main/java/org/exist/util/serializer/XHTMLWriter.java,org.exist.util.serializer.XHTMLWriter,b1d56114e5315098dcc3152eeaaa132761a75f34f4dccd40162b4c63184f7570,This class extends an XML writer to specifically handle the generation of XHTML output by managing XHTML-specific tags and prefixes.,XHTML generation,Adapter,Decorator,Template Method,649,1773,110
exist-core/src/main/java/org/exist/util/serializer/ExtendedDOMSerializer.java,org.exist.util.serializer.ExtendedDOMSerializer,098951d3b73a82856b0bf7e1985c3f627fbd58253f384f1686fd9ca3f61ff99f,"This class extends the functionality of a standard DOM serializer to specifically handle the serialization of reference nodes by leveraging a database broker for content retrieval and a SAX serializer for conversion to SAX events, while delegating the serialization of other node types to its superclass.",Reference Serialization,Decorator,Strategy,,559,519,120
exist-core/src/main/java/org/exist/util/serializer/DOMSerializer.java,org.exist.util.serializer.DOMSerializer,9201a10a500c6303201c60f85fcf38aa984214384d571006faea5e4177f6ee4e,"This class serializes an XML document from a DOM tree representation into a character stream, managing namespace declarations and the structure of the XML output.",XML Serialization,Visitor,Builder,State,689,664,113
exist-core/src/main/java/org/exist/util/serializer/Receiver.java,org.exist.util.serializer.Receiver,a2ea1619d8cea0f78717b6e1ab3d9cac384f6f8e6649a324d47a1624d4806276,"This interface defines a contract for receiving and processing events from an XML parser, enabling the construction of a document structure based on the parsed XML content.",Event Receiver,Observer,Callback,,609,1285,97
exist-core/src/main/java/org/exist/util/IndexCallback.java,org.exist.util.IndexCallback,75fd604163be1497dc3931db21e5a49923e5c3a786d484847a928e1b8dc297ac,"This interface defines a callback mechanism for receiving and processing indexed information, allowing external code to react to newly indexed key-value pairs.",Index Notification,Callback,,,475,411,77
exist-core/src/main/java/org/exist/util/Range.java,org.exist.util.Range,6fe2735e625589cdbbe7b1dd205aa412b81c0ee31deaa6319321b045d90c518b,"Represents a numerical range defined by a start and end point, and provides functionality to check if a value falls within this range and to calculate the range's distance.",Range Representation,Value Object,,,498,484,86
exist-core/src/main/java/org/exist/util/OrderedLinkedList.java,org.exist.util.OrderedLinkedList$Node,30b4e1b5963da0e0fa96799c643379985d7c96035b93cb576406ec3996d0a53e,"This abstract class represents a node in a doubly linked list, providing fundamental methods for navigating and comparing nodes, essential for ordered data structures.",Node Abstraction,Abstract Base Class,Interface,,594,471,98
exist-core/src/main/java/org/exist/util/OrderedLinkedList.java,org.exist.util.OrderedLinkedList$SimpleNode,6104c4dc012727019fcae2c725e4bef508f0d1e363f0e6846d9426741cb6a9f2,"This class represents a basic node structure containing comparable data, enabling ordering and equality checks with other nodes.",Data Storage,Comparable Interface,Value Object,,529,463,90
exist-core/src/main/java/org/exist/util/OrderedLinkedList.java,org.exist.util.OrderedLinkedList$OrderedListIterator,a045ead2e6c3ebeed7516883c3333442cf0bebc39ae4cdc0608867a8b485fbfc,"This class implements an iterator for a linked list, enabling sequential access to elements and checking for the existence of further elements.",List traversal,Iterator,,,513,529,75
exist-core/src/main/java/org/exist/util/OrderedLinkedList.java,org.exist.util.OrderedLinkedList,59edd04e7dc00551087b63f4a2909ba7daaee90cc8afb0385ba73fb1bdf00e85,"This class implements an ordered doubly linked list, providing functionality to add, remove, and retrieve nodes while maintaining a sorted order.",Ordered List,Composite,Iterator,LinkedList,616,1142,110
exist-core/src/main/java/org/exist/util/ProgressBar.java,org.exist.util.ProgressBar,4ed3bcb16c560ce068ae402e50337b30a61f1d3dfa954a15acf7aa94f1d8cdd1,"This class represents a progress bar, allowing for the display and management of a task's progress with customizable messages and maximum values.",Progress tracking,Value Object,Immutable Component,,688,453,96
exist-core/src/main/java/org/exist/util/WeakLazyStripes.java,org.exist.util.WeakLazyStripes$WeakValueReference,f5e26a215db781ced67e840d46ce0804f52ca16f1f049f530a3b18ba50a0852f,"This class extends a weak reference to an object by holding a strong reference to its associated key. This is primarily used to manage the cleanup of entries from a reference queue, ensuring that when a referenced value becomes eligible for garbage collection, its corresponding key can also be processed.",Weak value reference,Weak Reference,,,563,461,107
exist-core/src/main/java/org/exist/util/WeakLazyStripes.java,org.exist.util.WeakLazyStripes,a272a5bb15957f3b9908dc3a10a5c15a26f14c93420c01a642333904e5036cdd,"This class manages a collection of weak references to 'stripes' keyed by 'K', ensuring thread-safe access and automatically cleaning up expired references using either a batch or amortized policy.",Lazy stripe management,State,Strategy,Guard,666,2245,124
exist-core/src/main/java/org/exist/util/Collations.java,org.exist.util.Collations,76249fdd31d4ec6242a8e507d2642082bb41627f0b6bdee27995a6f91cb08ec8,"This class provides utility methods for managing and utilizing string collations, enabling language-sensitive string comparisons, equality checks, and searches based on various linguistic rules and settings.",Collation utilities,Singleton,Utility Class,,651,3871,103
exist-core/src/main/java/org/exist/util/ArgumentUtil.java,org.exist.util.ArgumentUtil,b2bf2bce5b9e81ef10d86ab4986984eea5d437fd4990e4b157ddfee565ef3a85,"Provides utility methods for retrieving optional and boolean values from parsed arguments, including support for lists and file paths.",Argument Parsing,,,,474,867,52
exist-core/src/main/java/org/exist/util/BinaryValueInputSource.java,org.exist.util.BinaryValueInputSource,c8e020b60aefafaa5459ac6922a985ef6873566ad87c3da324dc84ce5b84e8b3,"This class acts as an input source for binary data, allowing it to be treated as a stream, and provides methods to manage and retrieve the binary value and its associated input stream.",Binary Input,Adapter,State,,565,1145,104
exist-core/src/main/java/org/exist/util/ThreadUtils.java,org.exist.util.ThreadUtils,408b8a0b4235f7e540587ee0ae44080079b69b50a397ed0d5953f2efc5d330ed,"This class provides utility methods for creating and naming threads and thread groups, particularly for instances within a database context, and also for creating global threads.",Thread creation,Utility Class,Factory Method,,450,945,99
exist-core/src/main/java/org/exist/util/Leasable.java,org.exist.util.Leasable$Lease,a378cf1dd401f59f54035307a25ca14bc832d4a726c37793a24e5134428f554f,"This class represents a lease for a shared object, ensuring that the object is only released when all leases have been closed. It provides access to the leased object and manages the lifecycle of the lease, including its release and the potential execution of a cleanup action.",Lease Management,Resource Management,State Management,,806,556,122
exist-core/src/main/java/org/exist/util/Leasable.java,org.exist.util.Leasable$IllegalLeasableState,593f57905d1bcbf2ac5ae212cbbbd4277160cefce339695c9e1c744e941aa0c1,This class represents a specific type of runtime exception indicating that an object intended for leasing is in an invalid state for such an operation.,Error handling,,,,422,431,57
exist-core/src/main/java/org/exist/util/Leasable.java,org.exist.util.Leasable,72600d03289b9140f67293bac83eec7282ceb9ac4833ffd767314568b746c737,This class manages access to an object by allowing multiple clients to 'lease' it. It tracks the number of active leases and can optionally close the underlying object when the last lease is released.,Resource Management,Resource Acquisition Is Initialization,Smart Pointer,Controlled Resource,878,1288,128
exist-core/src/main/java/org/exist/util/TimestampedReference.java,org.exist.util.TimestampedReference,599bb65dcc49886d4b07ac02d784a6bb382dc09cead001730e40116edae8bcc6,"This class provides a mechanism to manage a reference to an object, along with an associated timestamp. It allows for conditional updates of the reference based on the provided timestamp, ensuring that updates only occur if the current timestamp is newer than the stored one. It also supports configurable resolution for the timestamp, either in milliseconds or nanoseconds.",Conditional reference,Value Object,Immutable Value Object (partially),,797,886,139
exist-core/src/main/java/org/exist/util/IPUtil.java,org.exist.util.IPUtil,c7db88d0e63db06c5813ea34ede102985583e6df9b31d2d6a49c1599954ded12,"This class provides utility methods for working with IP ports, specifically for finding an available network port within a given range.",Port Allocation,Utility Class,,,491,693,75
exist-core/src/main/java/org/exist/util/ParametersExtractor.java,org.exist.util.ParametersExtractor,95649a1994e285d3ecd461e8dc1d50ae6dd88ba8d2a7f3353a16a90b335c58cb,"This class provides utility methods for parsing and extracting parameter, property, and feature data from XML structures into Java Properties objects or Maps.",Parameter Extraction,Utility Class,Data Mapper,,530,1412,96
exist-core/src/main/java/org/exist/util/CachingFilterInputStreamInputSource.java,org.exist.util.CachingFilterInputStreamInputSource,6ed8324f57fd204009399140068e15dc13b6eb9f10cbc1d4d35be8e4d77c4469,"Provides an InputSource interface for a CachingFilterInputStream, enabling it to be used in contexts expecting an InputSource while preventing modifications to the underlying stream.",InputSource wrapper,Adapter,Decorator,,521,819,100
exist-core/src/main/java/org/exist/util/sax/event/lexicalhandler/StartEntity.java,org.exist.util.sax.event.lexicalhandler.StartEntity,c3a68ac093b026ec5d0c35e94db203b6f8d17867f2255db57e47a91f1ea9f224,This class represents the starting point of an XML entity and is responsible for notifying a LexicalHandler when it is applied.,Entity Start,,,,380,461,55
exist-core/src/main/java/org/exist/util/sax/event/lexicalhandler/EndDTD.java,org.exist.util.sax.event.lexicalhandler.EndDTD,4419dbe2e33daa39b40bd7508780a3418b52a4b8d70d73efa7358d4307e9a26b,This class represents the event of an End DTD being encountered by an XML parser. It serves as a signal to a lexical handler that the Document Type Definition (DTD) section of an XML document has concluded.,End DTD,Singleton,Marker Interface,Event Object,672,536,130
exist-core/src/main/java/org/exist/util/sax/event/lexicalhandler/StartCDATA.java,org.exist.util.sax.event.lexicalhandler.StartCDATA,d2a9498fa9181cd00a3e64ed16558c9a5c1cdd3d256c560e54281fc4766ae98b,This class represents a notification that a CDATA section has started within an XML document and is intended to be applied to a lexical handler.,CDATA start event,Singleton,Marker Interface,,693,517,97
exist-core/src/main/java/org/exist/util/sax/event/lexicalhandler/EndCDATA.java,org.exist.util.sax.event.lexicalhandler.EndCDATA,bd60cf5a13e2aea624f7670e996878410b2816d139b47e9c2b64b0f39e493935,This class represents a signal to a lexical handler indicating the end of a CDATA section. It is designed as a singleton for efficient re-use as it carries no state.,End CDATA,Singleton,Marker Interface,,487,513,105
exist-core/src/main/java/org/exist/util/sax/event/lexicalhandler/LexicalHandlerEvent.java,org.exist.util.sax.event.lexicalhandler.LexicalHandlerEvent,aa216aa37bc5fcecfc046bd926de5ed9045d4ab52f760a3cf3832d03b47d66cd,"This interface represents SAX LexicalHandler events as objects, enabling them to be queued and replayed to a ContentHandler later.",Event Representation,Command,Adapter,,573,474,94
exist-core/src/main/java/org/exist/util/sax/event/lexicalhandler/EndEntity.java,org.exist.util.sax.event.lexicalhandler.EndEntity,409966e6986e3223d15a58c9f2f6b9880a274ccde5157cc20a3b6eec2af6b6d7,This class represents the end of an XML entity and is responsible for notifying a lexical handler of this event.,XML Entity End,Abstract Class Implementation,Visitor,,607,461,92
exist-core/src/main/java/org/exist/util/sax/event/lexicalhandler/StartDTD.java,org.exist.util.sax.event.lexicalhandler.StartDTD,55aee394b6ff13e104be452c2fb04f5cfc987772ba9402d2c1c3e211a7df16e5,"This class represents the start of a Document Type Definition (DTD) in an XML document, encapsulating its name and public/system identifiers.",DTD Event,Event,Value Object,,457,511,97
exist-core/src/main/java/org/exist/util/sax/event/lexicalhandler/Comment.java,org.exist.util.sax.event.lexicalhandler.Comment,97aca78901f90559b4b3d623198a8bdf2f30c2f6f0a71c2c6118137801c5e70e,This class represents an XML comment and is responsible for applying it to a lexical handler during XML processing.,XML Comment,Command,Event,,458,474,88
exist-core/src/main/java/org/exist/util/sax/event/lexicalhandler/Entity.java,org.exist.util.sax.event.lexicalhandler.Entity,c76d28f5484dc3e20509c76fce7178be880509359cd918308e15db721e2b278b,"This abstract class represents a named entity within the system, serving as a base class for specific entity types.",Base Entity,Abstract Base Class,Value Object,,611,424,92
exist-core/src/main/java/org/exist/util/sax/event/TextEvent.java,org.exist.util.sax.event.TextEvent,1de35d59205221630fd9c933d2d8f3f326c854eb1ef0dc4088c284e785535909,"Represents a text-based event, storing character data and its context within a larger text.",Text event,,,,414,431,50
exist-core/src/main/java/org/exist/util/sax/event/contenthandler/Element.java,org.exist.util.sax.event.contenthandler.Element,fe192dbde5a44cb25a1db36f60518fca7fcb59559947fe3bb627f1d4397a9f25,"Represents an XML element with its namespace, local name, and qualified name.",XML Element,,,,306,451,47
exist-core/src/main/java/org/exist/util/sax/event/contenthandler/StartDocument.java,org.exist.util.sax.event.contenthandler.StartDocument,4939c5acc0026f4556900f71e20be9653fe7037fd2a8a70eebb54eb969da7d4e,This class represents a SAX event that signifies the beginning of an XML document.,Start Event,Singleton,Command,,481,514,84
exist-core/src/main/java/org/exist/util/sax/event/contenthandler/EndElement.java,org.exist.util.sax.event.contenthandler.EndElement,67d7c6bc0158956bad51938dd2bc09fda38bb64b55fa277fedc357b058b5bdbb,This class represents the end of an XML element and signals this event to a content handler.,End Element,Visitor,Command,,480,479,86
exist-core/src/main/java/org/exist/util/sax/event/contenthandler/Characters.java,org.exist.util.sax.event.contenthandler.Characters,9a26ec68cb6d9a941f8a714b67ee541f17d5822adb71b5796771e6562d71770e,"This class represents a sequence of characters within a text event and is designed to be applied to a content handler, allowing for the processing and output of character data.",Character data,Event Object,Command,,454,470,101
exist-core/src/main/java/org/exist/util/sax/event/contenthandler/StartElement.java,org.exist.util.sax.event.contenthandler.StartElement,34406685ec8f15b1f610d098c51b789cf3c2aa3f2e4ff6420ff1d77d92fe9be8,This class represents the start of an XML element and holds its associated attributes. It is designed to be processed by a `ContentHandler` to signal the beginning of an element in an XML document.,XML Element Start,Command,Value Object,,514,510,109
exist-core/src/main/java/org/exist/util/sax/event/contenthandler/IgnorableWhitespace.java,org.exist.util.sax.event.contenthandler.IgnorableWhitespace,405e7a8a1cfacec451c8c998a9fbb0720bb1cf5b583d6b57491e6f8899dda502,"This class represents ignorable whitespace events within a text processing pipeline, designed to be applied to a content handler.",Whitespace Event,,,,369,474,53
exist-core/src/main/java/org/exist/util/sax/event/contenthandler/EndPrefixMapping.java,org.exist.util.sax.event.contenthandler.EndPrefixMapping,150aa8429fedb59b69c892e9cdcdd19efb7edfbd68239fa423cc51d01973f393,"This class represents the end of a namespace prefix mapping for a specific prefix during XML processing, signaling the scope of the prefix's validity.",Namespace scope,Command,Chain of Responsibility,,588,465,98
exist-core/src/main/java/org/exist/util/sax/event/contenthandler/SetDocumentLocator.java,org.exist.util.sax.event.contenthandler.SetDocumentLocator,afdf63c31af460be910bfd13c6db4a777cb706f8afe44937faeee6c2709e123c,"This class acts as an event handler that captures and holds a document's locator information, and applies it to a content handler when invoked.",Event handling,Visitor,Event handler,,579,480,97
exist-core/src/main/java/org/exist/util/sax/event/contenthandler/StartPrefixMapping.java,org.exist.util.sax.event.contenthandler.StartPrefixMapping,d083bf016899e0dc0d83e0a4e284788999caebb37b2a4e751786f2aafaa4e681,"This class represents a mapping between a namespace prefix and its corresponding URI, intended to be applied to a SAX ContentHandler for XML namespace declaration.",Namespace mapping,Strategy,,,496,475,80
exist-core/src/main/java/org/exist/util/sax/event/contenthandler/EndDocument.java,org.exist.util.sax.event.contenthandler.EndDocument,65c1687e89d0e3099ceab81a9f2b930f47fd0c3ad34558b25ae1cfadec35273b,"This class represents an event that signals the end of an XML document, designed as a singleton for efficiency.",Document End,Singleton,Marker Interface,,479,506,90
exist-core/src/main/java/org/exist/util/sax/event/contenthandler/ContentHandlerEvent.java,org.exist.util.sax.event.contenthandler.ContentHandlerEvent,f0b60f300faba22ce2ce165a847f7a432c80310b83d7a2fbfd367a8341323199,"This interface defines a contract for objects that represent SAX ContentHandler events, enabling the recording and later application of these events to a ContentHandler.",Event representation,Adapter,Command,,594,470,97
exist-core/src/main/java/org/exist/util/sax/event/contenthandler/ProcessingInstruction.java,org.exist.util.sax.event.contenthandler.ProcessingInstruction,3a5319ea397c8795e8480d0d477d5cc1456a96a7ec4e2cdb579d3822b3048fb4,"This class represents a processing instruction, which is a directive for how to process an XML document. It stores the target of the instruction and any associated data.",Processing Instruction,Value Object,Event,,510,493,100
exist-core/src/main/java/org/exist/util/sax/event/contenthandler/SkippedEntity.java,org.exist.util.sax.event.contenthandler.SkippedEntity,603f9ee0ae6e45e3922e66292fbee6a3e66f5767b81c003089083277329a2cfb,This class represents a skipped entity during XML processing and communicates this event to a content handler.,Skipped entity event,Observer,Event handling,,551,473,89
exist-core/src/main/java/org/exist/util/sax/event/SAXEvent.java,org.exist.util.sax.event.SAXEvent,a345a77f18dbb693abb7239c093bd1affdbb24b22e266b9c5344707a2d61e398,"This interface represents a single event within the Simple API for XML (SAX) processing, allowing these events to be encapsulated as objects for later replay or manipulation with a SAX handler.",Event Representation,Command,Value Object,,725,552,106
exist-core/src/main/java/org/exist/util/SaxonConfiguration.java,org.exist.util.SaxonConfiguration,c0ec789427523364c9b1e953a4c743b21e18e0e9601acad8518b446a6c5517d4,"This class manages the configuration and initialization of the Saxon XSLT processor, providing access to its core objects for performing transformations.",Saxon Configuration,Factory,Singleton,,488,1074,93
exist-core/src/main/java/org/exist/util/XMLReaderPool.java,org.exist.util.XMLReaderPool$XmlParser,53cd5a2444eb7cc993088f87cc84f81e73ab1180e6c66b7d5a87abaf75e1b87d,"This interface defines constants used for configuring an XML parser, specifying element names and a property key for features.",Configuration Constants,,,,482,427,52
exist-core/src/main/java/org/exist/util/XMLReaderPool.java,org.exist.util.XMLReaderPool,7f5b26b048329f51e2e367c973ea3e101413ed673b0bec69007d96540e54598b,"This class manages a collection of XMLReader objects, allowing them to be borrowed and returned for reuse.",Object pooling,Object Pool,,,417,874,72
exist-core/src/main/java/org/exist/util/ByteConversion.java,org.exist.util.ByteConversion,003d2dfc93c8c737c024a3b60833a158ff9c1e58026ea6312f44b69264410ba1,"Provides static utility methods for converting primitive integer types (int, long, short) to and from byte arrays and ByteBuffers, with support for different byte orders (endianness).",Byte Conversion,Utility Class,Helper Methods,,560,2717,106
exist-core/src/main/java/org/exist/util/ExistSAXParserFactory.java,org.exist.util.ExistSAXParserFactory,682c86fe513745f4a27ef1ae2fd8a68d23bbd70ae4d698c7d2a38e05709493d0,"This class provides a factory for obtaining SAXParserFactory instances, allowing for retrieval based on a specified class name or system properties.","Factory, Configuration",Factory Method,Service Locator,,456,610,97
exist-core/src/main/java/org/exist/util/InputStreamSupplierInputSource.java,org.exist.util.InputStreamSupplierInputSource,3e662687e0719ea31b2da3a4907a0612710db80de24088a9dd699c1b44adf57c,"Provides an InputSource implementation that supplies an InputStream from a Supplier, allowing for lazy initialization of the stream.",Input Stream,Factory Method,Supplier,,792,783,90
exist-core/src/main/java/org/exist/util/HexEncoder.java,org.exist.util.HexEncoder,67cf88914a3b91c3d39cb6e8c46cc80a841e1c9c230f01d5ea5c047cda4a191e,This class provides a utility method to convert byte arrays into their equivalent hexadecimal string representations.,Hexadecimal Conversion,,,,440,436,49
exist-core/src/main/java/org/exist/util/ConfigurationHelper.java,org.exist.util.ConfigurationHelper,8c2ec1adbd21fb64253a9a5d711fc45e6c1fb1826b73bb566bd9e2ebdf582c61,"This class provides utility methods for locating and loading eXist configuration files and properties, including resolving paths relative to the eXist home directory, user home directory, or classpath.",Configuration resolution,Utility Class,Factory (for paths),,663,1390,108
exist-core/src/main/java/org/exist/util/MimeTable.java,org.exist.util.MimeTable$MimeTableHandler,eb1b9379ecb61854c0099f2a53533a18da374909d704dc17ca5822053a519c0f,"This class parses an XML document containing MIME type definitions, extracting information about MIME types, their descriptions, and associated file extensions.",MIME Type Parsing,Template Method,Builder,,493,730,96
exist-core/src/main/java/org/exist/util/MimeTable.java,org.exist.util.MimeTable,6e7369e17bca495c5146bd18f4e19b20baa8aa238e5b7320c815dbd101a9400b,"This class acts as a central registry for MIME types, allowing the system to identify the content type of files based on their extensions and to determine if content is XML or text-based.",MIME type management,Singleton,Registry,,580,1599,107
exist-core/src/main/java/org/exist/util/SystemExitCodes.java,org.exist.util.SystemExitCodes,904b720bc071e2b0f330ba9da772d3648501eb8ecbdf64a3c82e41c58d665007,"This class defines a set of integer constants representing different exit codes for the system, used to signal the outcome of program execution.",Exit codes,Constants,,,460,520,76
exist-core/src/main/java/org/exist/util/XMLCharUtil.java,org.exist.util.XMLCharUtil,3c0ed41b1434aefd1acbe185e2660a4aa0fa7989bd76fe7bb01380da9bf052af,"This class provides utility methods for character manipulation, specifically identifying if a character is part of a surrogate pair to handle Unicode characters beyond the Basic Multilingual Plane.",Character utility,,,,532,484,62
exist-core/src/main/java/org/exist/util/XMLString.java,org.exist.util.XMLString,70ad953570b76272e1816844337f98dcca1e5614858a42d23a7da654b18c16ef,"This class provides a mutable and efficient string implementation, optimizing memory usage by pooling character arrays and offering methods for string manipulation, normalization, and XML-specific operations like UTF-8 encoding and SAX content handling.",String manipulation,String Builder,Flyweight,Value Object,690,2047,130
exist-core/src/main/java/org/exist/util/CompressedWhitespace.java,org.exist.util.CompressedWhitespace,5859f7a25c3c6d27f1f8c19fe6f231565d7e7ab238a2699bd87ae01655e8ef11,"This class represents a compressed sequence of whitespace characters, encoding specific whitespace characters and their counts into a compact `long` value. It implements the `CharSequence` interface to allow for treating the compressed data as a sequence of characters, providing methods for compression, decompression, and accessing individual characters or subsequences. It also supports writing the compressed data to a `Writer` in various formats.",Whitespace compression,Adapter,Value Object,Data Transfer Object,1091,1709,164
exist-core/src/main/java/org/exist/util/CharArrayPool.java,org.exist.util.CharArrayPool$PoolThreadLocal,ffccb9baf7bb274e66e9665a76b6e5ebd1a8b3938ec9901dbf3ecf4728257a38,"This class provides a thread-local storage for a pool of character arrays, ensuring each thread has its own isolated set of arrays.",Thread-local storage,ThreadLocal,,,489,419,80
exist-core/src/main/java/org/exist/util/CharArrayPool.java,org.exist.util.CharArrayPool,fbd9c0b3833d3c5aea1cafe0a724d1637b90aad794e99ad2a1f17032d72a04c6,"This class manages a thread-local pool of character arrays, allowing for efficient reuse of smaller arrays to reduce memory allocation overhead during XML string processing.",Array pooling,Flyweight,ThreadLocal,,510,639,99
exist-core/src/main/java/org/exist/util/OrderedLongLinkedList.java,org.exist.util.OrderedLongLinkedList,861bab9556bc1f665d0c1e2633878e44dbda1dc9d5223b6ff57f047447e890e9,"This class extends a basic linked list to maintain a sorted collection of unique long values, ensuring that each added element is placed in its correct position while preventing duplicates.",Sorted unique insertion,,,,517,479,64
exist-core/src/main/java/org/exist/util/DatabaseConfigurationException.java,org.exist.util.DatabaseConfigurationException,7b7c5f7bd2127ad57c62ebb35a606ea6ee6ba4000e3dc02d9579ecd4ad86d577,This class represents a custom exception that is thrown when there is an issue with the application's database configuration.,Custom Exception,Error Handling,,,383,447,74
exist-core/src/main/java/org/exist/util/JDKCompatibility.java,org.exist.util.JDKCompatibility,d524bf949a7f6e9af071d4f35cc6fd48e8efa72245f9c91fe3e52d8ed39007cb,"This class provides a way to access the 'modifiers' field of the `Field` class, ensuring compatibility across different JDK versions (8 through 13).",Field access,,,,389,495,64
exist-core/src/main/java/org/exist/util/PatternFactory.java,org.exist.util.PatternFactory,b0b5b4e2cc4e4ad54c7b63841eb7a875c1e8b413d0dff7e3a0e31c8c55330004,"This class acts as a factory for creating and caching regular expression patterns, ensuring that frequently used patterns are readily available without repeated compilation.",Pattern caching,Factory,Singleton,Cache,549,503,111
exist-core/src/main/java/org/exist/util/XMLReaderObjectFactory.java,org.exist.util.XMLReaderObjectFactory$VALIDATION_SETTING,9bc01757e36ad3488059a6215c1ded2f8cf9b6f489dedf32b69a554cb497ead5,"This enum defines different validation states, allowing for configuration of whether validation should occur, be automatic, or be disabled, and provides methods to interpret these settings from string inputs.",Validation State,Enum Type,Value Object,,600,601,104
exist-core/src/main/java/org/exist/util/XMLReaderObjectFactory.java,org.exist.util.XMLReaderObjectFactory,17852afdfca502cca86150cabc1ebd1ba8b0095b508e72ee3a73c5958c83a293,"This class acts as a factory for creating and managing XMLReader objects within a pool, configuring them for parsing with specific validation and entity resolution settings.",XML Reader Factory,Factory Method,Object Pool,,4208,1393,100
exist-core/src/main/java/org/exist/util/XMLFilenameFilter.java,org.exist.util.XMLFilenameFilter,dcdd0c6b5893e9b877a6ffa3954497e59decbf33aeb988b309dd89a0a77647f6,"This class provides functionality to filter files, specifically identifying those that are XML files, either by name or by path.",File Filtering,Filter,,,1450,462,74
exist-core/src/main/java/org/exist/util/IterableEnumeration.java,org.exist.util.IterableEnumeration,f4f91d71ca5bed1728ce29d0b3ff030fe10583057d358999ee7dcbedbf952d9b,"This class provides an adapter to convert an Iterable object into an Enumeration object, allowing legacy code that uses Enumeration to work with modern Iterable collections.",Iterable to Enumeration,Adapter,,,567,538,83
exist-core/src/main/java/org/exist/util/UUIDGenerator.java,org.exist.util.UUIDGenerator,8b3ea257671d34fba48f3a8874e8a71aff58d91305e3fcdf4e4a891ef1a97ca2,This class provides functionality to generate Universally Unique Identifiers (UUIDs) using both random generation (version 4) and name-based generation (version 3) using MD5 hashing.,UUID Generation,Factory,Utility Class,,629,934,108
exist-core/src/main/java/org/exist/util/FileInputSource.java,org.exist.util.FileInputSource,d1b48082b004d6a6bca68d0de01e8c5a9aafa7292b9f6e4b18daaf0cb71a02ca,"This class represents an input source that reads data from a file, providing access to the file's path and its byte stream.",File Input,Adapter,Decorator,,571,1066,94
exist-core/src/main/java/org/exist/util/Holder.java,org.exist.util.Holder,e7dc01b52287ecdc6f37a53900adcd61376a69032c313ababa374eba62d6f3b3,"This class serves as a simple container to hold a reference to an object of any type, allowing for its value to be set during instantiation or afterward.",Value Holder,Wrapper,,,579,447,81
exist-core/src/main/java/org/exist/util/CodePointString.java,org.exist.util.CodePointString,ddf2a4bd4e94864e9e606821de953179a8c07fa8f8abcfcf938f50d35874d833,"This class represents a mutable sequence of Unicode code points, providing various methods for string manipulation such as appending, replacing, inserting, trimming, padding, and transforming code points.",Mutable String,Builder,Value Object,,538,2623,103
exist-core/src/main/java/org/exist/util/EXistURISchemeURIResolver.java,org.exist.util.EXistURISchemeURIResolver,5d9c93e4f0b97d397b22c95a0e832bf0e8f7a82275a1141fd0a42c74f2372bb4,"This class resolves Uniform Resource Identifiers (URIs) by transforming URIs with the 'exist://' scheme into a format suitable for the eXist database, and then delegates the resolution to an underlying eXist URI resolver.",URI Rewriting,Adapter,Decorator,,609,606,116
exist-core/src/main/java/org/exist/util/Occurrences.java,org.exist.util.Occurrences,0133b696abad9a91e8b47bc3389b677330910003658b571880fd640ddf917a0a,This class counts the frequency of terms (elements or words) and keeps track of the documents in which they appear.,Term Counting,Value Object,Immutable,,465,752,92
exist-core/src/main/java/org/exist/util/InsertionSort.java,org.exist.util.InsertionSort,971116bd2d7f98c154b3a5bf9e5d8b7a266dc2e9dcc6ac9fc8ae394f34b124c0,"This class provides static methods for performing insertion sort on arrays and lists of various data types, including custom objects, comparable elements, and primitive long arrays. It offers overloaded methods to sort based on natural ordering, a custom comparator, or to maintain the order of a parallel array.",In-place sorting,Utility,Algorithm Implementation,,749,957,126
exist-core/src/main/java/org/exist/util/FastQSort.java,org.exist.util.FastQSort,7f5199be76fd7be31d6d39aa54db756cb04d322894f834d9195bcd99e3ff9486,"This class provides a sorting utility that implements the Introspective Sort algorithm for various data types, including arrays of comparable objects, lists, primitive long arrays, and custom NodeProxy objects.",Array Sorting,Utility Class,Algorithm Implementation,,585,1522,106
exist-core/src/main/java/org/exist/util/ConcurrentValueWrapper.java,org.exist.util.ConcurrentValueWrapper,92bb326e8a3d5664daaaec25a5d8700c4cb21702e5b3c1da25e33d61558c3c4c,"This class acts as a thread-safe wrapper for a value, providing methods to read from or write to the underlying value in a concurrent environment.",Thread-safe value,Mutable State Synchronization,Resource Guard,,597,1206,102
exist-core/src/main/java/org/exist/util/NamedThreadGroupFactory.java,org.exist.util.NamedThreadGroupFactory,0662b238b9076382601db5d6187ffb8e3cf7df48a52996c8cf529ccb83cd8666,"This class acts as a factory for creating named thread groups. It ensures that each generated thread group has a unique name, constructed by appending an auto-incrementing identifier to a base name. This is useful when managing multiple thread groups that share a common naming convention.",Thread Group Creation,Factory,,,576,636,105
exist-core/src/main/java/org/exist/util/OSUtil.java,org.exist.util.OSUtil,ae5a77df8b36713c8bc46ab099198a98e085fa7690ad2cc6f68e8e9dc296c583,"Provides utility methods to query information about the host operating system, specifically detecting if it's Windows and retrieving its name.",OS Detection,Utility Class,Facade,,447,465,93
exist-core/src/main/java/org/exist/util/Configuration.java,org.exist.util.Configuration$ElementConfigurationAction,303c99c3a09a477141a3e31e9e07168345e8b72af9f7536de7b5a32a08ce01b8,"This functional interface defines an action that can be applied to an element, with the potential to throw a database configuration exception during its execution.",Configuration Action,Strategy,Functional Interface,,610,426,96
exist-core/src/main/java/org/exist/util/Configuration.java,org.exist.util.Configuration$StartupTriggerConfig,6122d088330b9e23254e0748c6418b551973d0f6bced78266b0a40a323e17f4d,"This class represents a configuration for a startup trigger, specifying the class to be invoked and its associated parameters.",Trigger configuration,Data Transfer Object,,,458,387,74
exist-core/src/main/java/org/exist/util/Configuration.java,org.exist.util.Configuration$IndexModuleConfig,b591f57a348289212c2302d59ecb9b090ea5e6fe62df40e4f299e0428860b00b,"This class represents a configuration for an index module, holding its unique identifier, the name of its class, and its associated configuration elements.",Configuration container,,,,414,382,58
exist-core/src/main/java/org/exist/util/Configuration.java,org.exist.util.Configuration,aed7248b4d738bd38a7cadff93f58e4698274cf1ee517b09b2949f8dea98e7af,"This class is responsible for loading and managing the application's configuration settings from an XML file, allowing them to be accessed and overridden by system properties.",Configuration Loading,Builder,Repository,Facade,620,3310,115
exist-core/src/main/java/org/exist/util/XMLNames.java,org.exist.util.XMLNames,00c8b5c0975755ae8d801bf837072db13ba1f4ae29e543ba556adbfaa3bdfed9,"This class provides utility methods to validate if characters and strings conform to the rules for XML names and XML NCNames, ensuring proper formatting for uniquely identifiable elements in XML documents.",XML Name Validation,Utility Class,Helper,,562,907,105
exist-core/src/main/java/org/exist/util/StringBuilderUtil.java,org.exist.util.StringBuilderUtil,4ca139e10aac4253b79f2edf83e192ec705cfa67f58b88199690987b303a73b3,"This method appends a character code to a StringBuilder, handling characters outside the Basic Multilingual Plane by encoding them as surrogate pairs.",Character Encoding,,,,364,516,57
exist-core/src/main/java/org/exist/util/UTF16CharacterSet.java,org.exist.util.UTF16CharacterSet,9ce2bae18fbde04309a11cdfbb4067ed60143541c221f6327024e58f33d2938c,"This class provides utility methods for handling UTF-16 character encoding, specifically focusing on combining surrogate pairs into single integer representations for characters outside the Basic Multilingual Plane.",UTF-16 encoding,Utility,,,596,598,87
exist-core/src/main/java/org/exist/util/ZipEntryInputSource.java,org.exist.util.ZipEntryInputSource,9bc937e5456150e3a9e8c05e08f7993c0e218be683316f20acf90e631856eb17,"This class provides an InputSource for reading data from a specific entry within a ZIP file, allowing it to be processed like a regular input stream.",Zip Entry,Adapter,Facade,,531,915,97
exist-core/src/main/java/org/exist/util/pool/NodePool.java,org.exist.util.pool.NodePool$PoolThreadLocal,18d0dc316c6ec78c6333e86ba04251f6a6e710a89a1b395a7726325b3db1ec5b,"This class provides a thread-local storage for NodePools, ensuring that each thread has its own instance of NodePool, initialized with a specific maximum capacity.",Thread-local storage,ThreadLocal,,,446,419,86
exist-core/src/main/java/org/exist/util/pool/NodePool.java,org.exist.util.pool.NodePool$Pool,6a787d59ada7e7c97fca964cc0885ce2f0cf4bef911915b037f7639fdb3f453c,"This class manages a pool of NodeImpl objects, providing a mechanism to borrow and return these objects to conserve resources by reusing them.",Object Pooling,Flyweight,Object Pool,,545,490,96
exist-core/src/main/java/org/exist/util/pool/NodePool.java,org.exist.util.pool.NodePool,5d6b3f3ae8c611c25ba3d2570116c5749e1c9271be3b61691aaa1792dfd08f4d,This class manages a pool of reusable node objects to optimize performance by reducing the overhead of object creation and garbage collection.,Object pooling,Flyweight,Pool,,451,722,92
exist-core/src/main/java/org/exist/util/IncludeXMLFilter.java,org.exist.util.IncludeXMLFilter,b4041cda8403b9ed2e76d4250c059a7cf5a5b644e7f9f66ae289e34163027ac4,"This class acts as a filter for XML events, allowing for selective processing or modification of SAX parsing events before they are passed to a downstream content handler.",XML Filtering,Decorator,Adapter,,598,1031,99
exist-core/src/main/java/org/exist/util/io/MemoryContentsImpl.java,org.exist.util.io.MemoryContentsImpl,97e66b6af48622d770e7065b72cef25b974ac3afeb0110894bfbe1fb1e9223fc,"This class manages a contiguous block of memory, handling reads and writes across potentially large datasets by dividing them into fixed-size blocks. It supports efficient data transfer and dynamic resizing of the underlying storage.",Memory management,Value Object,Flyweight,Immutable,772,1257,126
exist-core/src/main/java/org/exist/util/io/MemoryContentsOutputStream.java,org.exist.util.io.MemoryContentsOutputStream,8737d5004a851e492d670961cd9103bd7ed847d2c2b0a8b65585f4ba3265f270,This class provides an output stream that writes data into a `MemoryContents` object. It handles writing individual bytes and byte arrays to this in-memory buffer.,Memory write,Adapter,,,457,549,83
exist-core/src/main/java/org/exist/util/io/HexOutputStream.java,org.exist.util.io.HexOutputStream,7d7be12a6b1ace15b7665ffbdbca0ba89f18dc6218c29d02fa80314e0aa1b540,"This class provides an output stream that encodes data into hexadecimal format before writing it to an underlying output stream, allowing for the representation of binary data as text.",Hexadecimal Encoding,Adapter,Decorator,,448,635,100
exist-core/src/main/java/org/exist/util/io/MemoryContentsInputStream.java,org.exist.util.io.MemoryContentsInputStream,f46b4507532f749d84bd70f4a2d8a6277161867a27b0fe3c89e8300c0a43fb0f,"Provides an InputStream interface for reading data directly from in-memory content, allowing for efficient byte-level access and manipulation.",In-memory stream,Adapter,Decorator,,550,762,94
exist-core/src/main/java/org/exist/util/io/TemporaryFileManager.java,org.exist.util.io.TemporaryFileManager,3b40ab258c0c41116092cde1e785d8010bae47a97cf584b279c8a8d0b1a36917,"Manages the creation and cleanup of temporary files for the eXist-db system, ensuring that resources are released and not reused to avoid issues with file handle management, particularly on Windows.",Temporary file management,Singleton,Factory,,656,1077,107
exist-core/src/main/java/org/exist/util/io/ContentFile.java,org.exist.util.io.ContentFile,5c55321d8b1ab413b9f3eeca668a2b422cf04e49fad07b43386bce5fa5abe788,"This interface defines a contract for representing and accessing content stored in a file-like manner, providing methods to retrieve the content as bytes, get its size, and obtain input and output streams for reading and writing.",Content Access,Adapter,Resource Management,,557,766,111
exist-core/src/main/java/org/exist/util/io/AbstractFilterInputStreamCache.java,org.exist.util.io.AbstractFilterInputStreamCache,bfe2bc0fe2927edb80754e8cffde411432b1738d49711ac7c0073af7984fe07a,"This class extends `FilterInputStream` to add caching capabilities and manage shared references to an underlying input stream, allowing for efficient reading and controlled closing of the source stream.",Stream caching,Decorator,Proxy,Observable,487,1145,118
exist-core/src/main/java/org/exist/util/io/FilterInputStreamCache.java,org.exist.util.io.FilterInputStreamCache,408bf116e82433eb759f01c6bdb9b9806a81e6abd2a36440d02bbb35b8e95fd4,"This interface defines the contract for various cache implementations, providing methods for writing, reading, managing references, and invalidating cached data, ensuring efficient data handling and resource management within a streaming context.",Cache Management,Interface,State,Resource Management,572,1856,124
exist-core/src/main/java/org/exist/util/io/FilterInputStreamCacheMonitor.java,org.exist.util.io.FilterInputStreamCacheMonitor$FilterInputStreamCacheInfo,019ce331a25ec869580b9782e3e639f1941788b85855f8d21d29246bd3dd8ca5,"This class holds information about a registered cache entry, including the registration timestamp and the cache object itself.",Cache metadata,Value Object,,,379,436,72
exist-core/src/main/java/org/exist/util/io/FilterInputStreamCacheMonitor.java,org.exist.util.io.FilterInputStreamCacheMonitor,d0d56d7c2088de34870548bba50550115a99d943592238ff249596d10f336d8c,"This class acts as a central registry for managing and monitoring active `FilterInputStreamCache` instances, keeping track of their registration and providing a way to inspect their status.",Cache monitoring,Singleton,Registry,,459,791,101
exist-core/src/main/java/org/exist/util/io/MemoryMappedFileFilterInputStreamCache.java,org.exist.util.io.MemoryMappedFileFilterInputStreamCache,3b45e09955d375333176c232bd7f4bb837d560d15da5b21fb797c4f3cadadcd0,"This class provides an input stream cache backed by a memory-mapped file, allowing for efficient storage and retrieval of data streams using file system capabilities.",Stream caching,Flyweight,Decorator,Value Object,539,1036,116
exist-core/src/main/java/org/exist/util/io/CloseNotifyingOutputStream.java,org.exist.util.io.CloseNotifyingOutputStream,20e5acc5b5040eee89b6e4d6e261e013ce981935ca48c30fe230a36b8d394f6f,"This class extends an output stream to provide the capability of executing a specified callback function once the stream has been closed, ensuring that cleanup or post-closure actions are performed.",Stream notification,Decorator,Template Method,,560,556,103
exist-core/src/main/java/org/exist/util/io/ContentFilePoolObjectFactory.java,org.exist.util.io.ContentFilePoolObjectFactory,15529f62907987e1cf77d8f74f7ea71314b2a726757019a610396b712bc0ea65,"This factory creates and manages pooled ContentFile objects, handling in-memory data storage with optional temporary file fallback for larger content.",ContentFile creation,Factory,Object Pooling,,480,651,95
exist-core/src/main/java/org/exist/util/io/MemoryContents.java,org.exist.util.io.MemoryContents,b3ac280b05c302bf49b8bebf62653a40513e21e1ecdfbda9b018f4ab1c80f60b,"This interface defines operations for accessing and manipulating data stored in memory, including reading, writing, and transferring data, as well as checking its size and resetting its state.",Memory access,Value Object,Repository,Interface,483,1146,119
exist-core/src/main/java/org/exist/util/io/InputStreamUtil.java,org.exist.util.io.InputStreamUtil,983030f00de8888428b0b1cdfb75a116b7356af8f0b4b3f03147b3ffdd05a552,"This class provides utility methods for reading data from and copying data between input and output streams, including reading all bytes into a byte array or a String with a specified charset.",Stream processing,Utility,Helper,,453,895,102
exist-core/src/main/java/org/exist/util/io/ByteBufferAccessor.java,org.exist.util.io.ByteBufferAccessor,db8c4985a6c2d205949f953a3c322fc4566f564dfee8f008c90b1ba4d7ebc5ae,This interface provides a way to access a byte buffer.,Buffer access,,,,320,407,42
exist-core/src/main/java/org/exist/util/io/Base64OutputStream.java,org.exist.util.io.Base64OutputStream,9653eac417278e6e862c169528e45eb322fd62a017b33570bfc5b2f27475024b,"This class extends Base64OutputStream to provide Base64 encoding capabilities for output streams, specifically disabling chunking by default.",Stream Encoding,Decorator,Adapter,,583,499,93
exist-core/src/main/java/org/exist/util/io/ByteArrayContent.java,org.exist.util.io.ByteArrayContent,e97eb1e6128d83e1588caa82079f4fb678ec666894c456a26af0a39aab264c6c,"This class represents content as a byte array, providing methods to create instances from byte arrays or strings, and to access the byte data and its size.",Byte Array,Factory Method,Value Object,,530,628,100
exist-core/src/main/java/org/exist/util/io/CloseNotifyingInputStream.java,org.exist.util.io.CloseNotifyingInputStream,828588d62757d01939c831c18a6667db871028a756b2670d71fba346116071d0,This class wraps an existing input stream and allows for a specific action to be performed once the stream has been closed.,Callback execution,Decorator,,,628,544,74
exist-core/src/main/java/org/exist/util/io/ByteBufferInputStream.java,org.exist.util.io.ByteBufferInputStream,7a8dff72d20e5037017867cee06479899cfb4a9e2c0f04da164f65558e143391,"This class provides an InputStream interface to read data from a ByteBuffer, allowing existing Java I/O operations to work with byte buffers.",Buffer to Stream,Adapter,Decorator,,533,934,95
exist-core/src/main/java/org/exist/util/io/CachingFilterInputStream.java,org.exist.util.io.CachingFilterInputStream,620c31ba3b3c0481191df344c8c4f632fc211ca2dd33c53a630a39b59bccc2b9,"This class extends an InputStream to provide mark and reset capabilities by caching read data, allowing for re-reading of up to 2GB of data.",Input stream caching,Decorator,Adapter,State,518,1702,116
exist-core/src/main/java/org/exist/util/io/ContentFilePool.java,org.exist.util.io.ContentFilePool,99cf141c2d33039a6c2082f2a057eea645c0513f01e7eee1a6a12fc4eb3cba03,"Manages a pool of ContentFile objects, acting as an in-memory buffer before data is persisted to the file system.",Object pooling,Object Pool,,,482,896,77
exist-core/src/main/java/org/exist/util/io/OverflowToDiskStream.java,org.exist.util.io.OverflowToDiskStream,1f06c9a7f7d65ec2e684287cec73a9a183373a3fe62d271f5b43c58cd9d60074,"This class acts as an output stream that initially buffers data in memory and, once a certain size is reached, switches to writing data to a disk-based overflow stream. This allows for handling potentially large data streams without exhausting memory.",Memory to Disk,Strategy,Decorator,,561,820,115
exist-core/src/main/java/org/exist/util/io/MemoryFilterInputStreamCache.java,org.exist.util.io.MemoryFilterInputStreamCache,b254de4b07be4141f1980671056545350f1cbd6a944f61a56302b8c9d84c4459,"This class provides an in-memory cache for an input stream, allowing data to be written to and read from a byte array. It supports retrieving cached data, getting the total length of cached data, and invalidating the cache.",In-memory caching,Adapter,State,Decorator,604,779,133
exist-core/src/main/java/org/exist/util/io/FileFilterInputStreamCache.java,org.exist.util.io.FileFilterInputStreamCache,077993b0f2ed4182bd7bc936cc28273e551a1218f2ba34313faff4c93489e19c,"This class implements a cache that stores data in a temporary file using a Random Access File, providing a memory-efficient alternative to in-memory caches. It supports writing data byte by byte or in chunks, retrieving data by offset, and copying cached data to a buffer, while also managing file cleanup.",File Caching,Repository,Flyweight,Adapter,536,929,147
exist-core/src/main/java/org/exist/util/io/VirtualTempPath.java,org.exist.util.io.VirtualTempPath,f21edc3253a1d2a386c939bea6cbb6b6d63165fcf4fe89f1ef834a65800efe5b,"This class manages content that can be stored either in memory or in a temporary file, providing flexible input and output streams for accessing and manipulating this content.",Content management,Composite,State,Resource Management,577,862,116
exist-core/src/main/java/org/exist/util/io/FilterInputStreamCacheFactory.java,org.exist.util.io.FilterInputStreamCacheFactory$FilterInputStreamCacheConfiguration,b58637dc464c9ed08548af14c1592deb677a3203da67ac156ea0c4d737be2614,This interface defines a contract for retrieving the fully qualified name of a cache class.,Configuration provider,,,,431,380,47
exist-core/src/main/java/org/exist/util/io/FilterInputStreamCacheFactory.java,org.exist.util.io.FilterInputStreamCacheFactory,127683dadbfd1bd6ab5fb454ff7c3b43502eec439257be63c48239504ee01c24,"This class serves as a factory for creating and configuring cache instances for input streams, allowing for dynamic selection of cache implementations based on provided configuration.",Cache Factory,Factory,Dependency Injection,,472,601,97
exist-core/src/main/java/org/exist/util/CollectionOfArrayIterator.java,org.exist.util.CollectionOfArrayIterator,cf15c0c83859fe11e66702420e13570b6dccfcbfaed5644550e629196352309c,This class provides an iterator that traverses elements sequentially across multiple arrays contained within a collection.,Collection traversal,Iterator,,,455,587,68
exist-core/src/main/java/org/exist/util/HtmlToXmlParser.java,org.exist.util.HtmlToXmlParser,5d14f7df644a79219c329283e971f085d346be6d678aa114dd3fbbfca41fd0d9,This class provides a mechanism to retrieve a configured HTML to XML parser based on provided configuration settings.,Parser Factory,Factory,Service Locator,,505,720,88
exist-core/src/main/java/org/exist/util/EXistInputSource.java,org.exist.util.EXistInputSource,e93f75b3789e182e3bb1651f5487401dc42ec292846b7c4628fe9e66c2571450,"This class serves as a foundation for input sources, providing common functionality for managing their open/closed state and ensuring operations are only performed on open sources.",Input Management,Abstract Base Class,State,,521,749,100
exist-core/src/main/java/org/exist/util/MimeType.java,org.exist.util.MimeType,0715a50160ee28aabb1f8ba106b991d94bd96eaf0aa486a7274d8cff0be9d6d3,"This class defines and provides access to various MIME types used within the system, along with their associated string representations and integer classifications. It serves as a registry for common content types like XML, binary, CSS, and HTML.",MIME type representation,Singleton,Value Object,Type code,721,940,133
exist-core/src/main/java/org/exist/util/PropertiesBuilder.java,org.exist.util.PropertiesBuilder,9129a9401bd5c0c7d532a36a7d3c961012dcadfd2ca4d2946769917e8d469504,This class provides a fluent interface for constructing a Properties object by allowing users to set key-value pairs.,Property management,Builder,,,405,528,72
exist-core/src/main/java/org/exist/util/hashtable/AbstractHashSet.java,org.exist.util.hashtable.AbstractHashSet$IteratorType,aa24f4170d077480f83f12ecf2754becfdf1d6553cc963ec6c32580245075247,"This code defines an enumeration for specifying the type of iteration desired for a collection, differentiating between iterating over keys and iterating over values.",Iteration type,,,,512,372,57
exist-core/src/main/java/org/exist/util/hashtable/AbstractHashSet.java,org.exist.util.hashtable.AbstractHashSet$AbstractHashSetIterator,41980b546ca0a33d0556c21d31f1d29c7264ea6e84e6335656178362db41cf48,"This abstract class provides a foundational structure for iterators specifically designed for hash set collections, defining a common mechanism for iterating over elements while allowing for different return types.",Iterator abstraction,Template Method,Iterator,,508,404,101
exist-core/src/main/java/org/exist/util/hashtable/AbstractHashSet.java,org.exist.util.hashtable.AbstractHashSet$HashSetOverflowException,c7040e652106ae2102f7b284897bf940db7e87a0891aea94ffff28b6c7953a3c,This class represents an exception that is thrown when a HashSet exceeds its maximum capacity.,Exception Handling,,,,499,418,47
exist-core/src/main/java/org/exist/util/hashtable/AbstractHashSet.java,org.exist.util.hashtable.AbstractHashSet,44efa68ca6394c5be547e2df3d66568ce7eb346350075b738b8a39ff6769ce4f,"This abstract class provides the foundational structure and common functionalities for all hashset implementations, managing elements based on hashing, including size tracking and iteration capabilities.",Hash Set,Template Method,Abstract Class,,559,788,99
exist-core/src/main/java/org/exist/util/hashtable/NamePool.java,org.exist.util.hashtable.NamePool$WrappedQName,937f1c8bdcd9ee373b34ee3c2484a6b92ba1da7933d869f0660fbaa80348ac1b,"This class provides a wrapper around a Qualified Name (QName) object, overriding its equality and comparison methods to ignore the name type and prefix. This allows for consistent comparison and hashing of QNames regardless of these specific attributes.",Name comparison,Adapter,Decorator,,571,523,113
exist-core/src/main/java/org/exist/util/hashtable/SequencedLongHashMap.java,org.exist.util.hashtable.SequencedLongHashMap,dc7dea5d2d464ddd71c08bb7e921b45bb968efa2a735cc26ada571d5becf16a2,"This class provides a map that stores key-value pairs with long keys, maintaining the insertion order of elements. It supports standard map operations like adding, retrieving, and removing entries, as well as iterating over keys, values, and entries in their original sequence.",Ordered Map,Facade,Adapter,Collection,493,1481,137
exist-core/src/main/java/org/exist/util/GZIPInputSource.java,org.exist.util.GZIPInputSource,22525992f8fde89eacf7550eb70912e4dbff8f0d6ce976a31742b1918eceb1a3,"This class provides a mechanism to access the uncompressed content of a GZIP compressed file by creating a new input stream each time it is requested, making it suitable for multi-step processing of compressed data.",GZIP handling,Adapter,Decorator,,555,1089,110
exist-core/src/main/java/org/exist/util/RingBuffer.java,org.exist.util.RingBuffer,3e181ceaec69f4f4800dca1f8c671fb5e31d154bf20a7af5a8d3825799780e34,"This class implements a fixed-size circular buffer, allowing elements to be added and removed in a first-in, first-out manner with wrap-around behavior.",Circular Buffer,Buffer,,,498,566,84
exist-core/src/main/java/org/exist/util/MapUtil.java,org.exist.util.MapUtil,898584b9e3b91a6f0e3525c6c230a28da973be2a05417a46fa18102f71c0912a,Provides utility methods for creating HashMaps from collections of key-value pairs represented as tuples.,Map creation,Utility,,,550,749,69
exist-core/src/main/java/org/exist/util/URIResolverHierarchy.java,org.exist.util.URIResolverHierarchy,b7a1703bd94daf032ea0095ba4f6008132b26f271567b80c9a448cc65008bf71,This class manages a prioritized list of URI resolvers and delegates the resolution of a URI to the first resolver in the list that can successfully resolve it.,URI Resolution,Chain of Responsibility,Strategy,,538,623,99
exist-core/src/main/java/org/exist/util/sanity/SanityCheck.java,org.exist.util.sanity.SanityCheck,23ad14fb149384b598b9cef0242cf7730300dff321c235077930606bbe797abb,"This class provides utility methods for performing sanity checks and logging diagnostic information. It includes methods to assert boolean conditions, throw exceptions on failure, and log trace or stack information for debugging.",Assertion Logging,Utility Class,Assertion,,518,973,105
exist-core/src/main/java/org/exist/util/sanity/AssertFailure.java,org.exist.util.sanity.AssertFailure,d372ca19342847c7d17b93e2c882b5bc2f364c49fc68d7b78a2d8eaddcd2114e,"This class represents a runtime exception specifically for failed assertions, allowing for detailed error messages and causes to be captured.",Assertion Failure,Error Handling,Exception,,517,532,91
exist-core/src/main/java/org/exist/util/SyntaxException.java,org.exist.util.SyntaxException,c1d30137a63fed4ad1021f8ebed517b90bf24faabdde7c8999f23db124f2a784,"Represents an error that occurs when the syntax of input or code is incorrect, providing a way to signal and handle such issues.",Error Handling,Exception,,,621,524,77
exist-core/src/main/java/org/exist/util/FixedByteArray.java,org.exist.util.FixedByteArray,b012dafe928356bdb7a9eba6210902113a98b08b940f11604ef0af0f9cee4969,"This class represents a fixed-size view into an underlying byte array, allowing operations on a specific segment without creating new arrays.",Array view,Composite,Adapter,Value Object,534,1177,111
exist-core/src/main/java/org/exist/util/ReadOnlyException.java,org.exist.util.ReadOnlyException,5f6a104995b92cd51ff7aa89e723cd001ba8069c076cce024a145ff3c572abfb,This class represents a custom exception that is thrown when an operation is attempted on a read-only resource.,Custom Exception,,,,380,472,52
exist-core/src/main/java/org/exist/launcher/ConfigurationUtility.java,org.exist.launcher.ConfigurationUtility,6cc32fccdfeb8e4bddfa7cffc61bce248584c3cdec634c8d49e8a1289427d746,"This class provides utility methods for managing application configuration, including locating configuration files, loading and saving properties, and performing transformations on configuration files.",Configuration Management,Utility Class,Configuration Object,,443,1001,97
exist-core/src/main/java/org/exist/launcher/SplashScreen.java,org.exist.launcher.SplashScreen,a738e44c237faa3c578f87b42eac1f67cb0b4b393e8f59837b174139d8101e48,"This class displays a splash screen with the eXist-db logo and a status line, updating its content based on observable events and providing comparison functionality for sorting.",Status Display,Observer,MVC (Model-View-Controller),Decorator,542,623,124
exist-core/src/main/java/org/exist/launcher/ServiceManagerFactory.java,org.exist.launcher.ServiceManagerFactory,1eda640beb6e4e2448f3da40217c3a6f31056360995763dd57565f9dd8845385,"This factory class provides a way to obtain a platform-specific service manager, returning a Windows-specific implementation when available or null for unsupported platforms.",Service Management,Factory,Singleton,,471,466,97
exist-core/src/main/java/org/exist/launcher/WindowsServiceManager.java,org.exist.launcher.WindowsServiceManager$WindowsServiceState,47e91cbd7a3ee96a716f4306208dd8df2f9dc3302005f3e67f31a5cae95a15d1,"This code defines an enumeration representing the possible states of a Windows service, including uninstalled, running, stopped, and paused.",Service State,,,,401,392,56
exist-core/src/main/java/org/exist/launcher/WindowsServiceManager.java,org.exist.launcher.WindowsServiceManager,d1e4b2c69914090b8d0cf5ba6e6c0d34420bf163e31b473d335aefceb4ad452a,"This class manages the eXist-db Windows service, providing functionality to install, uninstall, start, stop, and check the status of the service. It also includes utility methods for converting memory string formats for Java and the service management tool.",Service Management,Adapter,Facade,,680,1611,117
exist-core/src/main/java/org/exist/launcher/UtilityPanel.java,org.exist.launcher.UtilityPanel,c76c8a7a67345061e5e73ca8d3edbe86931a52b1c4a418296e4b2bd55c2ecb81,"This class creates and manages a user interface panel that displays messages and status updates, and provides buttons for navigating to different parts of the application. It also updates its visual elements based on external notifications.",UI Panel,Observer,Model-View,,496,590,109
exist-core/src/main/java/org/exist/launcher/Launcher.java,org.exist.launcher.Launcher$LogActionListener,b91866b004a53d3b115ad448f640baa027c3d3bb736976440df22febfc9383c8,"This class handles the action of opening the application's log file when triggered by a user interface event, ensuring the file is accessible before attempting to display it.",Log File Access,Observer,Command,,503,462,101
exist-core/src/main/java/org/exist/launcher/Launcher.java,org.exist.launcher.Launcher,7f50cca88049bf8d3b054640cde615e9ba1254ff38aa9470cd7b01e908b32c8c,"This class is responsible for launching and managing the eXist-db server integrated into a desktop application. It handles displaying a splash screen during startup, managing a system tray icon for user interaction, and providing menu options to start, stop, and access various eXist-db applications like the dashboard and eXide.",Server Launcher,Observer,Facade,Singleton,812,1676,150
exist-core/src/main/java/org/exist/launcher/Service.java,org.exist.launcher.Service,0c37c2110898757444d044e2c26c4d1a92112d2277a0f8b13d7d7d3176486531,"Defines a contract for services within the application, serving as a marker interface for various service implementations.",Service contract,,,,391,370,51
exist-core/src/main/java/org/exist/launcher/ServiceManager.java,org.exist.launcher.ServiceManager,0b685a1b396ec6aacf6b149b8187f9942b11113ed3ae763e1076dc82593f925c,"This interface defines operations for managing platform-specific services, including installation, uninstallation, starting, stopping, checking their status, and optionally displaying the native service management console.",Service Management,Interface Segregation,Abstraction,,479,1047,104
exist-core/src/main/java/org/exist/launcher/ServiceManagerException.java,org.exist.launcher.ServiceManagerException,5841dab866c9222dc05df1190a1d2644504137d787e943878577f4d21ff97b5b,This class defines a custom exception for handling errors within the service management system.,Custom Exception,,,,358,423,46
exist-core/src/main/java/org/exist/launcher/ConfigurationDialog.java,org.exist.launcher.ConfigurationDialog,da46a4adf71dbadb53be7f3c8d6b47079b883b147bf4f494a05e7ffbfbbb5b95,"This class presents a dialog for configuring application settings, including data directory, memory allocation, cache sizes, and network ports, with options to save or cancel changes.",Configuration UI,Observer,Callback,,504,1359,100
exist-core/src/main/java/org/exist/launcher/LauncherWrapper.java,org.exist.launcher.LauncherWrapper,eefd71c40a97934d15f52d8eb44c4835bd0f2a48309573db49a0d1b09449df5b,"This class serves as a wrapper to launch a Java process with specific VM settings, primarily used for starting the eXist application when invoked via start.jar.",Application Launcher,Facade,Command,,539,828,100
exist-core/src/main/java/org/exist/config/ConfigurationImpl.java,org.exist.config.ConfigurationImpl,216c59280cd221e5cfb3fff32b894dd17612d2a4e761c48570460c7a2be73323,"This class provides a flexible way to access and manage configuration data, supporting retrieval of various data types and the storage and retrieval of runtime properties and objects.",Configuration Access,Repository,Data Mapper,Property,578,1688,116
exist-core/src/main/java/org/exist/config/ConfigurationDocumentTrigger.java,org.exist.config.ConfigurationDocumentTrigger$PrincipalType,ef30c002245f30028a2ce58e1507f171b868fcc63e81a4014621394ae17c224b,"This enum represents different types of principals (accounts and groups) and abstracts away the differences between them, providing methods to retrieve, check existence, and migrate IDs for these principals through a security manager.",Principal Abstraction,Enum,Factory Method,Bridge,491,1399,126
exist-core/src/main/java/org/exist/config/ConfigurationDocumentTrigger.java,org.exist.config.ConfigurationDocumentTrigger$PreAllocatedIdReceiver,8cbbb765a619524e1a801567f048d4524d6a7f9c4cd1c2145942273a522d1f36,"This class acts as a holder for an integer identifier, allowing it to be allocated and retrieved, and also provides a mechanism to clear the stored identifier.",Id Holder,Value Object,Holder,,430,490,99
exist-core/src/main/java/org/exist/config/ConfigurationDocumentTrigger.java,org.exist.config.ConfigurationDocumentTrigger,e97555c4ab5181c451610e031429b59db83b58a5135c5ecf43730c59bd28b9f7,"This class acts as a trigger that defers immediate updates to principals (accounts or groups) until it can detect and resolve potential ID or name collisions, ensuring data integrity during configuration changes.",Principal Collision Handling,Event Listener,State Machine,Value Object,620,3273,126
exist-core/src/main/java/org/exist/config/Configurator.java,org.exist.config.Configurator$AFields,eb5673a420ed7c583fb6cbfa03f21676d2a147d70b0eddb942055a9199e09fdf,"This class manages and provides access to collections of configuration attributes and elements, allowing for their addition, retrieval, and searching by annotation value. It also offers an iterator to traverse these fields.",Configuration Fields,Collection,Iterator,,522,736,105
exist-core/src/main/java/org/exist/config/Configurator.java,org.exist.config.Configurator$AField,1195cbbce10cd7d7bf8f41489628fd0f4a4b131dcb50d3d561599c80b7262f4c,"This class serves as a simple container to hold an annotation and the Java Field it is associated with, providing accessors for both.",Field annotation wrapper,Value Object,Data Transfer Object,,536,429,98
exist-core/src/main/java/org/exist/config/Configurator.java,org.exist.config.Configurator,2edeefaed72496929bac82c094373159fe0fb4c1c660834071742efbfac5454e,"This class provides functionality for managing and serializing configurations, including parsing, saving, and dynamically configuring instances based on their annotated fields.",Configuration Management,Factory,Repository,Proxy,611,2909,111
exist-core/src/main/java/org/exist/config/Reference.java,org.exist.config.Reference,a05c1c6d532f4ad9a387fa421516847ac8fef882c5766bd9ac62bb2e2d79f0db,"This interface defines a contract for objects that represent a delayed reference to another object, allowing for resolution at a later time, particularly when dependencies are not yet available.",Reference resolution,Forward reference,Lazy loading,,434,593,102
exist-core/src/main/java/org/exist/config/ReferenceImpl.java,org.exist.config.ReferenceImpl,2ea10270839278d34dc31ebe2a309cc42e674ce3e3c34f64e55cbc1e212e51d8,"This class acts as a mechanism to dynamically resolve and invoke a specific method on a given object, caching the result for future use.",Dynamic Method Invocation,Proxy,Template Method,Strategy,535,662,114
exist-core/src/main/java/org/exist/config/Configuration.java,org.exist.config.Configuration,5e18c11ce7a49437ce401a77410bef90b0136f565993dc5686610af85c1fade7,"Provides an interface for accessing and managing system configuration settings, including nested configurations, properties of various types, and associated objects, along with functionality to check for updates and save configuration states.",Configuration Access,Facade,Proxy,Abstract Factory,636,1535,122
exist-core/src/main/java/org/exist/config/annotation/ConfigurationReferenceBy.java,org.exist.config.annotation.ConfigurationReferenceBy,079411461ba56f9a6803fb06fd15d4a68be8ea9a4bcbb3d0680a8b181adba43b,This is an annotation used to reference configuration values by a string name.,Configuration Reference,Annotation,,,425,449,65
exist-core/src/main/java/org/exist/config/annotation/ConfigurationFieldClassMask.java,org.exist.config.annotation.ConfigurationFieldClassMask,cd057f4e4774b9cbce7410aa0e812d68a1d7f69d7730d44e560a0edbd6c2c1f0,"This annotation is used to map a class field to a Java class name, allowing for configuration-driven class instantiation or selection.",Field mapping,,,,398,484,56
exist-core/src/main/java/org/exist/config/annotation/NewClass.java,org.exist.config.annotation.NewClass,ef663ec78ec70a48d7107288e193d03009d057f4cf635e721b1476ae03d8dc7f,"This annotation defines metadata for fields, specifying a name and a mapper class for data transformation.",Annotation Metadata,,,,398,484,49
exist-core/src/main/java/org/exist/config/annotation/ConfigurationFieldSettings.java,org.exist.config.annotation.ConfigurationFieldSettings$SettingKey,6325f21a7c3e825b3fe7a436f8fa99724c94e3fcebf35e95d753c465acc58cc2,"This enum defines a set of configuration keys and provides methods to extract their corresponding values from settings strings, determine the appropriate setting key from input, and find a setting key by its string representation.",Key-value management,Enumeration,Strategy,,556,574,109
exist-core/src/main/java/org/exist/config/annotation/ConfigurationFieldSettings.java,org.exist.config.annotation.ConfigurationFieldSettings,b18de06709e41e44590a25103850aba83dbe24e7e36baed2db1b70d5735b308b,"This annotation is used to define settings for configuration fields, including keys for octal strings and radix values, and provides utility methods for extracting and managing these settings.",Configuration Metadata,Marker Annotation,Enum Utilities,,525,603,102
exist-core/src/main/java/org/exist/config/annotation/ConfigurationClass.java,org.exist.config.annotation.ConfigurationClass,108fbcadce49ad8cfbb928a3d0a15c9ef4146ade07f692e046156a067fff7586,"This annotation is used to map Java classes to XML elements by their names, serving as metadata for configuration purposes.",Class-XML mapping,Annotation,,,454,471,75
exist-core/src/main/java/org/exist/config/annotation/ConfigurationFieldAsElement.java,org.exist.config.annotation.ConfigurationFieldAsElement,750a019d61cd03576bf50b88246c7fdc61ec9cc0346ee8e4a7ff922fa55e4bf9,"This annotation is used to map class fields to XML elements by their name, facilitating configuration handling.",XML Mapping,Marker Annotation,Configuration Mapping,,515,467,89
exist-core/src/main/java/org/exist/config/mapper/Constructor.java,org.exist.config.mapper.Constructor,0d850c36fa45761f7b2a42bb688b12dc518c18b88084d0098c8a4dc8f6d5c21d,"This class is responsible for creating and managing configurations for objects, and for dynamically loading and instantiating new Java objects based on provided mapping instructions.",Object Loading,Factory,Registry,,489,553,97
exist-core/src/main/java/org/exist/config/mapper/CallMethod.java,org.exist.config.mapper.CallMethod,e27391b211ea980b4ad9608bd09edf4cbccd082b88c611b46aab8a65c85bc42c,"This class facilitates the dynamic invocation of methods on an object, using configuration to determine the method name, parameter types, and arguments which can be sourced from a predefined value or an XML attribute.",Dynamic method invocation,Strategy,Interpreter,,1052,584,107
exist-core/src/main/java/org/exist/jetty/WebAppContext.java,org.exist.jetty.WebAppContext,4b9d941074cc484d45c173152f42317c3fc8f8793da58fbf68314de87c2bbeb6,"This class extends Jetty's WebAppContext to manage the lifecycle of a web application, including the graceful shutdown of associated services and resources.",Web Application Lifecycle,Extension,Lifecycle Management,,513,479,97
exist-core/src/main/java/org/exist/jetty/ServerShutdown.java,org.exist.jetty.ServerShutdown,652b09d63e24b28a703e22b01d085f23775ce5f592c1ffd9502ca5bd4e93d385,This class is designed to shut down a running database instance by processing command-line arguments to connect to and interact with the database.,Database Shutdown,Command Line Interface,Application Entry Point,,475,681,98
exist-core/src/main/java/org/exist/jetty/JettyStart.java,org.exist.jetty.JettyStart$ShutdownListenerImpl,81ff3e9c5dba28e15fa6af2a68056412d753a82cb26555659fa0468c968e3c83,"This class handles the server shutdown process after a database shutdown request, ensuring a graceful termination.",Shutdown handling,Listener,Observer,,442,516,86
exist-core/src/main/java/org/exist/jetty/JettyStart.java,org.exist.jetty.JettyStart$BrokerPoolAndJettyShutdownHook,7cc44232c63256c7df94a31be4cde5a32ac13cc71497e44b84cd735a5d5532a6,This class is responsible for managing the graceful shutdown of a server and its associated broker pool when the application is terminating.,Shutdown Management,Runnable (Java concurrency construct),Hook (Lifecycle observer),,575,459,98
exist-core/src/main/java/org/exist/jetty/JettyStart.java,org.exist.jetty.JettyStart,06613e812828fe3e09038311b7ddd1371d02d38c3840f41d088e5c503e2ec337,"This class is responsible for launching and managing the embedded Jetty web server for the eXist-db application, handling its startup, shutdown, and status updates.",Server Launcher,Observable,Listener,Singleton,500,1764,117
exist-core/src/main/java/org/exist/ResourceMetadata.java,org.exist.ResourceMetadata,9c807168070bb96215b453497a36e365bf74447b6d7b347c393db2363741d205,"This interface defines a contract for retrieving metadata, specifically the creation time, of a generic database resource.",Metadata Access,Interface,Accessor,,506,538,88
exist-core/src/main/java/org/exist/indexing/RawBackupSupport.java,org.exist.indexing.RawBackupSupport,315f8b6f40f87a0abfaa1110776059538758eaa9135b251e4f60f410d30ef4fb,"This interface defines a contract for indices that need to support the backup of raw data files to a raw system backup, primarily for use by the DataBackup system task.",Backup Support,Interface,Strategy,,500,462,101
exist-core/src/main/java/org/exist/indexing/AbstractMatchListener.java,org.exist.indexing.AbstractMatchListener,96c6f5a799fb6fe320752afe7006d815eb5a7555d6fb9aa5c2beb8d5d8f0ae32,"This class acts as a base implementation for handling SAX events during XML parsing, providing a mechanism to chain multiple event listeners together and forward events to the next listener in the chain.",Event Forwarding,Chain of Responsibility,Adapter,,646,1392,107
exist-core/src/main/java/org/exist/indexing/QNamedKeysIndex.java,org.exist.indexing.QNamedKeysIndex,5ecbeb676a13827f3315e74d13ab38365afca3aaca583dacbbcec3b7d2948ebc,"This interface defines a contract for indexes that store values associated with the QName of their nodes, providing a specific key for a QName list hint during index scans.",QName Indexing,Interface,Marker Interface,,566,470,104
exist-core/src/main/java/org/exist/indexing/StreamListener.java,org.exist.indexing.StreamListener$ReindexMode,f6edf00dc28b9ce9265af3df09eef26f40cab0dd6add0903e8cf0a4d7e555241,"This class defines an enumeration for different modes of reindexing operations, specifying actions like storing, replacing, or removing document nodes and binary content.",Reindexing mode,,,,388,542,60
exist-core/src/main/java/org/exist/indexing/StreamListener.java,org.exist.indexing.StreamListener,2a8a43e5f3537e5c0a23b26bc4b2241ba99afad39d4ff33f1e51715c45f918e6,"This interface defines a callback for receiving index events during document processing and allows chaining of listeners to process these events sequentially. It includes methods for starting and ending document indexing, handling elements, attributes, and text nodes, as well as managing document replacement operations.",Index Event Handling,Chain of Responsibility,Listener,Callback,880,1660,138
exist-core/src/main/java/org/exist/indexing/IndexUtils.java,org.exist.indexing.IndexUtils,ccfd015171dd0fc15ad548b94b2fc6e9a8c138844b791a8c4b3265a04cd34531,"This class provides utility methods for scanning nodes within a database, designed to be used by various Index implementations. It handles the traversal and processing of nodes and their descendants.",Index utilities,,,,379,533,64
exist-core/src/main/java/org/exist/indexing/AbstractIndex.java,org.exist.indexing.AbstractIndex,5321183b1824b81b7b39a15ab1d83f09a3530a866a3a3b47d6a23aefef663b1d,"Provides a base implementation for indices, handling configuration, identification, and storage management, which are common to various index types.",Index Configuration,Abstract Base Class,Template Method,,471,631,95
exist-core/src/main/java/org/exist/indexing/OrderedValuesIndex.java,org.exist.indexing.OrderedValuesIndex,1fdb03122f1760f0f9c72f58452d1ef866a4570b1609a3cf8b965826a7dcc383,"This interface defines a contract for indexes that store their values in a deterministic manner, providing static keys for specifying start and end value hints during index scans.",Deterministic indexing,,,,331,501,61
exist-core/src/main/java/org/exist/indexing/IndexController.java,org.exist.indexing.IndexController,a0bca39c8de220c067598f92f1e877443588f8c99485b641c529b731409188a6,"This class acts as a central dispatcher for indexing operations, coordinating with various registered index workers to process document changes, re-indexing requests, and collection removal operations.",Index dispatching,Strategy,Observer,Facade,558,3247,118
exist-core/src/main/java/org/exist/indexing/AbstractStreamListener.java,org.exist.indexing.AbstractStreamListener,323169cad607d0fca117d18a588805f99010487f50509c9805591dc68170e4b9,"This class serves as a default base for stream listeners, providing a mechanism to chain listeners together and forwarding events to the next listener in the chain unless overridden by subclasses.",Event forwarding,Chain of Responsibility,Template Method,,600,990,104
exist-core/src/main/java/org/exist/indexing/MatchListener.java,org.exist.indexing.MatchListener,db6f1b253b0f3f38ac314a5b3b9b8aaf4bb51a0c3426013a6dbe82a561403fe5,"This interface defines a mechanism for highlighting matches within query results, allowing implementations to filter and process serialized query output by chaining multiple listeners together.",Result highlighting,Chain of Responsibility,Decorator,,496,658,97
exist-core/src/main/java/org/exist/indexing/Index.java,org.exist.indexing.Index,63fb3dc2c441562a3ee8a579ef4f091a2dfb0c2406bc884399edeb3f639bf93e,"This interface defines the contract for arbitrary index structures within eXist, providing methods for configuration, lifecycle management (open, close, sync, remove), and obtaining workers for concurrent access.",Index Management,Service,Factory Method,Resource,570,1511,123
exist-core/src/main/java/org/exist/indexing/IndexManager.java,org.exist.indexing.IndexManager,b5480dc8b1b75ad0152d8f3fa21229c6eca617ccd22b735c5797c2de64c7d92c,"This class manages the lifecycle and access to all custom indexes registered within the database, handling their configuration, registration, unregistration, and operational tasks like synchronization and removal.",Index Management,Registry,Service,Facade,531,1884,118
exist-core/src/main/java/org/exist/indexing/IndexWorker.java,org.exist.indexing.IndexWorker,c7e031e4ba7e5b1a4fc781730b71068db774f7667b7e82b8dbb5911057ea9c81,"This interface defines the contract for index workers, which provide concurrent access to index structures and manage indexing operations for individual documents and collections within a multi-threaded environment.",Index operations,Worker Thread,Interface Segregation,Concurrency Control,511,2537,121
exist-core/src/main/java/org/exist/indexing/StructuralIndex.java,org.exist.indexing.StructuralIndex,157011e84a6a9075fafe52d304bf6f89d8bc9747cfc31c400c6e3a5c58377f67,"This interface defines the contract for structural indexes, enabling access to elements and attributes within documents based on their names and relationships.",Structural indexing,Interface,Query Facade,,548,1209,94
exist-core/src/main/java/org/exist/stax/EmbeddedXMLStreamReader.java,org.exist.stax.EmbeddedXMLStreamReader$ElementEvent,34d89417d1cea4122adf4ad97f7ab0894c44cb10b0ca5dd09af6765ffd517340,"This class represents an event related to an element, storing its associated data, the total count of its children, and tracking the current child being processed.",Event container,Value Object,,,537,478,82
exist-core/src/main/java/org/exist/stax/EmbeddedXMLStreamReader.java,org.exist.stax.EmbeddedXMLStreamReader,3c640260a9927dbf164980b4c52c87691a155c831bd8eb3ee21e9484cc62822f,"This class provides an iterator-like interface for traversing XML data stored in a database, allowing XML events to be processed sequentially.",XML iteration,Iterator,Adapter,State,509,2346,110
exist-core/src/main/java/org/exist/stax/ExtendedXMLStreamReader.java,org.exist.stax.ExtendedXMLStreamReader,afa87f289a7b3cf10d3ebddf7b624856b0a54be36053fbbaa1a2eb7232fee167,This interface extends the standard XMLStreamReader to provide additional methods for accessing qualified names and node identifiers of XML attributes and elements.,XML Attribute/Element Access,Interface Segregation,Extension,,580,430,98
exist-core/src/main/java/org/exist/stax/StaXUtil.java,org.exist.stax.StaXUtil,9fa235bfae5cec799c625e73b13b3771e8e98756044afc1e2f79332f8d26cd48,"This class provides utility methods for translating XML stream event types and constants into different internal representations, such as application-specific types and Document Object Model (DOM) node types.",XML Type Translation,Utility,,,509,481,86
exist-core/src/main/java/org/exist/stax/IEmbeddedXMLStreamReader.java,org.exist.stax.IEmbeddedXMLStreamReader,38732893654340068935768b76087c72e63ca9e98beec2f08c809a411ccdc265,"This interface defines a stream reader for embedded XML content, providing methods to navigate and extract data from XML nodes. It supports repositioning the stream to a specific node, retrieving the current node and its predecessor, filtering nodes based on a custom criteria, and obtaining the node's type and text value.",XML Stream Reading,Adapter,Strategy,,631,951,129
exist-core/src/main/java/org/exist/source/ClassLoaderSource.java,org.exist.source.ClassLoaderSource,c47138ce353199733d260ad1056f6251d6be748b601587c86c93d2d198994f1c,"This class represents a source of resources that can be loaded using the current context's class loader, handling resource names as paths within the classpath.",Resource Loading,Adapter,,,495,595,80
exist-core/src/main/java/org/exist/source/SourceFactory.java,org.exist.source.SourceFactory,6f65609fd79168d2db0ae4348c39e628a5c27cddfeb9aa314c4aceec169ec38a,"This class acts as a factory for creating `Source` objects, which represent various types of resources, by abstracting the logic for retrieving them from different locations like the classpath, database, or filesystem.",Resource factory,Factory Method,Abstraction,,491,961,109
exist-core/src/main/java/org/exist/source/BinarySource.java,org.exist.source.BinarySource,38cc92e80330c242528c9dcd515850b803aa74ddcbd672e363a6bc406a08bc49,"This class represents a source of binary data, providing methods to access its content as a byte array, input stream, or string, and includes functionality to check encoding.",Binary Data,Adapter,Value Object,,595,593,102
exist-core/src/main/java/org/exist/source/AbstractSource.java,org.exist.source.AbstractSource,4fc69ff10c29c2d7ab4294ffed780048ad5967e2cfae5ae32173648e492c5658,"This abstract class provides a base implementation for sources, handling key management and offering utility methods for encoding detection, module identification, and generating descriptive string representations.",Source Representation,Abstract Base Class,Template Method,,510,1043,101
exist-core/src/main/java/org/exist/source/FileSource.java,org.exist.source.FileSource,70f3129561038c7785bdde6014b5fdb29543f64b5a220decb29a70fba7a3ed49,"This class represents a source of data read from the file system, providing access to file content, encoding, and metadata.",File Reading,Strategy,Adapter,,494,773,92
exist-core/src/main/java/org/exist/source/Source.java,org.exist.source.Source$Validity,091b40b9a14e03601be543c24e489fe11aa149cc951c128fc2d995c30f286597,This enum defines a set of distinct states indicating whether something is valid or invalid.,Validation state,,,,352,376,47
exist-core/src/main/java/org/exist/source/Source.java,org.exist.source.Source,06d79f919c1f4e7ba69495395d36c97f9135434db7f3725624d2aa8d2e5f09de,"This interface defines a contract for accessing data from various sources, enabling operations like reading content, retrieving paths, and identifying source types, primarily intended for loading XQuery scripts and modules.",Source Access,Abstraction,Interface,Strategy,553,1417,121
exist-core/src/main/java/org/exist/source/DBSource.java,org.exist.source.DBSource,a0c1608ee6f60a3afe07ad30abda90c6bc0ca6930f8443d23dcf056a1fdb0df8,"This class serves as an abstraction for reading binary data stored in a database, providing access to the content, metadata, and permissions associated with the stored document.",Data Source,Adapter,Facade,,593,1022,99
exist-core/src/main/java/org/exist/source/URLSource.java,org.exist.source.URLSource,2eab5de195de920d9e14e70f59fb404d78af7937cad6767e768f37ea8478f68f,"This class provides a mechanism to read data from a specified URL, handling aspects like content retrieval, encoding, and validation for both local file paths and remote resources.",URL reading,Adapter,Strategy,,632,801,100
exist-core/src/main/java/org/exist/source/StringSource.java,org.exist.source.StringSource,84d45abdcde5aeae86097c2206be143a2888d7f9df30e7a35af23fe00cc039c0,"This class represents a source of data encapsulated within a single string, providing access to its content and type.",String Data,Value Object,Wrapper,,527,582,90
exist-core/src/main/java/org/exist/Transaction.java,org.exist.Transaction,f3f55266edb2dcb64a170bcff3c951a331f0b8985958916c44d2fdb3aed739e0,"This interface defines the contract for atomic database transactions, providing methods to commit, abort, and close the transaction. It ensures that all operations within a transaction are treated as a single, indivisible unit, either succeeding entirely or failing entirely, thereby maintaining data consistency and integrity. The `close` method also handles automatic rollback if the transaction isn't explicitly committed.",Transaction Management,Resource Management,Atomicity,,611,704,142
exist-core/src/main/java/org/exist/EventListener.java,org.exist.EventListener,c4fda9660fb95f33250518b3f53e51597613c776762fb12feb0b78987fb4dfb2,This interface defines a contract for objects that listen for and process incoming events of a generic type `T`.,Event handling,Observer,Listener,,573,440,90
exist-core/src/main/java/org/exist/backup/BackupDescriptor.java,org.exist.backup.BackupDescriptor,790c789c134cfcdb637463e68a4774675fec3a9482f5c6f534e23dd5daaedb8c,"This interface defines a contract for accessing and describing backup content, including its structure, properties, and associated metadata. It allows for navigation through hierarchical backup structures and retrieval of specific backup components.",Backup Description,Abstract Factory,Builder,Composite,597,751,123
exist-core/src/main/java/org/exist/backup/BackupDialog.java,org.exist.backup.BackupDialog,aac0cafaa802893eac5aa05bd6b745cd54d31148e956617a51d780cddf6eec8b,"This class provides a graphical user interface for displaying and updating the status of a backup operation, showing the current collection and file being backed up, along with a progress bar.",Backup Progress Display,Model-View-Controller (MVC),Observer,,694,592,109
exist-core/src/main/java/org/exist/backup/AbstractBackupDescriptor.java,org.exist.backup.AbstractBackupDescriptor,916d3c156a359348366d18858f53ec26ad8a1149bcda829841bff23f62cca343,"This abstract class defines the common interface and fields for backup descriptors, including methods for retrieving the backup date and number of files, and for parsing XML data. It serves as a base for specific backup descriptor implementations.",Backup descriptor,Template Method,Abstract Class,,536,524,112
exist-core/src/main/java/org/exist/backup/ZipArchiveBackupDescriptor.java,org.exist.backup.ZipArchiveBackupDescriptor,2c9f432e61b687ea0451a3c9702166131462b08dd3a2ad8b45d82382d1c173ba,"This class represents a backup descriptor for a zip archive, allowing access to its contents as backup descriptors and input sources.",Zip Archive,Adapter,Composite,,473,728,91
exist-core/src/main/java/org/exist/backup/ExportGUI.java,org.exist.backup.ExportGUI,ebdc8afdd743eaf2f8980a2525f8c7726343943d01c9dbd8f0927afec94fb8a1,"This class provides a graphical user interface for exporting data, allowing users to configure export settings, select a database, specify an output directory, and initiate the export process. It also includes functionalities for displaying messages, managing log files, and handling user interactions through buttons and menu items.",User Interface,View,Event Handler,,660,1393,124
exist-core/src/main/java/org/exist/backup/ExportMain.java,org.exist.backup.ExportMain$Callback,4487101bd8e2e071249e048b67b8186ac60f205f4f78f5797bdfd4125c9fe709,"This class acts as a callback handler to report the status of a system export process, including the start of collection, progress on individual documents, and any errors encountered.",Status Reporting,Observer,Listener,,620,558,101
exist-core/src/main/java/org/exist/backup/ExportMain.java,org.exist.backup.ExportMain$CheckCallback,75c951cd72dc26cdad50125ea508dbf9bb92b21022b5c327d91cfebec57b9073,This class provides a callback mechanism to track the progress and report errors during a consistency check operation.,Progress tracking,Callback,,,381,549,70
exist-core/src/main/java/org/exist/backup/ExportMain.java,org.exist.backup.ExportMain,37c4b3b6a6b6a49e6bc1d1e2c1a0d3d9986c0f0fef8d4d071b9b51018902a2f6,"This class serves as the main entry point for exporting database contents. It parses command-line arguments to control export behavior, such as enabling/disabling checks, specifying output formats (directory or zip), and configuring database access. It orchestrates the database startup and initiates the export process based on the provided arguments.",Export orchestration,Facade,Entry Point,,654,1318,131
exist-core/src/main/java/org/exist/backup/ConsistencyCheck.java,org.exist.backup.ConsistencyCheck$ProgressCallback,c5322c1f9639c36182cfa7cb5e41dfddb6c15a7a3e78e13c0de1bd6014e7328d,This interface defines a callback mechanism for receiving progress updates and error notifications during document and collection processing. It allows external systems to monitor and react to the lifecycle of these operations.,Progress/Error Reporting,Callback,Listener,,611,541,104
exist-core/src/main/java/org/exist/backup/SystemImport.java,org.exist.backup.SystemImport,347842f2fa3b94c034747a73ac11055530244da0db0b2fda6746e8342b86aab2,"This class handles the restoration of data from a backup file, including user authentication, potential credential updates, and the parsing of XML backup descriptors to import data, with progress reporting via a listener.",Data Restore,Strategy,Command,Facade,574,626,123
exist-core/src/main/java/org/exist/backup/restore/SkippedEntryDeferredPermission.java,org.exist.backup.restore.SkippedEntryDeferredPermission,cfbff6926bf4ed54331529eb208c748a8ead8a95fb11a598d4133a6d0ec7f95a,"This class represents a deferred permission for an entry that is skipped during a restore process, effectively meaning no action is taken when its permissions are applied.",Skipped permission,Interface Implementation,Deferred Execution,,443,602,100
exist-core/src/main/java/org/exist/backup/restore/AppRestoreUtils.java,org.exist.backup.restore.AppRestoreUtils$AppDetail,8f7c20e0b996f5a6c5d6ea007b546fe989728d15bb5f0fe69856b4976d59c31a,"This class represents a detailed description of an application, including its file path, name, and semantic version.",Application metadata,,,,410,413,52
exist-core/src/main/java/org/exist/backup/restore/AppRestoreUtils.java,org.exist.backup.restore.AppRestoreUtils,629d6dc14f7dc4731def55aa33b0f8648a64daf4eb2300fc05f0d0831c57e3c3,"This class provides utility methods for comparing applications found in a backup with those already installed in a package repository, aiding in the restore process by identifying outdated or superseded applications.",Application comparison,Utility Class,,,506,1049,85
exist-core/src/main/java/org/exist/backup/restore/ResourceDeferredPermission.java,org.exist.backup.restore.ResourceDeferredPermission,485b0831e6e73a778a7d33ed596cb33ad1aa5b9ee6b5002458f40fe4170e6419,"This class handles the deferred application of permission changes to a specific database resource, ensuring that ownership and access controls are updated correctly, even if the initial application fails.",Resource Permissions,Command,Strategy,,487,553,100
exist-core/src/main/java/org/exist/backup/restore/AbstractDeferredPermission.java,org.exist.backup.restore.AbstractDeferredPermission,303d54f1fa1d0c9ec326169fe8947562c815c2c572cdf0776d2e9409ac61ec33,"This class represents a deferred permission that holds information about a target resource, its owner and group, and a list of Access Control Entries (ACEs) that will be applied at a later time.",Deferred Permission,Abstract Base Class,Builder (implied),,645,669,112
exist-core/src/main/java/org/exist/backup/restore/SystemImportHandler.java,org.exist.backup.restore.SystemImportHandler,f9ddb182120a715468b8341f03ac59fbe36064c54c7be40b7a401027932fbca7,"This class handles the parsing of __contents__.xml files during the restoration process of a database backup, managing the import of system-related data.",System import,SAX Parser,Template Method,Abstract Factory,966,923,118
exist-core/src/main/java/org/exist/backup/restore/AbstractRestoreHandler.java,org.exist.backup.restore.AbstractRestoreHandler$EntryCommonMetadataAttributes,5afa587e8e1ca4e2593c93c61f4acf2679c2ee7062ccd2af2286eff1134a16ed,"This class represents a data structure for common metadata attributes associated with an entry, including flags for skipping, name, owner, group, file mode, and creation timestamp.",Metadata Representation,Data Transfer Object,Builder (Implicit),,604,516,105
exist-core/src/main/java/org/exist/backup/restore/AbstractRestoreHandler.java,org.exist.backup.restore.AbstractRestoreHandler,8ada6bc56d54048d1fe5d62e1884b0a8c657d57ffef773120d6ebce45ec23708,"This class handles the processing of backup descriptors to restore database contents, acting as a SAX Content Handler. It manages the state of the restoration process, including transactions, URIs, and deferred permissions, while allowing subclasses to customize behavior for collections, resources, and deleted items.",Backup Restoration,Template Method,Strategy,Observer,702,2257,141
exist-core/src/main/java/org/exist/backup/restore/CollectionDeferredPermission.java,org.exist.backup.restore.CollectionDeferredPermission,8bc2fad1b13703ef1f957a7270997879638ab7164e3a14166a9e9a195956dafc,"This class manages deferred permission assignments for a specific database collection, ensuring that the correct owner, group, and mode are applied when permissions are eventually processed.",Collection Permissions,Listener,Strategy,,514,533,98
exist-core/src/main/java/org/exist/backup/restore/listener/LogRestoreListener.java,org.exist.backup.restore.listener.LogRestoreListener,b468bda238075d02a29931ba4db62ce8496284d57e4300058e30a7f60e0fd860,"This class is responsible for logging restore-related messages at different severity levels (info, warn, error). It acts as an observer to capture and record events during a restore process.",Logging Listener,Observer,,,449,570,87
exist-core/src/main/java/org/exist/backup/restore/listener/RestoreListener.java,org.exist.backup.restore.listener.RestoreListener,a0e6cb7e57f888b76e558eb3b8700f290f9261ba0378caf234821044ba7058dc,"This interface defines a set of methods that can be called to receive notifications about the progress and outcome of a restore operation, including starting, processing descriptors, creating collections, restoring resources, skipping resources, logging information, warnings, and errors, and signaling completion.",Restore progress,Observer,,,550,776,102
exist-core/src/main/java/org/exist/backup/restore/listener/AbstractRestoreListener.java,org.exist.backup.restore.listener.AbstractRestoreListener,be42dbdf8d25f5387995c53f4adff0d6556e9ecaf55f47ba9d87113f3ea456c4,"This abstract class provides default implementations for a listener that is notified of events during a backup restoration process, such as the start and end of the process, creation of collections, skipping resources, and the restoration of individual resources.",Restore Listener,Template Method,Listener,,529,667,113
exist-core/src/main/java/org/exist/backup/restore/RestoreHandler.java,org.exist.backup.restore.RestoreHandler,19dd8a870de71bfc10be2f1104c06dc8a10b78896615246cb2965081cf52d763,"This class handles the processing of backup descriptors to restore database contents, acting as a SAX content handler.",Restore processing,Visitor,Handler,,453,633,89
exist-core/src/main/java/org/exist/backup/restore/DeferredPermission.java,org.exist.backup.restore.DeferredPermission,5cbbc6bb10ddf10787e84c82cea51ae9c626b5f379bda8164db843b99c2bb783,"This interface defines operations for applying deferred permissions to a database broker within a transaction, managing access control entries (ACEs) for specific targets.",Deferred Permission,Strategy,Interface,,435,521,96
exist-core/src/main/java/org/exist/backup/xquery/BackupModule.java,org.exist.backup.xquery.BackupModule,1ba90fb67e5dc809fd34051237a7585026dfe401d41a26ec870d56f61bfb91aa,"This class defines and registers functions related to backup operations within the system, making them available for use.",Backup Management,Module,Plugin,,466,620,88
exist-core/src/main/java/org/exist/backup/xquery/ListBackups.java,org.exist.backup.xquery.ListBackups,2af3edf93075191a343ded75fd699c8bcbbc69d748d9f187154ea2db3cb15e7a,This class provides functionality to list all available eXist backups within a specified directory and returns the list as an XML fragment.,Backup Listing,Adapter,Builder,Composite,441,796,110
exist-core/src/main/java/org/exist/backup/xquery/RetrieveBackup.java,org.exist.backup.xquery.RetrieveBackup,f57084dbb572413be7c65ea7d54c20896c1e575eac3a3ed70ea131a08241503a,"This class is responsible for retrieving a specified zipped backup archive from a given directory and streaming its contents directly to an HTTP response, enforcing security by only allowing `.zip` files and requiring specific user roles and an active HTTP context.",Backup retrieval,Strategy,Template Method,,467,659,114
exist-core/src/main/java/org/exist/backup/ZipWriter.java,org.exist.backup.ZipWriter,250b8d1a88031cc4715308c34682dae74fd8aeed06bdabbefba5b3483c139437,"This class implements a backup writer that serializes data into a zip archive, managing entries for collections, general content, and binary blobs.",Zip Archiving,Adapter,Builder,Stream,555,898,113
exist-core/src/main/java/org/exist/backup/CreateBackupDialog.java,org.exist.backup.CreateBackupDialog,09f4df4323b955df1da0ba47254b5326900de41c427c1770f232bba36f5d5ffe,"This class provides a graphical user interface for creating a backup, allowing users to select a collection, specify a backup target, and choose whether to deduplicate blobs.",Backup Configuration,Presentation,View,,423,639,100
exist-core/src/main/java/org/exist/backup/BackupDirectory.java,org.exist.backup.BackupDirectory,5ae18f7ce2996f14ca70dae25a19742f4816b522994eb2f41a1c301c5268eabe,"Manages the creation and identification of backup files within a specified directory, adhering to a defined naming convention that includes backup type (full or incremental) and a timestamp.",Backup Management,Factory,Value Object,,499,690,102
exist-core/src/main/java/org/exist/backup/RestoreDialog.java,org.exist.backup.RestoreDialog,976cc23685329e82284ad6a0af970e51f8f04854d8482c0aa1928f9b88d85b82,"This class presents a dialog window for users to monitor the progress of a data restoration process, displaying messages, file counts, and transfer status.",Progress monitoring,View,Model-View-Controller,Observer,441,1158,117
exist-core/src/main/java/org/exist/backup/FileSystemWriter.java,org.exist.backup.FileSystemWriter,e0a3d4ef23578223aec3d67de88c4f30f1be35777c594e1ec869229f5449ab2a,"This class provides an implementation for writing backup data to the file system, managing collections, entries, and their associated content and blob data.",File System Writer,Adapter,Writer,Resource Management,603,927,114
exist-core/src/main/java/org/exist/backup/Restore.java,org.exist.backup.Restore,e56ec8294bc92585a7593bdb3872dc1e3d8dd76e8e1e108b3acf81ca18ca428f,"Restores data from backup files to a database, managing application overwrites and providing progress updates.",Data restoration,Facade,Strategy,,590,736,87
exist-core/src/main/java/org/exist/backup/DescriptorResourceCounter.java,org.exist.backup.DescriptorResourceCounter$CounterHandler,446a652aeb255f0252c7a25912d090af8eb1934fa82655c8567ccb9022c4591c,"This class handles the parsing of XML content, specifically counting the occurrences of 'resource' elements within a given namespace.",XML Parsing,Event-Driven,Handler,,456,461,93
exist-core/src/main/java/org/exist/backup/DescriptorResourceCounter.java,org.exist.backup.DescriptorResourceCounter,b39e5507780f0bd16be3e5926f13ca8083e75755701bf980dc9296dc8441db0b,This class is responsible for counting the number of files described within an XML input stream.,Resource Counting,Visitor,Builder,,382,603,85
exist-core/src/main/java/org/exist/backup/BackupFile.java,org.exist.backup.BackupFile,49b83d122ae5e5414bbe10af01a7c0c0cd565fcefa12e034c66b006181a671c2,"This class represents a backup file, storing its associated file object and a timestamp derived from a formatted string, and provides methods to compare its date with other backup files or specific points in time.",File Date,Value Object,Wrapper,,523,610,107
exist-core/src/main/java/org/exist/backup/Main.java,org.exist.backup.Main$AggregatingConsoleRestoreServiceTaskListener,478d9e3e6d0138b1e8448f42aea1252f44d88f757c34a3b476663bfea8491b67,"This class aggregates warning and error messages generated during a restore service task, providing a consolidated view of all problems encountered.",Problem Aggregation,Decorator,Observer,,541,558,92
exist-core/src/main/java/org/exist/backup/Main.java,org.exist.backup.Main,1663261b9a46e9bf71b52dfd7f9b226a361135d99712646be8c194edcc12f7b3,"This class serves as the main entry point for a command-line application, responsible for parsing arguments related to database operations such as backup and restore, and then orchestrating the execution of these operations.",Command Line Interface,Builder,Facade,Strategy,668,1745,125
exist-core/src/main/java/org/exist/backup/SystemExport.java,org.exist.backup.SystemExport$StatusCallback,978d9c18589646212cd5a748a95e4c840997cec77e990c45bfaaf961144c2e2c,"This interface defines a callback mechanism for reporting the progress and status of a data collection or processing operation, including initiation, document processing, and error handling. Implementations can be interrupted, halting the process.",Status Reporting,Observer,Callback,,444,526,108
exist-core/src/main/java/org/exist/backup/SystemExport.java,org.exist.backup.SystemExport$CollectionCallback,c905e4071fbfe06e1c6d8e694bb0a1d7f60a6a98e242407f4dc46597c9fd8122,"This class acts as a callback mechanism for processing collection data during a backup operation. It is responsible for exporting collection details and updating its progress, while also managing any errors encountered. It provides a way to retrieve the processed documents after the operation.",Backup Export,Callback,Visitor,,805,574,116
exist-core/src/main/java/org/exist/backup/SystemExport.java,org.exist.backup.SystemExport$DocumentCallback,f4e3784d2977ce0c3659365ae142454238a17b1266520e1647b34ceca5a49473,"This class acts as a callback for processing documents during an export operation, handling the logic for including, potentially renaming, and serializing documents based on their export status and the presence of duplicates.",Document Export,Callback,Visitor,,626,543,106
exist-core/src/main/java/org/exist/backup/SystemExport.java,org.exist.backup.SystemExport$CheckDeletedHandler,e48ff7df0b3c40303edd8fb2f23bb029421f5420bc5a8e241edf2004226fc3ad,"This class handles the processing of XML elements, specifically identifying and marking non-existent subcollections and resources as deleted.",XML Event Handling,Visitor,Observer,,522,503,92
exist-core/src/main/java/org/exist/backup/SystemExport.java,org.exist.backup.SystemExport,a45106fbee1086fa1d145ed8a5e5be38bbdfbfc8ee0c65f60bd6de9f2dbf3662,"This class provides functionality to export database contents, prioritizing data preservation even when encountering corrupted collections or unreadable documents. It can export descendant collections, place intact but orphaned documents into a special lost-and-found collection, and remove damaged documents detected by a consistency check. The exported data format is compatible with the standard backup tool.",Data Export,Chain of Responsibility,Visitor,Template Method,890,2321,153
exist-core/src/main/java/org/exist/backup/FileSystemBackupDescriptor.java,org.exist.backup.FileSystemBackupDescriptor,9f0cb2ebdac010db63fb3dbaa60d693f168d3a74291c180c184db118e6c6d83a,"This class describes a backup stored within a file system, allowing access to its contents and properties.",File System Backup,Repository,Facade,Composite,580,683,105
exist-core/src/main/java/org/exist/backup/ErrorReport.java,org.exist.backup.ErrorReport$ResourceError,78c32e7f326e27f82a113064071cf511eba05aebe32a5e3983be626e01f88c2c,"This class represents a specific type of error related to a resource, allowing for the inclusion of a document identifier alongside the error code, message, and an optional exception.",Resource error,Value Object,Error Reporting,,595,464,103
exist-core/src/main/java/org/exist/backup/ErrorReport.java,org.exist.backup.ErrorReport$CollectionError,2d9e9001b096831861b56aae1366eac1e7c29d9e01cc88b292c304b7cbfbd51b,"This class represents an error specific to a collection, storing an error code, message, and optionally an exception, along with the collection's ID and URI.",Collection Error,Error Object,Data Transfer Object,,543,514,103
exist-core/src/main/java/org/exist/backup/ErrorReport.java,org.exist.backup.ErrorReport$IndexError,027184d5ac58d89ca83fb955b161e2bb65fe61cbfdb3f5450e27e03b4d9d5e6a,"This class represents an error that occurs when an index is out of bounds, specifically associating the error with a document identifier.",Error reporting,Error reporting,,,1222,454,76
exist-core/src/main/java/org/exist/backup/ErrorReport.java,org.exist.backup.ErrorReport,71cb1d51536e673127f163da18752b9fbb73ae5e5d62fe9f48ee46b6dd35afeb,"This class serves as a base for reporting various types of errors within the system, encapsulating error codes, messages, and associated exceptions. It provides specific subclasses to detail errors related to resources, collections, and indices.",Error Reporting,Inheritance Hierarchy,Composition,Value Object,703,1058,131
exist-core/src/main/java/org/exist/backup/RawDataBackup.java,org.exist.backup.RawDataBackup,0468934566fcb0b3e5fed58395d6778404a7328717da4cada648e669bcfdb5a7,"This interface defines a contract for creating and closing entries within a data archive, primarily used for backing up raw data files.",Archive Entry,Callback,Interface,,562,504,92
exist-core/src/main/java/org/exist/backup/GuiRestoreServiceTaskListener.java,org.exist.backup.GuiRestoreServiceTaskListener,b3251c25d4e346f901a9ab308d2902869380503834565e3f50dadb94958c178f,"This class acts as a listener for the restoration service, providing visual feedback and progress updates to a graphical user interface dialog.",UI Feedback,Listener,Observer,,549,1248,92
exist-core/src/main/java/org/exist/backup/Backup.java,org.exist.backup.Backup$BackupRunnable,8a33768c8ba6ccb93d8c7cc316eefcd96d38eedd30323172c81059c5beb69f04,"This class is responsible for executing a backup operation in a separate thread and then dismissing a dialog, with error logging for the backup process.",Background task,Runnable,,,442,475,78
exist-core/src/main/java/org/exist/backup/Backup.java,org.exist.backup.Backup,c4ace23ba7d83a5baeef66f1ba1bddb7aebab236b2605cb90b58a4ddbfe0abdf,"This class manages the process of backing up eXist-db content, including its structure, documents, and metadata, to a specified target location, with options for deduplicating blobs and handling graphical user interface interactions.",Database Backup,Facade,Strategy,Builder,579,1317,129
exist-core/src/main/java/org/exist/backup/BackupWriter.java,org.exist.backup.BackupWriter,d2e348c19bfd31f707bec9aa64be66886ff6e93ac2a8ac43ad1c7ede467bdae0,"This interface defines a contract for writing backup data, abstracting the process of writing to various destinations such as directories or zip files, and managing entries and collections within the backup.",Backup Writing,Strategy,Adapter,Interface,683,759,120
exist-core/src/main/java/org/exist/TestUtils.java,org.exist.TestUtils,402df21bae462080351c5a172e8a4f47376896b3062ff8ea568dac360a67a04f,"This class provides utility methods for managing test environments, including cleaning up database collections and data directories, reading files, and accessing the eXist home directory.",Test Utilities,,,,420,1153,62
exist-core/src/main/java/org/exist/scheduler/ScheduledJobInfo.java,org.exist.scheduler.ScheduledJobInfo$TriggerState,82ab43290e7930c679e0b452f09257c78ccd878ba676d88bff59e88025e9bb78,"This enumeration defines a set of distinct states that a trigger can be in, representing its operational status.",Trigger status,,,,506,396,51
exist-core/src/main/java/org/exist/scheduler/ScheduledJobInfo.java,org.exist.scheduler.ScheduledJobInfo,fb571ab8f28c8de8c874795d2d693505a994b55546953afbddc5873e28fce9e7,"This class encapsulates information about a scheduled job, providing details about its name, group, trigger, and firing schedule.",Job Information,Value Object,Facade,,481,989,92
exist-core/src/main/java/org/exist/scheduler/UserXQueryJob.java,org.exist.scheduler.UserXQueryJob,0fbb2c7b2e6dd0a657400431964b4928e2437b2a7d455721e5461ecc93e600c1,"Represents a user-submitted job that executes an XQuery against the system, handling its execution context and resource.",XQuery Job,Strategy,Template Method,,545,972,93
exist-core/src/main/java/org/exist/scheduler/JobType.java,org.exist.scheduler.JobType,045aa8c9e26072c1cdcbae610d0841f432e954d629be02a32e6700e421aeeaa8,This enum defines the distinct types of jobs that can be executed within the system: user-initiated jobs and system-generated jobs.,Job Classification,Enumeration,,,416,408,78
exist-core/src/main/java/org/exist/scheduler/impl/SystemTaskJobImpl.java,org.exist.scheduler.impl.SystemTaskJobImpl,31441d1c252f2825244310dc05b466eea8fffb3368669fa83b17d4562f5c2e91,"This class represents a job that can be scheduled by system tasks, ensuring only one instance runs at a time and queuing intersecting schedules.",Task Scheduling,Stateful Object,Job Scheduling,,518,777,97
exist-core/src/main/java/org/exist/scheduler/impl/QuartzSchedulerImpl.java,org.exist.scheduler.impl.QuartzSchedulerImpl$QuartzSchedulerCreator,a60bbfd59bdec9257926369bef0c191250c35a54bfb856fc6802dd328920655e,"This class is responsible for creating and initializing a Quartz scheduler, including its factory, and managing any exceptions that may occur during this process.",Scheduler Initialization,Factory,Builder,,546,499,95
exist-core/src/main/java/org/exist/scheduler/impl/QuartzSchedulerImpl.java,org.exist.scheduler.impl.QuartzSchedulerImpl,a83038f5f34d4c8039a02f541830a194128e8a36af7e8e71f236f2d36ec4f557,"This class acts as a scheduler that manages and triggers various types of jobs, including startup, system, and user-defined tasks, using the Quartz scheduler library.",Job Scheduling,Scheduler,Facade,Service Activator,638,3170,119
exist-core/src/main/java/org/exist/scheduler/impl/ShutdownTask.java,org.exist.scheduler.impl.ShutdownTask$AsyncShutdown,858b5810ea5fe7dd85fbb8d8ee7b37ded9f7366d0ae35a8b47c673b36f81a299,"This class represents a task to asynchronously shut down a broker pool, ensuring existing operations can complete before termination.",Asynchronous shutdown,Strategy,Callable,,456,455,90
exist-core/src/main/java/org/exist/scheduler/impl/ShutdownTask.java,org.exist.scheduler.impl.ShutdownTask,3f3d0f5a1b92ff7ac27bf8252903f41a238d7ad2687b55b686edc2ed17a504c9,"This class represents a scheduled task designed to shut down the database, ensuring that the shutdown process is handled asynchronously to avoid blocking the scheduler.",Database Shutdown,Command,Strategy,Asynchronous Execution,548,669,114
exist-core/src/main/java/org/exist/scheduler/SystemTaskJob.java,org.exist.scheduler.SystemTaskJob,f420a59937f339439db5761c580beaa0e1cc4d0a800ee6590aa7b1a15680e624,"This interface defines a contract for system tasks that are executable by a job scheduler, representing operations that need to be performed at scheduled times.",Scheduled Task,Strategy,Interface,,475,424,95
exist-core/src/main/java/org/exist/scheduler/JobException.java,org.exist.scheduler.JobException$JobExceptionAction,0b5824baf55bf5df3655a8c9c7e628c12ecf9c9850e28d48bf7ed8d5de132b53,This enum defines a set of enumerated constants representing different actions to take when a job encounters an exception.,Exception handling actions,,,,383,433,52
exist-core/src/main/java/org/exist/scheduler/JobException.java,org.exist.scheduler.JobException,cf0c93d65e9e35817f361592cb4bf8311a5dc0b2958208baa8d842aa3aedb2c0,"This class represents an exception that can be thrown during the execution of a job, and it provides mechanisms for cleaning up the job's state and controlling its subsequent execution or scheduling.",Job failure,Exception Handling,State Management,,524,720,106
exist-core/src/main/java/org/exist/scheduler/Scheduler.java,org.exist.scheduler.Scheduler,f6958201b7ca7ef94684d034df501b02957d85d4254b9312e8ff7f4d60bdc534,"This interface defines a scheduler responsible for managing and executing various types of jobs, including startup, system, and user-defined tasks, with capabilities for periodic and cron-based scheduling, job lifecycle management, and configuration-driven job setup.",Job Scheduling,Facade,Command,Strategy,680,2275,132
exist-core/src/main/java/org/exist/scheduler/UserJob.java,org.exist.scheduler.UserJob,9546d35557e3356ed20e8e88864f7ee8c1739a56774ea2f187d1ac5aa59749d9,This abstract class serves as a base for user-defined jobs that can be scheduled and executed by a system. It defines a common group for these jobs and is intended to be extended by specific job implementations.,User Job,Template Method,Strategy,Framework,644,492,127
exist-core/src/main/java/org/exist/scheduler/JobConfig.java,org.exist.scheduler.JobConfig,042d066f28e063c0af8c8793251eb5e1936d3cee35493ea244e036399b49fabd,"This class represents the configuration for a scheduled job, including its type, name, resource, scheduling details, and any associated parameters.",Job Configuration,Data Transfer Object,Value Object,,442,943,97
exist-core/src/main/java/org/exist/scheduler/UserJavaJob.java,org.exist.scheduler.UserJavaJob,ae41882c605a7e206c33115bc058a74d5d5e20daae95a0256c799992686264ea,"This abstract class provides a base for user-defined Java jobs that can be scheduled and executed by a job scheduler, handling the core execution logic and interaction with a broker pool.",User Job,Template Method,Strategy,,583,749,104
