Build tool,Group id,Artifact id,Version,Dependency group id,Dependency artifact id,Dependency version,Direct Dependency,Resolution failure
Maven,org.exist-db,exist-start,7.0.0-SNAPSHOT,junit,junit,4.13.2,true,
Maven,org.exist-db,exist-samples,7.0.0-SNAPSHOT,com.google.code.findbugs,jsr305,3.0.2,true,
Maven,org.exist-db,exist-core,7.0.0-SNAPSHOT,net.jcip,jcip-annotations,1.0,true,
Maven,org.exist-db,exist-core,7.0.0-SNAPSHOT,antlr,antlr,2.7.7,true,
Maven,org.exist-db,exist-core,7.0.0-SNAPSHOT,com.fasterxml.jackson.core,jackson-core,2.21.3,true,
Maven,org.exist-db,exist-core,7.0.0-SNAPSHOT,com.evolvedbinary.multilock,multilock,1.0.1,true,
Maven,org.exist-db,exist-core,7.0.0-SNAPSHOT,com.github.ben-manes.caffeine,caffeine,3.2.4,true,
Maven,org.exist-db,exist-core,7.0.0-SNAPSHOT,org.jspecify,jspecify,1.0.0,false,
Maven,org.exist-db,exist-core,7.0.0-SNAPSHOT,com.google.errorprone,error_prone_annotations,2.49.0,false,
Maven,org.exist-db,exist-core,7.0.0-SNAPSHOT,com.github.krukow,clj-ds,0.0.4,true,
Maven,org.exist-db,exist-core,7.0.0-SNAPSHOT,com.siemens.ct.exi,exificient,1.0.7,true,
Maven,org.exist-db,exist-core,7.0.0-SNAPSHOT,org.slf4j,slf4j-api,2.0.18,false,
Maven,org.exist-db,exist-core,7.0.0-SNAPSHOT,xmlpull,xmlpull,1.1.3.1,false,
Maven,org.exist-db,exist-core,7.0.0-SNAPSHOT,javax.activation,activation,1.1.1,false,
Maven,org.exist-db,exist-core,7.0.0-SNAPSHOT,com.siemens.ct.exi,exificient-grammars,1.0.7,true,
Maven,org.exist-db,exist-core,7.0.0-SNAPSHOT,com.siemens.ct.exi,exificient-core,1.0.7,true,
Maven,org.exist-db,exist-core,7.0.0-SNAPSHOT,com.ibm.icu,icu4j,76.1,true,
Maven,org.exist-db,exist-core,7.0.0-SNAPSHOT,com.google.code.findbugs,jsr305,3.0.2,true,
Maven,org.exist-db,exist-core,7.0.0-SNAPSHOT,org.relaxng,jing,20241231,true,
Maven,org.exist-db,exist-core,7.0.0-SNAPSHOT,isorelax,isorelax,20030108,false,
Maven,org.exist-db,exist-core,7.0.0-SNAPSHOT,org.exist-db,exist-start,7.0.0-SNAPSHOT,true,
Maven,org.exist-db,exist-core,7.0.0-SNAPSHOT,org.exquery,exquery-common,0.2.1,true,
Maven,org.exist-db,exist-core,7.0.0-SNAPSHOT,org.bouncycastle,bcprov-jdk18on,1.84,true,
Maven,org.exist-db,exist-core,7.0.0-SNAPSHOT,at.yawk.lz4,lz4-java,1.11.0,true,
Maven,org.exist-db,exist-core,7.0.0-SNAPSHOT,com.evolvedbinary.j8fu,j8fu,1.24.0,true,
Maven,org.exist-db,exist-core,7.0.0-SNAPSHOT,com.fasterxml.uuid,java-uuid-generator,5.2.0,true,
Maven,org.exist-db,exist-core,7.0.0-SNAPSHOT,jakarta.servlet,jakarta.servlet-api,6.0.0,true,
Maven,org.exist-db,exist-core,7.0.0-SNAPSHOT,jakarta.xml.bind,jakarta.xml.bind-api,4.0.5,true,
Maven,org.exist-db,exist-core,7.0.0-SNAPSHOT,jakarta.activation,jakarta.activation-api,2.1.4,false,
Maven,org.exist-db,exist-core,7.0.0-SNAPSHOT,org.eclipse.angus,angus-activation,2.0.3,true,
Maven,org.exist-db,exist-core,7.0.0-SNAPSHOT,org.glassfish.jaxb,jaxb-runtime,4.0.2,true,
Maven,org.exist-db,exist-core,7.0.0-SNAPSHOT,org.glassfish.jaxb,jaxb-core,4.0.2,false,
Maven,org.exist-db,exist-core,7.0.0-SNAPSHOT,org.glassfish.jaxb,txw2,4.0.2,false,
Maven,org.exist-db,exist-core,7.0.0-SNAPSHOT,com.sun.istack,istack-commons-runtime,4.1.1,false,
Maven,org.exist-db,exist-core,7.0.0-SNAPSHOT,org.exist-db.thirdparty.javax.xml.xquery,xqjri,20080114-133351,true,
Maven,org.exist-db,exist-core,7.0.0-SNAPSHOT,org.jline,jline,4.1.0,true,
Maven,org.exist-db,exist-core,7.0.0-SNAPSHOT,org.jline,jansi,4.1.0,true,
Maven,org.exist-db,exist-core,7.0.0-SNAPSHOT,net.bytebuddy,byte-buddy,1.18.8,true,
Maven,org.exist-db,exist-core,7.0.0-SNAPSHOT,se.softhouse,jargo,0.4.14,true,
Maven,org.exist-db,exist-core,7.0.0-SNAPSHOT,commons-codec,commons-codec,1.22.0,true,
Maven,org.exist-db,exist-core,7.0.0-SNAPSHOT,commons-io,commons-io,2.22.0,true,
Maven,org.exist-db,exist-core,7.0.0-SNAPSHOT,org.apache.commons,commons-lang3,3.20.0,true,
Maven,org.exist-db,exist-core,7.0.0-SNAPSHOT,commons-logging,commons-logging,1.3.6,true,
Maven,org.exist-db,exist-core,7.0.0-SNAPSHOT,org.apache.commons,commons-pool2,2.13.1,true,
Maven,org.exist-db,exist-core,7.0.0-SNAPSHOT,org.apache.logging.log4j,log4j-api,2.26.0,true,
Maven,org.exist-db,exist-core,7.0.0-SNAPSHOT,org.apache.logging.log4j,log4j-core,2.26.0,true,
Maven,org.exist-db,exist-core,7.0.0-SNAPSHOT,org.apache.logging.log4j,log4j-jcl,2.26.0,true,
Maven,org.exist-db,exist-core,7.0.0-SNAPSHOT,org.apache.logging.log4j,log4j-jul,2.26.0,true,
Maven,org.exist-db,exist-core,7.0.0-SNAPSHOT,org.apache.logging.log4j,log4j-slf4j2-impl,2.26.0,true,
Maven,org.exist-db,exist-core,7.0.0-SNAPSHOT,org.exist-db.thirdparty.xerces,xercesImpl,2.12.2,true,
Maven,org.exist-db,exist-core,7.0.0-SNAPSHOT,org.codelibs,nekohtml,2.1.3,true,
Maven,org.exist-db,exist-core,7.0.0-SNAPSHOT,org.apache.ws.commons.util,ws-commons-util,1.0.2,true,
Maven,org.exist-db,exist-core,7.0.0-SNAPSHOT,xml-resolver,xml-resolver,1.2,true,
Maven,org.exist-db,exist-core,7.0.0-SNAPSHOT,org.xmlresolver,xmlresolver,6.0.23,true,
Maven,org.exist-db,exist-core,7.0.0-SNAPSHOT,org.exist-db.thirdparty.org.eclipse.wst.xml,xpath2,1.2.0,true,
Maven,org.exist-db,exist-core,7.0.0-SNAPSHOT,edu.princeton.cup,java-cup,10k,true,
Maven,org.exist-db,exist-core,7.0.0-SNAPSHOT,net.sf.saxon,Saxon-HE,9.9.1-8,true,
Maven,org.exist-db,exist-core,7.0.0-SNAPSHOT,org.exist-db,exist-saxon-regex,9.4.0-9.e1,true,
Maven,org.exist-db,exist-core,7.0.0-SNAPSHOT,com.evolvedbinary.thirdparty.org.apache.xmlrpc,xmlrpc-common,5.0.0,true,
Maven,org.exist-db,exist-core,7.0.0-SNAPSHOT,com.evolvedbinary.thirdparty.org.apache.xmlrpc,xmlrpc-client,5.0.0,true,
Maven,org.exist-db,exist-core,7.0.0-SNAPSHOT,com.evolvedbinary.thirdparty.org.apache.xmlrpc,xmlrpc-server,5.0.0,true,
Maven,org.exist-db,exist-core,7.0.0-SNAPSHOT,org.aspectj,aspectjrt,1.9.25.1,true,
Maven,org.exist-db,exist-core,7.0.0-SNAPSHOT,org.eclipse.jetty,jetty-http,12.0.35,true,
Maven,org.exist-db,exist-core,7.0.0-SNAPSHOT,org.eclipse.jetty,jetty-io,12.0.35,false,
Maven,org.exist-db,exist-core,7.0.0-SNAPSHOT,org.eclipse.jetty,jetty-security,12.0.35,true,
Maven,org.exist-db,exist-core,7.0.0-SNAPSHOT,org.eclipse.jetty,jetty-server,12.0.35,true,
Maven,org.exist-db,exist-core,7.0.0-SNAPSHOT,org.eclipse.jetty,jetty-util,12.0.35,true,
Maven,org.exist-db,exist-core,7.0.0-SNAPSHOT,org.expath.packaging,pkg-java,2.0.1,true,
Maven,org.exist-db,exist-core,7.0.0-SNAPSHOT,com.fifesoft,rsyntaxtextarea,3.6.2,true,
Maven,org.exist-db,exist-core,7.0.0-SNAPSHOT,org.quartz-scheduler,quartz,2.5.2,true,
Maven,org.exist-db,exist-core,7.0.0-SNAPSHOT,net.sf.xmldb-org,xmldb-api,2.0.0,true,
Maven,org.exist-db,exist-core,7.0.0-SNAPSHOT,it.unimi.dsi,fastutil,8.5.18,true,
Maven,org.exist-db,exist-core,7.0.0-SNAPSHOT,io.lacuna,bifurcan,0.2.0-rc1,true,
Maven,org.exist-db,exist-core,7.0.0-SNAPSHOT,org.apache.ant,ant,1.10.17,true,
Maven,org.exist-db,exist-core,7.0.0-SNAPSHOT,org.apache.ant,ant-launcher,1.10.17,false,
Maven,org.exist-db,exist-core,7.0.0-SNAPSHOT,org.jgrapht,jgrapht-core,1.5.3,true,
Maven,org.exist-db,exist-core,7.0.0-SNAPSHOT,org.jheaps,jheaps,0.14,false,
Maven,org.exist-db,exist-core,7.0.0-SNAPSHOT,org.apfloat,apfloat,1.14.0,false,
Maven,org.exist-db,exist-core,7.0.0-SNAPSHOT,org.jgrapht,jgrapht-opt,1.5.3,true,
Maven,org.exist-db,exist-core,7.0.0-SNAPSHOT,junit,junit,4.13.2,true,
Maven,org.exist-db,exist-core,7.0.0-SNAPSHOT,org.hamcrest,hamcrest,3.0,true,
Maven,org.exist-db,exist-core,7.0.0-SNAPSHOT,org.exist-db,exist-jetty-config,7.0.0-SNAPSHOT,true,
Maven,org.exist-db,exist-core,7.0.0-SNAPSHOT,org.exist-db,exist-samples,7.0.0-SNAPSHOT,true,
Maven,org.exist-db,exist-core,7.0.0-SNAPSHOT,org.junit.jupiter,junit-jupiter-api,6.0.3,true,
Maven,org.exist-db,exist-core,7.0.0-SNAPSHOT,org.opentest4j,opentest4j,1.3.0,false,
Maven,org.exist-db,exist-core,7.0.0-SNAPSHOT,org.junit.platform,junit-platform-commons,6.0.3,false,
Maven,org.exist-db,exist-core,7.0.0-SNAPSHOT,org.apiguardian,apiguardian-api,1.1.2,false,
Maven,org.exist-db,exist-core,7.0.0-SNAPSHOT,org.junit.jupiter,junit-jupiter-params,6.0.3,true,
Maven,org.exist-db,exist-core,7.0.0-SNAPSHOT,org.assertj,assertj-core,3.27.7,true,
Maven,org.exist-db,exist-core,7.0.0-SNAPSHOT,org.awaitility,awaitility,4.3.0,true,
Maven,org.exist-db,exist-core,7.0.0-SNAPSHOT,org.easymock,easymock,5.6.0,true,
Maven,org.exist-db,exist-core,7.0.0-SNAPSHOT,org.ow2.asm,asm,9.8,false,
Maven,org.exist-db,exist-core,7.0.0-SNAPSHOT,org.xmlunit,xmlunit-core,2.11.0,true,
Maven,org.exist-db,exist-core,7.0.0-SNAPSHOT,org.xmlunit,xmlunit-matchers,2.11.0,true,
Maven,org.exist-db,exist-core,7.0.0-SNAPSHOT,org.xmlunit,xmlunit-legacy,2.11.0,true,
Maven,org.exist-db,exist-core,7.0.0-SNAPSHOT,com.googlecode.junit-toolbox,junit-toolbox,2.4,true,
Maven,org.exist-db,exist-core,7.0.0-SNAPSHOT,org.hamcrest,hamcrest-library,1.3,false,
Maven,org.exist-db,exist-core,7.0.0-SNAPSHOT,org.hamcrest,hamcrest-core,1.3,false,
Maven,org.exist-db,exist-core,7.0.0-SNAPSHOT,org.mockito,mockito-core,1.9.5,false,
Maven,org.exist-db,exist-core,7.0.0-SNAPSHOT,org.apache.httpcomponents,httpclient,4.5.14,true,
Maven,org.exist-db,exist-core,7.0.0-SNAPSHOT,org.eclipse.jetty,jetty-deploy,12.0.35,true,
Maven,org.exist-db,exist-core,7.0.0-SNAPSHOT,org.eclipse.jetty,jetty-jmx,12.0.35,true,
Maven,org.exist-db,exist-core,7.0.0-SNAPSHOT,org.eclipse.jetty.ee10,jetty-ee10-annotations,12.0.35,true,
Maven,org.exist-db,exist-core,7.0.0-SNAPSHOT,jakarta.annotation,jakarta.annotation-api,2.1.1,false,
Maven,org.exist-db,exist-core,7.0.0-SNAPSHOT,org.eclipse.jetty.ee10,jetty-ee10-plus,12.0.35,false,
Maven,org.exist-db,exist-core,7.0.0-SNAPSHOT,jakarta.enterprise,jakarta.enterprise.cdi-api,4.0.1,false,
Maven,org.exist-db,exist-core,7.0.0-SNAPSHOT,jakarta.el,jakarta.el-api,5.0.0,false,
Maven,org.exist-db,exist-core,7.0.0-SNAPSHOT,jakarta.inject,jakarta.inject-api,2.0.1,false,
Maven,org.exist-db,exist-core,7.0.0-SNAPSHOT,jakarta.enterprise,jakarta.enterprise.lang-model,4.0.1,false,
Maven,org.exist-db,exist-core,7.0.0-SNAPSHOT,jakarta.interceptor,jakarta.interceptor-api,2.1.0,false,
Maven,org.exist-db,exist-core,7.0.0-SNAPSHOT,jakarta.transaction,jakarta.transaction-api,2.0.1,false,
Maven,org.exist-db,exist-core,7.0.0-SNAPSHOT,org.eclipse.jetty,jetty-jndi,12.0.35,false,
Maven,org.exist-db,exist-core,7.0.0-SNAPSHOT,org.eclipse.jetty,jetty-plus,12.0.35,false,
Maven,org.exist-db,exist-core,7.0.0-SNAPSHOT,org.ow2.asm,asm-commons,9.9.1,false,
Maven,org.exist-db,exist-core,7.0.0-SNAPSHOT,org.ow2.asm,asm-tree,9.9.1,false,
Maven,org.exist-db,exist-core,7.0.0-SNAPSHOT,org.eclipse.jetty.ee10,jetty-ee10-servlet,12.0.35,true,
Maven,org.exist-db,exist-core,7.0.0-SNAPSHOT,org.eclipse.jetty,jetty-session,12.0.35,false,
Maven,org.exist-db,exist-core,7.0.0-SNAPSHOT,org.eclipse.jetty.ee10,jetty-ee10-webapp,12.0.35,true,
Maven,org.exist-db,exist-core,7.0.0-SNAPSHOT,org.eclipse.jetty,jetty-ee,12.0.35,false,
Maven,org.exist-db,exist-core,7.0.0-SNAPSHOT,org.eclipse.jetty,jetty-xml,12.0.35,true,
Maven,org.exist-db,exist-core,7.0.0-SNAPSHOT,org.eclipse.jetty.ee10.websocket,jetty-ee10-websocket-jakarta-server,12.0.35,true,
Maven,org.exist-db,exist-core,7.0.0-SNAPSHOT,jakarta.websocket,jakarta.websocket-api,2.2.0,false,
Maven,org.exist-db,exist-core,7.0.0-SNAPSHOT,org.eclipse.jetty.ee10.websocket,jetty-ee10-websocket-servlet,12.0.35,false,
Maven,org.exist-db,exist-core,7.0.0-SNAPSHOT,org.eclipse.jetty.websocket,jetty-websocket-core-server,12.0.35,false,
Maven,org.exist-db,exist-core,7.0.0-SNAPSHOT,org.eclipse.jetty.ee10.websocket,jetty-ee10-websocket-jakarta-client,12.0.35,true,
Maven,org.exist-db,exist-core,7.0.0-SNAPSHOT,jakarta.websocket,jakarta.websocket-client-api,2.2.0,false,
Maven,org.exist-db,exist-core,7.0.0-SNAPSHOT,org.eclipse.jetty,jetty-client,12.0.35,false,
Maven,org.exist-db,exist-core,7.0.0-SNAPSHOT,org.eclipse.jetty,jetty-alpn-client,12.0.35,false,
Maven,org.exist-db,exist-core,7.0.0-SNAPSHOT,org.eclipse.jetty.ee10.websocket,jetty-ee10-websocket-jakarta-common,12.0.35,false,
Maven,org.exist-db,exist-core,7.0.0-SNAPSHOT,org.eclipse.jetty.websocket,jetty-websocket-core-client,12.0.35,false,
Maven,org.exist-db,exist-core,7.0.0-SNAPSHOT,org.eclipse.jetty.websocket,jetty-websocket-core-common,12.0.35,false,
Maven,org.exist-db,exist-core,7.0.0-SNAPSHOT,org.apache.httpcomponents,httpcore,4.4.16,true,
Maven,org.exist-db,exist-core,7.0.0-SNAPSHOT,org.apache.httpcomponents,httpmime,4.5.14,true,
Maven,org.exist-db,exist-core,7.0.0-SNAPSHOT,org.apache.httpcomponents,fluent-hc,4.5.14,true,
Maven,org.exist-db,exist-ant,7.0.0-SNAPSHOT,org.exist-db,exist-core,7.0.0-SNAPSHOT,true,
Maven,org.exist-db,exist-ant,7.0.0-SNAPSHOT,net.jcip,jcip-annotations,1.0,false,
Maven,org.exist-db,exist-ant,7.0.0-SNAPSHOT,antlr,antlr,2.7.7,false,
Maven,org.exist-db,exist-ant,7.0.0-SNAPSHOT,com.fasterxml.jackson.core,jackson-core,2.21.3,false,
Maven,org.exist-db,exist-ant,7.0.0-SNAPSHOT,com.evolvedbinary.multilock,multilock,1.0.1,false,
Maven,org.exist-db,exist-ant,7.0.0-SNAPSHOT,com.github.ben-manes.caffeine,caffeine,3.2.4,false,
Maven,org.exist-db,exist-ant,7.0.0-SNAPSHOT,org.jspecify,jspecify,1.0.0,false,
Maven,org.exist-db,exist-ant,7.0.0-SNAPSHOT,com.google.errorprone,error_prone_annotations,2.49.0,false,
Maven,org.exist-db,exist-ant,7.0.0-SNAPSHOT,com.github.krukow,clj-ds,0.0.4,false,
Maven,org.exist-db,exist-ant,7.0.0-SNAPSHOT,com.siemens.ct.exi,exificient,1.0.7,false,
Maven,org.exist-db,exist-ant,7.0.0-SNAPSHOT,org.slf4j,slf4j-api,2.0.18,false,
Maven,org.exist-db,exist-ant,7.0.0-SNAPSHOT,xmlpull,xmlpull,1.1.3.1,false,
Maven,org.exist-db,exist-ant,7.0.0-SNAPSHOT,javax.activation,activation,1.1.1,false,
Maven,org.exist-db,exist-ant,7.0.0-SNAPSHOT,com.siemens.ct.exi,exificient-grammars,1.0.7,false,
Maven,org.exist-db,exist-ant,7.0.0-SNAPSHOT,com.siemens.ct.exi,exificient-core,1.0.7,false,
Maven,org.exist-db,exist-ant,7.0.0-SNAPSHOT,com.ibm.icu,icu4j,76.1,false,
Maven,org.exist-db,exist-ant,7.0.0-SNAPSHOT,org.relaxng,jing,20241231,false,
Maven,org.exist-db,exist-ant,7.0.0-SNAPSHOT,isorelax,isorelax,20030108,false,
Maven,org.exist-db,exist-ant,7.0.0-SNAPSHOT,org.exquery,exquery-common,0.2.1,false,
Maven,org.exist-db,exist-ant,7.0.0-SNAPSHOT,org.bouncycastle,bcprov-jdk18on,1.84,false,
Maven,org.exist-db,exist-ant,7.0.0-SNAPSHOT,at.yawk.lz4,lz4-java,1.11.0,false,
Maven,org.exist-db,exist-ant,7.0.0-SNAPSHOT,com.evolvedbinary.j8fu,j8fu,1.24.0,false,
Maven,org.exist-db,exist-ant,7.0.0-SNAPSHOT,com.fasterxml.uuid,java-uuid-generator,5.2.0,false,
Maven,org.exist-db,exist-ant,7.0.0-SNAPSHOT,jakarta.servlet,jakarta.servlet-api,6.0.0,false,
Maven,org.exist-db,exist-ant,7.0.0-SNAPSHOT,jakarta.xml.bind,jakarta.xml.bind-api,4.0.5,false,
Maven,org.exist-db,exist-ant,7.0.0-SNAPSHOT,jakarta.activation,jakarta.activation-api,2.1.4,false,
Maven,org.exist-db,exist-ant,7.0.0-SNAPSHOT,org.eclipse.angus,angus-activation,2.0.3,false,
Maven,org.exist-db,exist-ant,7.0.0-SNAPSHOT,org.glassfish.jaxb,jaxb-runtime,4.0.2,false,
Maven,org.exist-db,exist-ant,7.0.0-SNAPSHOT,org.glassfish.jaxb,jaxb-core,4.0.2,false,
Maven,org.exist-db,exist-ant,7.0.0-SNAPSHOT,org.glassfish.jaxb,txw2,4.0.2,false,
Maven,org.exist-db,exist-ant,7.0.0-SNAPSHOT,com.sun.istack,istack-commons-runtime,4.1.1,false,
Maven,org.exist-db,exist-ant,7.0.0-SNAPSHOT,org.exist-db.thirdparty.javax.xml.xquery,xqjri,20080114-133351,false,
Maven,org.exist-db,exist-ant,7.0.0-SNAPSHOT,org.jline,jline,4.1.0,false,
Maven,org.exist-db,exist-ant,7.0.0-SNAPSHOT,org.jline,jansi,4.1.0,false,
Maven,org.exist-db,exist-ant,7.0.0-SNAPSHOT,net.bytebuddy,byte-buddy,1.18.8,false,
Maven,org.exist-db,exist-ant,7.0.0-SNAPSHOT,se.softhouse,jargo,0.4.14,false,
Maven,org.exist-db,exist-ant,7.0.0-SNAPSHOT,commons-codec,commons-codec,1.22.0,false,
Maven,org.exist-db,exist-ant,7.0.0-SNAPSHOT,commons-io,commons-io,2.22.0,false,
Maven,org.exist-db,exist-ant,7.0.0-SNAPSHOT,org.apache.commons,commons-lang3,3.20.0,false,
Maven,org.exist-db,exist-ant,7.0.0-SNAPSHOT,commons-logging,commons-logging,1.3.6,false,
Maven,org.exist-db,exist-ant,7.0.0-SNAPSHOT,org.apache.commons,commons-pool2,2.13.1,false,
Maven,org.exist-db,exist-ant,7.0.0-SNAPSHOT,org.apache.logging.log4j,log4j-api,2.26.0,false,
Maven,org.exist-db,exist-ant,7.0.0-SNAPSHOT,org.apache.logging.log4j,log4j-core,2.26.0,false,
Maven,org.exist-db,exist-ant,7.0.0-SNAPSHOT,org.apache.logging.log4j,log4j-jcl,2.26.0,false,
Maven,org.exist-db,exist-ant,7.0.0-SNAPSHOT,org.apache.logging.log4j,log4j-jul,2.26.0,false,
Maven,org.exist-db,exist-ant,7.0.0-SNAPSHOT,org.apache.logging.log4j,log4j-slf4j2-impl,2.26.0,false,
Maven,org.exist-db,exist-ant,7.0.0-SNAPSHOT,org.exist-db.thirdparty.xerces,xercesImpl,2.12.2,false,
Maven,org.exist-db,exist-ant,7.0.0-SNAPSHOT,org.codelibs,nekohtml,2.1.3,false,
Maven,org.exist-db,exist-ant,7.0.0-SNAPSHOT,org.apache.ws.commons.util,ws-commons-util,1.0.2,false,
Maven,org.exist-db,exist-ant,7.0.0-SNAPSHOT,xml-resolver,xml-resolver,1.2,false,
Maven,org.exist-db,exist-ant,7.0.0-SNAPSHOT,org.xmlresolver,xmlresolver,6.0.23,false,
Maven,org.exist-db,exist-ant,7.0.0-SNAPSHOT,org.exist-db.thirdparty.org.eclipse.wst.xml,xpath2,1.2.0,false,
Maven,org.exist-db,exist-ant,7.0.0-SNAPSHOT,edu.princeton.cup,java-cup,10k,false,
Maven,org.exist-db,exist-ant,7.0.0-SNAPSHOT,net.sf.saxon,Saxon-HE,9.9.1-8,false,
Maven,org.exist-db,exist-ant,7.0.0-SNAPSHOT,org.exist-db,exist-saxon-regex,9.4.0-9.e1,false,
Maven,org.exist-db,exist-ant,7.0.0-SNAPSHOT,com.evolvedbinary.thirdparty.org.apache.xmlrpc,xmlrpc-common,5.0.0,false,
Maven,org.exist-db,exist-ant,7.0.0-SNAPSHOT,com.evolvedbinary.thirdparty.org.apache.xmlrpc,xmlrpc-client,5.0.0,false,
Maven,org.exist-db,exist-ant,7.0.0-SNAPSHOT,com.evolvedbinary.thirdparty.org.apache.xmlrpc,xmlrpc-server,5.0.0,false,
Maven,org.exist-db,exist-ant,7.0.0-SNAPSHOT,org.aspectj,aspectjrt,1.9.25.1,false,
Maven,org.exist-db,exist-ant,7.0.0-SNAPSHOT,org.eclipse.jetty,jetty-http,12.0.35,false,
Maven,org.exist-db,exist-ant,7.0.0-SNAPSHOT,org.eclipse.jetty,jetty-io,12.0.35,false,
Maven,org.exist-db,exist-ant,7.0.0-SNAPSHOT,org.eclipse.jetty,jetty-security,12.0.35,false,
Maven,org.exist-db,exist-ant,7.0.0-SNAPSHOT,org.eclipse.jetty,jetty-server,12.0.35,false,
Maven,org.exist-db,exist-ant,7.0.0-SNAPSHOT,org.eclipse.jetty,jetty-util,12.0.35,false,
Maven,org.exist-db,exist-ant,7.0.0-SNAPSHOT,org.expath.packaging,pkg-java,2.0.1,false,
Maven,org.exist-db,exist-ant,7.0.0-SNAPSHOT,com.fifesoft,rsyntaxtextarea,3.6.2,false,
Maven,org.exist-db,exist-ant,7.0.0-SNAPSHOT,org.quartz-scheduler,quartz,2.5.2,false,
Maven,org.exist-db,exist-ant,7.0.0-SNAPSHOT,it.unimi.dsi,fastutil,8.5.18,false,
Maven,org.exist-db,exist-ant,7.0.0-SNAPSHOT,io.lacuna,bifurcan,0.2.0-rc1,false,
Maven,org.exist-db,exist-ant,7.0.0-SNAPSHOT,org.jgrapht,jgrapht-core,1.5.3,false,
Maven,org.exist-db,exist-ant,7.0.0-SNAPSHOT,org.jheaps,jheaps,0.14,false,
Maven,org.exist-db,exist-ant,7.0.0-SNAPSHOT,org.apfloat,apfloat,1.14.0,false,
Maven,org.exist-db,exist-ant,7.0.0-SNAPSHOT,org.jgrapht,jgrapht-opt,1.5.3,false,
Maven,org.exist-db,exist-ant,7.0.0-SNAPSHOT,org.xmlunit,xmlunit-core,2.11.0,false,
Maven,org.exist-db,exist-ant,7.0.0-SNAPSHOT,org.eclipse.jetty.ee10,jetty-ee10-annotations,12.0.35,false,
Maven,org.exist-db,exist-ant,7.0.0-SNAPSHOT,jakarta.annotation,jakarta.annotation-api,2.1.1,false,
Maven,org.exist-db,exist-ant,7.0.0-SNAPSHOT,org.eclipse.jetty.ee10,jetty-ee10-plus,12.0.35,false,
Maven,org.exist-db,exist-ant,7.0.0-SNAPSHOT,jakarta.enterprise,jakarta.enterprise.cdi-api,4.0.1,false,
Maven,org.exist-db,exist-ant,7.0.0-SNAPSHOT,jakarta.el,jakarta.el-api,5.0.0,false,
Maven,org.exist-db,exist-ant,7.0.0-SNAPSHOT,jakarta.inject,jakarta.inject-api,2.0.1,false,
Maven,org.exist-db,exist-ant,7.0.0-SNAPSHOT,jakarta.enterprise,jakarta.enterprise.lang-model,4.0.1,false,
Maven,org.exist-db,exist-ant,7.0.0-SNAPSHOT,jakarta.interceptor,jakarta.interceptor-api,2.1.0,false,
Maven,org.exist-db,exist-ant,7.0.0-SNAPSHOT,jakarta.transaction,jakarta.transaction-api,2.0.1,false,
Maven,org.exist-db,exist-ant,7.0.0-SNAPSHOT,org.eclipse.jetty,jetty-jndi,12.0.35,false,
Maven,org.exist-db,exist-ant,7.0.0-SNAPSHOT,org.eclipse.jetty,jetty-plus,12.0.35,false,
Maven,org.exist-db,exist-ant,7.0.0-SNAPSHOT,org.ow2.asm,asm,9.9.1,false,
Maven,org.exist-db,exist-ant,7.0.0-SNAPSHOT,org.ow2.asm,asm-commons,9.9.1,false,
Maven,org.exist-db,exist-ant,7.0.0-SNAPSHOT,org.ow2.asm,asm-tree,9.9.1,false,
Maven,org.exist-db,exist-ant,7.0.0-SNAPSHOT,org.eclipse.jetty.ee10,jetty-ee10-servlet,12.0.35,false,
Maven,org.exist-db,exist-ant,7.0.0-SNAPSHOT,org.eclipse.jetty,jetty-session,12.0.35,false,
Maven,org.exist-db,exist-ant,7.0.0-SNAPSHOT,org.eclipse.jetty.ee10,jetty-ee10-webapp,12.0.35,false,
Maven,org.exist-db,exist-ant,7.0.0-SNAPSHOT,org.eclipse.jetty,jetty-ee,12.0.35,false,
Maven,org.exist-db,exist-ant,7.0.0-SNAPSHOT,org.eclipse.jetty,jetty-xml,12.0.35,false,
Maven,org.exist-db,exist-ant,7.0.0-SNAPSHOT,org.eclipse.jetty.ee10.websocket,jetty-ee10-websocket-jakarta-server,12.0.35,false,
Maven,org.exist-db,exist-ant,7.0.0-SNAPSHOT,jakarta.websocket,jakarta.websocket-api,2.2.0,false,
Maven,org.exist-db,exist-ant,7.0.0-SNAPSHOT,org.eclipse.jetty.ee10.websocket,jetty-ee10-websocket-jakarta-client,12.0.35,false,
Maven,org.exist-db,exist-ant,7.0.0-SNAPSHOT,jakarta.websocket,jakarta.websocket-client-api,2.2.0,false,
Maven,org.exist-db,exist-ant,7.0.0-SNAPSHOT,org.eclipse.jetty,jetty-client,12.0.35,false,
Maven,org.exist-db,exist-ant,7.0.0-SNAPSHOT,org.eclipse.jetty,jetty-alpn-client,12.0.35,false,
Maven,org.exist-db,exist-ant,7.0.0-SNAPSHOT,org.eclipse.jetty.ee10.websocket,jetty-ee10-websocket-jakarta-common,12.0.35,false,
Maven,org.exist-db,exist-ant,7.0.0-SNAPSHOT,org.eclipse.jetty.websocket,jetty-websocket-core-client,12.0.35,false,
Maven,org.exist-db,exist-ant,7.0.0-SNAPSHOT,org.eclipse.jetty.websocket,jetty-websocket-core-common,12.0.35,false,
Maven,org.exist-db,exist-ant,7.0.0-SNAPSHOT,org.eclipse.jetty.ee10.websocket,jetty-ee10-websocket-servlet,12.0.35,false,
Maven,org.exist-db,exist-ant,7.0.0-SNAPSHOT,org.eclipse.jetty.websocket,jetty-websocket-core-server,12.0.35,false,
Maven,org.exist-db,exist-ant,7.0.0-SNAPSHOT,org.exist-db,exist-start,7.0.0-SNAPSHOT,true,
Maven,org.exist-db,exist-ant,7.0.0-SNAPSHOT,net.sf.xmldb-org,xmldb-api,2.0.0,true,
Maven,org.exist-db,exist-ant,7.0.0-SNAPSHOT,org.apache.ant,ant,1.10.17,true,
Maven,org.exist-db,exist-ant,7.0.0-SNAPSHOT,org.apache.ant,ant-launcher,1.10.17,false,
Maven,org.exist-db,exist-ant,7.0.0-SNAPSHOT,com.google.code.findbugs,jsr305,3.0.2,true,
Maven,org.exist-db,exist-ant,7.0.0-SNAPSHOT,junit,junit,4.13.2,true,
Maven,org.exist-db,exist-ant,7.0.0-SNAPSHOT,org.apache.ant,ant-testutil,1.10.17,true,
Maven,org.exist-db,exist-ant,7.0.0-SNAPSHOT,org.hamcrest,hamcrest,3.0,true,
Maven,org.exist-db,exist-service,7.0.0-SNAPSHOT,commons-daemon,commons-daemon,1.5.1,true,
Maven,org.exist-db,exist-service,7.0.0-SNAPSHOT,org.exist-db,exist-start,7.0.0-SNAPSHOT,true,
Maven,org.exist-db,exist-contentextraction,7.0.0-SNAPSHOT,org.exist-db,exist-core,7.0.0-SNAPSHOT,true,
Maven,org.exist-db,exist-contentextraction,7.0.0-SNAPSHOT,net.jcip,jcip-annotations,1.0,false,
Maven,org.exist-db,exist-contentextraction,7.0.0-SNAPSHOT,antlr,antlr,2.7.7,false,
Maven,org.exist-db,exist-contentextraction,7.0.0-SNAPSHOT,com.fasterxml.jackson.core,jackson-core,2.21.3,false,
Maven,org.exist-db,exist-contentextraction,7.0.0-SNAPSHOT,com.evolvedbinary.multilock,multilock,1.0.1,false,
Maven,org.exist-db,exist-contentextraction,7.0.0-SNAPSHOT,com.github.ben-manes.caffeine,caffeine,3.2.4,false,
Maven,org.exist-db,exist-contentextraction,7.0.0-SNAPSHOT,org.jspecify,jspecify,1.0.0,false,
Maven,org.exist-db,exist-contentextraction,7.0.0-SNAPSHOT,com.google.errorprone,error_prone_annotations,2.49.0,false,
Maven,org.exist-db,exist-contentextraction,7.0.0-SNAPSHOT,com.github.krukow,clj-ds,0.0.4,false,
Maven,org.exist-db,exist-contentextraction,7.0.0-SNAPSHOT,com.siemens.ct.exi,exificient,1.0.7,false,
Maven,org.exist-db,exist-contentextraction,7.0.0-SNAPSHOT,xmlpull,xmlpull,1.1.3.1,false,
Maven,org.exist-db,exist-contentextraction,7.0.0-SNAPSHOT,javax.activation,activation,1.1.1,false,
Maven,org.exist-db,exist-contentextraction,7.0.0-SNAPSHOT,com.siemens.ct.exi,exificient-grammars,1.0.7,false,
Maven,org.exist-db,exist-contentextraction,7.0.0-SNAPSHOT,com.siemens.ct.exi,exificient-core,1.0.7,false,
Maven,org.exist-db,exist-contentextraction,7.0.0-SNAPSHOT,com.ibm.icu,icu4j,76.1,false,
Maven,org.exist-db,exist-contentextraction,7.0.0-SNAPSHOT,org.relaxng,jing,20241231,false,
Maven,org.exist-db,exist-contentextraction,7.0.0-SNAPSHOT,isorelax,isorelax,20030108,false,
Maven,org.exist-db,exist-contentextraction,7.0.0-SNAPSHOT,org.exist-db,exist-start,7.0.0-SNAPSHOT,false,
Maven,org.exist-db,exist-contentextraction,7.0.0-SNAPSHOT,org.exquery,exquery-common,0.2.1,false,
Maven,org.exist-db,exist-contentextraction,7.0.0-SNAPSHOT,org.bouncycastle,bcprov-jdk18on,1.84,false,
Maven,org.exist-db,exist-contentextraction,7.0.0-SNAPSHOT,at.yawk.lz4,lz4-java,1.11.0,false,
Maven,org.exist-db,exist-contentextraction,7.0.0-SNAPSHOT,com.fasterxml.uuid,java-uuid-generator,5.2.0,false,
Maven,org.exist-db,exist-contentextraction,7.0.0-SNAPSHOT,jakarta.servlet,jakarta.servlet-api,6.0.0,false,
Maven,org.exist-db,exist-contentextraction,7.0.0-SNAPSHOT,jakarta.xml.bind,jakarta.xml.bind-api,4.0.5,false,
Maven,org.exist-db,exist-contentextraction,7.0.0-SNAPSHOT,jakarta.activation,jakarta.activation-api,2.1.4,false,
Maven,org.exist-db,exist-contentextraction,7.0.0-SNAPSHOT,org.eclipse.angus,angus-activation,2.0.3,false,
Maven,org.exist-db,exist-contentextraction,7.0.0-SNAPSHOT,org.glassfish.jaxb,jaxb-runtime,4.0.2,false,
Maven,org.exist-db,exist-contentextraction,7.0.0-SNAPSHOT,org.glassfish.jaxb,jaxb-core,4.0.2,false,
Maven,org.exist-db,exist-contentextraction,7.0.0-SNAPSHOT,org.glassfish.jaxb,txw2,4.0.2,false,
Maven,org.exist-db,exist-contentextraction,7.0.0-SNAPSHOT,com.sun.istack,istack-commons-runtime,4.1.1,false,
Maven,org.exist-db,exist-contentextraction,7.0.0-SNAPSHOT,org.exist-db.thirdparty.javax.xml.xquery,xqjri,20080114-133351,false,
Maven,org.exist-db,exist-contentextraction,7.0.0-SNAPSHOT,org.jline,jline,4.1.0,false,
Maven,org.exist-db,exist-contentextraction,7.0.0-SNAPSHOT,org.jline,jansi,4.1.0,false,
Maven,org.exist-db,exist-contentextraction,7.0.0-SNAPSHOT,net.bytebuddy,byte-buddy,1.18.8,false,
Maven,org.exist-db,exist-contentextraction,7.0.0-SNAPSHOT,se.softhouse,jargo,0.4.14,false,
Maven,org.exist-db,exist-contentextraction,7.0.0-SNAPSHOT,commons-codec,commons-codec,1.22.0,false,
Maven,org.exist-db,exist-contentextraction,7.0.0-SNAPSHOT,commons-io,commons-io,2.22.0,false,
Maven,org.exist-db,exist-contentextraction,7.0.0-SNAPSHOT,org.apache.commons,commons-lang3,3.20.0,false,
Maven,org.exist-db,exist-contentextraction,7.0.0-SNAPSHOT,commons-logging,commons-logging,1.3.6,false,
Maven,org.exist-db,exist-contentextraction,7.0.0-SNAPSHOT,org.apache.commons,commons-pool2,2.13.1,false,
Maven,org.exist-db,exist-contentextraction,7.0.0-SNAPSHOT,org.apache.logging.log4j,log4j-core,2.26.0,false,
Maven,org.exist-db,exist-contentextraction,7.0.0-SNAPSHOT,org.apache.logging.log4j,log4j-jcl,2.26.0,false,
Maven,org.exist-db,exist-contentextraction,7.0.0-SNAPSHOT,org.apache.logging.log4j,log4j-jul,2.26.0,false,
Maven,org.exist-db,exist-contentextraction,7.0.0-SNAPSHOT,org.apache.logging.log4j,log4j-slf4j2-impl,2.26.0,false,
Maven,org.exist-db,exist-contentextraction,7.0.0-SNAPSHOT,org.exist-db.thirdparty.xerces,xercesImpl,2.12.2,false,
Maven,org.exist-db,exist-contentextraction,7.0.0-SNAPSHOT,org.codelibs,nekohtml,2.1.3,false,
Maven,org.exist-db,exist-contentextraction,7.0.0-SNAPSHOT,org.apache.ws.commons.util,ws-commons-util,1.0.2,false,
Maven,org.exist-db,exist-contentextraction,7.0.0-SNAPSHOT,xml-resolver,xml-resolver,1.2,false,
Maven,org.exist-db,exist-contentextraction,7.0.0-SNAPSHOT,org.xmlresolver,xmlresolver,6.0.23,false,
Maven,org.exist-db,exist-contentextraction,7.0.0-SNAPSHOT,org.exist-db.thirdparty.org.eclipse.wst.xml,xpath2,1.2.0,false,
Maven,org.exist-db,exist-contentextraction,7.0.0-SNAPSHOT,edu.princeton.cup,java-cup,10k,false,
Maven,org.exist-db,exist-contentextraction,7.0.0-SNAPSHOT,net.sf.saxon,Saxon-HE,9.9.1-8,false,
Maven,org.exist-db,exist-contentextraction,7.0.0-SNAPSHOT,org.exist-db,exist-saxon-regex,9.4.0-9.e1,false,
Maven,org.exist-db,exist-contentextraction,7.0.0-SNAPSHOT,com.evolvedbinary.thirdparty.org.apache.xmlrpc,xmlrpc-common,5.0.0,false,
Maven,org.exist-db,exist-contentextraction,7.0.0-SNAPSHOT,com.evolvedbinary.thirdparty.org.apache.xmlrpc,xmlrpc-client,5.0.0,false,
Maven,org.exist-db,exist-contentextraction,7.0.0-SNAPSHOT,com.evolvedbinary.thirdparty.org.apache.xmlrpc,xmlrpc-server,5.0.0,false,
Maven,org.exist-db,exist-contentextraction,7.0.0-SNAPSHOT,org.aspectj,aspectjrt,1.9.25.1,false,
Maven,org.exist-db,exist-contentextraction,7.0.0-SNAPSHOT,org.eclipse.jetty,jetty-http,12.0.35,false,
Maven,org.exist-db,exist-contentextraction,7.0.0-SNAPSHOT,org.eclipse.jetty,jetty-io,12.0.35,false,
Maven,org.exist-db,exist-contentextraction,7.0.0-SNAPSHOT,org.eclipse.jetty,jetty-security,12.0.35,false,
Maven,org.exist-db,exist-contentextraction,7.0.0-SNAPSHOT,org.eclipse.jetty,jetty-server,12.0.35,false,
Maven,org.exist-db,exist-contentextraction,7.0.0-SNAPSHOT,org.eclipse.jetty,jetty-util,12.0.35,false,
Maven,org.exist-db,exist-contentextraction,7.0.0-SNAPSHOT,org.expath.packaging,pkg-java,2.0.1,false,
Maven,org.exist-db,exist-contentextraction,7.0.0-SNAPSHOT,com.fifesoft,rsyntaxtextarea,3.6.2,false,
Maven,org.exist-db,exist-contentextraction,7.0.0-SNAPSHOT,org.quartz-scheduler,quartz,2.5.2,false,
Maven,org.exist-db,exist-contentextraction,7.0.0-SNAPSHOT,net.sf.xmldb-org,xmldb-api,2.0.0,false,
Maven,org.exist-db,exist-contentextraction,7.0.0-SNAPSHOT,it.unimi.dsi,fastutil,8.5.18,false,
Maven,org.exist-db,exist-contentextraction,7.0.0-SNAPSHOT,io.lacuna,bifurcan,0.2.0-rc1,false,
Maven,org.exist-db,exist-contentextraction,7.0.0-SNAPSHOT,org.apache.ant,ant,1.10.17,false,
Maven,org.exist-db,exist-contentextraction,7.0.0-SNAPSHOT,org.apache.ant,ant-launcher,1.10.17,false,
Maven,org.exist-db,exist-contentextraction,7.0.0-SNAPSHOT,org.jgrapht,jgrapht-core,1.5.3,false,
Maven,org.exist-db,exist-contentextraction,7.0.0-SNAPSHOT,org.jheaps,jheaps,0.14,false,
Maven,org.exist-db,exist-contentextraction,7.0.0-SNAPSHOT,org.apfloat,apfloat,1.14.0,false,
Maven,org.exist-db,exist-contentextraction,7.0.0-SNAPSHOT,org.jgrapht,jgrapht-opt,1.5.3,false,
Maven,org.exist-db,exist-contentextraction,7.0.0-SNAPSHOT,org.hamcrest,hamcrest,3.0,false,
Maven,org.exist-db,exist-contentextraction,7.0.0-SNAPSHOT,org.xmlunit,xmlunit-core,2.11.0,false,
Maven,org.exist-db,exist-contentextraction,7.0.0-SNAPSHOT,org.eclipse.jetty.ee10,jetty-ee10-annotations,12.0.35,false,
Maven,org.exist-db,exist-contentextraction,7.0.0-SNAPSHOT,jakarta.annotation,jakarta.annotation-api,2.1.1,false,
Maven,org.exist-db,exist-contentextraction,7.0.0-SNAPSHOT,org.eclipse.jetty.ee10,jetty-ee10-plus,12.0.35,false,
Maven,org.exist-db,exist-contentextraction,7.0.0-SNAPSHOT,jakarta.enterprise,jakarta.enterprise.cdi-api,4.0.1,false,
Maven,org.exist-db,exist-contentextraction,7.0.0-SNAPSHOT,jakarta.el,jakarta.el-api,5.0.0,false,
Maven,org.exist-db,exist-contentextraction,7.0.0-SNAPSHOT,jakarta.inject,jakarta.inject-api,2.0.1,false,
Maven,org.exist-db,exist-contentextraction,7.0.0-SNAPSHOT,jakarta.enterprise,jakarta.enterprise.lang-model,4.0.1,false,
Maven,org.exist-db,exist-contentextraction,7.0.0-SNAPSHOT,jakarta.interceptor,jakarta.interceptor-api,2.1.0,false,
Maven,org.exist-db,exist-contentextraction,7.0.0-SNAPSHOT,jakarta.transaction,jakarta.transaction-api,2.0.1,false,
Maven,org.exist-db,exist-contentextraction,7.0.0-SNAPSHOT,org.eclipse.jetty,jetty-jndi,12.0.35,false,
Maven,org.exist-db,exist-contentextraction,7.0.0-SNAPSHOT,org.eclipse.jetty,jetty-plus,12.0.35,false,
Maven,org.exist-db,exist-contentextraction,7.0.0-SNAPSHOT,org.ow2.asm,asm,9.9.1,false,
Maven,org.exist-db,exist-contentextraction,7.0.0-SNAPSHOT,org.ow2.asm,asm-commons,9.9.1,false,
Maven,org.exist-db,exist-contentextraction,7.0.0-SNAPSHOT,org.ow2.asm,asm-tree,9.9.1,false,
Maven,org.exist-db,exist-contentextraction,7.0.0-SNAPSHOT,org.eclipse.jetty.ee10,jetty-ee10-servlet,12.0.35,false,
Maven,org.exist-db,exist-contentextraction,7.0.0-SNAPSHOT,org.eclipse.jetty,jetty-session,12.0.35,false,
Maven,org.exist-db,exist-contentextraction,7.0.0-SNAPSHOT,org.eclipse.jetty.ee10,jetty-ee10-webapp,12.0.35,false,
Maven,org.exist-db,exist-contentextraction,7.0.0-SNAPSHOT,org.eclipse.jetty,jetty-ee,12.0.35,false,
Maven,org.exist-db,exist-contentextraction,7.0.0-SNAPSHOT,org.eclipse.jetty,jetty-xml,12.0.35,false,
Maven,org.exist-db,exist-contentextraction,7.0.0-SNAPSHOT,org.eclipse.jetty.ee10.websocket,jetty-ee10-websocket-jakarta-server,12.0.35,false,
Maven,org.exist-db,exist-contentextraction,7.0.0-SNAPSHOT,jakarta.websocket,jakarta.websocket-api,2.2.0,false,
Maven,org.exist-db,exist-contentextraction,7.0.0-SNAPSHOT,org.eclipse.jetty.ee10.websocket,jetty-ee10-websocket-jakarta-client,12.0.35,false,
Maven,org.exist-db,exist-contentextraction,7.0.0-SNAPSHOT,jakarta.websocket,jakarta.websocket-client-api,2.2.0,false,
Maven,org.exist-db,exist-contentextraction,7.0.0-SNAPSHOT,org.eclipse.jetty,jetty-client,12.0.35,false,
Maven,org.exist-db,exist-contentextraction,7.0.0-SNAPSHOT,org.eclipse.jetty,jetty-alpn-client,12.0.35,false,
Maven,org.exist-db,exist-contentextraction,7.0.0-SNAPSHOT,org.eclipse.jetty.ee10.websocket,jetty-ee10-websocket-jakarta-common,12.0.35,false,
Maven,org.exist-db,exist-contentextraction,7.0.0-SNAPSHOT,org.eclipse.jetty.websocket,jetty-websocket-core-client,12.0.35,false,
Maven,org.exist-db,exist-contentextraction,7.0.0-SNAPSHOT,org.eclipse.jetty.websocket,jetty-websocket-core-common,12.0.35,false,
Maven,org.exist-db,exist-contentextraction,7.0.0-SNAPSHOT,org.eclipse.jetty.ee10.websocket,jetty-ee10-websocket-servlet,12.0.35,false,
Maven,org.exist-db,exist-contentextraction,7.0.0-SNAPSHOT,org.eclipse.jetty.websocket,jetty-websocket-core-server,12.0.35,false,
Maven,org.exist-db,exist-contentextraction,7.0.0-SNAPSHOT,org.apache.logging.log4j,log4j-api,2.26.0,true,
Maven,org.exist-db,exist-contentextraction,7.0.0-SNAPSHOT,org.apache.tika,tika-core,3.3.0,true,
Maven,org.exist-db,exist-contentextraction,7.0.0-SNAPSHOT,org.slf4j,slf4j-api,2.0.18,false,
Maven,org.exist-db,exist-contentextraction,7.0.0-SNAPSHOT,org.apache.tika,tika-parsers-standard-package,3.3.0,true,
Maven,org.exist-db,exist-contentextraction,7.0.0-SNAPSHOT,org.apache.tika,tika-parser-apple-module,3.3.0,false,
Maven,org.exist-db,exist-contentextraction,7.0.0-SNAPSHOT,org.apache.tika,tika-parser-zip-commons,3.3.0,false,
Maven,org.exist-db,exist-contentextraction,7.0.0-SNAPSHOT,com.googlecode.plist,dd-plist,1.29,false,
Maven,org.exist-db,exist-contentextraction,7.0.0-SNAPSHOT,org.apache.tika,tika-parser-audiovideo-module,3.3.0,false,
Maven,org.exist-db,exist-contentextraction,7.0.0-SNAPSHOT,com.drewnoakes,metadata-extractor,2.19.0,false,
Maven,org.exist-db,exist-contentextraction,7.0.0-SNAPSHOT,com.adobe.xmp,xmpcore,6.1.11,false,
Maven,org.exist-db,exist-contentextraction,7.0.0-SNAPSHOT,org.apache.tika,tika-parser-cad-module,3.3.0,false,
Maven,org.exist-db,exist-contentextraction,7.0.0-SNAPSHOT,com.fasterxml.jackson.core,jackson-databind,2.21.1,false,
Maven,org.exist-db,exist-contentextraction,7.0.0-SNAPSHOT,com.fasterxml.jackson.core,jackson-annotations,2.21,false,
Maven,org.exist-db,exist-contentextraction,7.0.0-SNAPSHOT,org.apache.tika,tika-parser-code-module,3.3.0,false,
Maven,org.exist-db,exist-contentextraction,7.0.0-SNAPSHOT,org.codelibs,jhighlight,1.1.1,false,
Maven,org.exist-db,exist-contentextraction,7.0.0-SNAPSHOT,org.jsoup,jsoup,1.22.1,false,
Maven,org.exist-db,exist-contentextraction,7.0.0-SNAPSHOT,com.epam,parso,2.0.14,false,
Maven,org.exist-db,exist-contentextraction,7.0.0-SNAPSHOT,org.tallison,jmatio,1.5,false,
Maven,org.exist-db,exist-contentextraction,7.0.0-SNAPSHOT,org.apache.tika,tika-parser-crypto-module,3.3.0,false,
Maven,org.exist-db,exist-contentextraction,7.0.0-SNAPSHOT,org.bouncycastle,bcjmail-jdk18on,1.83,false,
Maven,org.exist-db,exist-contentextraction,7.0.0-SNAPSHOT,org.bouncycastle,bcpkix-jdk18on,1.83,false,
Maven,org.exist-db,exist-contentextraction,7.0.0-SNAPSHOT,org.bouncycastle,bcutil-jdk18on,1.83,false,
Maven,org.exist-db,exist-contentextraction,7.0.0-SNAPSHOT,org.apache.tika,tika-parser-digest-commons,3.3.0,false,
Maven,org.exist-db,exist-contentextraction,7.0.0-SNAPSHOT,org.apache.tika,tika-parser-font-module,3.3.0,false,
Maven,org.exist-db,exist-contentextraction,7.0.0-SNAPSHOT,org.apache.pdfbox,fontbox,3.0.7,false,
Maven,org.exist-db,exist-contentextraction,7.0.0-SNAPSHOT,org.apache.pdfbox,pdfbox-io,3.0.7,false,
Maven,org.exist-db,exist-contentextraction,7.0.0-SNAPSHOT,org.apache.tika,tika-parser-html-module,3.3.0,false,
Maven,org.exist-db,exist-contentextraction,7.0.0-SNAPSHOT,org.apache.tika,tika-parser-image-module,3.3.0,false,
Maven,org.exist-db,exist-contentextraction,7.0.0-SNAPSHOT,com.github.jai-imageio,jai-imageio-core,1.4.0,false,
Maven,org.exist-db,exist-contentextraction,7.0.0-SNAPSHOT,org.apache.pdfbox,jbig2-imageio,3.0.4,false,
Maven,org.exist-db,exist-contentextraction,7.0.0-SNAPSHOT,org.apache.tika,tika-parser-mail-module,3.3.0,false,
Maven,org.exist-db,exist-contentextraction,7.0.0-SNAPSHOT,org.apache.tika,tika-parser-mail-commons,3.3.0,false,
Maven,org.exist-db,exist-contentextraction,7.0.0-SNAPSHOT,org.apache.james,apache-mime4j-core,0.8.13,false,
Maven,org.exist-db,exist-contentextraction,7.0.0-SNAPSHOT,org.apache.james,apache-mime4j-dom,0.8.13,false,
Maven,org.exist-db,exist-contentextraction,7.0.0-SNAPSHOT,org.apache.tika,tika-parser-microsoft-module,3.3.0,false,
Maven,org.exist-db,exist-contentextraction,7.0.0-SNAPSHOT,com.pff,java-libpst,0.9.3,false,
Maven,org.exist-db,exist-contentextraction,7.0.0-SNAPSHOT,org.apache.poi,poi,5.5.1,false,
Maven,org.exist-db,exist-contentextraction,7.0.0-SNAPSHOT,org.apache.commons,commons-math3,3.6.1,false,
Maven,org.exist-db,exist-contentextraction,7.0.0-SNAPSHOT,com.zaxxer,SparseBitSet,1.3,false,
Maven,org.exist-db,exist-contentextraction,7.0.0-SNAPSHOT,org.apache.poi,poi-scratchpad,5.5.1,false,
Maven,org.exist-db,exist-contentextraction,7.0.0-SNAPSHOT,org.apache.poi,poi-ooxml,5.5.1,false,
Maven,org.exist-db,exist-contentextraction,7.0.0-SNAPSHOT,org.apache.xmlbeans,xmlbeans,5.3.0,false,
Maven,org.exist-db,exist-contentextraction,7.0.0-SNAPSHOT,com.github.virtuald,curvesapi,1.08,false,
Maven,org.exist-db,exist-contentextraction,7.0.0-SNAPSHOT,org.apache.poi,poi-ooxml-full,5.5.1,false,
Maven,org.exist-db,exist-contentextraction,7.0.0-SNAPSHOT,com.healthmarketscience.jackcess,jackcess,4.0.10,false,
Maven,org.exist-db,exist-contentextraction,7.0.0-SNAPSHOT,com.healthmarketscience.jackcess,jackcess-encrypt,4.0.3,false,
Maven,org.exist-db,exist-contentextraction,7.0.0-SNAPSHOT,org.slf4j,jcl-over-slf4j,2.0.17,false,
Maven,org.exist-db,exist-contentextraction,7.0.0-SNAPSHOT,org.apache.tika,tika-parser-miscoffice-module,3.3.0,false,
Maven,org.exist-db,exist-contentextraction,7.0.0-SNAPSHOT,org.apache.commons,commons-collections4,4.5.0,false,
Maven,org.exist-db,exist-contentextraction,7.0.0-SNAPSHOT,org.apache.tika,tika-parser-news-module,3.3.0,false,
Maven,org.exist-db,exist-contentextraction,7.0.0-SNAPSHOT,com.rometools,rome,2.1.0,false,
Maven,org.exist-db,exist-contentextraction,7.0.0-SNAPSHOT,com.rometools,rome-utils,2.1.0,false,
Maven,org.exist-db,exist-contentextraction,7.0.0-SNAPSHOT,org.jdom,jdom2,2.0.6.1,false,
Maven,org.exist-db,exist-contentextraction,7.0.0-SNAPSHOT,org.apache.tika,tika-parser-ocr-module,3.3.0,false,
Maven,org.exist-db,exist-contentextraction,7.0.0-SNAPSHOT,org.apache.commons,commons-exec,1.6.0,false,
Maven,org.exist-db,exist-contentextraction,7.0.0-SNAPSHOT,org.apache.tika,tika-parser-pdf-module,3.3.0,false,
Maven,org.exist-db,exist-contentextraction,7.0.0-SNAPSHOT,org.apache.pdfbox,pdfbox,3.0.7,false,
Maven,org.exist-db,exist-contentextraction,7.0.0-SNAPSHOT,org.apache.pdfbox,pdfbox-tools,3.0.7,false,
Maven,org.exist-db,exist-contentextraction,7.0.0-SNAPSHOT,info.picocli,picocli,4.7.7,false,
Maven,org.exist-db,exist-contentextraction,7.0.0-SNAPSHOT,org.apache.pdfbox,jempbox,1.8.17,false,
Maven,org.exist-db,exist-contentextraction,7.0.0-SNAPSHOT,org.apache.tika,tika-parser-pkg-module,3.3.0,false,
Maven,org.exist-db,exist-contentextraction,7.0.0-SNAPSHOT,org.tukaani,xz,1.12,false,
Maven,org.exist-db,exist-contentextraction,7.0.0-SNAPSHOT,org.brotli,dec,0.1.2,false,
Maven,org.exist-db,exist-contentextraction,7.0.0-SNAPSHOT,com.github.junrar,junrar,7.5.8,false,
Maven,org.exist-db,exist-contentextraction,7.0.0-SNAPSHOT,org.apache.tika,tika-parser-text-module,3.3.0,false,
Maven,org.exist-db,exist-contentextraction,7.0.0-SNAPSHOT,com.github.albfernandez,juniversalchardet,2.5.0,false,
Maven,org.exist-db,exist-contentextraction,7.0.0-SNAPSHOT,org.apache.commons,commons-csv,1.14.1,false,
Maven,org.exist-db,exist-contentextraction,7.0.0-SNAPSHOT,org.apache.tika,tika-parser-webarchive-module,3.3.0,false,
Maven,org.exist-db,exist-contentextraction,7.0.0-SNAPSHOT,org.netpreserve,jwarc,0.35.0,false,
Maven,org.exist-db,exist-contentextraction,7.0.0-SNAPSHOT,com.github.luben,zstd-jni,1.5.7-4,false,
Maven,org.exist-db,exist-contentextraction,7.0.0-SNAPSHOT,org.apache.commons,commons-compress,1.28.0,false,
Maven,org.exist-db,exist-contentextraction,7.0.0-SNAPSHOT,org.apache.tika,tika-parser-xml-module,3.3.0,false,
Maven,org.exist-db,exist-contentextraction,7.0.0-SNAPSHOT,org.apache.tika,tika-parser-xmp-commons,3.3.0,false,
Maven,org.exist-db,exist-contentextraction,7.0.0-SNAPSHOT,org.apache.pdfbox,xmpbox,3.0.7,false,
Maven,org.exist-db,exist-contentextraction,7.0.0-SNAPSHOT,org.gagravarr,vorbis-java-tika,0.8,false,
Maven,org.exist-db,exist-contentextraction,7.0.0-SNAPSHOT,org.gagravarr,vorbis-java-core,0.8,false,
Maven,org.exist-db,exist-contentextraction,7.0.0-SNAPSHOT,com.google.code.findbugs,jsr305,3.0.2,true,
Maven,org.exist-db,exist-contentextraction,7.0.0-SNAPSHOT,junit,junit,4.13.2,true,
Maven,org.exist-db,exist-contentextraction,7.0.0-SNAPSHOT,com.evolvedbinary.j8fu,j8fu,1.24.0,true,
Maven,org.exist-db,exist-exiftool,7.0.0-SNAPSHOT,org.exist-db,exist-core,7.0.0-SNAPSHOT,true,
Maven,org.exist-db,exist-exiftool,7.0.0-SNAPSHOT,net.jcip,jcip-annotations,1.0,false,
Maven,org.exist-db,exist-exiftool,7.0.0-SNAPSHOT,antlr,antlr,2.7.7,false,
Maven,org.exist-db,exist-exiftool,7.0.0-SNAPSHOT,com.fasterxml.jackson.core,jackson-core,2.21.3,false,
Maven,org.exist-db,exist-exiftool,7.0.0-SNAPSHOT,com.evolvedbinary.multilock,multilock,1.0.1,false,
Maven,org.exist-db,exist-exiftool,7.0.0-SNAPSHOT,com.github.ben-manes.caffeine,caffeine,3.2.4,false,
Maven,org.exist-db,exist-exiftool,7.0.0-SNAPSHOT,org.jspecify,jspecify,1.0.0,false,
Maven,org.exist-db,exist-exiftool,7.0.0-SNAPSHOT,com.google.errorprone,error_prone_annotations,2.49.0,false,
Maven,org.exist-db,exist-exiftool,7.0.0-SNAPSHOT,com.github.krukow,clj-ds,0.0.4,false,
Maven,org.exist-db,exist-exiftool,7.0.0-SNAPSHOT,com.siemens.ct.exi,exificient,1.0.7,false,
Maven,org.exist-db,exist-exiftool,7.0.0-SNAPSHOT,org.slf4j,slf4j-api,2.0.18,false,
Maven,org.exist-db,exist-exiftool,7.0.0-SNAPSHOT,xmlpull,xmlpull,1.1.3.1,false,
Maven,org.exist-db,exist-exiftool,7.0.0-SNAPSHOT,javax.activation,activation,1.1.1,false,
Maven,org.exist-db,exist-exiftool,7.0.0-SNAPSHOT,com.siemens.ct.exi,exificient-grammars,1.0.7,false,
Maven,org.exist-db,exist-exiftool,7.0.0-SNAPSHOT,com.siemens.ct.exi,exificient-core,1.0.7,false,
Maven,org.exist-db,exist-exiftool,7.0.0-SNAPSHOT,com.ibm.icu,icu4j,76.1,false,
Maven,org.exist-db,exist-exiftool,7.0.0-SNAPSHOT,com.google.code.findbugs,jsr305,3.0.2,false,
Maven,org.exist-db,exist-exiftool,7.0.0-SNAPSHOT,org.relaxng,jing,20241231,false,
Maven,org.exist-db,exist-exiftool,7.0.0-SNAPSHOT,isorelax,isorelax,20030108,false,
Maven,org.exist-db,exist-exiftool,7.0.0-SNAPSHOT,org.exist-db,exist-start,7.0.0-SNAPSHOT,false,
Maven,org.exist-db,exist-exiftool,7.0.0-SNAPSHOT,org.exquery,exquery-common,0.2.1,false,
Maven,org.exist-db,exist-exiftool,7.0.0-SNAPSHOT,org.bouncycastle,bcprov-jdk18on,1.84,false,
Maven,org.exist-db,exist-exiftool,7.0.0-SNAPSHOT,at.yawk.lz4,lz4-java,1.11.0,false,
Maven,org.exist-db,exist-exiftool,7.0.0-SNAPSHOT,com.fasterxml.uuid,java-uuid-generator,5.2.0,false,
Maven,org.exist-db,exist-exiftool,7.0.0-SNAPSHOT,jakarta.servlet,jakarta.servlet-api,6.0.0,false,
Maven,org.exist-db,exist-exiftool,7.0.0-SNAPSHOT,jakarta.xml.bind,jakarta.xml.bind-api,4.0.5,false,
Maven,org.exist-db,exist-exiftool,7.0.0-SNAPSHOT,jakarta.activation,jakarta.activation-api,2.1.4,false,
Maven,org.exist-db,exist-exiftool,7.0.0-SNAPSHOT,org.eclipse.angus,angus-activation,2.0.3,false,
Maven,org.exist-db,exist-exiftool,7.0.0-SNAPSHOT,org.glassfish.jaxb,jaxb-runtime,4.0.2,false,
Maven,org.exist-db,exist-exiftool,7.0.0-SNAPSHOT,org.glassfish.jaxb,jaxb-core,4.0.2,false,
Maven,org.exist-db,exist-exiftool,7.0.0-SNAPSHOT,org.glassfish.jaxb,txw2,4.0.2,false,
Maven,org.exist-db,exist-exiftool,7.0.0-SNAPSHOT,com.sun.istack,istack-commons-runtime,4.1.1,false,
Maven,org.exist-db,exist-exiftool,7.0.0-SNAPSHOT,org.exist-db.thirdparty.javax.xml.xquery,xqjri,20080114-133351,false,
Maven,org.exist-db,exist-exiftool,7.0.0-SNAPSHOT,org.jline,jline,4.1.0,false,
Maven,org.exist-db,exist-exiftool,7.0.0-SNAPSHOT,org.jline,jansi,4.1.0,false,
Maven,org.exist-db,exist-exiftool,7.0.0-SNAPSHOT,net.bytebuddy,byte-buddy,1.18.8,false,
Maven,org.exist-db,exist-exiftool,7.0.0-SNAPSHOT,se.softhouse,jargo,0.4.14,false,
Maven,org.exist-db,exist-exiftool,7.0.0-SNAPSHOT,commons-codec,commons-codec,1.22.0,false,
Maven,org.exist-db,exist-exiftool,7.0.0-SNAPSHOT,org.apache.commons,commons-lang3,3.20.0,false,
Maven,org.exist-db,exist-exiftool,7.0.0-SNAPSHOT,commons-logging,commons-logging,1.3.6,false,
Maven,org.exist-db,exist-exiftool,7.0.0-SNAPSHOT,org.apache.commons,commons-pool2,2.13.1,false,
Maven,org.exist-db,exist-exiftool,7.0.0-SNAPSHOT,org.apache.logging.log4j,log4j-core,2.26.0,false,
Maven,org.exist-db,exist-exiftool,7.0.0-SNAPSHOT,org.apache.logging.log4j,log4j-jcl,2.26.0,false,
Maven,org.exist-db,exist-exiftool,7.0.0-SNAPSHOT,org.apache.logging.log4j,log4j-jul,2.26.0,false,
Maven,org.exist-db,exist-exiftool,7.0.0-SNAPSHOT,org.apache.logging.log4j,log4j-slf4j2-impl,2.26.0,false,
Maven,org.exist-db,exist-exiftool,7.0.0-SNAPSHOT,org.exist-db.thirdparty.xerces,xercesImpl,2.12.2,false,
Maven,org.exist-db,exist-exiftool,7.0.0-SNAPSHOT,org.codelibs,nekohtml,2.1.3,false,
Maven,org.exist-db,exist-exiftool,7.0.0-SNAPSHOT,org.apache.ws.commons.util,ws-commons-util,1.0.2,false,
Maven,org.exist-db,exist-exiftool,7.0.0-SNAPSHOT,xml-resolver,xml-resolver,1.2,false,
Maven,org.exist-db,exist-exiftool,7.0.0-SNAPSHOT,org.xmlresolver,xmlresolver,6.0.23,false,
Maven,org.exist-db,exist-exiftool,7.0.0-SNAPSHOT,org.exist-db.thirdparty.org.eclipse.wst.xml,xpath2,1.2.0,false,
Maven,org.exist-db,exist-exiftool,7.0.0-SNAPSHOT,edu.princeton.cup,java-cup,10k,false,
Maven,org.exist-db,exist-exiftool,7.0.0-SNAPSHOT,net.sf.saxon,Saxon-HE,9.9.1-8,false,
Maven,org.exist-db,exist-exiftool,7.0.0-SNAPSHOT,org.exist-db,exist-saxon-regex,9.4.0-9.e1,false,
Maven,org.exist-db,exist-exiftool,7.0.0-SNAPSHOT,com.evolvedbinary.thirdparty.org.apache.xmlrpc,xmlrpc-common,5.0.0,false,
Maven,org.exist-db,exist-exiftool,7.0.0-SNAPSHOT,com.evolvedbinary.thirdparty.org.apache.xmlrpc,xmlrpc-client,5.0.0,false,
Maven,org.exist-db,exist-exiftool,7.0.0-SNAPSHOT,com.evolvedbinary.thirdparty.org.apache.xmlrpc,xmlrpc-server,5.0.0,false,
Maven,org.exist-db,exist-exiftool,7.0.0-SNAPSHOT,org.aspectj,aspectjrt,1.9.25.1,false,
Maven,org.exist-db,exist-exiftool,7.0.0-SNAPSHOT,org.eclipse.jetty,jetty-http,12.0.35,false,
Maven,org.exist-db,exist-exiftool,7.0.0-SNAPSHOT,org.eclipse.jetty,jetty-io,12.0.35,false,
Maven,org.exist-db,exist-exiftool,7.0.0-SNAPSHOT,org.eclipse.jetty,jetty-security,12.0.35,false,
Maven,org.exist-db,exist-exiftool,7.0.0-SNAPSHOT,org.eclipse.jetty,jetty-server,12.0.35,false,
Maven,org.exist-db,exist-exiftool,7.0.0-SNAPSHOT,org.eclipse.jetty,jetty-util,12.0.35,false,
Maven,org.exist-db,exist-exiftool,7.0.0-SNAPSHOT,org.expath.packaging,pkg-java,2.0.1,false,
Maven,org.exist-db,exist-exiftool,7.0.0-SNAPSHOT,com.fifesoft,rsyntaxtextarea,3.6.2,false,
Maven,org.exist-db,exist-exiftool,7.0.0-SNAPSHOT,org.quartz-scheduler,quartz,2.5.2,false,
Maven,org.exist-db,exist-exiftool,7.0.0-SNAPSHOT,net.sf.xmldb-org,xmldb-api,2.0.0,false,
Maven,org.exist-db,exist-exiftool,7.0.0-SNAPSHOT,it.unimi.dsi,fastutil,8.5.18,false,
Maven,org.exist-db,exist-exiftool,7.0.0-SNAPSHOT,io.lacuna,bifurcan,0.2.0-rc1,false,
Maven,org.exist-db,exist-exiftool,7.0.0-SNAPSHOT,org.apache.ant,ant,1.10.17,false,
Maven,org.exist-db,exist-exiftool,7.0.0-SNAPSHOT,org.apache.ant,ant-launcher,1.10.17,false,
Maven,org.exist-db,exist-exiftool,7.0.0-SNAPSHOT,org.jgrapht,jgrapht-core,1.5.3,false,
Maven,org.exist-db,exist-exiftool,7.0.0-SNAPSHOT,org.jheaps,jheaps,0.14,false,
Maven,org.exist-db,exist-exiftool,7.0.0-SNAPSHOT,org.apfloat,apfloat,1.14.0,false,
Maven,org.exist-db,exist-exiftool,7.0.0-SNAPSHOT,org.jgrapht,jgrapht-opt,1.5.3,false,
Maven,org.exist-db,exist-exiftool,7.0.0-SNAPSHOT,junit,junit,4.13.2,false,
Maven,org.exist-db,exist-exiftool,7.0.0-SNAPSHOT,org.hamcrest,hamcrest,3.0,false,
Maven,org.exist-db,exist-exiftool,7.0.0-SNAPSHOT,org.xmlunit,xmlunit-core,2.11.0,false,
Maven,org.exist-db,exist-exiftool,7.0.0-SNAPSHOT,org.eclipse.jetty.ee10,jetty-ee10-annotations,12.0.35,false,
Maven,org.exist-db,exist-exiftool,7.0.0-SNAPSHOT,jakarta.annotation,jakarta.annotation-api,2.1.1,false,
Maven,org.exist-db,exist-exiftool,7.0.0-SNAPSHOT,org.eclipse.jetty.ee10,jetty-ee10-plus,12.0.35,false,
Maven,org.exist-db,exist-exiftool,7.0.0-SNAPSHOT,jakarta.enterprise,jakarta.enterprise.cdi-api,4.0.1,false,
Maven,org.exist-db,exist-exiftool,7.0.0-SNAPSHOT,jakarta.el,jakarta.el-api,5.0.0,false,
Maven,org.exist-db,exist-exiftool,7.0.0-SNAPSHOT,jakarta.inject,jakarta.inject-api,2.0.1,false,
Maven,org.exist-db,exist-exiftool,7.0.0-SNAPSHOT,jakarta.enterprise,jakarta.enterprise.lang-model,4.0.1,false,
Maven,org.exist-db,exist-exiftool,7.0.0-SNAPSHOT,jakarta.interceptor,jakarta.interceptor-api,2.1.0,false,
Maven,org.exist-db,exist-exiftool,7.0.0-SNAPSHOT,jakarta.transaction,jakarta.transaction-api,2.0.1,false,
Maven,org.exist-db,exist-exiftool,7.0.0-SNAPSHOT,org.eclipse.jetty,jetty-jndi,12.0.35,false,
Maven,org.exist-db,exist-exiftool,7.0.0-SNAPSHOT,org.eclipse.jetty,jetty-plus,12.0.35,false,
Maven,org.exist-db,exist-exiftool,7.0.0-SNAPSHOT,org.ow2.asm,asm,9.9.1,false,
Maven,org.exist-db,exist-exiftool,7.0.0-SNAPSHOT,org.ow2.asm,asm-commons,9.9.1,false,
Maven,org.exist-db,exist-exiftool,7.0.0-SNAPSHOT,org.ow2.asm,asm-tree,9.9.1,false,
Maven,org.exist-db,exist-exiftool,7.0.0-SNAPSHOT,org.eclipse.jetty.ee10,jetty-ee10-servlet,12.0.35,false,
Maven,org.exist-db,exist-exiftool,7.0.0-SNAPSHOT,org.eclipse.jetty,jetty-session,12.0.35,false,
Maven,org.exist-db,exist-exiftool,7.0.0-SNAPSHOT,org.eclipse.jetty.ee10,jetty-ee10-webapp,12.0.35,false,
Maven,org.exist-db,exist-exiftool,7.0.0-SNAPSHOT,org.eclipse.jetty,jetty-ee,12.0.35,false,
Maven,org.exist-db,exist-exiftool,7.0.0-SNAPSHOT,org.eclipse.jetty,jetty-xml,12.0.35,false,
Maven,org.exist-db,exist-exiftool,7.0.0-SNAPSHOT,org.eclipse.jetty.ee10.websocket,jetty-ee10-websocket-jakarta-server,12.0.35,false,
Maven,org.exist-db,exist-exiftool,7.0.0-SNAPSHOT,jakarta.websocket,jakarta.websocket-api,2.2.0,false,
Maven,org.exist-db,exist-exiftool,7.0.0-SNAPSHOT,org.eclipse.jetty.ee10.websocket,jetty-ee10-websocket-jakarta-client,12.0.35,false,
Maven,org.exist-db,exist-exiftool,7.0.0-SNAPSHOT,jakarta.websocket,jakarta.websocket-client-api,2.2.0,false,
Maven,org.exist-db,exist-exiftool,7.0.0-SNAPSHOT,org.eclipse.jetty,jetty-client,12.0.35,false,
Maven,org.exist-db,exist-exiftool,7.0.0-SNAPSHOT,org.eclipse.jetty,jetty-alpn-client,12.0.35,false,
Maven,org.exist-db,exist-exiftool,7.0.0-SNAPSHOT,org.eclipse.jetty.ee10.websocket,jetty-ee10-websocket-jakarta-common,12.0.35,false,
Maven,org.exist-db,exist-exiftool,7.0.0-SNAPSHOT,org.eclipse.jetty.websocket,jetty-websocket-core-client,12.0.35,false,
Maven,org.exist-db,exist-exiftool,7.0.0-SNAPSHOT,org.eclipse.jetty.websocket,jetty-websocket-core-common,12.0.35,false,
Maven,org.exist-db,exist-exiftool,7.0.0-SNAPSHOT,org.eclipse.jetty.ee10.websocket,jetty-ee10-websocket-servlet,12.0.35,false,
Maven,org.exist-db,exist-exiftool,7.0.0-SNAPSHOT,org.eclipse.jetty.websocket,jetty-websocket-core-server,12.0.35,false,
Maven,org.exist-db,exist-exiftool,7.0.0-SNAPSHOT,org.apache.logging.log4j,log4j-api,2.26.0,true,
Maven,org.exist-db,exist-exiftool,7.0.0-SNAPSHOT,com.evolvedbinary.j8fu,j8fu,1.24.0,true,
Maven,org.exist-db,exist-exiftool,7.0.0-SNAPSHOT,commons-io,commons-io,2.22.0,true,
Maven,org.exist-db,exist-expath,7.0.0-SNAPSHOT,org.exist-db,exist-core,7.0.0-SNAPSHOT,true,
Maven,org.exist-db,exist-expath,7.0.0-SNAPSHOT,net.jcip,jcip-annotations,1.0,false,
Maven,org.exist-db,exist-expath,7.0.0-SNAPSHOT,antlr,antlr,2.7.7,false,
Maven,org.exist-db,exist-expath,7.0.0-SNAPSHOT,com.fasterxml.jackson.core,jackson-core,2.21.3,false,
Maven,org.exist-db,exist-expath,7.0.0-SNAPSHOT,com.evolvedbinary.multilock,multilock,1.0.1,false,
Maven,org.exist-db,exist-expath,7.0.0-SNAPSHOT,com.github.ben-manes.caffeine,caffeine,3.2.4,false,
Maven,org.exist-db,exist-expath,7.0.0-SNAPSHOT,org.jspecify,jspecify,1.0.0,false,
Maven,org.exist-db,exist-expath,7.0.0-SNAPSHOT,com.google.errorprone,error_prone_annotations,2.49.0,false,
Maven,org.exist-db,exist-expath,7.0.0-SNAPSHOT,com.github.krukow,clj-ds,0.0.4,false,
Maven,org.exist-db,exist-expath,7.0.0-SNAPSHOT,com.siemens.ct.exi,exificient,1.0.7,false,
Maven,org.exist-db,exist-expath,7.0.0-SNAPSHOT,xmlpull,xmlpull,1.1.3.1,false,
Maven,org.exist-db,exist-expath,7.0.0-SNAPSHOT,javax.activation,activation,1.1.1,false,
Maven,org.exist-db,exist-expath,7.0.0-SNAPSHOT,com.siemens.ct.exi,exificient-grammars,1.0.7,false,
Maven,org.exist-db,exist-expath,7.0.0-SNAPSHOT,com.siemens.ct.exi,exificient-core,1.0.7,false,
Maven,org.exist-db,exist-expath,7.0.0-SNAPSHOT,com.ibm.icu,icu4j,76.1,false,
Maven,org.exist-db,exist-expath,7.0.0-SNAPSHOT,org.relaxng,jing,20241231,false,
Maven,org.exist-db,exist-expath,7.0.0-SNAPSHOT,isorelax,isorelax,20030108,false,
Maven,org.exist-db,exist-expath,7.0.0-SNAPSHOT,org.exist-db,exist-start,7.0.0-SNAPSHOT,false,
Maven,org.exist-db,exist-expath,7.0.0-SNAPSHOT,org.exquery,exquery-common,0.2.1,false,
Maven,org.exist-db,exist-expath,7.0.0-SNAPSHOT,org.bouncycastle,bcprov-jdk18on,1.84,false,
Maven,org.exist-db,exist-expath,7.0.0-SNAPSHOT,at.yawk.lz4,lz4-java,1.11.0,false,
Maven,org.exist-db,exist-expath,7.0.0-SNAPSHOT,com.evolvedbinary.j8fu,j8fu,1.24.0,false,
Maven,org.exist-db,exist-expath,7.0.0-SNAPSHOT,com.fasterxml.uuid,java-uuid-generator,5.2.0,false,
Maven,org.exist-db,exist-expath,7.0.0-SNAPSHOT,jakarta.servlet,jakarta.servlet-api,6.0.0,false,
Maven,org.exist-db,exist-expath,7.0.0-SNAPSHOT,jakarta.xml.bind,jakarta.xml.bind-api,4.0.5,false,
Maven,org.exist-db,exist-expath,7.0.0-SNAPSHOT,jakarta.activation,jakarta.activation-api,2.1.4,false,
Maven,org.exist-db,exist-expath,7.0.0-SNAPSHOT,org.eclipse.angus,angus-activation,2.0.3,false,
Maven,org.exist-db,exist-expath,7.0.0-SNAPSHOT,org.glassfish.jaxb,jaxb-runtime,4.0.2,false,
Maven,org.exist-db,exist-expath,7.0.0-SNAPSHOT,org.glassfish.jaxb,jaxb-core,4.0.2,false,
Maven,org.exist-db,exist-expath,7.0.0-SNAPSHOT,org.glassfish.jaxb,txw2,4.0.2,false,
Maven,org.exist-db,exist-expath,7.0.0-SNAPSHOT,com.sun.istack,istack-commons-runtime,4.1.1,false,
Maven,org.exist-db,exist-expath,7.0.0-SNAPSHOT,org.exist-db.thirdparty.javax.xml.xquery,xqjri,20080114-133351,false,
Maven,org.exist-db,exist-expath,7.0.0-SNAPSHOT,org.jline,jline,4.1.0,false,
Maven,org.exist-db,exist-expath,7.0.0-SNAPSHOT,org.jline,jansi,4.1.0,false,
Maven,org.exist-db,exist-expath,7.0.0-SNAPSHOT,net.bytebuddy,byte-buddy,1.18.8,false,
Maven,org.exist-db,exist-expath,7.0.0-SNAPSHOT,se.softhouse,jargo,0.4.14,false,
Maven,org.exist-db,exist-expath,7.0.0-SNAPSHOT,commons-codec,commons-codec,1.22.0,false,
Maven,org.exist-db,exist-expath,7.0.0-SNAPSHOT,org.apache.commons,commons-lang3,3.20.0,false,
Maven,org.exist-db,exist-expath,7.0.0-SNAPSHOT,commons-logging,commons-logging,1.3.6,false,
Maven,org.exist-db,exist-expath,7.0.0-SNAPSHOT,org.apache.commons,commons-pool2,2.13.1,false,
Maven,org.exist-db,exist-expath,7.0.0-SNAPSHOT,org.apache.logging.log4j,log4j-core,2.26.0,false,
Maven,org.exist-db,exist-expath,7.0.0-SNAPSHOT,org.apache.logging.log4j,log4j-jcl,2.26.0,false,
Maven,org.exist-db,exist-expath,7.0.0-SNAPSHOT,org.apache.logging.log4j,log4j-jul,2.26.0,false,
Maven,org.exist-db,exist-expath,7.0.0-SNAPSHOT,org.apache.logging.log4j,log4j-slf4j2-impl,2.26.0,false,
Maven,org.exist-db,exist-expath,7.0.0-SNAPSHOT,org.exist-db.thirdparty.xerces,xercesImpl,2.12.2,false,
Maven,org.exist-db,exist-expath,7.0.0-SNAPSHOT,org.codelibs,nekohtml,2.1.3,false,
Maven,org.exist-db,exist-expath,7.0.0-SNAPSHOT,org.apache.ws.commons.util,ws-commons-util,1.0.2,false,
Maven,org.exist-db,exist-expath,7.0.0-SNAPSHOT,xml-resolver,xml-resolver,1.2,false,
Maven,org.exist-db,exist-expath,7.0.0-SNAPSHOT,org.xmlresolver,xmlresolver,6.0.23,false,
Maven,org.exist-db,exist-expath,7.0.0-SNAPSHOT,org.exist-db.thirdparty.org.eclipse.wst.xml,xpath2,1.2.0,false,
Maven,org.exist-db,exist-expath,7.0.0-SNAPSHOT,edu.princeton.cup,java-cup,10k,false,
Maven,org.exist-db,exist-expath,7.0.0-SNAPSHOT,net.sf.saxon,Saxon-HE,9.9.1-8,false,
Maven,org.exist-db,exist-expath,7.0.0-SNAPSHOT,org.exist-db,exist-saxon-regex,9.4.0-9.e1,false,
Maven,org.exist-db,exist-expath,7.0.0-SNAPSHOT,com.evolvedbinary.thirdparty.org.apache.xmlrpc,xmlrpc-common,5.0.0,false,
Maven,org.exist-db,exist-expath,7.0.0-SNAPSHOT,com.evolvedbinary.thirdparty.org.apache.xmlrpc,xmlrpc-client,5.0.0,false,
Maven,org.exist-db,exist-expath,7.0.0-SNAPSHOT,com.evolvedbinary.thirdparty.org.apache.xmlrpc,xmlrpc-server,5.0.0,false,
Maven,org.exist-db,exist-expath,7.0.0-SNAPSHOT,org.aspectj,aspectjrt,1.9.25.1,false,
Maven,org.exist-db,exist-expath,7.0.0-SNAPSHOT,org.eclipse.jetty,jetty-http,12.0.35,false,
Maven,org.exist-db,exist-expath,7.0.0-SNAPSHOT,org.eclipse.jetty,jetty-io,12.0.35,false,
Maven,org.exist-db,exist-expath,7.0.0-SNAPSHOT,org.eclipse.jetty,jetty-security,12.0.35,false,
Maven,org.exist-db,exist-expath,7.0.0-SNAPSHOT,org.eclipse.jetty,jetty-server,12.0.35,false,
Maven,org.exist-db,exist-expath,7.0.0-SNAPSHOT,org.eclipse.jetty,jetty-util,12.0.35,false,
Maven,org.exist-db,exist-expath,7.0.0-SNAPSHOT,org.expath.packaging,pkg-java,2.0.1,false,
Maven,org.exist-db,exist-expath,7.0.0-SNAPSHOT,com.fifesoft,rsyntaxtextarea,3.6.2,false,
Maven,org.exist-db,exist-expath,7.0.0-SNAPSHOT,org.quartz-scheduler,quartz,2.5.2,false,
Maven,org.exist-db,exist-expath,7.0.0-SNAPSHOT,net.sf.xmldb-org,xmldb-api,2.0.0,false,
Maven,org.exist-db,exist-expath,7.0.0-SNAPSHOT,it.unimi.dsi,fastutil,8.5.18,false,
Maven,org.exist-db,exist-expath,7.0.0-SNAPSHOT,io.lacuna,bifurcan,0.2.0-rc1,false,
Maven,org.exist-db,exist-expath,7.0.0-SNAPSHOT,org.apache.ant,ant,1.10.17,false,
Maven,org.exist-db,exist-expath,7.0.0-SNAPSHOT,org.apache.ant,ant-launcher,1.10.17,false,
Maven,org.exist-db,exist-expath,7.0.0-SNAPSHOT,org.jgrapht,jgrapht-core,1.5.3,false,
Maven,org.exist-db,exist-expath,7.0.0-SNAPSHOT,org.jheaps,jheaps,0.14,false,
Maven,org.exist-db,exist-expath,7.0.0-SNAPSHOT,org.apfloat,apfloat,1.14.0,false,
Maven,org.exist-db,exist-expath,7.0.0-SNAPSHOT,org.jgrapht,jgrapht-opt,1.5.3,false,
Maven,org.exist-db,exist-expath,7.0.0-SNAPSHOT,org.hamcrest,hamcrest,3.0,false,
Maven,org.exist-db,exist-expath,7.0.0-SNAPSHOT,org.xmlunit,xmlunit-core,2.11.0,false,
Maven,org.exist-db,exist-expath,7.0.0-SNAPSHOT,org.eclipse.jetty.ee10,jetty-ee10-annotations,12.0.35,false,
Maven,org.exist-db,exist-expath,7.0.0-SNAPSHOT,jakarta.annotation,jakarta.annotation-api,2.1.1,false,
Maven,org.exist-db,exist-expath,7.0.0-SNAPSHOT,org.eclipse.jetty.ee10,jetty-ee10-plus,12.0.35,false,
Maven,org.exist-db,exist-expath,7.0.0-SNAPSHOT,jakarta.enterprise,jakarta.enterprise.cdi-api,4.0.1,false,
Maven,org.exist-db,exist-expath,7.0.0-SNAPSHOT,jakarta.el,jakarta.el-api,5.0.0,false,
Maven,org.exist-db,exist-expath,7.0.0-SNAPSHOT,jakarta.inject,jakarta.inject-api,2.0.1,false,
Maven,org.exist-db,exist-expath,7.0.0-SNAPSHOT,jakarta.enterprise,jakarta.enterprise.lang-model,4.0.1,false,
Maven,org.exist-db,exist-expath,7.0.0-SNAPSHOT,jakarta.interceptor,jakarta.interceptor-api,2.1.0,false,
Maven,org.exist-db,exist-expath,7.0.0-SNAPSHOT,jakarta.transaction,jakarta.transaction-api,2.0.1,false,
Maven,org.exist-db,exist-expath,7.0.0-SNAPSHOT,org.eclipse.jetty,jetty-jndi,12.0.35,false,
Maven,org.exist-db,exist-expath,7.0.0-SNAPSHOT,org.eclipse.jetty,jetty-plus,12.0.35,false,
Maven,org.exist-db,exist-expath,7.0.0-SNAPSHOT,org.ow2.asm,asm,9.9.1,false,
Maven,org.exist-db,exist-expath,7.0.0-SNAPSHOT,org.ow2.asm,asm-commons,9.9.1,false,
Maven,org.exist-db,exist-expath,7.0.0-SNAPSHOT,org.ow2.asm,asm-tree,9.9.1,false,
Maven,org.exist-db,exist-expath,7.0.0-SNAPSHOT,org.eclipse.jetty.ee10,jetty-ee10-servlet,12.0.35,false,
Maven,org.exist-db,exist-expath,7.0.0-SNAPSHOT,org.eclipse.jetty,jetty-session,12.0.35,false,
Maven,org.exist-db,exist-expath,7.0.0-SNAPSHOT,org.eclipse.jetty.ee10,jetty-ee10-webapp,12.0.35,false,
Maven,org.exist-db,exist-expath,7.0.0-SNAPSHOT,org.eclipse.jetty,jetty-ee,12.0.35,false,
Maven,org.exist-db,exist-expath,7.0.0-SNAPSHOT,org.eclipse.jetty,jetty-xml,12.0.35,false,
Maven,org.exist-db,exist-expath,7.0.0-SNAPSHOT,org.eclipse.jetty.ee10.websocket,jetty-ee10-websocket-jakarta-server,12.0.35,false,
Maven,org.exist-db,exist-expath,7.0.0-SNAPSHOT,jakarta.websocket,jakarta.websocket-api,2.2.0,false,
Maven,org.exist-db,exist-expath,7.0.0-SNAPSHOT,org.eclipse.jetty.ee10.websocket,jetty-ee10-websocket-jakarta-client,12.0.35,false,
Maven,org.exist-db,exist-expath,7.0.0-SNAPSHOT,jakarta.websocket,jakarta.websocket-client-api,2.2.0,false,
Maven,org.exist-db,exist-expath,7.0.0-SNAPSHOT,org.eclipse.jetty,jetty-client,12.0.35,false,
Maven,org.exist-db,exist-expath,7.0.0-SNAPSHOT,org.eclipse.jetty,jetty-alpn-client,12.0.35,false,
Maven,org.exist-db,exist-expath,7.0.0-SNAPSHOT,org.eclipse.jetty.ee10.websocket,jetty-ee10-websocket-jakarta-common,12.0.35,false,
Maven,org.exist-db,exist-expath,7.0.0-SNAPSHOT,org.eclipse.jetty.websocket,jetty-websocket-core-client,12.0.35,false,
Maven,org.exist-db,exist-expath,7.0.0-SNAPSHOT,org.eclipse.jetty.websocket,jetty-websocket-core-common,12.0.35,false,
Maven,org.exist-db,exist-expath,7.0.0-SNAPSHOT,org.eclipse.jetty.ee10.websocket,jetty-ee10-websocket-servlet,12.0.35,false,
Maven,org.exist-db,exist-expath,7.0.0-SNAPSHOT,org.eclipse.jetty.websocket,jetty-websocket-core-server,12.0.35,false,
Maven,org.exist-db,exist-expath,7.0.0-SNAPSHOT,commons-io,commons-io,2.22.0,true,
Maven,org.exist-db,exist-expath,7.0.0-SNAPSHOT,org.apache.httpcomponents,httpcore,4.4.16,true,
Maven,org.exist-db,exist-expath,7.0.0-SNAPSHOT,org.apache.logging.log4j,log4j-api,2.26.0,true,
Maven,org.exist-db,exist-expath,7.0.0-SNAPSHOT,org.apache.james,apache-mime4j-core,0.8.14,true,
Maven,org.exist-db,exist-expath,7.0.0-SNAPSHOT,org.expath.http.client,http-client-java,1.4.2,true,
Maven,org.exist-db,exist-expath,7.0.0-SNAPSHOT,org.apache.httpcomponents,httpclient,4.5.14,false,
Maven,org.exist-db,exist-expath,7.0.0-SNAPSHOT,org.ccil.cowan.tagsoup,tagsoup,1.2.1,false,
Maven,org.exist-db,exist-expath,7.0.0-SNAPSHOT,org.slf4j,slf4j-api,2.0.18,false,
Maven,org.exist-db,exist-expath,7.0.0-SNAPSHOT,org.expath.tools,tools-java,0.7.0,true,
Maven,org.exist-db,exist-expath,7.0.0-SNAPSHOT,com.google.code.findbugs,jsr305,3.0.2,true,
Maven,org.exist-db,exist-expath,7.0.0-SNAPSHOT,junit,junit,4.13.2,true,
Maven,org.exist-db,exist-exquery-request-module,7.0.0-SNAPSHOT,org.exist-db,exist-core,7.0.0-SNAPSHOT,true,
Maven,org.exist-db,exist-exquery-request-module,7.0.0-SNAPSHOT,net.jcip,jcip-annotations,1.0,false,
Maven,org.exist-db,exist-exquery-request-module,7.0.0-SNAPSHOT,antlr,antlr,2.7.7,false,
Maven,org.exist-db,exist-exquery-request-module,7.0.0-SNAPSHOT,com.fasterxml.jackson.core,jackson-core,2.21.3,false,
Maven,org.exist-db,exist-exquery-request-module,7.0.0-SNAPSHOT,com.evolvedbinary.multilock,multilock,1.0.1,false,
Maven,org.exist-db,exist-exquery-request-module,7.0.0-SNAPSHOT,com.github.ben-manes.caffeine,caffeine,3.2.4,false,
Maven,org.exist-db,exist-exquery-request-module,7.0.0-SNAPSHOT,org.jspecify,jspecify,1.0.0,false,
Maven,org.exist-db,exist-exquery-request-module,7.0.0-SNAPSHOT,com.google.errorprone,error_prone_annotations,2.49.0,false,
Maven,org.exist-db,exist-exquery-request-module,7.0.0-SNAPSHOT,com.github.krukow,clj-ds,0.0.4,false,
Maven,org.exist-db,exist-exquery-request-module,7.0.0-SNAPSHOT,com.siemens.ct.exi,exificient,1.0.7,false,
Maven,org.exist-db,exist-exquery-request-module,7.0.0-SNAPSHOT,org.slf4j,slf4j-api,2.0.18,false,
Maven,org.exist-db,exist-exquery-request-module,7.0.0-SNAPSHOT,xmlpull,xmlpull,1.1.3.1,false,
Maven,org.exist-db,exist-exquery-request-module,7.0.0-SNAPSHOT,javax.activation,activation,1.1.1,false,
Maven,org.exist-db,exist-exquery-request-module,7.0.0-SNAPSHOT,com.siemens.ct.exi,exificient-grammars,1.0.7,false,
Maven,org.exist-db,exist-exquery-request-module,7.0.0-SNAPSHOT,com.siemens.ct.exi,exificient-core,1.0.7,false,
Maven,org.exist-db,exist-exquery-request-module,7.0.0-SNAPSHOT,com.ibm.icu,icu4j,76.1,false,
Maven,org.exist-db,exist-exquery-request-module,7.0.0-SNAPSHOT,com.google.code.findbugs,jsr305,3.0.2,false,
Maven,org.exist-db,exist-exquery-request-module,7.0.0-SNAPSHOT,org.relaxng,jing,20241231,false,
Maven,org.exist-db,exist-exquery-request-module,7.0.0-SNAPSHOT,isorelax,isorelax,20030108,false,
Maven,org.exist-db,exist-exquery-request-module,7.0.0-SNAPSHOT,org.exist-db,exist-start,7.0.0-SNAPSHOT,false,
Maven,org.exist-db,exist-exquery-request-module,7.0.0-SNAPSHOT,org.bouncycastle,bcprov-jdk18on,1.84,false,
Maven,org.exist-db,exist-exquery-request-module,7.0.0-SNAPSHOT,at.yawk.lz4,lz4-java,1.11.0,false,
Maven,org.exist-db,exist-exquery-request-module,7.0.0-SNAPSHOT,com.evolvedbinary.j8fu,j8fu,1.24.0,false,
Maven,org.exist-db,exist-exquery-request-module,7.0.0-SNAPSHOT,com.fasterxml.uuid,java-uuid-generator,5.2.0,false,
Maven,org.exist-db,exist-exquery-request-module,7.0.0-SNAPSHOT,jakarta.servlet,jakarta.servlet-api,6.0.0,false,
Maven,org.exist-db,exist-exquery-request-module,7.0.0-SNAPSHOT,jakarta.xml.bind,jakarta.xml.bind-api,4.0.5,false,
Maven,org.exist-db,exist-exquery-request-module,7.0.0-SNAPSHOT,jakarta.activation,jakarta.activation-api,2.1.4,false,
Maven,org.exist-db,exist-exquery-request-module,7.0.0-SNAPSHOT,org.eclipse.angus,angus-activation,2.0.3,false,
Maven,org.exist-db,exist-exquery-request-module,7.0.0-SNAPSHOT,org.glassfish.jaxb,jaxb-runtime,4.0.2,false,
Maven,org.exist-db,exist-exquery-request-module,7.0.0-SNAPSHOT,org.glassfish.jaxb,jaxb-core,4.0.2,false,
Maven,org.exist-db,exist-exquery-request-module,7.0.0-SNAPSHOT,org.glassfish.jaxb,txw2,4.0.2,false,
Maven,org.exist-db,exist-exquery-request-module,7.0.0-SNAPSHOT,com.sun.istack,istack-commons-runtime,4.1.1,false,
Maven,org.exist-db,exist-exquery-request-module,7.0.0-SNAPSHOT,org.exist-db.thirdparty.javax.xml.xquery,xqjri,20080114-133351,false,
Maven,org.exist-db,exist-exquery-request-module,7.0.0-SNAPSHOT,org.jline,jline,4.1.0,false,
Maven,org.exist-db,exist-exquery-request-module,7.0.0-SNAPSHOT,org.jline,jansi,4.1.0,false,
Maven,org.exist-db,exist-exquery-request-module,7.0.0-SNAPSHOT,net.bytebuddy,byte-buddy,1.18.8,false,
Maven,org.exist-db,exist-exquery-request-module,7.0.0-SNAPSHOT,se.softhouse,jargo,0.4.14,false,
Maven,org.exist-db,exist-exquery-request-module,7.0.0-SNAPSHOT,commons-codec,commons-codec,1.22.0,false,
Maven,org.exist-db,exist-exquery-request-module,7.0.0-SNAPSHOT,commons-io,commons-io,2.22.0,false,
Maven,org.exist-db,exist-exquery-request-module,7.0.0-SNAPSHOT,org.apache.commons,commons-lang3,3.20.0,false,
Maven,org.exist-db,exist-exquery-request-module,7.0.0-SNAPSHOT,commons-logging,commons-logging,1.3.6,false,
Maven,org.exist-db,exist-exquery-request-module,7.0.0-SNAPSHOT,org.apache.commons,commons-pool2,2.13.1,false,
Maven,org.exist-db,exist-exquery-request-module,7.0.0-SNAPSHOT,org.apache.logging.log4j,log4j-api,2.26.0,false,
Maven,org.exist-db,exist-exquery-request-module,7.0.0-SNAPSHOT,org.apache.logging.log4j,log4j-core,2.26.0,false,
Maven,org.exist-db,exist-exquery-request-module,7.0.0-SNAPSHOT,org.apache.logging.log4j,log4j-jcl,2.26.0,false,
Maven,org.exist-db,exist-exquery-request-module,7.0.0-SNAPSHOT,org.apache.logging.log4j,log4j-jul,2.26.0,false,
Maven,org.exist-db,exist-exquery-request-module,7.0.0-SNAPSHOT,org.apache.logging.log4j,log4j-slf4j2-impl,2.26.0,false,
Maven,org.exist-db,exist-exquery-request-module,7.0.0-SNAPSHOT,org.exist-db.thirdparty.xerces,xercesImpl,2.12.2,false,
Maven,org.exist-db,exist-exquery-request-module,7.0.0-SNAPSHOT,org.codelibs,nekohtml,2.1.3,false,
Maven,org.exist-db,exist-exquery-request-module,7.0.0-SNAPSHOT,org.apache.ws.commons.util,ws-commons-util,1.0.2,false,
Maven,org.exist-db,exist-exquery-request-module,7.0.0-SNAPSHOT,xml-resolver,xml-resolver,1.2,false,
Maven,org.exist-db,exist-exquery-request-module,7.0.0-SNAPSHOT,org.xmlresolver,xmlresolver,6.0.23,false,
Maven,org.exist-db,exist-exquery-request-module,7.0.0-SNAPSHOT,org.exist-db.thirdparty.org.eclipse.wst.xml,xpath2,1.2.0,false,
Maven,org.exist-db,exist-exquery-request-module,7.0.0-SNAPSHOT,edu.princeton.cup,java-cup,10k,false,
Maven,org.exist-db,exist-exquery-request-module,7.0.0-SNAPSHOT,net.sf.saxon,Saxon-HE,9.9.1-8,false,
Maven,org.exist-db,exist-exquery-request-module,7.0.0-SNAPSHOT,org.exist-db,exist-saxon-regex,9.4.0-9.e1,false,
Maven,org.exist-db,exist-exquery-request-module,7.0.0-SNAPSHOT,com.evolvedbinary.thirdparty.org.apache.xmlrpc,xmlrpc-common,5.0.0,false,
Maven,org.exist-db,exist-exquery-request-module,7.0.0-SNAPSHOT,com.evolvedbinary.thirdparty.org.apache.xmlrpc,xmlrpc-client,5.0.0,false,
Maven,org.exist-db,exist-exquery-request-module,7.0.0-SNAPSHOT,com.evolvedbinary.thirdparty.org.apache.xmlrpc,xmlrpc-server,5.0.0,false,
Maven,org.exist-db,exist-exquery-request-module,7.0.0-SNAPSHOT,org.aspectj,aspectjrt,1.9.25.1,false,
Maven,org.exist-db,exist-exquery-request-module,7.0.0-SNAPSHOT,org.eclipse.jetty,jetty-http,12.0.35,false,
Maven,org.exist-db,exist-exquery-request-module,7.0.0-SNAPSHOT,org.eclipse.jetty,jetty-io,12.0.35,false,
Maven,org.exist-db,exist-exquery-request-module,7.0.0-SNAPSHOT,org.eclipse.jetty,jetty-security,12.0.35,false,
Maven,org.exist-db,exist-exquery-request-module,7.0.0-SNAPSHOT,org.eclipse.jetty,jetty-server,12.0.35,false,
Maven,org.exist-db,exist-exquery-request-module,7.0.0-SNAPSHOT,org.eclipse.jetty,jetty-util,12.0.35,false,
Maven,org.exist-db,exist-exquery-request-module,7.0.0-SNAPSHOT,org.expath.packaging,pkg-java,2.0.1,false,
Maven,org.exist-db,exist-exquery-request-module,7.0.0-SNAPSHOT,com.fifesoft,rsyntaxtextarea,3.6.2,false,
Maven,org.exist-db,exist-exquery-request-module,7.0.0-SNAPSHOT,org.quartz-scheduler,quartz,2.5.2,false,
Maven,org.exist-db,exist-exquery-request-module,7.0.0-SNAPSHOT,net.sf.xmldb-org,xmldb-api,2.0.0,false,
Maven,org.exist-db,exist-exquery-request-module,7.0.0-SNAPSHOT,it.unimi.dsi,fastutil,8.5.18,false,
Maven,org.exist-db,exist-exquery-request-module,7.0.0-SNAPSHOT,io.lacuna,bifurcan,0.2.0-rc1,false,
Maven,org.exist-db,exist-exquery-request-module,7.0.0-SNAPSHOT,org.apache.ant,ant,1.10.17,false,
Maven,org.exist-db,exist-exquery-request-module,7.0.0-SNAPSHOT,org.apache.ant,ant-launcher,1.10.17,false,
Maven,org.exist-db,exist-exquery-request-module,7.0.0-SNAPSHOT,org.jgrapht,jgrapht-core,1.5.3,false,
Maven,org.exist-db,exist-exquery-request-module,7.0.0-SNAPSHOT,org.jheaps,jheaps,0.14,false,
Maven,org.exist-db,exist-exquery-request-module,7.0.0-SNAPSHOT,org.apfloat,apfloat,1.14.0,false,
Maven,org.exist-db,exist-exquery-request-module,7.0.0-SNAPSHOT,org.jgrapht,jgrapht-opt,1.5.3,false,
Maven,org.exist-db,exist-exquery-request-module,7.0.0-SNAPSHOT,junit,junit,4.13.2,false,
Maven,org.exist-db,exist-exquery-request-module,7.0.0-SNAPSHOT,org.hamcrest,hamcrest,3.0,false,
Maven,org.exist-db,exist-exquery-request-module,7.0.0-SNAPSHOT,org.xmlunit,xmlunit-core,2.11.0,false,
Maven,org.exist-db,exist-exquery-request-module,7.0.0-SNAPSHOT,org.eclipse.jetty.ee10,jetty-ee10-annotations,12.0.35,false,
Maven,org.exist-db,exist-exquery-request-module,7.0.0-SNAPSHOT,jakarta.annotation,jakarta.annotation-api,2.1.1,false,
Maven,org.exist-db,exist-exquery-request-module,7.0.0-SNAPSHOT,org.eclipse.jetty.ee10,jetty-ee10-plus,12.0.35,false,
Maven,org.exist-db,exist-exquery-request-module,7.0.0-SNAPSHOT,jakarta.enterprise,jakarta.enterprise.cdi-api,4.0.1,false,
Maven,org.exist-db,exist-exquery-request-module,7.0.0-SNAPSHOT,jakarta.el,jakarta.el-api,5.0.0,false,
Maven,org.exist-db,exist-exquery-request-module,7.0.0-SNAPSHOT,jakarta.inject,jakarta.inject-api,2.0.1,false,
Maven,org.exist-db,exist-exquery-request-module,7.0.0-SNAPSHOT,jakarta.enterprise,jakarta.enterprise.lang-model,4.0.1,false,
Maven,org.exist-db,exist-exquery-request-module,7.0.0-SNAPSHOT,jakarta.interceptor,jakarta.interceptor-api,2.1.0,false,
Maven,org.exist-db,exist-exquery-request-module,7.0.0-SNAPSHOT,jakarta.transaction,jakarta.transaction-api,2.0.1,false,
Maven,org.exist-db,exist-exquery-request-module,7.0.0-SNAPSHOT,org.eclipse.jetty,jetty-jndi,12.0.35,false,
Maven,org.exist-db,exist-exquery-request-module,7.0.0-SNAPSHOT,org.eclipse.jetty,jetty-plus,12.0.35,false,
Maven,org.exist-db,exist-exquery-request-module,7.0.0-SNAPSHOT,org.ow2.asm,asm,9.9.1,false,
Maven,org.exist-db,exist-exquery-request-module,7.0.0-SNAPSHOT,org.ow2.asm,asm-commons,9.9.1,false,
Maven,org.exist-db,exist-exquery-request-module,7.0.0-SNAPSHOT,org.ow2.asm,asm-tree,9.9.1,false,
Maven,org.exist-db,exist-exquery-request-module,7.0.0-SNAPSHOT,org.eclipse.jetty.ee10,jetty-ee10-servlet,12.0.35,false,
Maven,org.exist-db,exist-exquery-request-module,7.0.0-SNAPSHOT,org.eclipse.jetty,jetty-session,12.0.35,false,
Maven,org.exist-db,exist-exquery-request-module,7.0.0-SNAPSHOT,org.eclipse.jetty.ee10,jetty-ee10-webapp,12.0.35,false,
Maven,org.exist-db,exist-exquery-request-module,7.0.0-SNAPSHOT,org.eclipse.jetty,jetty-ee,12.0.35,false,
Maven,org.exist-db,exist-exquery-request-module,7.0.0-SNAPSHOT,org.eclipse.jetty,jetty-xml,12.0.35,false,
Maven,org.exist-db,exist-exquery-request-module,7.0.0-SNAPSHOT,org.eclipse.jetty.ee10.websocket,jetty-ee10-websocket-jakarta-server,12.0.35,false,
Maven,org.exist-db,exist-exquery-request-module,7.0.0-SNAPSHOT,jakarta.websocket,jakarta.websocket-api,2.2.0,false,
Maven,org.exist-db,exist-exquery-request-module,7.0.0-SNAPSHOT,org.eclipse.jetty.ee10.websocket,jetty-ee10-websocket-jakarta-client,12.0.35,false,
Maven,org.exist-db,exist-exquery-request-module,7.0.0-SNAPSHOT,jakarta.websocket,jakarta.websocket-client-api,2.2.0,false,
Maven,org.exist-db,exist-exquery-request-module,7.0.0-SNAPSHOT,org.eclipse.jetty,jetty-client,12.0.35,false,
Maven,org.exist-db,exist-exquery-request-module,7.0.0-SNAPSHOT,org.eclipse.jetty,jetty-alpn-client,12.0.35,false,
Maven,org.exist-db,exist-exquery-request-module,7.0.0-SNAPSHOT,org.eclipse.jetty.ee10.websocket,jetty-ee10-websocket-jakarta-common,12.0.35,false,
Maven,org.exist-db,exist-exquery-request-module,7.0.0-SNAPSHOT,org.eclipse.jetty.websocket,jetty-websocket-core-client,12.0.35,false,
Maven,org.exist-db,exist-exquery-request-module,7.0.0-SNAPSHOT,org.eclipse.jetty.websocket,jetty-websocket-core-common,12.0.35,false,
Maven,org.exist-db,exist-exquery-request-module,7.0.0-SNAPSHOT,org.eclipse.jetty.ee10.websocket,jetty-ee10-websocket-servlet,12.0.35,false,
Maven,org.exist-db,exist-exquery-request-module,7.0.0-SNAPSHOT,org.eclipse.jetty.websocket,jetty-websocket-core-server,12.0.35,false,
Maven,org.exist-db,exist-exquery-request-module,7.0.0-SNAPSHOT,org.exquery,exquery-common,0.2.1,true,
Maven,org.exist-db,exist-restxq,7.0.0-SNAPSHOT,org.exist-db,exist-core,7.0.0-SNAPSHOT,true,
Maven,org.exist-db,exist-restxq,7.0.0-SNAPSHOT,net.jcip,jcip-annotations,1.0,false,
Maven,org.exist-db,exist-restxq,7.0.0-SNAPSHOT,antlr,antlr,2.7.7,false,
Maven,org.exist-db,exist-restxq,7.0.0-SNAPSHOT,com.fasterxml.jackson.core,jackson-core,2.21.3,false,
Maven,org.exist-db,exist-restxq,7.0.0-SNAPSHOT,com.evolvedbinary.multilock,multilock,1.0.1,false,
Maven,org.exist-db,exist-restxq,7.0.0-SNAPSHOT,com.github.krukow,clj-ds,0.0.4,false,
Maven,org.exist-db,exist-restxq,7.0.0-SNAPSHOT,com.siemens.ct.exi,exificient,1.0.7,false,
Maven,org.exist-db,exist-restxq,7.0.0-SNAPSHOT,xmlpull,xmlpull,1.1.3.1,false,
Maven,org.exist-db,exist-restxq,7.0.0-SNAPSHOT,javax.activation,activation,1.1.1,false,
Maven,org.exist-db,exist-restxq,7.0.0-SNAPSHOT,com.siemens.ct.exi,exificient-grammars,1.0.7,false,
Maven,org.exist-db,exist-restxq,7.0.0-SNAPSHOT,com.siemens.ct.exi,exificient-core,1.0.7,false,
Maven,org.exist-db,exist-restxq,7.0.0-SNAPSHOT,com.ibm.icu,icu4j,76.1,false,
Maven,org.exist-db,exist-restxq,7.0.0-SNAPSHOT,org.relaxng,jing,20241231,false,
Maven,org.exist-db,exist-restxq,7.0.0-SNAPSHOT,isorelax,isorelax,20030108,false,
Maven,org.exist-db,exist-restxq,7.0.0-SNAPSHOT,org.exist-db,exist-start,7.0.0-SNAPSHOT,false,
Maven,org.exist-db,exist-restxq,7.0.0-SNAPSHOT,org.bouncycastle,bcprov-jdk18on,1.84,false,
Maven,org.exist-db,exist-restxq,7.0.0-SNAPSHOT,at.yawk.lz4,lz4-java,1.11.0,false,
Maven,org.exist-db,exist-restxq,7.0.0-SNAPSHOT,com.fasterxml.uuid,java-uuid-generator,5.2.0,false,
Maven,org.exist-db,exist-restxq,7.0.0-SNAPSHOT,jakarta.servlet,jakarta.servlet-api,6.0.0,false,
Maven,org.exist-db,exist-restxq,7.0.0-SNAPSHOT,jakarta.xml.bind,jakarta.xml.bind-api,4.0.5,false,
Maven,org.exist-db,exist-restxq,7.0.0-SNAPSHOT,jakarta.activation,jakarta.activation-api,2.1.4,false,
Maven,org.exist-db,exist-restxq,7.0.0-SNAPSHOT,org.eclipse.angus,angus-activation,2.0.3,false,
Maven,org.exist-db,exist-restxq,7.0.0-SNAPSHOT,org.glassfish.jaxb,jaxb-runtime,4.0.2,false,
Maven,org.exist-db,exist-restxq,7.0.0-SNAPSHOT,org.glassfish.jaxb,jaxb-core,4.0.2,false,
Maven,org.exist-db,exist-restxq,7.0.0-SNAPSHOT,org.glassfish.jaxb,txw2,4.0.2,false,
Maven,org.exist-db,exist-restxq,7.0.0-SNAPSHOT,com.sun.istack,istack-commons-runtime,4.1.1,false,
Maven,org.exist-db,exist-restxq,7.0.0-SNAPSHOT,org.exist-db.thirdparty.javax.xml.xquery,xqjri,20080114-133351,false,
Maven,org.exist-db,exist-restxq,7.0.0-SNAPSHOT,org.jline,jline,4.1.0,false,
Maven,org.exist-db,exist-restxq,7.0.0-SNAPSHOT,org.jline,jansi,4.1.0,false,
Maven,org.exist-db,exist-restxq,7.0.0-SNAPSHOT,se.softhouse,jargo,0.4.14,false,
Maven,org.exist-db,exist-restxq,7.0.0-SNAPSHOT,commons-codec,commons-codec,1.22.0,false,
Maven,org.exist-db,exist-restxq,7.0.0-SNAPSHOT,org.apache.commons,commons-lang3,3.20.0,false,
Maven,org.exist-db,exist-restxq,7.0.0-SNAPSHOT,commons-logging,commons-logging,1.3.6,false,
Maven,org.exist-db,exist-restxq,7.0.0-SNAPSHOT,org.apache.commons,commons-pool2,2.13.1,false,
Maven,org.exist-db,exist-restxq,7.0.0-SNAPSHOT,org.apache.logging.log4j,log4j-core,2.26.0,false,
Maven,org.exist-db,exist-restxq,7.0.0-SNAPSHOT,org.apache.logging.log4j,log4j-jcl,2.26.0,false,
Maven,org.exist-db,exist-restxq,7.0.0-SNAPSHOT,org.apache.logging.log4j,log4j-jul,2.26.0,false,
Maven,org.exist-db,exist-restxq,7.0.0-SNAPSHOT,org.apache.logging.log4j,log4j-slf4j2-impl,2.26.0,false,
Maven,org.exist-db,exist-restxq,7.0.0-SNAPSHOT,org.exist-db.thirdparty.xerces,xercesImpl,2.12.2,false,
Maven,org.exist-db,exist-restxq,7.0.0-SNAPSHOT,org.codelibs,nekohtml,2.1.3,false,
Maven,org.exist-db,exist-restxq,7.0.0-SNAPSHOT,org.apache.ws.commons.util,ws-commons-util,1.0.2,false,
Maven,org.exist-db,exist-restxq,7.0.0-SNAPSHOT,xml-resolver,xml-resolver,1.2,false,
Maven,org.exist-db,exist-restxq,7.0.0-SNAPSHOT,org.xmlresolver,xmlresolver,6.0.23,false,
Maven,org.exist-db,exist-restxq,7.0.0-SNAPSHOT,org.exist-db.thirdparty.org.eclipse.wst.xml,xpath2,1.2.0,false,
Maven,org.exist-db,exist-restxq,7.0.0-SNAPSHOT,edu.princeton.cup,java-cup,10k,false,
Maven,org.exist-db,exist-restxq,7.0.0-SNAPSHOT,net.sf.saxon,Saxon-HE,9.9.1-8,false,
Maven,org.exist-db,exist-restxq,7.0.0-SNAPSHOT,org.exist-db,exist-saxon-regex,9.4.0-9.e1,false,
Maven,org.exist-db,exist-restxq,7.0.0-SNAPSHOT,com.evolvedbinary.thirdparty.org.apache.xmlrpc,xmlrpc-common,5.0.0,false,
Maven,org.exist-db,exist-restxq,7.0.0-SNAPSHOT,com.evolvedbinary.thirdparty.org.apache.xmlrpc,xmlrpc-client,5.0.0,false,
Maven,org.exist-db,exist-restxq,7.0.0-SNAPSHOT,com.evolvedbinary.thirdparty.org.apache.xmlrpc,xmlrpc-server,5.0.0,false,
Maven,org.exist-db,exist-restxq,7.0.0-SNAPSHOT,org.aspectj,aspectjrt,1.9.25.1,false,
Maven,org.exist-db,exist-restxq,7.0.0-SNAPSHOT,org.eclipse.jetty,jetty-http,12.0.35,false,
Maven,org.exist-db,exist-restxq,7.0.0-SNAPSHOT,org.eclipse.jetty,jetty-io,12.0.35,false,
Maven,org.exist-db,exist-restxq,7.0.0-SNAPSHOT,org.eclipse.jetty,jetty-security,12.0.35,false,
Maven,org.exist-db,exist-restxq,7.0.0-SNAPSHOT,org.eclipse.jetty,jetty-server,12.0.35,false,
Maven,org.exist-db,exist-restxq,7.0.0-SNAPSHOT,org.eclipse.jetty,jetty-util,12.0.35,false,
Maven,org.exist-db,exist-restxq,7.0.0-SNAPSHOT,org.expath.packaging,pkg-java,2.0.1,false,
Maven,org.exist-db,exist-restxq,7.0.0-SNAPSHOT,com.fifesoft,rsyntaxtextarea,3.6.2,false,
Maven,org.exist-db,exist-restxq,7.0.0-SNAPSHOT,org.quartz-scheduler,quartz,2.5.2,false,
Maven,org.exist-db,exist-restxq,7.0.0-SNAPSHOT,net.sf.xmldb-org,xmldb-api,2.0.0,false,
Maven,org.exist-db,exist-restxq,7.0.0-SNAPSHOT,it.unimi.dsi,fastutil,8.5.18,false,
Maven,org.exist-db,exist-restxq,7.0.0-SNAPSHOT,io.lacuna,bifurcan,0.2.0-rc1,false,
Maven,org.exist-db,exist-restxq,7.0.0-SNAPSHOT,org.apache.ant,ant,1.10.17,false,
Maven,org.exist-db,exist-restxq,7.0.0-SNAPSHOT,org.apache.ant,ant-launcher,1.10.17,false,
Maven,org.exist-db,exist-restxq,7.0.0-SNAPSHOT,org.jgrapht,jgrapht-core,1.5.3,false,
Maven,org.exist-db,exist-restxq,7.0.0-SNAPSHOT,org.jheaps,jheaps,0.14,false,
Maven,org.exist-db,exist-restxq,7.0.0-SNAPSHOT,org.apfloat,apfloat,1.14.0,false,
Maven,org.exist-db,exist-restxq,7.0.0-SNAPSHOT,org.jgrapht,jgrapht-opt,1.5.3,false,
Maven,org.exist-db,exist-restxq,7.0.0-SNAPSHOT,org.hamcrest,hamcrest,3.0,false,
Maven,org.exist-db,exist-restxq,7.0.0-SNAPSHOT,org.eclipse.jetty.ee10,jetty-ee10-annotations,12.0.35,false,
Maven,org.exist-db,exist-restxq,7.0.0-SNAPSHOT,jakarta.annotation,jakarta.annotation-api,2.1.1,false,
Maven,org.exist-db,exist-restxq,7.0.0-SNAPSHOT,org.eclipse.jetty.ee10,jetty-ee10-plus,12.0.35,false,
Maven,org.exist-db,exist-restxq,7.0.0-SNAPSHOT,jakarta.enterprise,jakarta.enterprise.cdi-api,4.0.1,false,
Maven,org.exist-db,exist-restxq,7.0.0-SNAPSHOT,jakarta.el,jakarta.el-api,5.0.0,false,
Maven,org.exist-db,exist-restxq,7.0.0-SNAPSHOT,jakarta.inject,jakarta.inject-api,2.0.1,false,
Maven,org.exist-db,exist-restxq,7.0.0-SNAPSHOT,jakarta.enterprise,jakarta.enterprise.lang-model,4.0.1,false,
Maven,org.exist-db,exist-restxq,7.0.0-SNAPSHOT,jakarta.interceptor,jakarta.interceptor-api,2.1.0,false,
Maven,org.exist-db,exist-restxq,7.0.0-SNAPSHOT,jakarta.transaction,jakarta.transaction-api,2.0.1,false,
Maven,org.exist-db,exist-restxq,7.0.0-SNAPSHOT,org.eclipse.jetty,jetty-jndi,12.0.35,false,
Maven,org.exist-db,exist-restxq,7.0.0-SNAPSHOT,org.eclipse.jetty,jetty-plus,12.0.35,false,
Maven,org.exist-db,exist-restxq,7.0.0-SNAPSHOT,org.ow2.asm,asm,9.9.1,false,
Maven,org.exist-db,exist-restxq,7.0.0-SNAPSHOT,org.ow2.asm,asm-commons,9.9.1,false,
Maven,org.exist-db,exist-restxq,7.0.0-SNAPSHOT,org.ow2.asm,asm-tree,9.9.1,false,
Maven,org.exist-db,exist-restxq,7.0.0-SNAPSHOT,org.eclipse.jetty.ee10,jetty-ee10-servlet,12.0.35,false,
Maven,org.exist-db,exist-restxq,7.0.0-SNAPSHOT,org.eclipse.jetty,jetty-session,12.0.35,false,
Maven,org.exist-db,exist-restxq,7.0.0-SNAPSHOT,org.eclipse.jetty.ee10,jetty-ee10-webapp,12.0.35,false,
Maven,org.exist-db,exist-restxq,7.0.0-SNAPSHOT,org.eclipse.jetty,jetty-ee,12.0.35,false,
Maven,org.exist-db,exist-restxq,7.0.0-SNAPSHOT,org.eclipse.jetty,jetty-xml,12.0.35,false,
Maven,org.exist-db,exist-restxq,7.0.0-SNAPSHOT,org.eclipse.jetty.ee10.websocket,jetty-ee10-websocket-jakarta-server,12.0.35,false,
Maven,org.exist-db,exist-restxq,7.0.0-SNAPSHOT,jakarta.websocket,jakarta.websocket-api,2.2.0,false,
Maven,org.exist-db,exist-restxq,7.0.0-SNAPSHOT,org.eclipse.jetty.ee10.websocket,jetty-ee10-websocket-jakarta-client,12.0.35,false,
Maven,org.exist-db,exist-restxq,7.0.0-SNAPSHOT,jakarta.websocket,jakarta.websocket-client-api,2.2.0,false,
Maven,org.exist-db,exist-restxq,7.0.0-SNAPSHOT,org.eclipse.jetty,jetty-client,12.0.35,false,
Maven,org.exist-db,exist-restxq,7.0.0-SNAPSHOT,org.eclipse.jetty,jetty-alpn-client,12.0.35,false,
Maven,org.exist-db,exist-restxq,7.0.0-SNAPSHOT,org.eclipse.jetty.ee10.websocket,jetty-ee10-websocket-jakarta-common,12.0.35,false,
Maven,org.exist-db,exist-restxq,7.0.0-SNAPSHOT,org.eclipse.jetty.websocket,jetty-websocket-core-client,12.0.35,false,
Maven,org.exist-db,exist-restxq,7.0.0-SNAPSHOT,org.eclipse.jetty.websocket,jetty-websocket-core-common,12.0.35,false,
Maven,org.exist-db,exist-restxq,7.0.0-SNAPSHOT,org.eclipse.jetty.ee10.websocket,jetty-ee10-websocket-servlet,12.0.35,false,
Maven,org.exist-db,exist-restxq,7.0.0-SNAPSHOT,org.eclipse.jetty.websocket,jetty-websocket-core-server,12.0.35,false,
Maven,org.exist-db,exist-restxq,7.0.0-SNAPSHOT,net.bytebuddy,byte-buddy,1.18.8,true,
Maven,org.exist-db,exist-restxq,7.0.0-SNAPSHOT,org.apache.commons,commons-collections4,4.5.0,true,
Maven,org.exist-db,exist-restxq,7.0.0-SNAPSHOT,commons-io,commons-io,2.22.0,true,
Maven,org.exist-db,exist-restxq,7.0.0-SNAPSHOT,org.apache.logging.log4j,log4j-api,2.26.0,true,
Maven,org.exist-db,exist-restxq,7.0.0-SNAPSHOT,org.exquery,exquery-common,0.2.1,true,
Maven,org.exist-db,exist-restxq,7.0.0-SNAPSHOT,org.exquery,exquery-xquery,0.2.1,true,
Maven,org.exist-db,exist-restxq,7.0.0-SNAPSHOT,org.exquery,exquery-xquery3,0.2.1,true,
Maven,org.exist-db,exist-restxq,7.0.0-SNAPSHOT,org.exquery,exquery-annotations-common-api,0.2.1,true,
Maven,org.exist-db,exist-restxq,7.0.0-SNAPSHOT,org.exquery,exquery-restxq-api,0.2.1,true,
Maven,org.exist-db,exist-restxq,7.0.0-SNAPSHOT,org.exquery,exquery-restxq,0.2.1,true,
Maven,org.exist-db,exist-restxq,7.0.0-SNAPSHOT,org.exquery,exquery-annotations-common,0.2.1,false,
Maven,org.exist-db,exist-restxq,7.0.0-SNAPSHOT,org.exquery,exquery-serialization-annotations-api,0.2.1,true,
Maven,org.exist-db,exist-restxq,7.0.0-SNAPSHOT,org.exquery,exquery-serialization-annotations,0.2.1,true,
Maven,org.exist-db,exist-restxq,7.0.0-SNAPSHOT,com.evolvedbinary.j8fu,j8fu,1.24.0,true,
Maven,org.exist-db,exist-restxq,7.0.0-SNAPSHOT,com.github.ben-manes.caffeine,caffeine,3.2.4,true,
Maven,org.exist-db,exist-restxq,7.0.0-SNAPSHOT,org.jspecify,jspecify,1.0.0,false,
Maven,org.exist-db,exist-restxq,7.0.0-SNAPSHOT,com.google.errorprone,error_prone_annotations,2.49.0,false,
Maven,org.exist-db,exist-restxq,7.0.0-SNAPSHOT,com.google.code.findbugs,jsr305,3.0.2,true,
Maven,org.exist-db,exist-restxq,7.0.0-SNAPSHOT,org.jctools,jctools-core,4.0.6,true,
Maven,org.exist-db,exist-restxq,7.0.0-SNAPSHOT,junit,junit,4.13.2,true,
Maven,org.exist-db,exist-restxq,7.0.0-SNAPSHOT,com.googlecode.junit-toolbox,junit-toolbox,2.4,true,
Maven,org.exist-db,exist-restxq,7.0.0-SNAPSHOT,org.hamcrest,hamcrest-library,1.3,false,
Maven,org.exist-db,exist-restxq,7.0.0-SNAPSHOT,org.hamcrest,hamcrest-core,1.3,false,
Maven,org.exist-db,exist-restxq,7.0.0-SNAPSHOT,org.mockito,mockito-core,1.9.5,false,
Maven,org.exist-db,exist-restxq,7.0.0-SNAPSHOT,org.xmlunit,xmlunit-core,2.11.0,true,
Maven,org.exist-db,exist-restxq,7.0.0-SNAPSHOT,org.apache.httpcomponents,httpcore,4.4.16,true,
Maven,org.exist-db,exist-restxq,7.0.0-SNAPSHOT,org.apache.httpcomponents,fluent-hc,4.5.14,true,
Maven,org.exist-db,exist-restxq,7.0.0-SNAPSHOT,org.apache.httpcomponents,httpclient,4.5.14,false,
Maven,org.exist-db,exist-restxq,7.0.0-SNAPSHOT,org.exist-db,exist-expath,7.0.0-SNAPSHOT,true,
Maven,org.exist-db,exist-restxq,7.0.0-SNAPSHOT,org.apache.james,apache-mime4j-core,0.8.14,false,
Maven,org.exist-db,exist-restxq,7.0.0-SNAPSHOT,org.expath.http.client,http-client-java,1.4.2,false,
Maven,org.exist-db,exist-restxq,7.0.0-SNAPSHOT,org.ccil.cowan.tagsoup,tagsoup,1.2.1,false,
Maven,org.exist-db,exist-restxq,7.0.0-SNAPSHOT,org.expath.tools,tools-java,0.7.0,false,
Maven,org.exist-db,exist-restxq,7.0.0-SNAPSHOT,org.eclipse.jetty,jetty-deploy,12.0.35,true,
Maven,org.exist-db,exist-restxq,7.0.0-SNAPSHOT,org.slf4j,slf4j-api,2.0.18,false,
Maven,org.exist-db,exist-restxq,7.0.0-SNAPSHOT,org.eclipse.jetty,jetty-jmx,12.0.35,true,
Maven,org.exist-db,exist-webdav,7.0.0-SNAPSHOT,org.exist-db,exist-core,7.0.0-SNAPSHOT,true,
Maven,org.exist-db,exist-webdav,7.0.0-SNAPSHOT,net.jcip,jcip-annotations,1.0,false,
Maven,org.exist-db,exist-webdav,7.0.0-SNAPSHOT,antlr,antlr,2.7.7,false,
Maven,org.exist-db,exist-webdav,7.0.0-SNAPSHOT,com.fasterxml.jackson.core,jackson-core,2.21.3,false,
Maven,org.exist-db,exist-webdav,7.0.0-SNAPSHOT,com.evolvedbinary.multilock,multilock,1.0.1,false,
Maven,org.exist-db,exist-webdav,7.0.0-SNAPSHOT,com.github.ben-manes.caffeine,caffeine,3.2.4,false,
Maven,org.exist-db,exist-webdav,7.0.0-SNAPSHOT,org.jspecify,jspecify,1.0.0,false,
Maven,org.exist-db,exist-webdav,7.0.0-SNAPSHOT,com.google.errorprone,error_prone_annotations,2.49.0,false,
Maven,org.exist-db,exist-webdav,7.0.0-SNAPSHOT,com.github.krukow,clj-ds,0.0.4,false,
Maven,org.exist-db,exist-webdav,7.0.0-SNAPSHOT,com.siemens.ct.exi,exificient,1.0.7,false,
Maven,org.exist-db,exist-webdav,7.0.0-SNAPSHOT,xmlpull,xmlpull,1.1.3.1,false,
Maven,org.exist-db,exist-webdav,7.0.0-SNAPSHOT,javax.activation,activation,1.1.1,false,
Maven,org.exist-db,exist-webdav,7.0.0-SNAPSHOT,com.siemens.ct.exi,exificient-grammars,1.0.7,false,
Maven,org.exist-db,exist-webdav,7.0.0-SNAPSHOT,com.siemens.ct.exi,exificient-core,1.0.7,false,
Maven,org.exist-db,exist-webdav,7.0.0-SNAPSHOT,com.ibm.icu,icu4j,76.1,false,
Maven,org.exist-db,exist-webdav,7.0.0-SNAPSHOT,org.relaxng,jing,20241231,false,
Maven,org.exist-db,exist-webdav,7.0.0-SNAPSHOT,isorelax,isorelax,20030108,false,
Maven,org.exist-db,exist-webdav,7.0.0-SNAPSHOT,org.exist-db,exist-start,7.0.0-SNAPSHOT,false,
Maven,org.exist-db,exist-webdav,7.0.0-SNAPSHOT,org.exquery,exquery-common,0.2.1,false,
Maven,org.exist-db,exist-webdav,7.0.0-SNAPSHOT,org.bouncycastle,bcprov-jdk18on,1.84,false,
Maven,org.exist-db,exist-webdav,7.0.0-SNAPSHOT,at.yawk.lz4,lz4-java,1.11.0,false,
Maven,org.exist-db,exist-webdav,7.0.0-SNAPSHOT,com.evolvedbinary.j8fu,j8fu,1.24.0,false,
Maven,org.exist-db,exist-webdav,7.0.0-SNAPSHOT,com.fasterxml.uuid,java-uuid-generator,5.2.0,false,
Maven,org.exist-db,exist-webdav,7.0.0-SNAPSHOT,jakarta.servlet,jakarta.servlet-api,6.0.0,false,
Maven,org.exist-db,exist-webdav,7.0.0-SNAPSHOT,jakarta.xml.bind,jakarta.xml.bind-api,4.0.5,false,
Maven,org.exist-db,exist-webdav,7.0.0-SNAPSHOT,jakarta.activation,jakarta.activation-api,2.1.4,false,
Maven,org.exist-db,exist-webdav,7.0.0-SNAPSHOT,org.eclipse.angus,angus-activation,2.0.3,false,
Maven,org.exist-db,exist-webdav,7.0.0-SNAPSHOT,org.glassfish.jaxb,jaxb-runtime,4.0.2,false,
Maven,org.exist-db,exist-webdav,7.0.0-SNAPSHOT,org.glassfish.jaxb,jaxb-core,4.0.2,false,
Maven,org.exist-db,exist-webdav,7.0.0-SNAPSHOT,org.glassfish.jaxb,txw2,4.0.2,false,
Maven,org.exist-db,exist-webdav,7.0.0-SNAPSHOT,com.sun.istack,istack-commons-runtime,4.1.1,false,
Maven,org.exist-db,exist-webdav,7.0.0-SNAPSHOT,org.exist-db.thirdparty.javax.xml.xquery,xqjri,20080114-133351,false,
Maven,org.exist-db,exist-webdav,7.0.0-SNAPSHOT,org.jline,jline,4.1.0,false,
Maven,org.exist-db,exist-webdav,7.0.0-SNAPSHOT,org.jline,jansi,4.1.0,false,
Maven,org.exist-db,exist-webdav,7.0.0-SNAPSHOT,net.bytebuddy,byte-buddy,1.18.8,false,
Maven,org.exist-db,exist-webdav,7.0.0-SNAPSHOT,se.softhouse,jargo,0.4.14,false,
Maven,org.exist-db,exist-webdav,7.0.0-SNAPSHOT,commons-codec,commons-codec,1.22.0,false,
Maven,org.exist-db,exist-webdav,7.0.0-SNAPSHOT,org.apache.commons,commons-lang3,3.20.0,false,
Maven,org.exist-db,exist-webdav,7.0.0-SNAPSHOT,commons-logging,commons-logging,1.3.6,false,
Maven,org.exist-db,exist-webdav,7.0.0-SNAPSHOT,org.apache.commons,commons-pool2,2.13.1,false,
Maven,org.exist-db,exist-webdav,7.0.0-SNAPSHOT,org.apache.logging.log4j,log4j-core,2.26.0,false,
Maven,org.exist-db,exist-webdav,7.0.0-SNAPSHOT,org.apache.logging.log4j,log4j-jcl,2.26.0,false,
Maven,org.exist-db,exist-webdav,7.0.0-SNAPSHOT,org.apache.logging.log4j,log4j-jul,2.26.0,false,
Maven,org.exist-db,exist-webdav,7.0.0-SNAPSHOT,org.apache.logging.log4j,log4j-slf4j2-impl,2.26.0,false,
Maven,org.exist-db,exist-webdav,7.0.0-SNAPSHOT,org.exist-db.thirdparty.xerces,xercesImpl,2.12.2,false,
Maven,org.exist-db,exist-webdav,7.0.0-SNAPSHOT,org.codelibs,nekohtml,2.1.3,false,
Maven,org.exist-db,exist-webdav,7.0.0-SNAPSHOT,org.apache.ws.commons.util,ws-commons-util,1.0.2,false,
Maven,org.exist-db,exist-webdav,7.0.0-SNAPSHOT,xml-resolver,xml-resolver,1.2,false,
Maven,org.exist-db,exist-webdav,7.0.0-SNAPSHOT,org.xmlresolver,xmlresolver,6.0.23,false,
Maven,org.exist-db,exist-webdav,7.0.0-SNAPSHOT,org.exist-db.thirdparty.org.eclipse.wst.xml,xpath2,1.2.0,false,
Maven,org.exist-db,exist-webdav,7.0.0-SNAPSHOT,edu.princeton.cup,java-cup,10k,false,
Maven,org.exist-db,exist-webdav,7.0.0-SNAPSHOT,net.sf.saxon,Saxon-HE,9.9.1-8,false,
Maven,org.exist-db,exist-webdav,7.0.0-SNAPSHOT,org.exist-db,exist-saxon-regex,9.4.0-9.e1,false,
Maven,org.exist-db,exist-webdav,7.0.0-SNAPSHOT,com.evolvedbinary.thirdparty.org.apache.xmlrpc,xmlrpc-common,5.0.0,false,
Maven,org.exist-db,exist-webdav,7.0.0-SNAPSHOT,com.evolvedbinary.thirdparty.org.apache.xmlrpc,xmlrpc-client,5.0.0,false,
Maven,org.exist-db,exist-webdav,7.0.0-SNAPSHOT,com.evolvedbinary.thirdparty.org.apache.xmlrpc,xmlrpc-server,5.0.0,false,
Maven,org.exist-db,exist-webdav,7.0.0-SNAPSHOT,org.aspectj,aspectjrt,1.9.25.1,false,
Maven,org.exist-db,exist-webdav,7.0.0-SNAPSHOT,org.eclipse.jetty,jetty-http,12.0.35,false,
Maven,org.exist-db,exist-webdav,7.0.0-SNAPSHOT,org.eclipse.jetty,jetty-io,12.0.35,false,
Maven,org.exist-db,exist-webdav,7.0.0-SNAPSHOT,org.eclipse.jetty,jetty-security,12.0.35,false,
Maven,org.exist-db,exist-webdav,7.0.0-SNAPSHOT,org.eclipse.jetty,jetty-server,12.0.35,false,
Maven,org.exist-db,exist-webdav,7.0.0-SNAPSHOT,org.eclipse.jetty,jetty-util,12.0.35,false,
Maven,org.exist-db,exist-webdav,7.0.0-SNAPSHOT,org.expath.packaging,pkg-java,2.0.1,false,
Maven,org.exist-db,exist-webdav,7.0.0-SNAPSHOT,com.fifesoft,rsyntaxtextarea,3.6.2,false,
Maven,org.exist-db,exist-webdav,7.0.0-SNAPSHOT,org.quartz-scheduler,quartz,2.5.2,false,
Maven,org.exist-db,exist-webdav,7.0.0-SNAPSHOT,net.sf.xmldb-org,xmldb-api,2.0.0,false,
Maven,org.exist-db,exist-webdav,7.0.0-SNAPSHOT,it.unimi.dsi,fastutil,8.5.18,false,
Maven,org.exist-db,exist-webdav,7.0.0-SNAPSHOT,io.lacuna,bifurcan,0.2.0-rc1,false,
Maven,org.exist-db,exist-webdav,7.0.0-SNAPSHOT,org.apache.ant,ant,1.10.17,false,
Maven,org.exist-db,exist-webdav,7.0.0-SNAPSHOT,org.apache.ant,ant-launcher,1.10.17,false,
Maven,org.exist-db,exist-webdav,7.0.0-SNAPSHOT,org.jgrapht,jgrapht-core,1.5.3,false,
Maven,org.exist-db,exist-webdav,7.0.0-SNAPSHOT,org.jheaps,jheaps,0.14,false,
Maven,org.exist-db,exist-webdav,7.0.0-SNAPSHOT,org.apfloat,apfloat,1.14.0,false,
Maven,org.exist-db,exist-webdav,7.0.0-SNAPSHOT,org.jgrapht,jgrapht-opt,1.5.3,false,
Maven,org.exist-db,exist-webdav,7.0.0-SNAPSHOT,org.hamcrest,hamcrest,3.0,false,
Maven,org.exist-db,exist-webdav,7.0.0-SNAPSHOT,org.xmlunit,xmlunit-core,2.11.0,false,
Maven,org.exist-db,exist-webdav,7.0.0-SNAPSHOT,org.eclipse.jetty.ee10,jetty-ee10-annotations,12.0.35,false,
Maven,org.exist-db,exist-webdav,7.0.0-SNAPSHOT,jakarta.annotation,jakarta.annotation-api,2.1.1,false,
Maven,org.exist-db,exist-webdav,7.0.0-SNAPSHOT,org.eclipse.jetty.ee10,jetty-ee10-plus,12.0.35,false,
Maven,org.exist-db,exist-webdav,7.0.0-SNAPSHOT,jakarta.enterprise,jakarta.enterprise.cdi-api,4.0.1,false,
Maven,org.exist-db,exist-webdav,7.0.0-SNAPSHOT,jakarta.el,jakarta.el-api,5.0.0,false,
Maven,org.exist-db,exist-webdav,7.0.0-SNAPSHOT,jakarta.inject,jakarta.inject-api,2.0.1,false,
Maven,org.exist-db,exist-webdav,7.0.0-SNAPSHOT,jakarta.enterprise,jakarta.enterprise.lang-model,4.0.1,false,
Maven,org.exist-db,exist-webdav,7.0.0-SNAPSHOT,jakarta.interceptor,jakarta.interceptor-api,2.1.0,false,
Maven,org.exist-db,exist-webdav,7.0.0-SNAPSHOT,jakarta.transaction,jakarta.transaction-api,2.0.1,false,
Maven,org.exist-db,exist-webdav,7.0.0-SNAPSHOT,org.eclipse.jetty,jetty-jndi,12.0.35,false,
Maven,org.exist-db,exist-webdav,7.0.0-SNAPSHOT,org.eclipse.jetty,jetty-plus,12.0.35,false,
Maven,org.exist-db,exist-webdav,7.0.0-SNAPSHOT,org.ow2.asm,asm,9.9.1,false,
Maven,org.exist-db,exist-webdav,7.0.0-SNAPSHOT,org.ow2.asm,asm-commons,9.9.1,false,
Maven,org.exist-db,exist-webdav,7.0.0-SNAPSHOT,org.ow2.asm,asm-tree,9.9.1,false,
Maven,org.exist-db,exist-webdav,7.0.0-SNAPSHOT,org.eclipse.jetty.ee10,jetty-ee10-servlet,12.0.35,false,
Maven,org.exist-db,exist-webdav,7.0.0-SNAPSHOT,org.eclipse.jetty,jetty-session,12.0.35,false,
Maven,org.exist-db,exist-webdav,7.0.0-SNAPSHOT,org.eclipse.jetty.ee10,jetty-ee10-webapp,12.0.35,false,
Maven,org.exist-db,exist-webdav,7.0.0-SNAPSHOT,org.eclipse.jetty,jetty-ee,12.0.35,false,
Maven,org.exist-db,exist-webdav,7.0.0-SNAPSHOT,org.eclipse.jetty,jetty-xml,12.0.35,false,
Maven,org.exist-db,exist-webdav,7.0.0-SNAPSHOT,org.eclipse.jetty.ee10.websocket,jetty-ee10-websocket-jakarta-server,12.0.35,false,
Maven,org.exist-db,exist-webdav,7.0.0-SNAPSHOT,jakarta.websocket,jakarta.websocket-api,2.2.0,false,
Maven,org.exist-db,exist-webdav,7.0.0-SNAPSHOT,org.eclipse.jetty.ee10.websocket,jetty-ee10-websocket-jakarta-client,12.0.35,false,
Maven,org.exist-db,exist-webdav,7.0.0-SNAPSHOT,jakarta.websocket,jakarta.websocket-client-api,2.2.0,false,
Maven,org.exist-db,exist-webdav,7.0.0-SNAPSHOT,org.eclipse.jetty,jetty-client,12.0.35,false,
Maven,org.exist-db,exist-webdav,7.0.0-SNAPSHOT,org.eclipse.jetty,jetty-alpn-client,12.0.35,false,
Maven,org.exist-db,exist-webdav,7.0.0-SNAPSHOT,org.eclipse.jetty.ee10.websocket,jetty-ee10-websocket-jakarta-common,12.0.35,false,
Maven,org.exist-db,exist-webdav,7.0.0-SNAPSHOT,org.eclipse.jetty.websocket,jetty-websocket-core-client,12.0.35,false,
Maven,org.exist-db,exist-webdav,7.0.0-SNAPSHOT,org.eclipse.jetty.websocket,jetty-websocket-core-common,12.0.35,false,
Maven,org.exist-db,exist-webdav,7.0.0-SNAPSHOT,org.eclipse.jetty.ee10.websocket,jetty-ee10-websocket-servlet,12.0.35,false,
Maven,org.exist-db,exist-webdav,7.0.0-SNAPSHOT,org.eclipse.jetty.websocket,jetty-websocket-core-server,12.0.35,false,
Maven,org.exist-db,exist-webdav,7.0.0-SNAPSHOT,commons-beanutils,commons-beanutils,1.11.0,true,
Maven,org.exist-db,exist-webdav,7.0.0-SNAPSHOT,commons-collections,commons-collections,3.2.2,false,
Maven,org.exist-db,exist-webdav,7.0.0-SNAPSHOT,org.exist-db.thirdparty.com.ettrema,milton-api,1.8.1.3,true,
Maven,org.exist-db,exist-webdav,7.0.0-SNAPSHOT,org.slf4j,slf4j-api,2.0.18,false,
Maven,org.exist-db,exist-webdav,7.0.0-SNAPSHOT,org.jdom,jdom,1.1.3,true,
Maven,org.exist-db,exist-webdav,7.0.0-SNAPSHOT,com.evolvedbinary.thirdparty.com.ettrema,milton-servlet,1.8.1.3-jakarta-ee10,true,
Maven,org.exist-db,exist-webdav,7.0.0-SNAPSHOT,eu.medsea.mimeutil,mime-util,2.1.3,false,
Maven,org.exist-db,exist-webdav,7.0.0-SNAPSHOT,commons-io,commons-io,2.22.0,true,
Maven,org.exist-db,exist-webdav,7.0.0-SNAPSHOT,org.apache.logging.log4j,log4j-api,2.26.0,true,
Maven,org.exist-db,exist-webdav,7.0.0-SNAPSHOT,junit,junit,4.13.2,true,
Maven,org.exist-db,exist-webdav,7.0.0-SNAPSHOT,org.exist-db.thirdparty.com.ettrema,milton-client,1.8.1.3,true,
Maven,org.exist-db,exist-webdav,7.0.0-SNAPSHOT,org.mnode.ical4j,ical4j,1.0.2,false,
Maven,org.exist-db,exist-webdav,7.0.0-SNAPSHOT,commons-lang,commons-lang,2.6,false,
Maven,org.exist-db,exist-webdav,7.0.0-SNAPSHOT,backport-util-concurrent,backport-util-concurrent,3.1,false,
Maven,org.exist-db,exist-webdav,7.0.0-SNAPSHOT,jdom,jdom,1.1,false,
Maven,org.exist-db,exist-webdav,7.0.0-SNAPSHOT,net.sf.json-lib,json-lib,2.4,false,
Maven,org.exist-db,exist-webdav,7.0.0-SNAPSHOT,net.sf.ezmorph,ezmorph,1.0.6,false,
Maven,org.exist-db,exist-webdav,7.0.0-SNAPSHOT,xml-apis,xml-apis,1.4.01,false,
Maven,org.exist-db,exist-webdav,7.0.0-SNAPSHOT,com.google.code.findbugs,jsr305,3.0.2,true,
Maven,org.exist-db,exist-webdav,7.0.0-SNAPSHOT,org.apache.httpcomponents,httpclient,4.5.14,true,
Maven,org.exist-db,exist-webdav,7.0.0-SNAPSHOT,org.apache.httpcomponents,httpcore,4.4.16,true,
Maven,org.exist-db,exist-webdav,7.0.0-SNAPSHOT,org.eclipse.jetty,jetty-deploy,12.0.35,true,
Maven,org.exist-db,exist-webdav,7.0.0-SNAPSHOT,org.eclipse.jetty,jetty-jmx,12.0.35,true,
Maven,org.exist-db,exist-webdav,7.0.0-SNAPSHOT,org.exist-db,exist-jetty-config,7.0.0-SNAPSHOT,true,
Maven,org.exist-db,exist-xqdoc,7.0.0-SNAPSHOT,org.exist-db,exist-core,7.0.0-SNAPSHOT,true,
Maven,org.exist-db,exist-xqdoc,7.0.0-SNAPSHOT,net.jcip,jcip-annotations,1.0,false,
Maven,org.exist-db,exist-xqdoc,7.0.0-SNAPSHOT,antlr,antlr,2.7.7,false,
Maven,org.exist-db,exist-xqdoc,7.0.0-SNAPSHOT,com.fasterxml.jackson.core,jackson-core,2.21.3,false,
Maven,org.exist-db,exist-xqdoc,7.0.0-SNAPSHOT,com.evolvedbinary.multilock,multilock,1.0.1,false,
Maven,org.exist-db,exist-xqdoc,7.0.0-SNAPSHOT,com.github.ben-manes.caffeine,caffeine,3.2.4,false,
Maven,org.exist-db,exist-xqdoc,7.0.0-SNAPSHOT,org.jspecify,jspecify,1.0.0,false,
Maven,org.exist-db,exist-xqdoc,7.0.0-SNAPSHOT,com.google.errorprone,error_prone_annotations,2.49.0,false,
Maven,org.exist-db,exist-xqdoc,7.0.0-SNAPSHOT,com.github.krukow,clj-ds,0.0.4,false,
Maven,org.exist-db,exist-xqdoc,7.0.0-SNAPSHOT,com.siemens.ct.exi,exificient,1.0.7,false,
Maven,org.exist-db,exist-xqdoc,7.0.0-SNAPSHOT,org.slf4j,slf4j-api,2.0.18,false,
Maven,org.exist-db,exist-xqdoc,7.0.0-SNAPSHOT,xmlpull,xmlpull,1.1.3.1,false,
Maven,org.exist-db,exist-xqdoc,7.0.0-SNAPSHOT,javax.activation,activation,1.1.1,false,
Maven,org.exist-db,exist-xqdoc,7.0.0-SNAPSHOT,com.siemens.ct.exi,exificient-grammars,1.0.7,false,
Maven,org.exist-db,exist-xqdoc,7.0.0-SNAPSHOT,com.siemens.ct.exi,exificient-core,1.0.7,false,
Maven,org.exist-db,exist-xqdoc,7.0.0-SNAPSHOT,com.ibm.icu,icu4j,76.1,false,
Maven,org.exist-db,exist-xqdoc,7.0.0-SNAPSHOT,com.google.code.findbugs,jsr305,3.0.2,false,
Maven,org.exist-db,exist-xqdoc,7.0.0-SNAPSHOT,org.relaxng,jing,20241231,false,
Maven,org.exist-db,exist-xqdoc,7.0.0-SNAPSHOT,isorelax,isorelax,20030108,false,
Maven,org.exist-db,exist-xqdoc,7.0.0-SNAPSHOT,org.exist-db,exist-start,7.0.0-SNAPSHOT,false,
Maven,org.exist-db,exist-xqdoc,7.0.0-SNAPSHOT,org.exquery,exquery-common,0.2.1,false,
Maven,org.exist-db,exist-xqdoc,7.0.0-SNAPSHOT,org.bouncycastle,bcprov-jdk18on,1.84,false,
Maven,org.exist-db,exist-xqdoc,7.0.0-SNAPSHOT,at.yawk.lz4,lz4-java,1.11.0,false,
Maven,org.exist-db,exist-xqdoc,7.0.0-SNAPSHOT,com.evolvedbinary.j8fu,j8fu,1.24.0,false,
Maven,org.exist-db,exist-xqdoc,7.0.0-SNAPSHOT,com.fasterxml.uuid,java-uuid-generator,5.2.0,false,
Maven,org.exist-db,exist-xqdoc,7.0.0-SNAPSHOT,jakarta.servlet,jakarta.servlet-api,6.0.0,false,
Maven,org.exist-db,exist-xqdoc,7.0.0-SNAPSHOT,jakarta.xml.bind,jakarta.xml.bind-api,4.0.5,false,
Maven,org.exist-db,exist-xqdoc,7.0.0-SNAPSHOT,jakarta.activation,jakarta.activation-api,2.1.4,false,
Maven,org.exist-db,exist-xqdoc,7.0.0-SNAPSHOT,org.eclipse.angus,angus-activation,2.0.3,false,
Maven,org.exist-db,exist-xqdoc,7.0.0-SNAPSHOT,org.glassfish.jaxb,jaxb-runtime,4.0.2,false,
Maven,org.exist-db,exist-xqdoc,7.0.0-SNAPSHOT,org.glassfish.jaxb,jaxb-core,4.0.2,false,
Maven,org.exist-db,exist-xqdoc,7.0.0-SNAPSHOT,org.glassfish.jaxb,txw2,4.0.2,false,
Maven,org.exist-db,exist-xqdoc,7.0.0-SNAPSHOT,com.sun.istack,istack-commons-runtime,4.1.1,false,
Maven,org.exist-db,exist-xqdoc,7.0.0-SNAPSHOT,org.exist-db.thirdparty.javax.xml.xquery,xqjri,20080114-133351,false,
Maven,org.exist-db,exist-xqdoc,7.0.0-SNAPSHOT,org.jline,jline,4.1.0,false,
Maven,org.exist-db,exist-xqdoc,7.0.0-SNAPSHOT,org.jline,jansi,4.1.0,false,
Maven,org.exist-db,exist-xqdoc,7.0.0-SNAPSHOT,net.bytebuddy,byte-buddy,1.18.8,false,
Maven,org.exist-db,exist-xqdoc,7.0.0-SNAPSHOT,se.softhouse,jargo,0.4.14,false,
Maven,org.exist-db,exist-xqdoc,7.0.0-SNAPSHOT,commons-codec,commons-codec,1.22.0,false,
Maven,org.exist-db,exist-xqdoc,7.0.0-SNAPSHOT,org.apache.commons,commons-lang3,3.20.0,false,
Maven,org.exist-db,exist-xqdoc,7.0.0-SNAPSHOT,commons-logging,commons-logging,1.3.6,false,
Maven,org.exist-db,exist-xqdoc,7.0.0-SNAPSHOT,org.apache.commons,commons-pool2,2.13.1,false,
Maven,org.exist-db,exist-xqdoc,7.0.0-SNAPSHOT,org.apache.logging.log4j,log4j-core,2.26.0,false,
Maven,org.exist-db,exist-xqdoc,7.0.0-SNAPSHOT,org.apache.logging.log4j,log4j-jcl,2.26.0,false,
Maven,org.exist-db,exist-xqdoc,7.0.0-SNAPSHOT,org.apache.logging.log4j,log4j-jul,2.26.0,false,
Maven,org.exist-db,exist-xqdoc,7.0.0-SNAPSHOT,org.apache.logging.log4j,log4j-slf4j2-impl,2.26.0,false,
Maven,org.exist-db,exist-xqdoc,7.0.0-SNAPSHOT,org.exist-db.thirdparty.xerces,xercesImpl,2.12.2,false,
Maven,org.exist-db,exist-xqdoc,7.0.0-SNAPSHOT,org.codelibs,nekohtml,2.1.3,false,
Maven,org.exist-db,exist-xqdoc,7.0.0-SNAPSHOT,org.apache.ws.commons.util,ws-commons-util,1.0.2,false,
Maven,org.exist-db,exist-xqdoc,7.0.0-SNAPSHOT,xml-resolver,xml-resolver,1.2,false,
Maven,org.exist-db,exist-xqdoc,7.0.0-SNAPSHOT,org.xmlresolver,xmlresolver,6.0.23,false,
Maven,org.exist-db,exist-xqdoc,7.0.0-SNAPSHOT,org.exist-db.thirdparty.org.eclipse.wst.xml,xpath2,1.2.0,false,
Maven,org.exist-db,exist-xqdoc,7.0.0-SNAPSHOT,edu.princeton.cup,java-cup,10k,false,
Maven,org.exist-db,exist-xqdoc,7.0.0-SNAPSHOT,net.sf.saxon,Saxon-HE,9.9.1-8,false,
Maven,org.exist-db,exist-xqdoc,7.0.0-SNAPSHOT,org.exist-db,exist-saxon-regex,9.4.0-9.e1,false,
Maven,org.exist-db,exist-xqdoc,7.0.0-SNAPSHOT,com.evolvedbinary.thirdparty.org.apache.xmlrpc,xmlrpc-common,5.0.0,false,
Maven,org.exist-db,exist-xqdoc,7.0.0-SNAPSHOT,com.evolvedbinary.thirdparty.org.apache.xmlrpc,xmlrpc-client,5.0.0,false,
Maven,org.exist-db,exist-xqdoc,7.0.0-SNAPSHOT,com.evolvedbinary.thirdparty.org.apache.xmlrpc,xmlrpc-server,5.0.0,false,
Maven,org.exist-db,exist-xqdoc,7.0.0-SNAPSHOT,org.aspectj,aspectjrt,1.9.25.1,false,
Maven,org.exist-db,exist-xqdoc,7.0.0-SNAPSHOT,org.eclipse.jetty,jetty-http,12.0.35,false,
Maven,org.exist-db,exist-xqdoc,7.0.0-SNAPSHOT,org.eclipse.jetty,jetty-io,12.0.35,false,
Maven,org.exist-db,exist-xqdoc,7.0.0-SNAPSHOT,org.eclipse.jetty,jetty-security,12.0.35,false,
Maven,org.exist-db,exist-xqdoc,7.0.0-SNAPSHOT,org.eclipse.jetty,jetty-server,12.0.35,false,
Maven,org.exist-db,exist-xqdoc,7.0.0-SNAPSHOT,org.eclipse.jetty,jetty-util,12.0.35,false,
Maven,org.exist-db,exist-xqdoc,7.0.0-SNAPSHOT,org.expath.packaging,pkg-java,2.0.1,false,
Maven,org.exist-db,exist-xqdoc,7.0.0-SNAPSHOT,com.fifesoft,rsyntaxtextarea,3.6.2,false,
Maven,org.exist-db,exist-xqdoc,7.0.0-SNAPSHOT,org.quartz-scheduler,quartz,2.5.2,false,
Maven,org.exist-db,exist-xqdoc,7.0.0-SNAPSHOT,it.unimi.dsi,fastutil,8.5.18,false,
Maven,org.exist-db,exist-xqdoc,7.0.0-SNAPSHOT,io.lacuna,bifurcan,0.2.0-rc1,false,
Maven,org.exist-db,exist-xqdoc,7.0.0-SNAPSHOT,org.jgrapht,jgrapht-core,1.5.3,false,
Maven,org.exist-db,exist-xqdoc,7.0.0-SNAPSHOT,org.jheaps,jheaps,0.14,false,
Maven,org.exist-db,exist-xqdoc,7.0.0-SNAPSHOT,org.apfloat,apfloat,1.14.0,false,
Maven,org.exist-db,exist-xqdoc,7.0.0-SNAPSHOT,org.jgrapht,jgrapht-opt,1.5.3,false,
Maven,org.exist-db,exist-xqdoc,7.0.0-SNAPSHOT,org.hamcrest,hamcrest,3.0,false,
Maven,org.exist-db,exist-xqdoc,7.0.0-SNAPSHOT,org.xmlunit,xmlunit-core,2.11.0,false,
Maven,org.exist-db,exist-xqdoc,7.0.0-SNAPSHOT,org.eclipse.jetty.ee10,jetty-ee10-annotations,12.0.35,false,
Maven,org.exist-db,exist-xqdoc,7.0.0-SNAPSHOT,jakarta.annotation,jakarta.annotation-api,2.1.1,false,
Maven,org.exist-db,exist-xqdoc,7.0.0-SNAPSHOT,org.eclipse.jetty.ee10,jetty-ee10-plus,12.0.35,false,
Maven,org.exist-db,exist-xqdoc,7.0.0-SNAPSHOT,jakarta.enterprise,jakarta.enterprise.cdi-api,4.0.1,false,
Maven,org.exist-db,exist-xqdoc,7.0.0-SNAPSHOT,jakarta.el,jakarta.el-api,5.0.0,false,
Maven,org.exist-db,exist-xqdoc,7.0.0-SNAPSHOT,jakarta.inject,jakarta.inject-api,2.0.1,false,
Maven,org.exist-db,exist-xqdoc,7.0.0-SNAPSHOT,jakarta.enterprise,jakarta.enterprise.lang-model,4.0.1,false,
Maven,org.exist-db,exist-xqdoc,7.0.0-SNAPSHOT,jakarta.interceptor,jakarta.interceptor-api,2.1.0,false,
Maven,org.exist-db,exist-xqdoc,7.0.0-SNAPSHOT,jakarta.transaction,jakarta.transaction-api,2.0.1,false,
Maven,org.exist-db,exist-xqdoc,7.0.0-SNAPSHOT,org.eclipse.jetty,jetty-jndi,12.0.35,false,
Maven,org.exist-db,exist-xqdoc,7.0.0-SNAPSHOT,org.eclipse.jetty,jetty-plus,12.0.35,false,
Maven,org.exist-db,exist-xqdoc,7.0.0-SNAPSHOT,org.ow2.asm,asm,9.9.1,false,
Maven,org.exist-db,exist-xqdoc,7.0.0-SNAPSHOT,org.ow2.asm,asm-commons,9.9.1,false,
Maven,org.exist-db,exist-xqdoc,7.0.0-SNAPSHOT,org.ow2.asm,asm-tree,9.9.1,false,
Maven,org.exist-db,exist-xqdoc,7.0.0-SNAPSHOT,org.eclipse.jetty.ee10,jetty-ee10-servlet,12.0.35,false,
Maven,org.exist-db,exist-xqdoc,7.0.0-SNAPSHOT,org.eclipse.jetty,jetty-session,12.0.35,false,
Maven,org.exist-db,exist-xqdoc,7.0.0-SNAPSHOT,org.eclipse.jetty.ee10,jetty-ee10-webapp,12.0.35,false,
Maven,org.exist-db,exist-xqdoc,7.0.0-SNAPSHOT,org.eclipse.jetty,jetty-ee,12.0.35,false,
Maven,org.exist-db,exist-xqdoc,7.0.0-SNAPSHOT,org.eclipse.jetty,jetty-xml,12.0.35,false,
Maven,org.exist-db,exist-xqdoc,7.0.0-SNAPSHOT,org.eclipse.jetty.ee10.websocket,jetty-ee10-websocket-jakarta-server,12.0.35,false,
Maven,org.exist-db,exist-xqdoc,7.0.0-SNAPSHOT,jakarta.websocket,jakarta.websocket-api,2.2.0,false,
Maven,org.exist-db,exist-xqdoc,7.0.0-SNAPSHOT,org.eclipse.jetty.ee10.websocket,jetty-ee10-websocket-jakarta-client,12.0.35,false,
Maven,org.exist-db,exist-xqdoc,7.0.0-SNAPSHOT,jakarta.websocket,jakarta.websocket-client-api,2.2.0,false,
Maven,org.exist-db,exist-xqdoc,7.0.0-SNAPSHOT,org.eclipse.jetty,jetty-client,12.0.35,false,
Maven,org.exist-db,exist-xqdoc,7.0.0-SNAPSHOT,org.eclipse.jetty,jetty-alpn-client,12.0.35,false,
Maven,org.exist-db,exist-xqdoc,7.0.0-SNAPSHOT,org.eclipse.jetty.ee10.websocket,jetty-ee10-websocket-jakarta-common,12.0.35,false,
Maven,org.exist-db,exist-xqdoc,7.0.0-SNAPSHOT,org.eclipse.jetty.websocket,jetty-websocket-core-client,12.0.35,false,
Maven,org.exist-db,exist-xqdoc,7.0.0-SNAPSHOT,org.eclipse.jetty.websocket,jetty-websocket-core-common,12.0.35,false,
Maven,org.exist-db,exist-xqdoc,7.0.0-SNAPSHOT,org.eclipse.jetty.ee10.websocket,jetty-ee10-websocket-servlet,12.0.35,false,
Maven,org.exist-db,exist-xqdoc,7.0.0-SNAPSHOT,org.eclipse.jetty.websocket,jetty-websocket-core-server,12.0.35,false,
Maven,org.exist-db,exist-xqdoc,7.0.0-SNAPSHOT,org.exist-db,exist-ant,7.0.0-SNAPSHOT,true,
Maven,org.exist-db,exist-xqdoc,7.0.0-SNAPSHOT,org.apache.logging.log4j,log4j-api,2.26.0,true,
Maven,org.exist-db,exist-xqdoc,7.0.0-SNAPSHOT,org.xqdoc,xqdoc-conversion,1.6,true,
Maven,org.exist-db,exist-xqdoc,7.0.0-SNAPSHOT,org.antlr,antlr,3.0,false,
Maven,org.exist-db,exist-xqdoc,7.0.0-SNAPSHOT,org.antlr,stringtemplate,3.0,false,
Maven,org.exist-db,exist-xqdoc,7.0.0-SNAPSHOT,org.apache.ant,ant,1.10.17,true,
Maven,org.exist-db,exist-xqdoc,7.0.0-SNAPSHOT,org.apache.ant,ant-launcher,1.10.17,false,
Maven,org.exist-db,exist-xqdoc,7.0.0-SNAPSHOT,commons-io,commons-io,2.22.0,true,
Maven,org.exist-db,exist-xqdoc,7.0.0-SNAPSHOT,net.sf.xmldb-org,xmldb-api,2.0.0,true,
Maven,org.exist-db,exist-xqdoc,7.0.0-SNAPSHOT,junit,junit,4.13.2,true,
Maven,org.exist-db,exist-vector,7.0.0-SNAPSHOT,org.exist-db,exist-core,7.0.0-SNAPSHOT,true,
Maven,org.exist-db,exist-vector,7.0.0-SNAPSHOT,net.jcip,jcip-annotations,1.0,false,
Maven,org.exist-db,exist-vector,7.0.0-SNAPSHOT,antlr,antlr,2.7.7,false,
Maven,org.exist-db,exist-vector,7.0.0-SNAPSHOT,com.fasterxml.jackson.core,jackson-core,2.21.3,false,
Maven,org.exist-db,exist-vector,7.0.0-SNAPSHOT,com.evolvedbinary.multilock,multilock,1.0.1,false,
Maven,org.exist-db,exist-vector,7.0.0-SNAPSHOT,com.github.ben-manes.caffeine,caffeine,3.2.4,false,
Maven,org.exist-db,exist-vector,7.0.0-SNAPSHOT,org.jspecify,jspecify,1.0.0,false,
Maven,org.exist-db,exist-vector,7.0.0-SNAPSHOT,com.google.errorprone,error_prone_annotations,2.49.0,false,
Maven,org.exist-db,exist-vector,7.0.0-SNAPSHOT,com.github.krukow,clj-ds,0.0.4,false,
Maven,org.exist-db,exist-vector,7.0.0-SNAPSHOT,com.siemens.ct.exi,exificient,1.0.7,false,
Maven,org.exist-db,exist-vector,7.0.0-SNAPSHOT,org.slf4j,slf4j-api,2.0.18,false,
Maven,org.exist-db,exist-vector,7.0.0-SNAPSHOT,xmlpull,xmlpull,1.1.3.1,false,
Maven,org.exist-db,exist-vector,7.0.0-SNAPSHOT,javax.activation,activation,1.1.1,false,
Maven,org.exist-db,exist-vector,7.0.0-SNAPSHOT,com.siemens.ct.exi,exificient-grammars,1.0.7,false,
Maven,org.exist-db,exist-vector,7.0.0-SNAPSHOT,com.siemens.ct.exi,exificient-core,1.0.7,false,
Maven,org.exist-db,exist-vector,7.0.0-SNAPSHOT,com.ibm.icu,icu4j,76.1,false,
Maven,org.exist-db,exist-vector,7.0.0-SNAPSHOT,org.relaxng,jing,20241231,false,
Maven,org.exist-db,exist-vector,7.0.0-SNAPSHOT,isorelax,isorelax,20030108,false,
Maven,org.exist-db,exist-vector,7.0.0-SNAPSHOT,org.exist-db,exist-start,7.0.0-SNAPSHOT,false,
Maven,org.exist-db,exist-vector,7.0.0-SNAPSHOT,org.exquery,exquery-common,0.2.1,false,
Maven,org.exist-db,exist-vector,7.0.0-SNAPSHOT,org.bouncycastle,bcprov-jdk18on,1.84,false,
Maven,org.exist-db,exist-vector,7.0.0-SNAPSHOT,at.yawk.lz4,lz4-java,1.11.0,false,
Maven,org.exist-db,exist-vector,7.0.0-SNAPSHOT,com.evolvedbinary.j8fu,j8fu,1.24.0,false,
Maven,org.exist-db,exist-vector,7.0.0-SNAPSHOT,com.fasterxml.uuid,java-uuid-generator,5.2.0,false,
Maven,org.exist-db,exist-vector,7.0.0-SNAPSHOT,jakarta.servlet,jakarta.servlet-api,6.0.0,false,
Maven,org.exist-db,exist-vector,7.0.0-SNAPSHOT,jakarta.xml.bind,jakarta.xml.bind-api,4.0.5,false,
Maven,org.exist-db,exist-vector,7.0.0-SNAPSHOT,jakarta.activation,jakarta.activation-api,2.1.4,false,
Maven,org.exist-db,exist-vector,7.0.0-SNAPSHOT,org.eclipse.angus,angus-activation,2.0.3,false,
Maven,org.exist-db,exist-vector,7.0.0-SNAPSHOT,org.glassfish.jaxb,jaxb-runtime,4.0.2,false,
Maven,org.exist-db,exist-vector,7.0.0-SNAPSHOT,org.glassfish.jaxb,jaxb-core,4.0.2,false,
Maven,org.exist-db,exist-vector,7.0.0-SNAPSHOT,org.glassfish.jaxb,txw2,4.0.2,false,
Maven,org.exist-db,exist-vector,7.0.0-SNAPSHOT,com.sun.istack,istack-commons-runtime,4.1.1,false,
Maven,org.exist-db,exist-vector,7.0.0-SNAPSHOT,org.exist-db.thirdparty.javax.xml.xquery,xqjri,20080114-133351,false,
Maven,org.exist-db,exist-vector,7.0.0-SNAPSHOT,org.jline,jline,4.1.0,false,
Maven,org.exist-db,exist-vector,7.0.0-SNAPSHOT,org.jline,jansi,4.1.0,false,
Maven,org.exist-db,exist-vector,7.0.0-SNAPSHOT,net.bytebuddy,byte-buddy,1.18.8,false,
Maven,org.exist-db,exist-vector,7.0.0-SNAPSHOT,se.softhouse,jargo,0.4.14,false,
Maven,org.exist-db,exist-vector,7.0.0-SNAPSHOT,commons-codec,commons-codec,1.22.0,false,
Maven,org.exist-db,exist-vector,7.0.0-SNAPSHOT,commons-io,commons-io,2.22.0,false,
Maven,org.exist-db,exist-vector,7.0.0-SNAPSHOT,org.apache.commons,commons-lang3,3.20.0,false,
Maven,org.exist-db,exist-vector,7.0.0-SNAPSHOT,commons-logging,commons-logging,1.3.6,false,
Maven,org.exist-db,exist-vector,7.0.0-SNAPSHOT,org.apache.commons,commons-pool2,2.13.1,false,
Maven,org.exist-db,exist-vector,7.0.0-SNAPSHOT,org.apache.logging.log4j,log4j-core,2.26.0,false,
Maven,org.exist-db,exist-vector,7.0.0-SNAPSHOT,org.apache.logging.log4j,log4j-jcl,2.26.0,false,
Maven,org.exist-db,exist-vector,7.0.0-SNAPSHOT,org.apache.logging.log4j,log4j-jul,2.26.0,false,
Maven,org.exist-db,exist-vector,7.0.0-SNAPSHOT,org.apache.logging.log4j,log4j-slf4j2-impl,2.26.0,false,
Maven,org.exist-db,exist-vector,7.0.0-SNAPSHOT,org.exist-db.thirdparty.xerces,xercesImpl,2.12.2,false,
Maven,org.exist-db,exist-vector,7.0.0-SNAPSHOT,org.codelibs,nekohtml,2.1.3,false,
Maven,org.exist-db,exist-vector,7.0.0-SNAPSHOT,org.apache.ws.commons.util,ws-commons-util,1.0.2,false,
Maven,org.exist-db,exist-vector,7.0.0-SNAPSHOT,xml-resolver,xml-resolver,1.2,false,
Maven,org.exist-db,exist-vector,7.0.0-SNAPSHOT,org.xmlresolver,xmlresolver,6.0.23,false,
Maven,org.exist-db,exist-vector,7.0.0-SNAPSHOT,org.exist-db.thirdparty.org.eclipse.wst.xml,xpath2,1.2.0,false,
Maven,org.exist-db,exist-vector,7.0.0-SNAPSHOT,edu.princeton.cup,java-cup,10k,false,
Maven,org.exist-db,exist-vector,7.0.0-SNAPSHOT,net.sf.saxon,Saxon-HE,9.9.1-8,false,
Maven,org.exist-db,exist-vector,7.0.0-SNAPSHOT,org.exist-db,exist-saxon-regex,9.4.0-9.e1,false,
Maven,org.exist-db,exist-vector,7.0.0-SNAPSHOT,com.evolvedbinary.thirdparty.org.apache.xmlrpc,xmlrpc-common,5.0.0,false,
Maven,org.exist-db,exist-vector,7.0.0-SNAPSHOT,com.evolvedbinary.thirdparty.org.apache.xmlrpc,xmlrpc-client,5.0.0,false,
Maven,org.exist-db,exist-vector,7.0.0-SNAPSHOT,com.evolvedbinary.thirdparty.org.apache.xmlrpc,xmlrpc-server,5.0.0,false,
Maven,org.exist-db,exist-vector,7.0.0-SNAPSHOT,org.aspectj,aspectjrt,1.9.25.1,false,
Maven,org.exist-db,exist-vector,7.0.0-SNAPSHOT,org.eclipse.jetty,jetty-http,12.0.35,false,
Maven,org.exist-db,exist-vector,7.0.0-SNAPSHOT,org.eclipse.jetty,jetty-io,12.0.35,false,
Maven,org.exist-db,exist-vector,7.0.0-SNAPSHOT,org.eclipse.jetty,jetty-security,12.0.35,false,
Maven,org.exist-db,exist-vector,7.0.0-SNAPSHOT,org.eclipse.jetty,jetty-server,12.0.35,false,
Maven,org.exist-db,exist-vector,7.0.0-SNAPSHOT,org.eclipse.jetty,jetty-util,12.0.35,false,
Maven,org.exist-db,exist-vector,7.0.0-SNAPSHOT,org.expath.packaging,pkg-java,2.0.1,false,
Maven,org.exist-db,exist-vector,7.0.0-SNAPSHOT,com.fifesoft,rsyntaxtextarea,3.6.2,false,
Maven,org.exist-db,exist-vector,7.0.0-SNAPSHOT,org.quartz-scheduler,quartz,2.5.2,false,
Maven,org.exist-db,exist-vector,7.0.0-SNAPSHOT,net.sf.xmldb-org,xmldb-api,2.0.0,false,
Maven,org.exist-db,exist-vector,7.0.0-SNAPSHOT,it.unimi.dsi,fastutil,8.5.18,false,
Maven,org.exist-db,exist-vector,7.0.0-SNAPSHOT,io.lacuna,bifurcan,0.2.0-rc1,false,
Maven,org.exist-db,exist-vector,7.0.0-SNAPSHOT,org.apache.ant,ant,1.10.17,false,
Maven,org.exist-db,exist-vector,7.0.0-SNAPSHOT,org.apache.ant,ant-launcher,1.10.17,false,
Maven,org.exist-db,exist-vector,7.0.0-SNAPSHOT,org.jgrapht,jgrapht-core,1.5.3,false,
Maven,org.exist-db,exist-vector,7.0.0-SNAPSHOT,org.jheaps,jheaps,0.14,false,
Maven,org.exist-db,exist-vector,7.0.0-SNAPSHOT,org.apfloat,apfloat,1.14.0,false,
Maven,org.exist-db,exist-vector,7.0.0-SNAPSHOT,org.jgrapht,jgrapht-opt,1.5.3,false,
Maven,org.exist-db,exist-vector,7.0.0-SNAPSHOT,org.hamcrest,hamcrest,3.0,false,
Maven,org.exist-db,exist-vector,7.0.0-SNAPSHOT,org.xmlunit,xmlunit-core,2.11.0,false,
Maven,org.exist-db,exist-vector,7.0.0-SNAPSHOT,org.eclipse.jetty.ee10,jetty-ee10-annotations,12.0.35,false,
Maven,org.exist-db,exist-vector,7.0.0-SNAPSHOT,jakarta.annotation,jakarta.annotation-api,2.1.1,false,
Maven,org.exist-db,exist-vector,7.0.0-SNAPSHOT,org.eclipse.jetty.ee10,jetty-ee10-plus,12.0.35,false,
Maven,org.exist-db,exist-vector,7.0.0-SNAPSHOT,jakarta.enterprise,jakarta.enterprise.cdi-api,4.0.1,false,
Maven,org.exist-db,exist-vector,7.0.0-SNAPSHOT,jakarta.el,jakarta.el-api,5.0.0,false,
Maven,org.exist-db,exist-vector,7.0.0-SNAPSHOT,jakarta.inject,jakarta.inject-api,2.0.1,false,
Maven,org.exist-db,exist-vector,7.0.0-SNAPSHOT,jakarta.enterprise,jakarta.enterprise.lang-model,4.0.1,false,
Maven,org.exist-db,exist-vector,7.0.0-SNAPSHOT,jakarta.interceptor,jakarta.interceptor-api,2.1.0,false,
Maven,org.exist-db,exist-vector,7.0.0-SNAPSHOT,jakarta.transaction,jakarta.transaction-api,2.0.1,false,
Maven,org.exist-db,exist-vector,7.0.0-SNAPSHOT,org.eclipse.jetty,jetty-jndi,12.0.35,false,
Maven,org.exist-db,exist-vector,7.0.0-SNAPSHOT,org.eclipse.jetty,jetty-plus,12.0.35,false,
Maven,org.exist-db,exist-vector,7.0.0-SNAPSHOT,org.ow2.asm,asm,9.9.1,false,
Maven,org.exist-db,exist-vector,7.0.0-SNAPSHOT,org.ow2.asm,asm-commons,9.9.1,false,
Maven,org.exist-db,exist-vector,7.0.0-SNAPSHOT,org.ow2.asm,asm-tree,9.9.1,false,
Maven,org.exist-db,exist-vector,7.0.0-SNAPSHOT,org.eclipse.jetty.ee10,jetty-ee10-servlet,12.0.35,false,
Maven,org.exist-db,exist-vector,7.0.0-SNAPSHOT,org.eclipse.jetty,jetty-session,12.0.35,false,
Maven,org.exist-db,exist-vector,7.0.0-SNAPSHOT,org.eclipse.jetty.ee10,jetty-ee10-webapp,12.0.35,false,
Maven,org.exist-db,exist-vector,7.0.0-SNAPSHOT,org.eclipse.jetty,jetty-ee,12.0.35,false,
Maven,org.exist-db,exist-vector,7.0.0-SNAPSHOT,org.eclipse.jetty,jetty-xml,12.0.35,false,
Maven,org.exist-db,exist-vector,7.0.0-SNAPSHOT,org.eclipse.jetty.ee10.websocket,jetty-ee10-websocket-jakarta-server,12.0.35,false,
Maven,org.exist-db,exist-vector,7.0.0-SNAPSHOT,jakarta.websocket,jakarta.websocket-api,2.2.0,false,
Maven,org.exist-db,exist-vector,7.0.0-SNAPSHOT,org.eclipse.jetty.ee10.websocket,jetty-ee10-websocket-jakarta-client,12.0.35,false,
Maven,org.exist-db,exist-vector,7.0.0-SNAPSHOT,jakarta.websocket,jakarta.websocket-client-api,2.2.0,false,
Maven,org.exist-db,exist-vector,7.0.0-SNAPSHOT,org.eclipse.jetty,jetty-client,12.0.35,false,
Maven,org.exist-db,exist-vector,7.0.0-SNAPSHOT,org.eclipse.jetty,jetty-alpn-client,12.0.35,false,
Maven,org.exist-db,exist-vector,7.0.0-SNAPSHOT,org.eclipse.jetty.ee10.websocket,jetty-ee10-websocket-jakarta-common,12.0.35,false,
Maven,org.exist-db,exist-vector,7.0.0-SNAPSHOT,org.eclipse.jetty.websocket,jetty-websocket-core-client,12.0.35,false,
Maven,org.exist-db,exist-vector,7.0.0-SNAPSHOT,org.eclipse.jetty.websocket,jetty-websocket-core-common,12.0.35,false,
Maven,org.exist-db,exist-vector,7.0.0-SNAPSHOT,org.eclipse.jetty.ee10.websocket,jetty-ee10-websocket-servlet,12.0.35,false,
Maven,org.exist-db,exist-vector,7.0.0-SNAPSHOT,org.eclipse.jetty.websocket,jetty-websocket-core-server,12.0.35,false,
Maven,org.exist-db,exist-vector,7.0.0-SNAPSHOT,org.apache.logging.log4j,log4j-api,2.26.0,true,
Maven,org.exist-db,exist-vector,7.0.0-SNAPSHOT,com.microsoft.onnxruntime,onnxruntime,1.26.0,true,
Maven,org.exist-db,exist-vector,7.0.0-SNAPSHOT,ai.djl.huggingface,tokenizers,0.36.0,true,
Maven,org.exist-db,exist-vector,7.0.0-SNAPSHOT,ai.djl,api,0.36.0,false,
Maven,org.exist-db,exist-vector,7.0.0-SNAPSHOT,com.google.code.gson,gson,2.13.1,false,
Maven,org.exist-db,exist-vector,7.0.0-SNAPSHOT,net.java.dev.jna,jna,5.17.0,false,
Maven,org.exist-db,exist-vector,7.0.0-SNAPSHOT,org.apache.commons,commons-compress,1.27.1,false,
Maven,org.exist-db,exist-vector,7.0.0-SNAPSHOT,com.fasterxml.jackson.core,jackson-databind,2.21.3,true,
Maven,org.exist-db,exist-vector,7.0.0-SNAPSHOT,com.fasterxml.jackson.core,jackson-annotations,2.21,false,
Maven,org.exist-db,exist-vector,7.0.0-SNAPSHOT,com.google.code.findbugs,jsr305,3.0.2,true,
Maven,org.exist-db,exist-vector,7.0.0-SNAPSHOT,junit,junit,4.13.2,true,
Maven,org.exist-db,exist-index-lucene,7.0.0-SNAPSHOT,org.exist-db,exist-core,7.0.0-SNAPSHOT,true,
Maven,org.exist-db,exist-index-lucene,7.0.0-SNAPSHOT,net.jcip,jcip-annotations,1.0,false,
Maven,org.exist-db,exist-index-lucene,7.0.0-SNAPSHOT,antlr,antlr,2.7.7,false,
Maven,org.exist-db,exist-index-lucene,7.0.0-SNAPSHOT,com.fasterxml.jackson.core,jackson-core,2.21.3,false,
Maven,org.exist-db,exist-index-lucene,7.0.0-SNAPSHOT,com.evolvedbinary.multilock,multilock,1.0.1,false,
Maven,org.exist-db,exist-index-lucene,7.0.0-SNAPSHOT,com.github.ben-manes.caffeine,caffeine,3.2.4,false,
Maven,org.exist-db,exist-index-lucene,7.0.0-SNAPSHOT,org.jspecify,jspecify,1.0.0,false,
Maven,org.exist-db,exist-index-lucene,7.0.0-SNAPSHOT,com.google.errorprone,error_prone_annotations,2.49.0,false,
Maven,org.exist-db,exist-index-lucene,7.0.0-SNAPSHOT,com.github.krukow,clj-ds,0.0.4,false,
Maven,org.exist-db,exist-index-lucene,7.0.0-SNAPSHOT,com.siemens.ct.exi,exificient,1.0.7,false,
Maven,org.exist-db,exist-index-lucene,7.0.0-SNAPSHOT,org.slf4j,slf4j-api,2.0.18,false,
Maven,org.exist-db,exist-index-lucene,7.0.0-SNAPSHOT,xmlpull,xmlpull,1.1.3.1,false,
Maven,org.exist-db,exist-index-lucene,7.0.0-SNAPSHOT,javax.activation,activation,1.1.1,false,
Maven,org.exist-db,exist-index-lucene,7.0.0-SNAPSHOT,com.siemens.ct.exi,exificient-grammars,1.0.7,false,
Maven,org.exist-db,exist-index-lucene,7.0.0-SNAPSHOT,com.siemens.ct.exi,exificient-core,1.0.7,false,
Maven,org.exist-db,exist-index-lucene,7.0.0-SNAPSHOT,org.relaxng,jing,20241231,false,
Maven,org.exist-db,exist-index-lucene,7.0.0-SNAPSHOT,isorelax,isorelax,20030108,false,
Maven,org.exist-db,exist-index-lucene,7.0.0-SNAPSHOT,org.exist-db,exist-start,7.0.0-SNAPSHOT,false,
Maven,org.exist-db,exist-index-lucene,7.0.0-SNAPSHOT,org.exquery,exquery-common,0.2.1,false,
Maven,org.exist-db,exist-index-lucene,7.0.0-SNAPSHOT,org.bouncycastle,bcprov-jdk18on,1.84,false,
Maven,org.exist-db,exist-index-lucene,7.0.0-SNAPSHOT,at.yawk.lz4,lz4-java,1.11.0,false,
Maven,org.exist-db,exist-index-lucene,7.0.0-SNAPSHOT,com.fasterxml.uuid,java-uuid-generator,5.2.0,false,
Maven,org.exist-db,exist-index-lucene,7.0.0-SNAPSHOT,jakarta.servlet,jakarta.servlet-api,6.0.0,false,
Maven,org.exist-db,exist-index-lucene,7.0.0-SNAPSHOT,jakarta.xml.bind,jakarta.xml.bind-api,4.0.5,false,
Maven,org.exist-db,exist-index-lucene,7.0.0-SNAPSHOT,jakarta.activation,jakarta.activation-api,2.1.4,false,
Maven,org.exist-db,exist-index-lucene,7.0.0-SNAPSHOT,org.eclipse.angus,angus-activation,2.0.3,false,
Maven,org.exist-db,exist-index-lucene,7.0.0-SNAPSHOT,org.glassfish.jaxb,jaxb-runtime,4.0.2,false,
Maven,org.exist-db,exist-index-lucene,7.0.0-SNAPSHOT,org.glassfish.jaxb,jaxb-core,4.0.2,false,
Maven,org.exist-db,exist-index-lucene,7.0.0-SNAPSHOT,org.glassfish.jaxb,txw2,4.0.2,false,
Maven,org.exist-db,exist-index-lucene,7.0.0-SNAPSHOT,com.sun.istack,istack-commons-runtime,4.1.1,false,
Maven,org.exist-db,exist-index-lucene,7.0.0-SNAPSHOT,org.exist-db.thirdparty.javax.xml.xquery,xqjri,20080114-133351,false,
Maven,org.exist-db,exist-index-lucene,7.0.0-SNAPSHOT,org.jline,jline,4.1.0,false,
Maven,org.exist-db,exist-index-lucene,7.0.0-SNAPSHOT,org.jline,jansi,4.1.0,false,
Maven,org.exist-db,exist-index-lucene,7.0.0-SNAPSHOT,net.bytebuddy,byte-buddy,1.18.8,false,
Maven,org.exist-db,exist-index-lucene,7.0.0-SNAPSHOT,se.softhouse,jargo,0.4.14,false,
Maven,org.exist-db,exist-index-lucene,7.0.0-SNAPSHOT,commons-codec,commons-codec,1.22.0,false,
Maven,org.exist-db,exist-index-lucene,7.0.0-SNAPSHOT,commons-io,commons-io,2.22.0,false,
Maven,org.exist-db,exist-index-lucene,7.0.0-SNAPSHOT,org.apache.commons,commons-lang3,3.20.0,false,
Maven,org.exist-db,exist-index-lucene,7.0.0-SNAPSHOT,commons-logging,commons-logging,1.3.6,false,
Maven,org.exist-db,exist-index-lucene,7.0.0-SNAPSHOT,org.apache.commons,commons-pool2,2.13.1,false,
Maven,org.exist-db,exist-index-lucene,7.0.0-SNAPSHOT,org.apache.logging.log4j,log4j-core,2.26.0,false,
Maven,org.exist-db,exist-index-lucene,7.0.0-SNAPSHOT,org.apache.logging.log4j,log4j-jcl,2.26.0,false,
Maven,org.exist-db,exist-index-lucene,7.0.0-SNAPSHOT,org.apache.logging.log4j,log4j-jul,2.26.0,false,
Maven,org.exist-db,exist-index-lucene,7.0.0-SNAPSHOT,org.apache.logging.log4j,log4j-slf4j2-impl,2.26.0,false,
Maven,org.exist-db,exist-index-lucene,7.0.0-SNAPSHOT,org.exist-db.thirdparty.xerces,xercesImpl,2.12.2,false,
Maven,org.exist-db,exist-index-lucene,7.0.0-SNAPSHOT,org.codelibs,nekohtml,2.1.3,false,
Maven,org.exist-db,exist-index-lucene,7.0.0-SNAPSHOT,org.apache.ws.commons.util,ws-commons-util,1.0.2,false,
Maven,org.exist-db,exist-index-lucene,7.0.0-SNAPSHOT,xml-resolver,xml-resolver,1.2,false,
Maven,org.exist-db,exist-index-lucene,7.0.0-SNAPSHOT,org.xmlresolver,xmlresolver,6.0.23,false,
Maven,org.exist-db,exist-index-lucene,7.0.0-SNAPSHOT,org.exist-db.thirdparty.org.eclipse.wst.xml,xpath2,1.2.0,false,
Maven,org.exist-db,exist-index-lucene,7.0.0-SNAPSHOT,edu.princeton.cup,java-cup,10k,false,
Maven,org.exist-db,exist-index-lucene,7.0.0-SNAPSHOT,net.sf.saxon,Saxon-HE,9.9.1-8,false,
Maven,org.exist-db,exist-index-lucene,7.0.0-SNAPSHOT,org.exist-db,exist-saxon-regex,9.4.0-9.e1,false,
Maven,org.exist-db,exist-index-lucene,7.0.0-SNAPSHOT,com.evolvedbinary.thirdparty.org.apache.xmlrpc,xmlrpc-common,5.0.0,false,
Maven,org.exist-db,exist-index-lucene,7.0.0-SNAPSHOT,com.evolvedbinary.thirdparty.org.apache.xmlrpc,xmlrpc-client,5.0.0,false,
Maven,org.exist-db,exist-index-lucene,7.0.0-SNAPSHOT,com.evolvedbinary.thirdparty.org.apache.xmlrpc,xmlrpc-server,5.0.0,false,
Maven,org.exist-db,exist-index-lucene,7.0.0-SNAPSHOT,org.aspectj,aspectjrt,1.9.25.1,false,
Maven,org.exist-db,exist-index-lucene,7.0.0-SNAPSHOT,org.eclipse.jetty,jetty-http,12.0.35,false,
Maven,org.exist-db,exist-index-lucene,7.0.0-SNAPSHOT,org.eclipse.jetty,jetty-io,12.0.35,false,
Maven,org.exist-db,exist-index-lucene,7.0.0-SNAPSHOT,org.eclipse.jetty,jetty-security,12.0.35,false,
Maven,org.exist-db,exist-index-lucene,7.0.0-SNAPSHOT,org.eclipse.jetty,jetty-server,12.0.35,false,
Maven,org.exist-db,exist-index-lucene,7.0.0-SNAPSHOT,org.eclipse.jetty,jetty-util,12.0.35,false,
Maven,org.exist-db,exist-index-lucene,7.0.0-SNAPSHOT,org.expath.packaging,pkg-java,2.0.1,false,
Maven,org.exist-db,exist-index-lucene,7.0.0-SNAPSHOT,com.fifesoft,rsyntaxtextarea,3.6.2,false,
Maven,org.exist-db,exist-index-lucene,7.0.0-SNAPSHOT,org.quartz-scheduler,quartz,2.5.2,false,
Maven,org.exist-db,exist-index-lucene,7.0.0-SNAPSHOT,org.apache.ant,ant,1.10.17,false,
Maven,org.exist-db,exist-index-lucene,7.0.0-SNAPSHOT,org.apache.ant,ant-launcher,1.10.17,false,
Maven,org.exist-db,exist-index-lucene,7.0.0-SNAPSHOT,org.jgrapht,jgrapht-core,1.5.3,false,
Maven,org.exist-db,exist-index-lucene,7.0.0-SNAPSHOT,org.jheaps,jheaps,0.14,false,
Maven,org.exist-db,exist-index-lucene,7.0.0-SNAPSHOT,org.apfloat,apfloat,1.14.0,false,
Maven,org.exist-db,exist-index-lucene,7.0.0-SNAPSHOT,org.jgrapht,jgrapht-opt,1.5.3,false,
Maven,org.exist-db,exist-index-lucene,7.0.0-SNAPSHOT,org.hamcrest,hamcrest,3.0,false,
Maven,org.exist-db,exist-index-lucene,7.0.0-SNAPSHOT,org.xmlunit,xmlunit-core,2.11.0,false,
Maven,org.exist-db,exist-index-lucene,7.0.0-SNAPSHOT,org.eclipse.jetty.ee10,jetty-ee10-annotations,12.0.35,false,
Maven,org.exist-db,exist-index-lucene,7.0.0-SNAPSHOT,jakarta.annotation,jakarta.annotation-api,2.1.1,false,
Maven,org.exist-db,exist-index-lucene,7.0.0-SNAPSHOT,org.eclipse.jetty.ee10,jetty-ee10-plus,12.0.35,false,
Maven,org.exist-db,exist-index-lucene,7.0.0-SNAPSHOT,jakarta.enterprise,jakarta.enterprise.cdi-api,4.0.1,false,
Maven,org.exist-db,exist-index-lucene,7.0.0-SNAPSHOT,jakarta.el,jakarta.el-api,5.0.0,false,
Maven,org.exist-db,exist-index-lucene,7.0.0-SNAPSHOT,jakarta.inject,jakarta.inject-api,2.0.1,false,
Maven,org.exist-db,exist-index-lucene,7.0.0-SNAPSHOT,jakarta.enterprise,jakarta.enterprise.lang-model,4.0.1,false,
Maven,org.exist-db,exist-index-lucene,7.0.0-SNAPSHOT,jakarta.interceptor,jakarta.interceptor-api,2.1.0,false,
Maven,org.exist-db,exist-index-lucene,7.0.0-SNAPSHOT,jakarta.transaction,jakarta.transaction-api,2.0.1,false,
Maven,org.exist-db,exist-index-lucene,7.0.0-SNAPSHOT,org.eclipse.jetty,jetty-jndi,12.0.35,false,
Maven,org.exist-db,exist-index-lucene,7.0.0-SNAPSHOT,org.eclipse.jetty,jetty-plus,12.0.35,false,
Maven,org.exist-db,exist-index-lucene,7.0.0-SNAPSHOT,org.ow2.asm,asm,9.9.1,false,
Maven,org.exist-db,exist-index-lucene,7.0.0-SNAPSHOT,org.ow2.asm,asm-commons,9.9.1,false,
Maven,org.exist-db,exist-index-lucene,7.0.0-SNAPSHOT,org.ow2.asm,asm-tree,9.9.1,false,
Maven,org.exist-db,exist-index-lucene,7.0.0-SNAPSHOT,org.eclipse.jetty.ee10,jetty-ee10-servlet,12.0.35,false,
Maven,org.exist-db,exist-index-lucene,7.0.0-SNAPSHOT,org.eclipse.jetty,jetty-session,12.0.35,false,
Maven,org.exist-db,exist-index-lucene,7.0.0-SNAPSHOT,org.eclipse.jetty.ee10,jetty-ee10-webapp,12.0.35,false,
Maven,org.exist-db,exist-index-lucene,7.0.0-SNAPSHOT,org.eclipse.jetty,jetty-ee,12.0.35,false,
Maven,org.exist-db,exist-index-lucene,7.0.0-SNAPSHOT,org.eclipse.jetty,jetty-xml,12.0.35,false,
Maven,org.exist-db,exist-index-lucene,7.0.0-SNAPSHOT,org.eclipse.jetty.ee10.websocket,jetty-ee10-websocket-jakarta-server,12.0.35,false,
Maven,org.exist-db,exist-index-lucene,7.0.0-SNAPSHOT,jakarta.websocket,jakarta.websocket-api,2.2.0,false,
Maven,org.exist-db,exist-index-lucene,7.0.0-SNAPSHOT,org.eclipse.jetty.ee10.websocket,jetty-ee10-websocket-jakarta-client,12.0.35,false,
Maven,org.exist-db,exist-index-lucene,7.0.0-SNAPSHOT,jakarta.websocket,jakarta.websocket-client-api,2.2.0,false,
Maven,org.exist-db,exist-index-lucene,7.0.0-SNAPSHOT,org.eclipse.jetty,jetty-client,12.0.35,false,
Maven,org.exist-db,exist-index-lucene,7.0.0-SNAPSHOT,org.eclipse.jetty,jetty-alpn-client,12.0.35,false,
Maven,org.exist-db,exist-index-lucene,7.0.0-SNAPSHOT,org.eclipse.jetty.ee10.websocket,jetty-ee10-websocket-jakarta-common,12.0.35,false,
Maven,org.exist-db,exist-index-lucene,7.0.0-SNAPSHOT,org.eclipse.jetty.websocket,jetty-websocket-core-client,12.0.35,false,
Maven,org.exist-db,exist-index-lucene,7.0.0-SNAPSHOT,org.eclipse.jetty.websocket,jetty-websocket-core-common,12.0.35,false,
Maven,org.exist-db,exist-index-lucene,7.0.0-SNAPSHOT,org.eclipse.jetty.ee10.websocket,jetty-ee10-websocket-servlet,12.0.35,false,
Maven,org.exist-db,exist-index-lucene,7.0.0-SNAPSHOT,org.eclipse.jetty.websocket,jetty-websocket-core-server,12.0.35,false,
Maven,org.exist-db,exist-index-lucene,7.0.0-SNAPSHOT,org.apache.commons,commons-collections4,4.5.0,true,
Maven,org.exist-db,exist-index-lucene,7.0.0-SNAPSHOT,org.apache.logging.log4j,log4j-api,2.26.0,true,
Maven,org.exist-db,exist-index-lucene,7.0.0-SNAPSHOT,org.apache.lucene,lucene-core,10.4.0,true,
Maven,org.exist-db,exist-index-lucene,7.0.0-SNAPSHOT,org.apache.lucene,lucene-analysis-common,10.4.0,true,
Maven,org.exist-db,exist-index-lucene,7.0.0-SNAPSHOT,org.apache.lucene,lucene-analysis-icu,10.4.0,true,
Maven,org.exist-db,exist-index-lucene,7.0.0-SNAPSHOT,com.ibm.icu,icu4j,76.1,true,
Maven,org.exist-db,exist-index-lucene,7.0.0-SNAPSHOT,org.apache.lucene,lucene-facet,10.4.0,true,
Maven,org.exist-db,exist-index-lucene,7.0.0-SNAPSHOT,org.apache.lucene,lucene-queries,10.4.0,true,
Maven,org.exist-db,exist-index-lucene,7.0.0-SNAPSHOT,org.apache.lucene,lucene-queryparser,10.4.0,true,
Maven,org.exist-db,exist-index-lucene,7.0.0-SNAPSHOT,org.apache.lucene,lucene-sandbox,10.4.0,false,
Maven,org.exist-db,exist-index-lucene,7.0.0-SNAPSHOT,com.evolvedbinary.j8fu,j8fu,1.24.0,true,
Maven,org.exist-db,exist-index-lucene,7.0.0-SNAPSHOT,io.lacuna,bifurcan,0.2.0-rc1,true,
Maven,org.exist-db,exist-index-lucene,7.0.0-SNAPSHOT,it.unimi.dsi,fastutil,8.5.18,true,
Maven,org.exist-db,exist-index-lucene,7.0.0-SNAPSHOT,net.sf.xmldb-org,xmldb-api,2.0.0,true,
Maven,org.exist-db,exist-index-lucene,7.0.0-SNAPSHOT,com.google.code.findbugs,jsr305,3.0.2,true,
Maven,org.exist-db,exist-index-lucene,7.0.0-SNAPSHOT,org.exist-db,exist-vector,7.0.0-SNAPSHOT,true,
Maven,org.exist-db,exist-index-lucene,7.0.0-SNAPSHOT,com.microsoft.onnxruntime,onnxruntime,1.26.0,false,
Maven,org.exist-db,exist-index-lucene,7.0.0-SNAPSHOT,ai.djl.huggingface,tokenizers,0.36.0,false,
Maven,org.exist-db,exist-index-lucene,7.0.0-SNAPSHOT,ai.djl,api,0.36.0,false,
Maven,org.exist-db,exist-index-lucene,7.0.0-SNAPSHOT,com.google.code.gson,gson,2.13.1,false,
Maven,org.exist-db,exist-index-lucene,7.0.0-SNAPSHOT,net.java.dev.jna,jna,5.17.0,false,
Maven,org.exist-db,exist-index-lucene,7.0.0-SNAPSHOT,org.apache.commons,commons-compress,1.27.1,false,
Maven,org.exist-db,exist-index-lucene,7.0.0-SNAPSHOT,com.fasterxml.jackson.core,jackson-databind,2.21.3,false,
Maven,org.exist-db,exist-index-lucene,7.0.0-SNAPSHOT,com.fasterxml.jackson.core,jackson-annotations,2.21,false,
Maven,org.exist-db,exist-index-lucene,7.0.0-SNAPSHOT,junit,junit,4.13.2,true,
Maven,org.exist-db,exist-index-lucene,7.0.0-SNAPSHOT,org.xmlunit,xmlunit-legacy,2.11.0,true,
Maven,org.exist-db,exist-index-lucene,7.0.0-SNAPSHOT,com.googlecode.junit-toolbox,junit-toolbox,2.4,true,
Maven,org.exist-db,exist-index-lucene,7.0.0-SNAPSHOT,org.hamcrest,hamcrest-library,1.3,false,
Maven,org.exist-db,exist-index-lucene,7.0.0-SNAPSHOT,org.hamcrest,hamcrest-core,1.3,false,
Maven,org.exist-db,exist-index-lucene,7.0.0-SNAPSHOT,org.mockito,mockito-core,1.9.5,false,
Maven,org.exist-db,exist-index-lucene,7.0.0-SNAPSHOT,org.exist-db,exist-samples,7.0.0-SNAPSHOT,true,
Maven,org.exist-db,exist-index-ngram,7.0.0-SNAPSHOT,org.exist-db,exist-core,7.0.0-SNAPSHOT,true,
Maven,org.exist-db,exist-index-ngram,7.0.0-SNAPSHOT,net.jcip,jcip-annotations,1.0,false,
Maven,org.exist-db,exist-index-ngram,7.0.0-SNAPSHOT,antlr,antlr,2.7.7,false,
Maven,org.exist-db,exist-index-ngram,7.0.0-SNAPSHOT,com.fasterxml.jackson.core,jackson-core,2.21.3,false,
Maven,org.exist-db,exist-index-ngram,7.0.0-SNAPSHOT,com.evolvedbinary.multilock,multilock,1.0.1,false,
Maven,org.exist-db,exist-index-ngram,7.0.0-SNAPSHOT,com.github.ben-manes.caffeine,caffeine,3.2.4,false,
Maven,org.exist-db,exist-index-ngram,7.0.0-SNAPSHOT,org.jspecify,jspecify,1.0.0,false,
Maven,org.exist-db,exist-index-ngram,7.0.0-SNAPSHOT,com.google.errorprone,error_prone_annotations,2.49.0,false,
Maven,org.exist-db,exist-index-ngram,7.0.0-SNAPSHOT,com.github.krukow,clj-ds,0.0.4,false,
Maven,org.exist-db,exist-index-ngram,7.0.0-SNAPSHOT,com.siemens.ct.exi,exificient,1.0.7,false,
Maven,org.exist-db,exist-index-ngram,7.0.0-SNAPSHOT,org.slf4j,slf4j-api,2.0.18,false,
Maven,org.exist-db,exist-index-ngram,7.0.0-SNAPSHOT,xmlpull,xmlpull,1.1.3.1,false,
Maven,org.exist-db,exist-index-ngram,7.0.0-SNAPSHOT,javax.activation,activation,1.1.1,false,
Maven,org.exist-db,exist-index-ngram,7.0.0-SNAPSHOT,com.siemens.ct.exi,exificient-grammars,1.0.7,false,
Maven,org.exist-db,exist-index-ngram,7.0.0-SNAPSHOT,com.siemens.ct.exi,exificient-core,1.0.7,false,
Maven,org.exist-db,exist-index-ngram,7.0.0-SNAPSHOT,com.ibm.icu,icu4j,76.1,false,
Maven,org.exist-db,exist-index-ngram,7.0.0-SNAPSHOT,com.google.code.findbugs,jsr305,3.0.2,false,
Maven,org.exist-db,exist-index-ngram,7.0.0-SNAPSHOT,org.relaxng,jing,20241231,false,
Maven,org.exist-db,exist-index-ngram,7.0.0-SNAPSHOT,isorelax,isorelax,20030108,false,
Maven,org.exist-db,exist-index-ngram,7.0.0-SNAPSHOT,org.exist-db,exist-start,7.0.0-SNAPSHOT,false,
Maven,org.exist-db,exist-index-ngram,7.0.0-SNAPSHOT,org.exquery,exquery-common,0.2.1,false,
Maven,org.exist-db,exist-index-ngram,7.0.0-SNAPSHOT,org.bouncycastle,bcprov-jdk18on,1.84,false,
Maven,org.exist-db,exist-index-ngram,7.0.0-SNAPSHOT,at.yawk.lz4,lz4-java,1.11.0,false,
Maven,org.exist-db,exist-index-ngram,7.0.0-SNAPSHOT,com.evolvedbinary.j8fu,j8fu,1.24.0,false,
Maven,org.exist-db,exist-index-ngram,7.0.0-SNAPSHOT,com.fasterxml.uuid,java-uuid-generator,5.2.0,false,
Maven,org.exist-db,exist-index-ngram,7.0.0-SNAPSHOT,jakarta.servlet,jakarta.servlet-api,6.0.0,false,
Maven,org.exist-db,exist-index-ngram,7.0.0-SNAPSHOT,jakarta.xml.bind,jakarta.xml.bind-api,4.0.5,false,
Maven,org.exist-db,exist-index-ngram,7.0.0-SNAPSHOT,jakarta.activation,jakarta.activation-api,2.1.4,false,
Maven,org.exist-db,exist-index-ngram,7.0.0-SNAPSHOT,org.eclipse.angus,angus-activation,2.0.3,false,
Maven,org.exist-db,exist-index-ngram,7.0.0-SNAPSHOT,org.glassfish.jaxb,jaxb-runtime,4.0.2,false,
Maven,org.exist-db,exist-index-ngram,7.0.0-SNAPSHOT,org.glassfish.jaxb,jaxb-core,4.0.2,false,
Maven,org.exist-db,exist-index-ngram,7.0.0-SNAPSHOT,org.glassfish.jaxb,txw2,4.0.2,false,
Maven,org.exist-db,exist-index-ngram,7.0.0-SNAPSHOT,com.sun.istack,istack-commons-runtime,4.1.1,false,
Maven,org.exist-db,exist-index-ngram,7.0.0-SNAPSHOT,org.exist-db.thirdparty.javax.xml.xquery,xqjri,20080114-133351,false,
Maven,org.exist-db,exist-index-ngram,7.0.0-SNAPSHOT,org.jline,jline,4.1.0,false,
Maven,org.exist-db,exist-index-ngram,7.0.0-SNAPSHOT,org.jline,jansi,4.1.0,false,
Maven,org.exist-db,exist-index-ngram,7.0.0-SNAPSHOT,net.bytebuddy,byte-buddy,1.18.8,false,
Maven,org.exist-db,exist-index-ngram,7.0.0-SNAPSHOT,se.softhouse,jargo,0.4.14,false,
Maven,org.exist-db,exist-index-ngram,7.0.0-SNAPSHOT,commons-codec,commons-codec,1.22.0,false,
Maven,org.exist-db,exist-index-ngram,7.0.0-SNAPSHOT,commons-io,commons-io,2.22.0,false,
Maven,org.exist-db,exist-index-ngram,7.0.0-SNAPSHOT,org.apache.commons,commons-lang3,3.20.0,false,
Maven,org.exist-db,exist-index-ngram,7.0.0-SNAPSHOT,commons-logging,commons-logging,1.3.6,false,
Maven,org.exist-db,exist-index-ngram,7.0.0-SNAPSHOT,org.apache.commons,commons-pool2,2.13.1,false,
Maven,org.exist-db,exist-index-ngram,7.0.0-SNAPSHOT,org.apache.logging.log4j,log4j-core,2.26.0,false,
Maven,org.exist-db,exist-index-ngram,7.0.0-SNAPSHOT,org.apache.logging.log4j,log4j-jcl,2.26.0,false,
Maven,org.exist-db,exist-index-ngram,7.0.0-SNAPSHOT,org.apache.logging.log4j,log4j-jul,2.26.0,false,
Maven,org.exist-db,exist-index-ngram,7.0.0-SNAPSHOT,org.apache.logging.log4j,log4j-slf4j2-impl,2.26.0,false,
Maven,org.exist-db,exist-index-ngram,7.0.0-SNAPSHOT,org.exist-db.thirdparty.xerces,xercesImpl,2.12.2,false,
Maven,org.exist-db,exist-index-ngram,7.0.0-SNAPSHOT,org.codelibs,nekohtml,2.1.3,false,
Maven,org.exist-db,exist-index-ngram,7.0.0-SNAPSHOT,org.apache.ws.commons.util,ws-commons-util,1.0.2,false,
Maven,org.exist-db,exist-index-ngram,7.0.0-SNAPSHOT,xml-resolver,xml-resolver,1.2,false,
Maven,org.exist-db,exist-index-ngram,7.0.0-SNAPSHOT,org.xmlresolver,xmlresolver,6.0.23,false,
Maven,org.exist-db,exist-index-ngram,7.0.0-SNAPSHOT,org.exist-db.thirdparty.org.eclipse.wst.xml,xpath2,1.2.0,false,
Maven,org.exist-db,exist-index-ngram,7.0.0-SNAPSHOT,edu.princeton.cup,java-cup,10k,false,
Maven,org.exist-db,exist-index-ngram,7.0.0-SNAPSHOT,net.sf.saxon,Saxon-HE,9.9.1-8,false,
Maven,org.exist-db,exist-index-ngram,7.0.0-SNAPSHOT,org.exist-db,exist-saxon-regex,9.4.0-9.e1,false,
Maven,org.exist-db,exist-index-ngram,7.0.0-SNAPSHOT,com.evolvedbinary.thirdparty.org.apache.xmlrpc,xmlrpc-common,5.0.0,false,
Maven,org.exist-db,exist-index-ngram,7.0.0-SNAPSHOT,com.evolvedbinary.thirdparty.org.apache.xmlrpc,xmlrpc-client,5.0.0,false,
Maven,org.exist-db,exist-index-ngram,7.0.0-SNAPSHOT,com.evolvedbinary.thirdparty.org.apache.xmlrpc,xmlrpc-server,5.0.0,false,
Maven,org.exist-db,exist-index-ngram,7.0.0-SNAPSHOT,org.aspectj,aspectjrt,1.9.25.1,false,
Maven,org.exist-db,exist-index-ngram,7.0.0-SNAPSHOT,org.eclipse.jetty,jetty-http,12.0.35,false,
Maven,org.exist-db,exist-index-ngram,7.0.0-SNAPSHOT,org.eclipse.jetty,jetty-io,12.0.35,false,
Maven,org.exist-db,exist-index-ngram,7.0.0-SNAPSHOT,org.eclipse.jetty,jetty-security,12.0.35,false,
Maven,org.exist-db,exist-index-ngram,7.0.0-SNAPSHOT,org.eclipse.jetty,jetty-server,12.0.35,false,
Maven,org.exist-db,exist-index-ngram,7.0.0-SNAPSHOT,org.eclipse.jetty,jetty-util,12.0.35,false,
Maven,org.exist-db,exist-index-ngram,7.0.0-SNAPSHOT,org.expath.packaging,pkg-java,2.0.1,false,
Maven,org.exist-db,exist-index-ngram,7.0.0-SNAPSHOT,com.fifesoft,rsyntaxtextarea,3.6.2,false,
Maven,org.exist-db,exist-index-ngram,7.0.0-SNAPSHOT,org.quartz-scheduler,quartz,2.5.2,false,
Maven,org.exist-db,exist-index-ngram,7.0.0-SNAPSHOT,net.sf.xmldb-org,xmldb-api,2.0.0,false,
Maven,org.exist-db,exist-index-ngram,7.0.0-SNAPSHOT,it.unimi.dsi,fastutil,8.5.18,false,
Maven,org.exist-db,exist-index-ngram,7.0.0-SNAPSHOT,io.lacuna,bifurcan,0.2.0-rc1,false,
Maven,org.exist-db,exist-index-ngram,7.0.0-SNAPSHOT,org.apache.ant,ant,1.10.17,false,
Maven,org.exist-db,exist-index-ngram,7.0.0-SNAPSHOT,org.apache.ant,ant-launcher,1.10.17,false,
Maven,org.exist-db,exist-index-ngram,7.0.0-SNAPSHOT,org.jgrapht,jgrapht-core,1.5.3,false,
Maven,org.exist-db,exist-index-ngram,7.0.0-SNAPSHOT,org.jheaps,jheaps,0.14,false,
Maven,org.exist-db,exist-index-ngram,7.0.0-SNAPSHOT,org.apfloat,apfloat,1.14.0,false,
Maven,org.exist-db,exist-index-ngram,7.0.0-SNAPSHOT,org.jgrapht,jgrapht-opt,1.5.3,false,
Maven,org.exist-db,exist-index-ngram,7.0.0-SNAPSHOT,org.hamcrest,hamcrest,3.0,false,
Maven,org.exist-db,exist-index-ngram,7.0.0-SNAPSHOT,org.xmlunit,xmlunit-core,2.11.0,false,
Maven,org.exist-db,exist-index-ngram,7.0.0-SNAPSHOT,org.eclipse.jetty.ee10,jetty-ee10-annotations,12.0.35,false,
Maven,org.exist-db,exist-index-ngram,7.0.0-SNAPSHOT,jakarta.annotation,jakarta.annotation-api,2.1.1,false,
Maven,org.exist-db,exist-index-ngram,7.0.0-SNAPSHOT,org.eclipse.jetty.ee10,jetty-ee10-plus,12.0.35,false,
Maven,org.exist-db,exist-index-ngram,7.0.0-SNAPSHOT,jakarta.enterprise,jakarta.enterprise.cdi-api,4.0.1,false,
Maven,org.exist-db,exist-index-ngram,7.0.0-SNAPSHOT,jakarta.el,jakarta.el-api,5.0.0,false,
Maven,org.exist-db,exist-index-ngram,7.0.0-SNAPSHOT,jakarta.inject,jakarta.inject-api,2.0.1,false,
Maven,org.exist-db,exist-index-ngram,7.0.0-SNAPSHOT,jakarta.enterprise,jakarta.enterprise.lang-model,4.0.1,false,
Maven,org.exist-db,exist-index-ngram,7.0.0-SNAPSHOT,jakarta.interceptor,jakarta.interceptor-api,2.1.0,false,
Maven,org.exist-db,exist-index-ngram,7.0.0-SNAPSHOT,jakarta.transaction,jakarta.transaction-api,2.0.1,false,
Maven,org.exist-db,exist-index-ngram,7.0.0-SNAPSHOT,org.eclipse.jetty,jetty-jndi,12.0.35,false,
Maven,org.exist-db,exist-index-ngram,7.0.0-SNAPSHOT,org.eclipse.jetty,jetty-plus,12.0.35,false,
Maven,org.exist-db,exist-index-ngram,7.0.0-SNAPSHOT,org.ow2.asm,asm,9.9.1,false,
Maven,org.exist-db,exist-index-ngram,7.0.0-SNAPSHOT,org.ow2.asm,asm-commons,9.9.1,false,
Maven,org.exist-db,exist-index-ngram,7.0.0-SNAPSHOT,org.ow2.asm,asm-tree,9.9.1,false,
Maven,org.exist-db,exist-index-ngram,7.0.0-SNAPSHOT,org.eclipse.jetty.ee10,jetty-ee10-servlet,12.0.35,false,
Maven,org.exist-db,exist-index-ngram,7.0.0-SNAPSHOT,org.eclipse.jetty,jetty-session,12.0.35,false,
Maven,org.exist-db,exist-index-ngram,7.0.0-SNAPSHOT,org.eclipse.jetty.ee10,jetty-ee10-webapp,12.0.35,false,
Maven,org.exist-db,exist-index-ngram,7.0.0-SNAPSHOT,org.eclipse.jetty,jetty-ee,12.0.35,false,
Maven,org.exist-db,exist-index-ngram,7.0.0-SNAPSHOT,org.eclipse.jetty,jetty-xml,12.0.35,false,
Maven,org.exist-db,exist-index-ngram,7.0.0-SNAPSHOT,org.eclipse.jetty.ee10.websocket,jetty-ee10-websocket-jakarta-server,12.0.35,false,
Maven,org.exist-db,exist-index-ngram,7.0.0-SNAPSHOT,jakarta.websocket,jakarta.websocket-api,2.2.0,false,
Maven,org.exist-db,exist-index-ngram,7.0.0-SNAPSHOT,org.eclipse.jetty.ee10.websocket,jetty-ee10-websocket-jakarta-client,12.0.35,false,
Maven,org.exist-db,exist-index-ngram,7.0.0-SNAPSHOT,jakarta.websocket,jakarta.websocket-client-api,2.2.0,false,
Maven,org.exist-db,exist-index-ngram,7.0.0-SNAPSHOT,org.eclipse.jetty,jetty-client,12.0.35,false,
Maven,org.exist-db,exist-index-ngram,7.0.0-SNAPSHOT,org.eclipse.jetty,jetty-alpn-client,12.0.35,false,
Maven,org.exist-db,exist-index-ngram,7.0.0-SNAPSHOT,org.eclipse.jetty.ee10.websocket,jetty-ee10-websocket-jakarta-common,12.0.35,false,
Maven,org.exist-db,exist-index-ngram,7.0.0-SNAPSHOT,org.eclipse.jetty.websocket,jetty-websocket-core-client,12.0.35,false,
Maven,org.exist-db,exist-index-ngram,7.0.0-SNAPSHOT,org.eclipse.jetty.websocket,jetty-websocket-core-common,12.0.35,false,
Maven,org.exist-db,exist-index-ngram,7.0.0-SNAPSHOT,org.eclipse.jetty.ee10.websocket,jetty-ee10-websocket-servlet,12.0.35,false,
Maven,org.exist-db,exist-index-ngram,7.0.0-SNAPSHOT,org.eclipse.jetty.websocket,jetty-websocket-core-server,12.0.35,false,
Maven,org.exist-db,exist-index-ngram,7.0.0-SNAPSHOT,org.apache.logging.log4j,log4j-api,2.26.0,true,
Maven,org.exist-db,exist-index-ngram,7.0.0-SNAPSHOT,junit,junit,4.13.2,true,
Maven,org.exist-db,exist-index-ngram,7.0.0-SNAPSHOT,org.xmlunit,xmlunit-legacy,2.11.0,true,
Maven,org.exist-db,exist-index-range,7.0.0-SNAPSHOT,org.exist-db,exist-core,7.0.0-SNAPSHOT,true,
Maven,org.exist-db,exist-index-range,7.0.0-SNAPSHOT,net.jcip,jcip-annotations,1.0,false,
Maven,org.exist-db,exist-index-range,7.0.0-SNAPSHOT,antlr,antlr,2.7.7,false,
Maven,org.exist-db,exist-index-range,7.0.0-SNAPSHOT,com.fasterxml.jackson.core,jackson-core,2.21.3,false,
Maven,org.exist-db,exist-index-range,7.0.0-SNAPSHOT,com.evolvedbinary.multilock,multilock,1.0.1,false,
Maven,org.exist-db,exist-index-range,7.0.0-SNAPSHOT,com.github.ben-manes.caffeine,caffeine,3.2.4,false,
Maven,org.exist-db,exist-index-range,7.0.0-SNAPSHOT,org.jspecify,jspecify,1.0.0,false,
Maven,org.exist-db,exist-index-range,7.0.0-SNAPSHOT,com.google.errorprone,error_prone_annotations,2.49.0,false,
Maven,org.exist-db,exist-index-range,7.0.0-SNAPSHOT,com.github.krukow,clj-ds,0.0.4,false,
Maven,org.exist-db,exist-index-range,7.0.0-SNAPSHOT,com.siemens.ct.exi,exificient,1.0.7,false,
Maven,org.exist-db,exist-index-range,7.0.0-SNAPSHOT,xmlpull,xmlpull,1.1.3.1,false,
Maven,org.exist-db,exist-index-range,7.0.0-SNAPSHOT,javax.activation,activation,1.1.1,false,
Maven,org.exist-db,exist-index-range,7.0.0-SNAPSHOT,com.siemens.ct.exi,exificient-grammars,1.0.7,false,
Maven,org.exist-db,exist-index-range,7.0.0-SNAPSHOT,com.siemens.ct.exi,exificient-core,1.0.7,false,
Maven,org.exist-db,exist-index-range,7.0.0-SNAPSHOT,org.relaxng,jing,20241231,false,
Maven,org.exist-db,exist-index-range,7.0.0-SNAPSHOT,isorelax,isorelax,20030108,false,
Maven,org.exist-db,exist-index-range,7.0.0-SNAPSHOT,org.exist-db,exist-start,7.0.0-SNAPSHOT,false,
Maven,org.exist-db,exist-index-range,7.0.0-SNAPSHOT,org.exquery,exquery-common,0.2.1,false,
Maven,org.exist-db,exist-index-range,7.0.0-SNAPSHOT,org.bouncycastle,bcprov-jdk18on,1.84,false,
Maven,org.exist-db,exist-index-range,7.0.0-SNAPSHOT,at.yawk.lz4,lz4-java,1.11.0,false,
Maven,org.exist-db,exist-index-range,7.0.0-SNAPSHOT,com.fasterxml.uuid,java-uuid-generator,5.2.0,false,
Maven,org.exist-db,exist-index-range,7.0.0-SNAPSHOT,jakarta.servlet,jakarta.servlet-api,6.0.0,false,
Maven,org.exist-db,exist-index-range,7.0.0-SNAPSHOT,jakarta.xml.bind,jakarta.xml.bind-api,4.0.5,false,
Maven,org.exist-db,exist-index-range,7.0.0-SNAPSHOT,jakarta.activation,jakarta.activation-api,2.1.4,false,
Maven,org.exist-db,exist-index-range,7.0.0-SNAPSHOT,org.eclipse.angus,angus-activation,2.0.3,false,
Maven,org.exist-db,exist-index-range,7.0.0-SNAPSHOT,org.glassfish.jaxb,jaxb-runtime,4.0.2,false,
Maven,org.exist-db,exist-index-range,7.0.0-SNAPSHOT,org.glassfish.jaxb,jaxb-core,4.0.2,false,
Maven,org.exist-db,exist-index-range,7.0.0-SNAPSHOT,org.glassfish.jaxb,txw2,4.0.2,false,
Maven,org.exist-db,exist-index-range,7.0.0-SNAPSHOT,com.sun.istack,istack-commons-runtime,4.1.1,false,
Maven,org.exist-db,exist-index-range,7.0.0-SNAPSHOT,org.exist-db.thirdparty.javax.xml.xquery,xqjri,20080114-133351,false,
Maven,org.exist-db,exist-index-range,7.0.0-SNAPSHOT,org.jline,jline,4.1.0,false,
Maven,org.exist-db,exist-index-range,7.0.0-SNAPSHOT,org.jline,jansi,4.1.0,false,
Maven,org.exist-db,exist-index-range,7.0.0-SNAPSHOT,net.bytebuddy,byte-buddy,1.18.8,false,
Maven,org.exist-db,exist-index-range,7.0.0-SNAPSHOT,se.softhouse,jargo,0.4.14,false,
Maven,org.exist-db,exist-index-range,7.0.0-SNAPSHOT,commons-codec,commons-codec,1.22.0,false,
Maven,org.exist-db,exist-index-range,7.0.0-SNAPSHOT,commons-io,commons-io,2.22.0,false,
Maven,org.exist-db,exist-index-range,7.0.0-SNAPSHOT,org.apache.commons,commons-lang3,3.20.0,false,
Maven,org.exist-db,exist-index-range,7.0.0-SNAPSHOT,commons-logging,commons-logging,1.3.6,false,
Maven,org.exist-db,exist-index-range,7.0.0-SNAPSHOT,org.apache.commons,commons-pool2,2.13.1,false,
Maven,org.exist-db,exist-index-range,7.0.0-SNAPSHOT,org.apache.logging.log4j,log4j-core,2.26.0,false,
Maven,org.exist-db,exist-index-range,7.0.0-SNAPSHOT,org.apache.logging.log4j,log4j-jcl,2.26.0,false,
Maven,org.exist-db,exist-index-range,7.0.0-SNAPSHOT,org.apache.logging.log4j,log4j-jul,2.26.0,false,
Maven,org.exist-db,exist-index-range,7.0.0-SNAPSHOT,org.apache.logging.log4j,log4j-slf4j2-impl,2.26.0,false,
Maven,org.exist-db,exist-index-range,7.0.0-SNAPSHOT,org.exist-db.thirdparty.xerces,xercesImpl,2.12.2,false,
Maven,org.exist-db,exist-index-range,7.0.0-SNAPSHOT,org.codelibs,nekohtml,2.1.3,false,
Maven,org.exist-db,exist-index-range,7.0.0-SNAPSHOT,org.apache.ws.commons.util,ws-commons-util,1.0.2,false,
Maven,org.exist-db,exist-index-range,7.0.0-SNAPSHOT,xml-resolver,xml-resolver,1.2,false,
Maven,org.exist-db,exist-index-range,7.0.0-SNAPSHOT,org.xmlresolver,xmlresolver,6.0.23,false,
Maven,org.exist-db,exist-index-range,7.0.0-SNAPSHOT,org.exist-db.thirdparty.org.eclipse.wst.xml,xpath2,1.2.0,false,
Maven,org.exist-db,exist-index-range,7.0.0-SNAPSHOT,edu.princeton.cup,java-cup,10k,false,
Maven,org.exist-db,exist-index-range,7.0.0-SNAPSHOT,net.sf.saxon,Saxon-HE,9.9.1-8,false,
Maven,org.exist-db,exist-index-range,7.0.0-SNAPSHOT,org.exist-db,exist-saxon-regex,9.4.0-9.e1,false,
Maven,org.exist-db,exist-index-range,7.0.0-SNAPSHOT,com.evolvedbinary.thirdparty.org.apache.xmlrpc,xmlrpc-common,5.0.0,false,
Maven,org.exist-db,exist-index-range,7.0.0-SNAPSHOT,com.evolvedbinary.thirdparty.org.apache.xmlrpc,xmlrpc-client,5.0.0,false,
Maven,org.exist-db,exist-index-range,7.0.0-SNAPSHOT,com.evolvedbinary.thirdparty.org.apache.xmlrpc,xmlrpc-server,5.0.0,false,
Maven,org.exist-db,exist-index-range,7.0.0-SNAPSHOT,org.aspectj,aspectjrt,1.9.25.1,false,
Maven,org.exist-db,exist-index-range,7.0.0-SNAPSHOT,org.eclipse.jetty,jetty-http,12.0.35,false,
Maven,org.exist-db,exist-index-range,7.0.0-SNAPSHOT,org.eclipse.jetty,jetty-io,12.0.35,false,
Maven,org.exist-db,exist-index-range,7.0.0-SNAPSHOT,org.eclipse.jetty,jetty-security,12.0.35,false,
Maven,org.exist-db,exist-index-range,7.0.0-SNAPSHOT,org.eclipse.jetty,jetty-server,12.0.35,false,
Maven,org.exist-db,exist-index-range,7.0.0-SNAPSHOT,org.eclipse.jetty,jetty-util,12.0.35,false,
Maven,org.exist-db,exist-index-range,7.0.0-SNAPSHOT,org.expath.packaging,pkg-java,2.0.1,false,
Maven,org.exist-db,exist-index-range,7.0.0-SNAPSHOT,com.fifesoft,rsyntaxtextarea,3.6.2,false,
Maven,org.exist-db,exist-index-range,7.0.0-SNAPSHOT,org.quartz-scheduler,quartz,2.5.2,false,
Maven,org.exist-db,exist-index-range,7.0.0-SNAPSHOT,net.sf.xmldb-org,xmldb-api,2.0.0,false,
Maven,org.exist-db,exist-index-range,7.0.0-SNAPSHOT,it.unimi.dsi,fastutil,8.5.18,false,
Maven,org.exist-db,exist-index-range,7.0.0-SNAPSHOT,io.lacuna,bifurcan,0.2.0-rc1,false,
Maven,org.exist-db,exist-index-range,7.0.0-SNAPSHOT,org.apache.ant,ant,1.10.17,false,
Maven,org.exist-db,exist-index-range,7.0.0-SNAPSHOT,org.apache.ant,ant-launcher,1.10.17,false,
Maven,org.exist-db,exist-index-range,7.0.0-SNAPSHOT,org.jgrapht,jgrapht-core,1.5.3,false,
Maven,org.exist-db,exist-index-range,7.0.0-SNAPSHOT,org.jheaps,jheaps,0.14,false,
Maven,org.exist-db,exist-index-range,7.0.0-SNAPSHOT,org.apfloat,apfloat,1.14.0,false,
Maven,org.exist-db,exist-index-range,7.0.0-SNAPSHOT,org.jgrapht,jgrapht-opt,1.5.3,false,
Maven,org.exist-db,exist-index-range,7.0.0-SNAPSHOT,org.hamcrest,hamcrest,3.0,false,
Maven,org.exist-db,exist-index-range,7.0.0-SNAPSHOT,org.xmlunit,xmlunit-core,2.11.0,false,
Maven,org.exist-db,exist-index-range,7.0.0-SNAPSHOT,org.eclipse.jetty.ee10,jetty-ee10-annotations,12.0.35,false,
Maven,org.exist-db,exist-index-range,7.0.0-SNAPSHOT,jakarta.annotation,jakarta.annotation-api,2.1.1,false,
Maven,org.exist-db,exist-index-range,7.0.0-SNAPSHOT,org.eclipse.jetty.ee10,jetty-ee10-plus,12.0.35,false,
Maven,org.exist-db,exist-index-range,7.0.0-SNAPSHOT,jakarta.enterprise,jakarta.enterprise.cdi-api,4.0.1,false,
Maven,org.exist-db,exist-index-range,7.0.0-SNAPSHOT,jakarta.el,jakarta.el-api,5.0.0,false,
Maven,org.exist-db,exist-index-range,7.0.0-SNAPSHOT,jakarta.inject,jakarta.inject-api,2.0.1,false,
Maven,org.exist-db,exist-index-range,7.0.0-SNAPSHOT,jakarta.enterprise,jakarta.enterprise.lang-model,4.0.1,false,
Maven,org.exist-db,exist-index-range,7.0.0-SNAPSHOT,jakarta.interceptor,jakarta.interceptor-api,2.1.0,false,
Maven,org.exist-db,exist-index-range,7.0.0-SNAPSHOT,jakarta.transaction,jakarta.transaction-api,2.0.1,false,
Maven,org.exist-db,exist-index-range,7.0.0-SNAPSHOT,org.eclipse.jetty,jetty-jndi,12.0.35,false,
Maven,org.exist-db,exist-index-range,7.0.0-SNAPSHOT,org.eclipse.jetty,jetty-plus,12.0.35,false,
Maven,org.exist-db,exist-index-range,7.0.0-SNAPSHOT,org.ow2.asm,asm-commons,9.9.1,false,
Maven,org.exist-db,exist-index-range,7.0.0-SNAPSHOT,org.ow2.asm,asm-tree,9.9.1,false,
Maven,org.exist-db,exist-index-range,7.0.0-SNAPSHOT,org.eclipse.jetty.ee10,jetty-ee10-servlet,12.0.35,false,
Maven,org.exist-db,exist-index-range,7.0.0-SNAPSHOT,org.eclipse.jetty,jetty-session,12.0.35,false,
Maven,org.exist-db,exist-index-range,7.0.0-SNAPSHOT,org.eclipse.jetty.ee10,jetty-ee10-webapp,12.0.35,false,
Maven,org.exist-db,exist-index-range,7.0.0-SNAPSHOT,org.eclipse.jetty,jetty-ee,12.0.35,false,
Maven,org.exist-db,exist-index-range,7.0.0-SNAPSHOT,org.eclipse.jetty,jetty-xml,12.0.35,false,
Maven,org.exist-db,exist-index-range,7.0.0-SNAPSHOT,org.eclipse.jetty.ee10.websocket,jetty-ee10-websocket-jakarta-server,12.0.35,false,
Maven,org.exist-db,exist-index-range,7.0.0-SNAPSHOT,jakarta.websocket,jakarta.websocket-api,2.2.0,false,
Maven,org.exist-db,exist-index-range,7.0.0-SNAPSHOT,org.eclipse.jetty.ee10.websocket,jetty-ee10-websocket-jakarta-client,12.0.35,false,
Maven,org.exist-db,exist-index-range,7.0.0-SNAPSHOT,jakarta.websocket,jakarta.websocket-client-api,2.2.0,false,
Maven,org.exist-db,exist-index-range,7.0.0-SNAPSHOT,org.eclipse.jetty,jetty-client,12.0.35,false,
Maven,org.exist-db,exist-index-range,7.0.0-SNAPSHOT,org.eclipse.jetty,jetty-alpn-client,12.0.35,false,
Maven,org.exist-db,exist-index-range,7.0.0-SNAPSHOT,org.eclipse.jetty.ee10.websocket,jetty-ee10-websocket-jakarta-common,12.0.35,false,
Maven,org.exist-db,exist-index-range,7.0.0-SNAPSHOT,org.eclipse.jetty.websocket,jetty-websocket-core-client,12.0.35,false,
Maven,org.exist-db,exist-index-range,7.0.0-SNAPSHOT,org.eclipse.jetty.websocket,jetty-websocket-core-common,12.0.35,false,
Maven,org.exist-db,exist-index-range,7.0.0-SNAPSHOT,org.eclipse.jetty.ee10.websocket,jetty-ee10-websocket-servlet,12.0.35,false,
Maven,org.exist-db,exist-index-range,7.0.0-SNAPSHOT,org.eclipse.jetty.websocket,jetty-websocket-core-server,12.0.35,false,
Maven,org.exist-db,exist-index-range,7.0.0-SNAPSHOT,org.exist-db,exist-index-lucene,7.0.0-SNAPSHOT,true,
Maven,org.exist-db,exist-index-range,7.0.0-SNAPSHOT,org.apache.commons,commons-collections4,4.5.0,false,
Maven,org.exist-db,exist-index-range,7.0.0-SNAPSHOT,org.apache.lucene,lucene-queries,10.4.0,false,
Maven,org.exist-db,exist-index-range,7.0.0-SNAPSHOT,org.apache.logging.log4j,log4j-api,2.26.0,true,
Maven,org.exist-db,exist-index-range,7.0.0-SNAPSHOT,org.apache.lucene,lucene-core,10.4.0,true,
Maven,org.exist-db,exist-index-range,7.0.0-SNAPSHOT,org.apache.lucene,lucene-analysis-common,10.4.0,true,
Maven,org.exist-db,exist-index-range,7.0.0-SNAPSHOT,org.apache.lucene,lucene-analysis-icu,10.4.0,true,
Maven,org.exist-db,exist-index-range,7.0.0-SNAPSHOT,com.ibm.icu,icu4j,76.1,true,
Maven,org.exist-db,exist-index-range,7.0.0-SNAPSHOT,com.evolvedbinary.j8fu,j8fu,1.24.0,true,
Maven,org.exist-db,exist-index-range,7.0.0-SNAPSHOT,org.apache.lucene,lucene-facet,10.4.0,true,
Maven,org.exist-db,exist-index-range,7.0.0-SNAPSHOT,org.apache.lucene,lucene-queryparser,10.4.0,true,
Maven,org.exist-db,exist-index-range,7.0.0-SNAPSHOT,org.apache.lucene,lucene-sandbox,10.4.0,false,
Maven,org.exist-db,exist-index-range,7.0.0-SNAPSHOT,com.google.code.findbugs,jsr305,3.0.2,true,
Maven,org.exist-db,exist-index-range,7.0.0-SNAPSHOT,junit,junit,4.13.2,true,
Maven,org.exist-db,exist-index-range,7.0.0-SNAPSHOT,org.easymock,easymock,5.6.0,true,
Maven,org.exist-db,exist-index-range,7.0.0-SNAPSHOT,org.ow2.asm,asm,9.8,false,
Maven,org.exist-db,exist-index-range,7.0.0-SNAPSHOT,io.github.hakky54,logcaptor,2.12.6,true,
Maven,org.exist-db,exist-index-range,7.0.0-SNAPSHOT,org.slf4j,slf4j-api,2.0.18,false,
Maven,org.exist-db,exist-index-range,7.0.0-SNAPSHOT,ch.qos.logback,logback-classic,1.3.15,false,
Maven,org.exist-db,exist-index-range,7.0.0-SNAPSHOT,ch.qos.logback,logback-core,1.3.15,false,
Maven,org.exist-db,exist-index-range,7.0.0-SNAPSHOT,org.apache.logging.log4j,log4j-to-slf4j,2.25.3,false,
Maven,org.exist-db,exist-index-range,7.0.0-SNAPSHOT,org.slf4j,jul-to-slf4j,2.0.17,false,
Maven,org.exist-db,exist-index-sort,7.0.0-SNAPSHOT,org.exist-db,exist-core,7.0.0-SNAPSHOT,true,
Maven,org.exist-db,exist-index-sort,7.0.0-SNAPSHOT,net.jcip,jcip-annotations,1.0,false,
Maven,org.exist-db,exist-index-sort,7.0.0-SNAPSHOT,antlr,antlr,2.7.7,false,
Maven,org.exist-db,exist-index-sort,7.0.0-SNAPSHOT,com.fasterxml.jackson.core,jackson-core,2.21.3,false,
Maven,org.exist-db,exist-index-sort,7.0.0-SNAPSHOT,com.evolvedbinary.multilock,multilock,1.0.1,false,
Maven,org.exist-db,exist-index-sort,7.0.0-SNAPSHOT,com.github.ben-manes.caffeine,caffeine,3.2.4,false,
Maven,org.exist-db,exist-index-sort,7.0.0-SNAPSHOT,org.jspecify,jspecify,1.0.0,false,
Maven,org.exist-db,exist-index-sort,7.0.0-SNAPSHOT,com.google.errorprone,error_prone_annotations,2.49.0,false,
Maven,org.exist-db,exist-index-sort,7.0.0-SNAPSHOT,com.github.krukow,clj-ds,0.0.4,false,
Maven,org.exist-db,exist-index-sort,7.0.0-SNAPSHOT,com.siemens.ct.exi,exificient,1.0.7,false,
Maven,org.exist-db,exist-index-sort,7.0.0-SNAPSHOT,org.slf4j,slf4j-api,2.0.18,false,
Maven,org.exist-db,exist-index-sort,7.0.0-SNAPSHOT,xmlpull,xmlpull,1.1.3.1,false,
Maven,org.exist-db,exist-index-sort,7.0.0-SNAPSHOT,javax.activation,activation,1.1.1,false,
Maven,org.exist-db,exist-index-sort,7.0.0-SNAPSHOT,com.siemens.ct.exi,exificient-grammars,1.0.7,false,
Maven,org.exist-db,exist-index-sort,7.0.0-SNAPSHOT,com.siemens.ct.exi,exificient-core,1.0.7,false,
Maven,org.exist-db,exist-index-sort,7.0.0-SNAPSHOT,com.ibm.icu,icu4j,76.1,false,
Maven,org.exist-db,exist-index-sort,7.0.0-SNAPSHOT,com.google.code.findbugs,jsr305,3.0.2,false,
Maven,org.exist-db,exist-index-sort,7.0.0-SNAPSHOT,org.relaxng,jing,20241231,false,
Maven,org.exist-db,exist-index-sort,7.0.0-SNAPSHOT,isorelax,isorelax,20030108,false,
Maven,org.exist-db,exist-index-sort,7.0.0-SNAPSHOT,org.exist-db,exist-start,7.0.0-SNAPSHOT,false,
Maven,org.exist-db,exist-index-sort,7.0.0-SNAPSHOT,org.exquery,exquery-common,0.2.1,false,
Maven,org.exist-db,exist-index-sort,7.0.0-SNAPSHOT,org.bouncycastle,bcprov-jdk18on,1.84,false,
Maven,org.exist-db,exist-index-sort,7.0.0-SNAPSHOT,at.yawk.lz4,lz4-java,1.11.0,false,
Maven,org.exist-db,exist-index-sort,7.0.0-SNAPSHOT,com.evolvedbinary.j8fu,j8fu,1.24.0,false,
Maven,org.exist-db,exist-index-sort,7.0.0-SNAPSHOT,com.fasterxml.uuid,java-uuid-generator,5.2.0,false,
Maven,org.exist-db,exist-index-sort,7.0.0-SNAPSHOT,jakarta.servlet,jakarta.servlet-api,6.0.0,false,
Maven,org.exist-db,exist-index-sort,7.0.0-SNAPSHOT,jakarta.xml.bind,jakarta.xml.bind-api,4.0.5,false,
Maven,org.exist-db,exist-index-sort,7.0.0-SNAPSHOT,jakarta.activation,jakarta.activation-api,2.1.4,false,
Maven,org.exist-db,exist-index-sort,7.0.0-SNAPSHOT,org.eclipse.angus,angus-activation,2.0.3,false,
Maven,org.exist-db,exist-index-sort,7.0.0-SNAPSHOT,org.glassfish.jaxb,jaxb-runtime,4.0.2,false,
Maven,org.exist-db,exist-index-sort,7.0.0-SNAPSHOT,org.glassfish.jaxb,jaxb-core,4.0.2,false,
Maven,org.exist-db,exist-index-sort,7.0.0-SNAPSHOT,org.glassfish.jaxb,txw2,4.0.2,false,
Maven,org.exist-db,exist-index-sort,7.0.0-SNAPSHOT,com.sun.istack,istack-commons-runtime,4.1.1,false,
Maven,org.exist-db,exist-index-sort,7.0.0-SNAPSHOT,org.exist-db.thirdparty.javax.xml.xquery,xqjri,20080114-133351,false,
Maven,org.exist-db,exist-index-sort,7.0.0-SNAPSHOT,org.jline,jline,4.1.0,false,
Maven,org.exist-db,exist-index-sort,7.0.0-SNAPSHOT,org.jline,jansi,4.1.0,false,
Maven,org.exist-db,exist-index-sort,7.0.0-SNAPSHOT,net.bytebuddy,byte-buddy,1.18.8,false,
Maven,org.exist-db,exist-index-sort,7.0.0-SNAPSHOT,se.softhouse,jargo,0.4.14,false,
Maven,org.exist-db,exist-index-sort,7.0.0-SNAPSHOT,commons-codec,commons-codec,1.22.0,false,
Maven,org.exist-db,exist-index-sort,7.0.0-SNAPSHOT,commons-io,commons-io,2.22.0,false,
Maven,org.exist-db,exist-index-sort,7.0.0-SNAPSHOT,org.apache.commons,commons-lang3,3.20.0,false,
Maven,org.exist-db,exist-index-sort,7.0.0-SNAPSHOT,commons-logging,commons-logging,1.3.6,false,
Maven,org.exist-db,exist-index-sort,7.0.0-SNAPSHOT,org.apache.commons,commons-pool2,2.13.1,false,
Maven,org.exist-db,exist-index-sort,7.0.0-SNAPSHOT,org.apache.logging.log4j,log4j-core,2.26.0,false,
Maven,org.exist-db,exist-index-sort,7.0.0-SNAPSHOT,org.apache.logging.log4j,log4j-jcl,2.26.0,false,
Maven,org.exist-db,exist-index-sort,7.0.0-SNAPSHOT,org.apache.logging.log4j,log4j-jul,2.26.0,false,
Maven,org.exist-db,exist-index-sort,7.0.0-SNAPSHOT,org.apache.logging.log4j,log4j-slf4j2-impl,2.26.0,false,
Maven,org.exist-db,exist-index-sort,7.0.0-SNAPSHOT,org.exist-db.thirdparty.xerces,xercesImpl,2.12.2,false,
Maven,org.exist-db,exist-index-sort,7.0.0-SNAPSHOT,org.codelibs,nekohtml,2.1.3,false,
Maven,org.exist-db,exist-index-sort,7.0.0-SNAPSHOT,org.apache.ws.commons.util,ws-commons-util,1.0.2,false,
Maven,org.exist-db,exist-index-sort,7.0.0-SNAPSHOT,xml-resolver,xml-resolver,1.2,false,
Maven,org.exist-db,exist-index-sort,7.0.0-SNAPSHOT,org.xmlresolver,xmlresolver,6.0.23,false,
Maven,org.exist-db,exist-index-sort,7.0.0-SNAPSHOT,org.exist-db.thirdparty.org.eclipse.wst.xml,xpath2,1.2.0,false,
Maven,org.exist-db,exist-index-sort,7.0.0-SNAPSHOT,edu.princeton.cup,java-cup,10k,false,
Maven,org.exist-db,exist-index-sort,7.0.0-SNAPSHOT,net.sf.saxon,Saxon-HE,9.9.1-8,false,
Maven,org.exist-db,exist-index-sort,7.0.0-SNAPSHOT,org.exist-db,exist-saxon-regex,9.4.0-9.e1,false,
Maven,org.exist-db,exist-index-sort,7.0.0-SNAPSHOT,com.evolvedbinary.thirdparty.org.apache.xmlrpc,xmlrpc-common,5.0.0,false,
Maven,org.exist-db,exist-index-sort,7.0.0-SNAPSHOT,com.evolvedbinary.thirdparty.org.apache.xmlrpc,xmlrpc-client,5.0.0,false,
Maven,org.exist-db,exist-index-sort,7.0.0-SNAPSHOT,com.evolvedbinary.thirdparty.org.apache.xmlrpc,xmlrpc-server,5.0.0,false,
Maven,org.exist-db,exist-index-sort,7.0.0-SNAPSHOT,org.aspectj,aspectjrt,1.9.25.1,false,
Maven,org.exist-db,exist-index-sort,7.0.0-SNAPSHOT,org.eclipse.jetty,jetty-http,12.0.35,false,
Maven,org.exist-db,exist-index-sort,7.0.0-SNAPSHOT,org.eclipse.jetty,jetty-io,12.0.35,false,
Maven,org.exist-db,exist-index-sort,7.0.0-SNAPSHOT,org.eclipse.jetty,jetty-security,12.0.35,false,
Maven,org.exist-db,exist-index-sort,7.0.0-SNAPSHOT,org.eclipse.jetty,jetty-server,12.0.35,false,
Maven,org.exist-db,exist-index-sort,7.0.0-SNAPSHOT,org.eclipse.jetty,jetty-util,12.0.35,false,
Maven,org.exist-db,exist-index-sort,7.0.0-SNAPSHOT,org.expath.packaging,pkg-java,2.0.1,false,
Maven,org.exist-db,exist-index-sort,7.0.0-SNAPSHOT,com.fifesoft,rsyntaxtextarea,3.6.2,false,
Maven,org.exist-db,exist-index-sort,7.0.0-SNAPSHOT,org.quartz-scheduler,quartz,2.5.2,false,
Maven,org.exist-db,exist-index-sort,7.0.0-SNAPSHOT,net.sf.xmldb-org,xmldb-api,2.0.0,false,
Maven,org.exist-db,exist-index-sort,7.0.0-SNAPSHOT,it.unimi.dsi,fastutil,8.5.18,false,
Maven,org.exist-db,exist-index-sort,7.0.0-SNAPSHOT,io.lacuna,bifurcan,0.2.0-rc1,false,
Maven,org.exist-db,exist-index-sort,7.0.0-SNAPSHOT,org.apache.ant,ant,1.10.17,false,
Maven,org.exist-db,exist-index-sort,7.0.0-SNAPSHOT,org.apache.ant,ant-launcher,1.10.17,false,
Maven,org.exist-db,exist-index-sort,7.0.0-SNAPSHOT,org.jgrapht,jgrapht-core,1.5.3,false,
Maven,org.exist-db,exist-index-sort,7.0.0-SNAPSHOT,org.jheaps,jheaps,0.14,false,
Maven,org.exist-db,exist-index-sort,7.0.0-SNAPSHOT,org.apfloat,apfloat,1.14.0,false,
Maven,org.exist-db,exist-index-sort,7.0.0-SNAPSHOT,org.jgrapht,jgrapht-opt,1.5.3,false,
Maven,org.exist-db,exist-index-sort,7.0.0-SNAPSHOT,org.hamcrest,hamcrest,3.0,false,
Maven,org.exist-db,exist-index-sort,7.0.0-SNAPSHOT,org.xmlunit,xmlunit-core,2.11.0,false,
Maven,org.exist-db,exist-index-sort,7.0.0-SNAPSHOT,org.eclipse.jetty.ee10,jetty-ee10-annotations,12.0.35,false,
Maven,org.exist-db,exist-index-sort,7.0.0-SNAPSHOT,jakarta.annotation,jakarta.annotation-api,2.1.1,false,
Maven,org.exist-db,exist-index-sort,7.0.0-SNAPSHOT,org.eclipse.jetty.ee10,jetty-ee10-plus,12.0.35,false,
Maven,org.exist-db,exist-index-sort,7.0.0-SNAPSHOT,jakarta.enterprise,jakarta.enterprise.cdi-api,4.0.1,false,
Maven,org.exist-db,exist-index-sort,7.0.0-SNAPSHOT,jakarta.el,jakarta.el-api,5.0.0,false,
Maven,org.exist-db,exist-index-sort,7.0.0-SNAPSHOT,jakarta.inject,jakarta.inject-api,2.0.1,false,
Maven,org.exist-db,exist-index-sort,7.0.0-SNAPSHOT,jakarta.enterprise,jakarta.enterprise.lang-model,4.0.1,false,
Maven,org.exist-db,exist-index-sort,7.0.0-SNAPSHOT,jakarta.interceptor,jakarta.interceptor-api,2.1.0,false,
Maven,org.exist-db,exist-index-sort,7.0.0-SNAPSHOT,jakarta.transaction,jakarta.transaction-api,2.0.1,false,
Maven,org.exist-db,exist-index-sort,7.0.0-SNAPSHOT,org.eclipse.jetty,jetty-jndi,12.0.35,false,
Maven,org.exist-db,exist-index-sort,7.0.0-SNAPSHOT,org.eclipse.jetty,jetty-plus,12.0.35,false,
Maven,org.exist-db,exist-index-sort,7.0.0-SNAPSHOT,org.ow2.asm,asm,9.9.1,false,
Maven,org.exist-db,exist-index-sort,7.0.0-SNAPSHOT,org.ow2.asm,asm-commons,9.9.1,false,
Maven,org.exist-db,exist-index-sort,7.0.0-SNAPSHOT,org.ow2.asm,asm-tree,9.9.1,false,
Maven,org.exist-db,exist-index-sort,7.0.0-SNAPSHOT,org.eclipse.jetty.ee10,jetty-ee10-servlet,12.0.35,false,
Maven,org.exist-db,exist-index-sort,7.0.0-SNAPSHOT,org.eclipse.jetty,jetty-session,12.0.35,false,
Maven,org.exist-db,exist-index-sort,7.0.0-SNAPSHOT,org.eclipse.jetty.ee10,jetty-ee10-webapp,12.0.35,false,
Maven,org.exist-db,exist-index-sort,7.0.0-SNAPSHOT,org.eclipse.jetty,jetty-ee,12.0.35,false,
Maven,org.exist-db,exist-index-sort,7.0.0-SNAPSHOT,org.eclipse.jetty,jetty-xml,12.0.35,false,
Maven,org.exist-db,exist-index-sort,7.0.0-SNAPSHOT,org.eclipse.jetty.ee10.websocket,jetty-ee10-websocket-jakarta-server,12.0.35,false,
Maven,org.exist-db,exist-index-sort,7.0.0-SNAPSHOT,jakarta.websocket,jakarta.websocket-api,2.2.0,false,
Maven,org.exist-db,exist-index-sort,7.0.0-SNAPSHOT,org.eclipse.jetty.ee10.websocket,jetty-ee10-websocket-jakarta-client,12.0.35,false,
Maven,org.exist-db,exist-index-sort,7.0.0-SNAPSHOT,jakarta.websocket,jakarta.websocket-client-api,2.2.0,false,
Maven,org.exist-db,exist-index-sort,7.0.0-SNAPSHOT,org.eclipse.jetty,jetty-client,12.0.35,false,
Maven,org.exist-db,exist-index-sort,7.0.0-SNAPSHOT,org.eclipse.jetty,jetty-alpn-client,12.0.35,false,
Maven,org.exist-db,exist-index-sort,7.0.0-SNAPSHOT,org.eclipse.jetty.ee10.websocket,jetty-ee10-websocket-jakarta-common,12.0.35,false,
Maven,org.exist-db,exist-index-sort,7.0.0-SNAPSHOT,org.eclipse.jetty.websocket,jetty-websocket-core-client,12.0.35,false,
Maven,org.exist-db,exist-index-sort,7.0.0-SNAPSHOT,org.eclipse.jetty.websocket,jetty-websocket-core-common,12.0.35,false,
Maven,org.exist-db,exist-index-sort,7.0.0-SNAPSHOT,org.eclipse.jetty.ee10.websocket,jetty-ee10-websocket-servlet,12.0.35,false,
Maven,org.exist-db,exist-index-sort,7.0.0-SNAPSHOT,org.eclipse.jetty.websocket,jetty-websocket-core-server,12.0.35,false,
Maven,org.exist-db,exist-index-sort,7.0.0-SNAPSHOT,org.apache.logging.log4j,log4j-api,2.26.0,true,
Maven,org.exist-db,exist-index-sort,7.0.0-SNAPSHOT,junit,junit,4.13.2,true,
Maven,org.exist-db,exist-index-spatial,7.0.0-SNAPSHOT,org.exist-db,exist-core,7.0.0-SNAPSHOT,true,
Maven,org.exist-db,exist-index-spatial,7.0.0-SNAPSHOT,net.jcip,jcip-annotations,1.0,false,
Maven,org.exist-db,exist-index-spatial,7.0.0-SNAPSHOT,antlr,antlr,2.7.7,false,
Maven,org.exist-db,exist-index-spatial,7.0.0-SNAPSHOT,com.fasterxml.jackson.core,jackson-core,2.21.3,false,
Maven,org.exist-db,exist-index-spatial,7.0.0-SNAPSHOT,com.evolvedbinary.multilock,multilock,1.0.1,false,
Maven,org.exist-db,exist-index-spatial,7.0.0-SNAPSHOT,com.github.ben-manes.caffeine,caffeine,3.2.4,false,
Maven,org.exist-db,exist-index-spatial,7.0.0-SNAPSHOT,org.jspecify,jspecify,1.0.0,false,
Maven,org.exist-db,exist-index-spatial,7.0.0-SNAPSHOT,com.google.errorprone,error_prone_annotations,2.49.0,false,
Maven,org.exist-db,exist-index-spatial,7.0.0-SNAPSHOT,com.github.krukow,clj-ds,0.0.4,false,
Maven,org.exist-db,exist-index-spatial,7.0.0-SNAPSHOT,com.siemens.ct.exi,exificient,1.0.7,false,
Maven,org.exist-db,exist-index-spatial,7.0.0-SNAPSHOT,org.slf4j,slf4j-api,2.0.18,false,
Maven,org.exist-db,exist-index-spatial,7.0.0-SNAPSHOT,xmlpull,xmlpull,1.1.3.1,false,
Maven,org.exist-db,exist-index-spatial,7.0.0-SNAPSHOT,javax.activation,activation,1.1.1,false,
Maven,org.exist-db,exist-index-spatial,7.0.0-SNAPSHOT,com.siemens.ct.exi,exificient-grammars,1.0.7,false,
Maven,org.exist-db,exist-index-spatial,7.0.0-SNAPSHOT,com.siemens.ct.exi,exificient-core,1.0.7,false,
Maven,org.exist-db,exist-index-spatial,7.0.0-SNAPSHOT,com.ibm.icu,icu4j,76.1,false,
Maven,org.exist-db,exist-index-spatial,7.0.0-SNAPSHOT,com.google.code.findbugs,jsr305,3.0.2,false,
Maven,org.exist-db,exist-index-spatial,7.0.0-SNAPSHOT,org.relaxng,jing,20241231,false,
Maven,org.exist-db,exist-index-spatial,7.0.0-SNAPSHOT,isorelax,isorelax,20030108,false,
Maven,org.exist-db,exist-index-spatial,7.0.0-SNAPSHOT,org.exist-db,exist-start,7.0.0-SNAPSHOT,false,
Maven,org.exist-db,exist-index-spatial,7.0.0-SNAPSHOT,org.exquery,exquery-common,0.2.1,false,
Maven,org.exist-db,exist-index-spatial,7.0.0-SNAPSHOT,org.bouncycastle,bcprov-jdk18on,1.84,false,
Maven,org.exist-db,exist-index-spatial,7.0.0-SNAPSHOT,at.yawk.lz4,lz4-java,1.11.0,false,
Maven,org.exist-db,exist-index-spatial,7.0.0-SNAPSHOT,com.evolvedbinary.j8fu,j8fu,1.24.0,false,
Maven,org.exist-db,exist-index-spatial,7.0.0-SNAPSHOT,com.fasterxml.uuid,java-uuid-generator,5.2.0,false,
Maven,org.exist-db,exist-index-spatial,7.0.0-SNAPSHOT,jakarta.servlet,jakarta.servlet-api,6.0.0,false,
Maven,org.exist-db,exist-index-spatial,7.0.0-SNAPSHOT,jakarta.xml.bind,jakarta.xml.bind-api,4.0.5,false,
Maven,org.exist-db,exist-index-spatial,7.0.0-SNAPSHOT,jakarta.activation,jakarta.activation-api,2.1.4,false,
Maven,org.exist-db,exist-index-spatial,7.0.0-SNAPSHOT,org.eclipse.angus,angus-activation,2.0.3,false,
Maven,org.exist-db,exist-index-spatial,7.0.0-SNAPSHOT,org.glassfish.jaxb,jaxb-runtime,4.0.2,false,
Maven,org.exist-db,exist-index-spatial,7.0.0-SNAPSHOT,org.glassfish.jaxb,jaxb-core,4.0.2,false,
Maven,org.exist-db,exist-index-spatial,7.0.0-SNAPSHOT,org.glassfish.jaxb,txw2,4.0.2,false,
Maven,org.exist-db,exist-index-spatial,7.0.0-SNAPSHOT,com.sun.istack,istack-commons-runtime,4.1.1,false,
Maven,org.exist-db,exist-index-spatial,7.0.0-SNAPSHOT,org.exist-db.thirdparty.javax.xml.xquery,xqjri,20080114-133351,false,
Maven,org.exist-db,exist-index-spatial,7.0.0-SNAPSHOT,org.jline,jline,4.1.0,false,
Maven,org.exist-db,exist-index-spatial,7.0.0-SNAPSHOT,org.jline,jansi,4.1.0,false,
Maven,org.exist-db,exist-index-spatial,7.0.0-SNAPSHOT,net.bytebuddy,byte-buddy,1.18.8,false,
Maven,org.exist-db,exist-index-spatial,7.0.0-SNAPSHOT,se.softhouse,jargo,0.4.14,false,
Maven,org.exist-db,exist-index-spatial,7.0.0-SNAPSHOT,commons-codec,commons-codec,1.22.0,false,
Maven,org.exist-db,exist-index-spatial,7.0.0-SNAPSHOT,org.apache.commons,commons-lang3,3.20.0,false,
Maven,org.exist-db,exist-index-spatial,7.0.0-SNAPSHOT,commons-logging,commons-logging,1.3.6,false,
Maven,org.exist-db,exist-index-spatial,7.0.0-SNAPSHOT,org.apache.commons,commons-pool2,2.13.1,false,
Maven,org.exist-db,exist-index-spatial,7.0.0-SNAPSHOT,org.apache.logging.log4j,log4j-core,2.26.0,false,
Maven,org.exist-db,exist-index-spatial,7.0.0-SNAPSHOT,org.apache.logging.log4j,log4j-jcl,2.26.0,false,
Maven,org.exist-db,exist-index-spatial,7.0.0-SNAPSHOT,org.apache.logging.log4j,log4j-jul,2.26.0,false,
Maven,org.exist-db,exist-index-spatial,7.0.0-SNAPSHOT,org.apache.logging.log4j,log4j-slf4j2-impl,2.26.0,false,
Maven,org.exist-db,exist-index-spatial,7.0.0-SNAPSHOT,org.exist-db.thirdparty.xerces,xercesImpl,2.12.2,false,
Maven,org.exist-db,exist-index-spatial,7.0.0-SNAPSHOT,org.codelibs,nekohtml,2.1.3,false,
Maven,org.exist-db,exist-index-spatial,7.0.0-SNAPSHOT,org.apache.ws.commons.util,ws-commons-util,1.0.2,false,
Maven,org.exist-db,exist-index-spatial,7.0.0-SNAPSHOT,xml-resolver,xml-resolver,1.2,false,
Maven,org.exist-db,exist-index-spatial,7.0.0-SNAPSHOT,org.xmlresolver,xmlresolver,6.0.23,false,
Maven,org.exist-db,exist-index-spatial,7.0.0-SNAPSHOT,org.exist-db.thirdparty.org.eclipse.wst.xml,xpath2,1.2.0,false,
Maven,org.exist-db,exist-index-spatial,7.0.0-SNAPSHOT,edu.princeton.cup,java-cup,10k,false,
Maven,org.exist-db,exist-index-spatial,7.0.0-SNAPSHOT,net.sf.saxon,Saxon-HE,9.9.1-8,false,
Maven,org.exist-db,exist-index-spatial,7.0.0-SNAPSHOT,org.exist-db,exist-saxon-regex,9.4.0-9.e1,false,
Maven,org.exist-db,exist-index-spatial,7.0.0-SNAPSHOT,com.evolvedbinary.thirdparty.org.apache.xmlrpc,xmlrpc-common,5.0.0,false,
Maven,org.exist-db,exist-index-spatial,7.0.0-SNAPSHOT,com.evolvedbinary.thirdparty.org.apache.xmlrpc,xmlrpc-client,5.0.0,false,
Maven,org.exist-db,exist-index-spatial,7.0.0-SNAPSHOT,com.evolvedbinary.thirdparty.org.apache.xmlrpc,xmlrpc-server,5.0.0,false,
Maven,org.exist-db,exist-index-spatial,7.0.0-SNAPSHOT,org.aspectj,aspectjrt,1.9.25.1,false,
Maven,org.exist-db,exist-index-spatial,7.0.0-SNAPSHOT,org.eclipse.jetty,jetty-http,12.0.35,false,
Maven,org.exist-db,exist-index-spatial,7.0.0-SNAPSHOT,org.eclipse.jetty,jetty-io,12.0.35,false,
Maven,org.exist-db,exist-index-spatial,7.0.0-SNAPSHOT,org.eclipse.jetty,jetty-security,12.0.35,false,
Maven,org.exist-db,exist-index-spatial,7.0.0-SNAPSHOT,org.eclipse.jetty,jetty-server,12.0.35,false,
Maven,org.exist-db,exist-index-spatial,7.0.0-SNAPSHOT,org.eclipse.jetty,jetty-util,12.0.35,false,
Maven,org.exist-db,exist-index-spatial,7.0.0-SNAPSHOT,org.expath.packaging,pkg-java,2.0.1,false,
Maven,org.exist-db,exist-index-spatial,7.0.0-SNAPSHOT,com.fifesoft,rsyntaxtextarea,3.6.2,false,
Maven,org.exist-db,exist-index-spatial,7.0.0-SNAPSHOT,org.quartz-scheduler,quartz,2.5.2,false,
Maven,org.exist-db,exist-index-spatial,7.0.0-SNAPSHOT,net.sf.xmldb-org,xmldb-api,2.0.0,false,
Maven,org.exist-db,exist-index-spatial,7.0.0-SNAPSHOT,it.unimi.dsi,fastutil,8.5.18,false,
Maven,org.exist-db,exist-index-spatial,7.0.0-SNAPSHOT,io.lacuna,bifurcan,0.2.0-rc1,false,
Maven,org.exist-db,exist-index-spatial,7.0.0-SNAPSHOT,org.apache.ant,ant,1.10.17,false,
Maven,org.exist-db,exist-index-spatial,7.0.0-SNAPSHOT,org.apache.ant,ant-launcher,1.10.17,false,
Maven,org.exist-db,exist-index-spatial,7.0.0-SNAPSHOT,org.jgrapht,jgrapht-core,1.5.3,false,
Maven,org.exist-db,exist-index-spatial,7.0.0-SNAPSHOT,org.jheaps,jheaps,0.14,false,
Maven,org.exist-db,exist-index-spatial,7.0.0-SNAPSHOT,org.apfloat,apfloat,1.14.0,false,
Maven,org.exist-db,exist-index-spatial,7.0.0-SNAPSHOT,org.jgrapht,jgrapht-opt,1.5.3,false,
Maven,org.exist-db,exist-index-spatial,7.0.0-SNAPSHOT,org.hamcrest,hamcrest,3.0,false,
Maven,org.exist-db,exist-index-spatial,7.0.0-SNAPSHOT,org.xmlunit,xmlunit-core,2.11.0,false,
Maven,org.exist-db,exist-index-spatial,7.0.0-SNAPSHOT,org.eclipse.jetty.ee10,jetty-ee10-annotations,12.0.35,false,
Maven,org.exist-db,exist-index-spatial,7.0.0-SNAPSHOT,jakarta.annotation,jakarta.annotation-api,2.1.1,false,
Maven,org.exist-db,exist-index-spatial,7.0.0-SNAPSHOT,org.eclipse.jetty.ee10,jetty-ee10-plus,12.0.35,false,
Maven,org.exist-db,exist-index-spatial,7.0.0-SNAPSHOT,jakarta.enterprise,jakarta.enterprise.cdi-api,4.0.1,false,
Maven,org.exist-db,exist-index-spatial,7.0.0-SNAPSHOT,jakarta.el,jakarta.el-api,5.0.0,false,
Maven,org.exist-db,exist-index-spatial,7.0.0-SNAPSHOT,jakarta.enterprise,jakarta.enterprise.lang-model,4.0.1,false,
Maven,org.exist-db,exist-index-spatial,7.0.0-SNAPSHOT,jakarta.interceptor,jakarta.interceptor-api,2.1.0,false,
Maven,org.exist-db,exist-index-spatial,7.0.0-SNAPSHOT,jakarta.transaction,jakarta.transaction-api,2.0.1,false,
Maven,org.exist-db,exist-index-spatial,7.0.0-SNAPSHOT,org.eclipse.jetty,jetty-jndi,12.0.35,false,
Maven,org.exist-db,exist-index-spatial,7.0.0-SNAPSHOT,org.eclipse.jetty,jetty-plus,12.0.35,false,
Maven,org.exist-db,exist-index-spatial,7.0.0-SNAPSHOT,org.ow2.asm,asm,9.9.1,false,
Maven,org.exist-db,exist-index-spatial,7.0.0-SNAPSHOT,org.ow2.asm,asm-commons,9.9.1,false,
Maven,org.exist-db,exist-index-spatial,7.0.0-SNAPSHOT,org.ow2.asm,asm-tree,9.9.1,false,
Maven,org.exist-db,exist-index-spatial,7.0.0-SNAPSHOT,org.eclipse.jetty.ee10,jetty-ee10-servlet,12.0.35,false,
Maven,org.exist-db,exist-index-spatial,7.0.0-SNAPSHOT,org.eclipse.jetty,jetty-session,12.0.35,false,
Maven,org.exist-db,exist-index-spatial,7.0.0-SNAPSHOT,org.eclipse.jetty.ee10,jetty-ee10-webapp,12.0.35,false,
Maven,org.exist-db,exist-index-spatial,7.0.0-SNAPSHOT,org.eclipse.jetty,jetty-ee,12.0.35,false,
Maven,org.exist-db,exist-index-spatial,7.0.0-SNAPSHOT,org.eclipse.jetty,jetty-xml,12.0.35,false,
Maven,org.exist-db,exist-index-spatial,7.0.0-SNAPSHOT,org.eclipse.jetty.ee10.websocket,jetty-ee10-websocket-jakarta-server,12.0.35,false,
Maven,org.exist-db,exist-index-spatial,7.0.0-SNAPSHOT,jakarta.websocket,jakarta.websocket-api,2.2.0,false,
Maven,org.exist-db,exist-index-spatial,7.0.0-SNAPSHOT,org.eclipse.jetty.ee10.websocket,jetty-ee10-websocket-jakarta-client,12.0.35,false,
Maven,org.exist-db,exist-index-spatial,7.0.0-SNAPSHOT,jakarta.websocket,jakarta.websocket-client-api,2.2.0,false,
Maven,org.exist-db,exist-index-spatial,7.0.0-SNAPSHOT,org.eclipse.jetty,jetty-client,12.0.35,false,
Maven,org.exist-db,exist-index-spatial,7.0.0-SNAPSHOT,org.eclipse.jetty,jetty-alpn-client,12.0.35,false,
Maven,org.exist-db,exist-index-spatial,7.0.0-SNAPSHOT,org.eclipse.jetty.ee10.websocket,jetty-ee10-websocket-jakarta-common,12.0.35,false,
Maven,org.exist-db,exist-index-spatial,7.0.0-SNAPSHOT,org.eclipse.jetty.websocket,jetty-websocket-core-client,12.0.35,false,
Maven,org.exist-db,exist-index-spatial,7.0.0-SNAPSHOT,org.eclipse.jetty.websocket,jetty-websocket-core-common,12.0.35,false,
Maven,org.exist-db,exist-index-spatial,7.0.0-SNAPSHOT,org.eclipse.jetty.ee10.websocket,jetty-ee10-websocket-servlet,12.0.35,false,
Maven,org.exist-db,exist-index-spatial,7.0.0-SNAPSHOT,org.eclipse.jetty.websocket,jetty-websocket-core-server,12.0.35,false,
Maven,org.exist-db,exist-index-spatial,7.0.0-SNAPSHOT,org.apache.logging.log4j,log4j-api,2.26.0,true,
Maven,org.exist-db,exist-index-spatial,7.0.0-SNAPSHOT,org.geotools,gt-api,34.3,true,
Maven,org.exist-db,exist-index-spatial,7.0.0-SNAPSHOT,commons-pool,commons-pool,1.5.4,false,
Maven,org.exist-db,exist-index-spatial,7.0.0-SNAPSHOT,systems.uom,systems-common,2.1,false,
Maven,org.exist-db,exist-index-spatial,7.0.0-SNAPSHOT,si.uom,si-quantity,2.1,false,
Maven,org.exist-db,exist-index-spatial,7.0.0-SNAPSHOT,si.uom,si-units,2.1,false,
Maven,org.exist-db,exist-index-spatial,7.0.0-SNAPSHOT,tech.units,indriya,2.2,false,
Maven,org.exist-db,exist-index-spatial,7.0.0-SNAPSHOT,tech.uom.lib,uom-lib-common,2.2,false,
Maven,org.exist-db,exist-index-spatial,7.0.0-SNAPSHOT,jakarta.inject,jakarta.inject-api,2.0.1,false,
Maven,org.exist-db,exist-index-spatial,7.0.0-SNAPSHOT,org.apiguardian,apiguardian-api,1.1.2,false,
Maven,org.exist-db,exist-index-spatial,7.0.0-SNAPSHOT,javax.measure,unit-api,2.2,false,
Maven,org.exist-db,exist-index-spatial,7.0.0-SNAPSHOT,org.eclipse.imagen,imagen-core,0.9.1,false,
Maven,org.exist-db,exist-index-spatial,7.0.0-SNAPSHOT,org.geotools,gt-main,34.3,true,
Maven,org.exist-db,exist-index-spatial,7.0.0-SNAPSHOT,org.geotools,gt-http,34.3,false,
Maven,org.exist-db,exist-index-spatial,7.0.0-SNAPSHOT,org.apache.commons,commons-text,1.13.0,false,
Maven,org.exist-db,exist-index-spatial,7.0.0-SNAPSHOT,com.google.re2j,re2j,1.8,false,
Maven,org.exist-db,exist-index-spatial,7.0.0-SNAPSHOT,org.ejml,ejml-ddense,0.41,false,
Maven,org.exist-db,exist-index-spatial,7.0.0-SNAPSHOT,org.ejml,ejml-core,0.41,false,
Maven,org.exist-db,exist-index-spatial,7.0.0-SNAPSHOT,org.eclipse.imagen,utilities,0.9.1,false,
Maven,org.exist-db,exist-index-spatial,7.0.0-SNAPSHOT,org.eclipse.imagen,iterators,0.9.1,false,
Maven,org.exist-db,exist-index-spatial,7.0.0-SNAPSHOT,org.geotools,gt-referencing,34.3,true,
Maven,org.exist-db,exist-index-spatial,7.0.0-SNAPSHOT,org.geotools,gt-metadata,34.3,false,
Maven,org.exist-db,exist-index-spatial,7.0.0-SNAPSHOT,org.geotools.ogc,net.opengis.ows,34.3,false,
Maven,org.exist-db,exist-index-spatial,7.0.0-SNAPSHOT,org.geotools.ogc,org.w3.xlink,34.3,false,
Maven,org.exist-db,exist-index-spatial,7.0.0-SNAPSHOT,org.eclipse.emf,org.eclipse.emf.common,2.15.0,false,
Maven,org.exist-db,exist-index-spatial,7.0.0-SNAPSHOT,org.eclipse.emf,org.eclipse.emf.ecore,2.15.0,false,
Maven,org.exist-db,exist-index-spatial,7.0.0-SNAPSHOT,org.eclipse.emf,org.eclipse.emf.ecore.xmi,2.15.0,false,
Maven,org.exist-db,exist-index-spatial,7.0.0-SNAPSHOT,it.geosolutions.jgridshift,jgridshift-core,1.3,false,
Maven,org.exist-db,exist-index-spatial,7.0.0-SNAPSHOT,net.sf.geographiclib,GeographicLib-Java,1.49,false,
Maven,org.exist-db,exist-index-spatial,7.0.0-SNAPSHOT,org.geotools,gt-xml,34.3,true,
Maven,org.exist-db,exist-index-spatial,7.0.0-SNAPSHOT,org.apache.commons,commons-collections4,4.5.0,false,
Maven,org.exist-db,exist-index-spatial,7.0.0-SNAPSHOT,org.apache.xml,xml-commons-resolver,1.2,false,
Maven,org.exist-db,exist-index-spatial,7.0.0-SNAPSHOT,org.hsqldb,hsqldb,2.7.1,true,
Maven,org.exist-db,exist-index-spatial,7.0.0-SNAPSHOT,org.locationtech.jts,jts-core,1.20.0,true,
Maven,org.exist-db,exist-index-spatial,7.0.0-SNAPSHOT,org.geotools,gt-epsg-wkt,34.3,true,
Maven,org.exist-db,exist-index-spatial,7.0.0-SNAPSHOT,java3d,vecmath,1.5.2,true,
Maven,org.exist-db,exist-index-spatial,7.0.0-SNAPSHOT,javax.media,jai_core,1.1.3,true,
Maven,org.exist-db,exist-index-spatial,7.0.0-SNAPSHOT,commons-io,commons-io,2.22.0,true,
Maven,org.exist-db,exist-index-spatial,7.0.0-SNAPSHOT,junit,junit,4.13.2,true,
Maven,org.exist-db,exist-cache,7.0.0-SNAPSHOT,org.exist-db,exist-core,7.0.0-SNAPSHOT,true,
Maven,org.exist-db,exist-cache,7.0.0-SNAPSHOT,net.jcip,jcip-annotations,1.0,false,
Maven,org.exist-db,exist-cache,7.0.0-SNAPSHOT,antlr,antlr,2.7.7,false,
Maven,org.exist-db,exist-cache,7.0.0-SNAPSHOT,com.fasterxml.jackson.core,jackson-core,2.21.3,false,
Maven,org.exist-db,exist-cache,7.0.0-SNAPSHOT,com.evolvedbinary.multilock,multilock,1.0.1,false,
Maven,org.exist-db,exist-cache,7.0.0-SNAPSHOT,com.github.krukow,clj-ds,0.0.4,false,
Maven,org.exist-db,exist-cache,7.0.0-SNAPSHOT,com.siemens.ct.exi,exificient,1.0.7,false,
Maven,org.exist-db,exist-cache,7.0.0-SNAPSHOT,org.slf4j,slf4j-api,2.0.18,false,
Maven,org.exist-db,exist-cache,7.0.0-SNAPSHOT,xmlpull,xmlpull,1.1.3.1,false,
Maven,org.exist-db,exist-cache,7.0.0-SNAPSHOT,javax.activation,activation,1.1.1,false,
Maven,org.exist-db,exist-cache,7.0.0-SNAPSHOT,com.siemens.ct.exi,exificient-grammars,1.0.7,false,
Maven,org.exist-db,exist-cache,7.0.0-SNAPSHOT,com.siemens.ct.exi,exificient-core,1.0.7,false,
Maven,org.exist-db,exist-cache,7.0.0-SNAPSHOT,com.ibm.icu,icu4j,76.1,false,
Maven,org.exist-db,exist-cache,7.0.0-SNAPSHOT,com.google.code.findbugs,jsr305,3.0.2,false,
Maven,org.exist-db,exist-cache,7.0.0-SNAPSHOT,org.relaxng,jing,20241231,false,
Maven,org.exist-db,exist-cache,7.0.0-SNAPSHOT,isorelax,isorelax,20030108,false,
Maven,org.exist-db,exist-cache,7.0.0-SNAPSHOT,org.exist-db,exist-start,7.0.0-SNAPSHOT,false,
Maven,org.exist-db,exist-cache,7.0.0-SNAPSHOT,org.exquery,exquery-common,0.2.1,false,
Maven,org.exist-db,exist-cache,7.0.0-SNAPSHOT,org.bouncycastle,bcprov-jdk18on,1.84,false,
Maven,org.exist-db,exist-cache,7.0.0-SNAPSHOT,at.yawk.lz4,lz4-java,1.11.0,false,
Maven,org.exist-db,exist-cache,7.0.0-SNAPSHOT,com.evolvedbinary.j8fu,j8fu,1.24.0,false,
Maven,org.exist-db,exist-cache,7.0.0-SNAPSHOT,com.fasterxml.uuid,java-uuid-generator,5.2.0,false,
Maven,org.exist-db,exist-cache,7.0.0-SNAPSHOT,jakarta.servlet,jakarta.servlet-api,6.0.0,false,
Maven,org.exist-db,exist-cache,7.0.0-SNAPSHOT,jakarta.xml.bind,jakarta.xml.bind-api,4.0.5,false,
Maven,org.exist-db,exist-cache,7.0.0-SNAPSHOT,jakarta.activation,jakarta.activation-api,2.1.4,false,
Maven,org.exist-db,exist-cache,7.0.0-SNAPSHOT,org.eclipse.angus,angus-activation,2.0.3,false,
Maven,org.exist-db,exist-cache,7.0.0-SNAPSHOT,org.glassfish.jaxb,jaxb-runtime,4.0.2,false,
Maven,org.exist-db,exist-cache,7.0.0-SNAPSHOT,org.glassfish.jaxb,jaxb-core,4.0.2,false,
Maven,org.exist-db,exist-cache,7.0.0-SNAPSHOT,org.glassfish.jaxb,txw2,4.0.2,false,
Maven,org.exist-db,exist-cache,7.0.0-SNAPSHOT,com.sun.istack,istack-commons-runtime,4.1.1,false,
Maven,org.exist-db,exist-cache,7.0.0-SNAPSHOT,org.exist-db.thirdparty.javax.xml.xquery,xqjri,20080114-133351,false,
Maven,org.exist-db,exist-cache,7.0.0-SNAPSHOT,org.jline,jline,4.1.0,false,
Maven,org.exist-db,exist-cache,7.0.0-SNAPSHOT,org.jline,jansi,4.1.0,false,
Maven,org.exist-db,exist-cache,7.0.0-SNAPSHOT,net.bytebuddy,byte-buddy,1.18.8,false,
Maven,org.exist-db,exist-cache,7.0.0-SNAPSHOT,se.softhouse,jargo,0.4.14,false,
Maven,org.exist-db,exist-cache,7.0.0-SNAPSHOT,commons-codec,commons-codec,1.22.0,false,
Maven,org.exist-db,exist-cache,7.0.0-SNAPSHOT,commons-io,commons-io,2.22.0,false,
Maven,org.exist-db,exist-cache,7.0.0-SNAPSHOT,org.apache.commons,commons-lang3,3.20.0,false,
Maven,org.exist-db,exist-cache,7.0.0-SNAPSHOT,commons-logging,commons-logging,1.3.6,false,
Maven,org.exist-db,exist-cache,7.0.0-SNAPSHOT,org.apache.commons,commons-pool2,2.13.1,false,
Maven,org.exist-db,exist-cache,7.0.0-SNAPSHOT,org.apache.logging.log4j,log4j-core,2.26.0,false,
Maven,org.exist-db,exist-cache,7.0.0-SNAPSHOT,org.apache.logging.log4j,log4j-jcl,2.26.0,false,
Maven,org.exist-db,exist-cache,7.0.0-SNAPSHOT,org.apache.logging.log4j,log4j-jul,2.26.0,false,
Maven,org.exist-db,exist-cache,7.0.0-SNAPSHOT,org.apache.logging.log4j,log4j-slf4j2-impl,2.26.0,false,
Maven,org.exist-db,exist-cache,7.0.0-SNAPSHOT,org.exist-db.thirdparty.xerces,xercesImpl,2.12.2,false,
Maven,org.exist-db,exist-cache,7.0.0-SNAPSHOT,org.codelibs,nekohtml,2.1.3,false,
Maven,org.exist-db,exist-cache,7.0.0-SNAPSHOT,org.apache.ws.commons.util,ws-commons-util,1.0.2,false,
Maven,org.exist-db,exist-cache,7.0.0-SNAPSHOT,xml-resolver,xml-resolver,1.2,false,
Maven,org.exist-db,exist-cache,7.0.0-SNAPSHOT,org.xmlresolver,xmlresolver,6.0.23,false,
Maven,org.exist-db,exist-cache,7.0.0-SNAPSHOT,org.exist-db.thirdparty.org.eclipse.wst.xml,xpath2,1.2.0,false,
Maven,org.exist-db,exist-cache,7.0.0-SNAPSHOT,edu.princeton.cup,java-cup,10k,false,
Maven,org.exist-db,exist-cache,7.0.0-SNAPSHOT,net.sf.saxon,Saxon-HE,9.9.1-8,false,
Maven,org.exist-db,exist-cache,7.0.0-SNAPSHOT,org.exist-db,exist-saxon-regex,9.4.0-9.e1,false,
Maven,org.exist-db,exist-cache,7.0.0-SNAPSHOT,com.evolvedbinary.thirdparty.org.apache.xmlrpc,xmlrpc-common,5.0.0,false,
Maven,org.exist-db,exist-cache,7.0.0-SNAPSHOT,com.evolvedbinary.thirdparty.org.apache.xmlrpc,xmlrpc-client,5.0.0,false,
Maven,org.exist-db,exist-cache,7.0.0-SNAPSHOT,com.evolvedbinary.thirdparty.org.apache.xmlrpc,xmlrpc-server,5.0.0,false,
Maven,org.exist-db,exist-cache,7.0.0-SNAPSHOT,org.aspectj,aspectjrt,1.9.25.1,false,
Maven,org.exist-db,exist-cache,7.0.0-SNAPSHOT,org.eclipse.jetty,jetty-http,12.0.35,false,
Maven,org.exist-db,exist-cache,7.0.0-SNAPSHOT,org.eclipse.jetty,jetty-io,12.0.35,false,
Maven,org.exist-db,exist-cache,7.0.0-SNAPSHOT,org.eclipse.jetty,jetty-security,12.0.35,false,
Maven,org.exist-db,exist-cache,7.0.0-SNAPSHOT,org.eclipse.jetty,jetty-server,12.0.35,false,
Maven,org.exist-db,exist-cache,7.0.0-SNAPSHOT,org.eclipse.jetty,jetty-util,12.0.35,false,
Maven,org.exist-db,exist-cache,7.0.0-SNAPSHOT,org.expath.packaging,pkg-java,2.0.1,false,
Maven,org.exist-db,exist-cache,7.0.0-SNAPSHOT,com.fifesoft,rsyntaxtextarea,3.6.2,false,
Maven,org.exist-db,exist-cache,7.0.0-SNAPSHOT,org.quartz-scheduler,quartz,2.5.2,false,
Maven,org.exist-db,exist-cache,7.0.0-SNAPSHOT,net.sf.xmldb-org,xmldb-api,2.0.0,false,
Maven,org.exist-db,exist-cache,7.0.0-SNAPSHOT,it.unimi.dsi,fastutil,8.5.18,false,
Maven,org.exist-db,exist-cache,7.0.0-SNAPSHOT,io.lacuna,bifurcan,0.2.0-rc1,false,
Maven,org.exist-db,exist-cache,7.0.0-SNAPSHOT,org.apache.ant,ant,1.10.17,false,
Maven,org.exist-db,exist-cache,7.0.0-SNAPSHOT,org.apache.ant,ant-launcher,1.10.17,false,
Maven,org.exist-db,exist-cache,7.0.0-SNAPSHOT,org.jgrapht,jgrapht-core,1.5.3,false,
Maven,org.exist-db,exist-cache,7.0.0-SNAPSHOT,org.jheaps,jheaps,0.14,false,
Maven,org.exist-db,exist-cache,7.0.0-SNAPSHOT,org.apfloat,apfloat,1.14.0,false,
Maven,org.exist-db,exist-cache,7.0.0-SNAPSHOT,org.jgrapht,jgrapht-opt,1.5.3,false,
Maven,org.exist-db,exist-cache,7.0.0-SNAPSHOT,org.hamcrest,hamcrest,3.0,false,
Maven,org.exist-db,exist-cache,7.0.0-SNAPSHOT,org.xmlunit,xmlunit-core,2.11.0,false,
Maven,org.exist-db,exist-cache,7.0.0-SNAPSHOT,org.eclipse.jetty.ee10,jetty-ee10-annotations,12.0.35,false,
Maven,org.exist-db,exist-cache,7.0.0-SNAPSHOT,jakarta.annotation,jakarta.annotation-api,2.1.1,false,
Maven,org.exist-db,exist-cache,7.0.0-SNAPSHOT,org.eclipse.jetty.ee10,jetty-ee10-plus,12.0.35,false,
Maven,org.exist-db,exist-cache,7.0.0-SNAPSHOT,jakarta.enterprise,jakarta.enterprise.cdi-api,4.0.1,false,
Maven,org.exist-db,exist-cache,7.0.0-SNAPSHOT,jakarta.el,jakarta.el-api,5.0.0,false,
Maven,org.exist-db,exist-cache,7.0.0-SNAPSHOT,jakarta.inject,jakarta.inject-api,2.0.1,false,
Maven,org.exist-db,exist-cache,7.0.0-SNAPSHOT,jakarta.enterprise,jakarta.enterprise.lang-model,4.0.1,false,
Maven,org.exist-db,exist-cache,7.0.0-SNAPSHOT,jakarta.interceptor,jakarta.interceptor-api,2.1.0,false,
Maven,org.exist-db,exist-cache,7.0.0-SNAPSHOT,jakarta.transaction,jakarta.transaction-api,2.0.1,false,
Maven,org.exist-db,exist-cache,7.0.0-SNAPSHOT,org.eclipse.jetty,jetty-jndi,12.0.35,false,
Maven,org.exist-db,exist-cache,7.0.0-SNAPSHOT,org.eclipse.jetty,jetty-plus,12.0.35,false,
Maven,org.exist-db,exist-cache,7.0.0-SNAPSHOT,org.ow2.asm,asm,9.9.1,false,
Maven,org.exist-db,exist-cache,7.0.0-SNAPSHOT,org.ow2.asm,asm-commons,9.9.1,false,
Maven,org.exist-db,exist-cache,7.0.0-SNAPSHOT,org.ow2.asm,asm-tree,9.9.1,false,
Maven,org.exist-db,exist-cache,7.0.0-SNAPSHOT,org.eclipse.jetty.ee10,jetty-ee10-servlet,12.0.35,false,
Maven,org.exist-db,exist-cache,7.0.0-SNAPSHOT,org.eclipse.jetty,jetty-session,12.0.35,false,
Maven,org.exist-db,exist-cache,7.0.0-SNAPSHOT,org.eclipse.jetty.ee10,jetty-ee10-webapp,12.0.35,false,
Maven,org.exist-db,exist-cache,7.0.0-SNAPSHOT,org.eclipse.jetty,jetty-ee,12.0.35,false,
Maven,org.exist-db,exist-cache,7.0.0-SNAPSHOT,org.eclipse.jetty,jetty-xml,12.0.35,false,
Maven,org.exist-db,exist-cache,7.0.0-SNAPSHOT,org.eclipse.jetty.ee10.websocket,jetty-ee10-websocket-jakarta-server,12.0.35,false,
Maven,org.exist-db,exist-cache,7.0.0-SNAPSHOT,jakarta.websocket,jakarta.websocket-api,2.2.0,false,
Maven,org.exist-db,exist-cache,7.0.0-SNAPSHOT,org.eclipse.jetty.ee10.websocket,jetty-ee10-websocket-jakarta-client,12.0.35,false,
Maven,org.exist-db,exist-cache,7.0.0-SNAPSHOT,jakarta.websocket,jakarta.websocket-client-api,2.2.0,false,
Maven,org.exist-db,exist-cache,7.0.0-SNAPSHOT,org.eclipse.jetty,jetty-client,12.0.35,false,
Maven,org.exist-db,exist-cache,7.0.0-SNAPSHOT,org.eclipse.jetty,jetty-alpn-client,12.0.35,false,
Maven,org.exist-db,exist-cache,7.0.0-SNAPSHOT,org.eclipse.jetty.ee10.websocket,jetty-ee10-websocket-jakarta-common,12.0.35,false,
Maven,org.exist-db,exist-cache,7.0.0-SNAPSHOT,org.eclipse.jetty.websocket,jetty-websocket-core-client,12.0.35,false,
Maven,org.exist-db,exist-cache,7.0.0-SNAPSHOT,org.eclipse.jetty.websocket,jetty-websocket-core-common,12.0.35,false,
Maven,org.exist-db,exist-cache,7.0.0-SNAPSHOT,org.eclipse.jetty.ee10.websocket,jetty-ee10-websocket-servlet,12.0.35,false,
Maven,org.exist-db,exist-cache,7.0.0-SNAPSHOT,org.eclipse.jetty.websocket,jetty-websocket-core-server,12.0.35,false,
Maven,org.exist-db,exist-cache,7.0.0-SNAPSHOT,com.github.ben-manes.caffeine,caffeine,3.2.4,true,
Maven,org.exist-db,exist-cache,7.0.0-SNAPSHOT,org.jspecify,jspecify,1.0.0,false,
Maven,org.exist-db,exist-cache,7.0.0-SNAPSHOT,com.google.errorprone,error_prone_annotations,2.49.0,false,
Maven,org.exist-db,exist-cache,7.0.0-SNAPSHOT,org.apache.logging.log4j,log4j-api,2.26.0,true,
Maven,org.exist-db,exist-cache,7.0.0-SNAPSHOT,junit,junit,4.13.2,true,
Maven,org.exist-db,exist-compression,7.0.0-SNAPSHOT,org.exist-db,exist-core,7.0.0-SNAPSHOT,true,
Maven,org.exist-db,exist-compression,7.0.0-SNAPSHOT,net.jcip,jcip-annotations,1.0,false,
Maven,org.exist-db,exist-compression,7.0.0-SNAPSHOT,antlr,antlr,2.7.7,false,
Maven,org.exist-db,exist-compression,7.0.0-SNAPSHOT,com.fasterxml.jackson.core,jackson-core,2.21.3,false,
Maven,org.exist-db,exist-compression,7.0.0-SNAPSHOT,com.evolvedbinary.multilock,multilock,1.0.1,false,
Maven,org.exist-db,exist-compression,7.0.0-SNAPSHOT,com.github.ben-manes.caffeine,caffeine,3.2.4,false,
Maven,org.exist-db,exist-compression,7.0.0-SNAPSHOT,org.jspecify,jspecify,1.0.0,false,
Maven,org.exist-db,exist-compression,7.0.0-SNAPSHOT,com.google.errorprone,error_prone_annotations,2.49.0,false,
Maven,org.exist-db,exist-compression,7.0.0-SNAPSHOT,com.github.krukow,clj-ds,0.0.4,false,
Maven,org.exist-db,exist-compression,7.0.0-SNAPSHOT,com.siemens.ct.exi,exificient,1.0.7,false,
Maven,org.exist-db,exist-compression,7.0.0-SNAPSHOT,org.slf4j,slf4j-api,2.0.18,false,
Maven,org.exist-db,exist-compression,7.0.0-SNAPSHOT,xmlpull,xmlpull,1.1.3.1,false,
Maven,org.exist-db,exist-compression,7.0.0-SNAPSHOT,javax.activation,activation,1.1.1,false,
Maven,org.exist-db,exist-compression,7.0.0-SNAPSHOT,com.siemens.ct.exi,exificient-grammars,1.0.7,false,
Maven,org.exist-db,exist-compression,7.0.0-SNAPSHOT,com.siemens.ct.exi,exificient-core,1.0.7,false,
Maven,org.exist-db,exist-compression,7.0.0-SNAPSHOT,com.ibm.icu,icu4j,76.1,false,
Maven,org.exist-db,exist-compression,7.0.0-SNAPSHOT,com.google.code.findbugs,jsr305,3.0.2,false,
Maven,org.exist-db,exist-compression,7.0.0-SNAPSHOT,org.relaxng,jing,20241231,false,
Maven,org.exist-db,exist-compression,7.0.0-SNAPSHOT,isorelax,isorelax,20030108,false,
Maven,org.exist-db,exist-compression,7.0.0-SNAPSHOT,org.exist-db,exist-start,7.0.0-SNAPSHOT,false,
Maven,org.exist-db,exist-compression,7.0.0-SNAPSHOT,org.exquery,exquery-common,0.2.1,false,
Maven,org.exist-db,exist-compression,7.0.0-SNAPSHOT,org.bouncycastle,bcprov-jdk18on,1.84,false,
Maven,org.exist-db,exist-compression,7.0.0-SNAPSHOT,at.yawk.lz4,lz4-java,1.11.0,false,
Maven,org.exist-db,exist-compression,7.0.0-SNAPSHOT,com.evolvedbinary.j8fu,j8fu,1.24.0,false,
Maven,org.exist-db,exist-compression,7.0.0-SNAPSHOT,com.fasterxml.uuid,java-uuid-generator,5.2.0,false,
Maven,org.exist-db,exist-compression,7.0.0-SNAPSHOT,jakarta.servlet,jakarta.servlet-api,6.0.0,false,
Maven,org.exist-db,exist-compression,7.0.0-SNAPSHOT,jakarta.xml.bind,jakarta.xml.bind-api,4.0.5,false,
Maven,org.exist-db,exist-compression,7.0.0-SNAPSHOT,jakarta.activation,jakarta.activation-api,2.1.4,false,
Maven,org.exist-db,exist-compression,7.0.0-SNAPSHOT,org.eclipse.angus,angus-activation,2.0.3,false,
Maven,org.exist-db,exist-compression,7.0.0-SNAPSHOT,org.glassfish.jaxb,jaxb-runtime,4.0.2,false,
Maven,org.exist-db,exist-compression,7.0.0-SNAPSHOT,org.glassfish.jaxb,jaxb-core,4.0.2,false,
Maven,org.exist-db,exist-compression,7.0.0-SNAPSHOT,org.glassfish.jaxb,txw2,4.0.2,false,
Maven,org.exist-db,exist-compression,7.0.0-SNAPSHOT,com.sun.istack,istack-commons-runtime,4.1.1,false,
Maven,org.exist-db,exist-compression,7.0.0-SNAPSHOT,org.exist-db.thirdparty.javax.xml.xquery,xqjri,20080114-133351,false,
Maven,org.exist-db,exist-compression,7.0.0-SNAPSHOT,org.jline,jline,4.1.0,false,
Maven,org.exist-db,exist-compression,7.0.0-SNAPSHOT,org.jline,jansi,4.1.0,false,
Maven,org.exist-db,exist-compression,7.0.0-SNAPSHOT,net.bytebuddy,byte-buddy,1.18.8,false,
Maven,org.exist-db,exist-compression,7.0.0-SNAPSHOT,se.softhouse,jargo,0.4.14,false,
Maven,org.exist-db,exist-compression,7.0.0-SNAPSHOT,org.apache.commons,commons-lang3,3.20.0,false,
Maven,org.exist-db,exist-compression,7.0.0-SNAPSHOT,commons-logging,commons-logging,1.3.6,false,
Maven,org.exist-db,exist-compression,7.0.0-SNAPSHOT,org.apache.commons,commons-pool2,2.13.1,false,
Maven,org.exist-db,exist-compression,7.0.0-SNAPSHOT,org.apache.logging.log4j,log4j-core,2.26.0,false,
Maven,org.exist-db,exist-compression,7.0.0-SNAPSHOT,org.apache.logging.log4j,log4j-jcl,2.26.0,false,
Maven,org.exist-db,exist-compression,7.0.0-SNAPSHOT,org.apache.logging.log4j,log4j-jul,2.26.0,false,
Maven,org.exist-db,exist-compression,7.0.0-SNAPSHOT,org.apache.logging.log4j,log4j-slf4j2-impl,2.26.0,false,
Maven,org.exist-db,exist-compression,7.0.0-SNAPSHOT,org.exist-db.thirdparty.xerces,xercesImpl,2.12.2,false,
Maven,org.exist-db,exist-compression,7.0.0-SNAPSHOT,org.codelibs,nekohtml,2.1.3,false,
Maven,org.exist-db,exist-compression,7.0.0-SNAPSHOT,org.apache.ws.commons.util,ws-commons-util,1.0.2,false,
Maven,org.exist-db,exist-compression,7.0.0-SNAPSHOT,xml-resolver,xml-resolver,1.2,false,
Maven,org.exist-db,exist-compression,7.0.0-SNAPSHOT,org.xmlresolver,xmlresolver,6.0.23,false,
Maven,org.exist-db,exist-compression,7.0.0-SNAPSHOT,org.exist-db.thirdparty.org.eclipse.wst.xml,xpath2,1.2.0,false,
Maven,org.exist-db,exist-compression,7.0.0-SNAPSHOT,edu.princeton.cup,java-cup,10k,false,
Maven,org.exist-db,exist-compression,7.0.0-SNAPSHOT,net.sf.saxon,Saxon-HE,9.9.1-8,false,
Maven,org.exist-db,exist-compression,7.0.0-SNAPSHOT,org.exist-db,exist-saxon-regex,9.4.0-9.e1,false,
Maven,org.exist-db,exist-compression,7.0.0-SNAPSHOT,com.evolvedbinary.thirdparty.org.apache.xmlrpc,xmlrpc-common,5.0.0,false,
Maven,org.exist-db,exist-compression,7.0.0-SNAPSHOT,com.evolvedbinary.thirdparty.org.apache.xmlrpc,xmlrpc-client,5.0.0,false,
Maven,org.exist-db,exist-compression,7.0.0-SNAPSHOT,com.evolvedbinary.thirdparty.org.apache.xmlrpc,xmlrpc-server,5.0.0,false,
Maven,org.exist-db,exist-compression,7.0.0-SNAPSHOT,org.aspectj,aspectjrt,1.9.25.1,false,
Maven,org.exist-db,exist-compression,7.0.0-SNAPSHOT,org.eclipse.jetty,jetty-http,12.0.35,false,
Maven,org.exist-db,exist-compression,7.0.0-SNAPSHOT,org.eclipse.jetty,jetty-io,12.0.35,false,
Maven,org.exist-db,exist-compression,7.0.0-SNAPSHOT,org.eclipse.jetty,jetty-security,12.0.35,false,
Maven,org.exist-db,exist-compression,7.0.0-SNAPSHOT,org.eclipse.jetty,jetty-server,12.0.35,false,
Maven,org.exist-db,exist-compression,7.0.0-SNAPSHOT,org.eclipse.jetty,jetty-util,12.0.35,false,
Maven,org.exist-db,exist-compression,7.0.0-SNAPSHOT,org.expath.packaging,pkg-java,2.0.1,false,
Maven,org.exist-db,exist-compression,7.0.0-SNAPSHOT,com.fifesoft,rsyntaxtextarea,3.6.2,false,
Maven,org.exist-db,exist-compression,7.0.0-SNAPSHOT,org.quartz-scheduler,quartz,2.5.2,false,
Maven,org.exist-db,exist-compression,7.0.0-SNAPSHOT,it.unimi.dsi,fastutil,8.5.18,false,
Maven,org.exist-db,exist-compression,7.0.0-SNAPSHOT,io.lacuna,bifurcan,0.2.0-rc1,false,
Maven,org.exist-db,exist-compression,7.0.0-SNAPSHOT,org.apache.ant,ant,1.10.17,false,
Maven,org.exist-db,exist-compression,7.0.0-SNAPSHOT,org.apache.ant,ant-launcher,1.10.17,false,
Maven,org.exist-db,exist-compression,7.0.0-SNAPSHOT,org.jgrapht,jgrapht-core,1.5.3,false,
Maven,org.exist-db,exist-compression,7.0.0-SNAPSHOT,org.jheaps,jheaps,0.14,false,
Maven,org.exist-db,exist-compression,7.0.0-SNAPSHOT,org.apfloat,apfloat,1.14.0,false,
Maven,org.exist-db,exist-compression,7.0.0-SNAPSHOT,org.jgrapht,jgrapht-opt,1.5.3,false,
Maven,org.exist-db,exist-compression,7.0.0-SNAPSHOT,org.hamcrest,hamcrest,3.0,false,
Maven,org.exist-db,exist-compression,7.0.0-SNAPSHOT,org.xmlunit,xmlunit-core,2.11.0,false,
Maven,org.exist-db,exist-compression,7.0.0-SNAPSHOT,org.eclipse.jetty.ee10,jetty-ee10-annotations,12.0.35,false,
Maven,org.exist-db,exist-compression,7.0.0-SNAPSHOT,jakarta.annotation,jakarta.annotation-api,2.1.1,false,
Maven,org.exist-db,exist-compression,7.0.0-SNAPSHOT,org.eclipse.jetty.ee10,jetty-ee10-plus,12.0.35,false,
Maven,org.exist-db,exist-compression,7.0.0-SNAPSHOT,jakarta.enterprise,jakarta.enterprise.cdi-api,4.0.1,false,
Maven,org.exist-db,exist-compression,7.0.0-SNAPSHOT,jakarta.el,jakarta.el-api,5.0.0,false,
Maven,org.exist-db,exist-compression,7.0.0-SNAPSHOT,jakarta.inject,jakarta.inject-api,2.0.1,false,
Maven,org.exist-db,exist-compression,7.0.0-SNAPSHOT,jakarta.enterprise,jakarta.enterprise.lang-model,4.0.1,false,
Maven,org.exist-db,exist-compression,7.0.0-SNAPSHOT,jakarta.interceptor,jakarta.interceptor-api,2.1.0,false,
Maven,org.exist-db,exist-compression,7.0.0-SNAPSHOT,jakarta.transaction,jakarta.transaction-api,2.0.1,false,
Maven,org.exist-db,exist-compression,7.0.0-SNAPSHOT,org.eclipse.jetty,jetty-jndi,12.0.35,false,
Maven,org.exist-db,exist-compression,7.0.0-SNAPSHOT,org.eclipse.jetty,jetty-plus,12.0.35,false,
Maven,org.exist-db,exist-compression,7.0.0-SNAPSHOT,org.ow2.asm,asm,9.9.1,false,
Maven,org.exist-db,exist-compression,7.0.0-SNAPSHOT,org.ow2.asm,asm-commons,9.9.1,false,
Maven,org.exist-db,exist-compression,7.0.0-SNAPSHOT,org.ow2.asm,asm-tree,9.9.1,false,
Maven,org.exist-db,exist-compression,7.0.0-SNAPSHOT,org.eclipse.jetty.ee10,jetty-ee10-servlet,12.0.35,false,
Maven,org.exist-db,exist-compression,7.0.0-SNAPSHOT,org.eclipse.jetty,jetty-session,12.0.35,false,
Maven,org.exist-db,exist-compression,7.0.0-SNAPSHOT,org.eclipse.jetty.ee10,jetty-ee10-webapp,12.0.35,false,
Maven,org.exist-db,exist-compression,7.0.0-SNAPSHOT,org.eclipse.jetty,jetty-ee,12.0.35,false,
Maven,org.exist-db,exist-compression,7.0.0-SNAPSHOT,org.eclipse.jetty,jetty-xml,12.0.35,false,
Maven,org.exist-db,exist-compression,7.0.0-SNAPSHOT,org.eclipse.jetty.ee10.websocket,jetty-ee10-websocket-jakarta-server,12.0.35,false,
Maven,org.exist-db,exist-compression,7.0.0-SNAPSHOT,jakarta.websocket,jakarta.websocket-api,2.2.0,false,
Maven,org.exist-db,exist-compression,7.0.0-SNAPSHOT,org.eclipse.jetty.ee10.websocket,jetty-ee10-websocket-jakarta-client,12.0.35,false,
Maven,org.exist-db,exist-compression,7.0.0-SNAPSHOT,jakarta.websocket,jakarta.websocket-client-api,2.2.0,false,
Maven,org.exist-db,exist-compression,7.0.0-SNAPSHOT,org.eclipse.jetty,jetty-client,12.0.35,false,
Maven,org.exist-db,exist-compression,7.0.0-SNAPSHOT,org.eclipse.jetty,jetty-alpn-client,12.0.35,false,
Maven,org.exist-db,exist-compression,7.0.0-SNAPSHOT,org.eclipse.jetty.ee10.websocket,jetty-ee10-websocket-jakarta-common,12.0.35,false,
Maven,org.exist-db,exist-compression,7.0.0-SNAPSHOT,org.eclipse.jetty.websocket,jetty-websocket-core-client,12.0.35,false,
Maven,org.exist-db,exist-compression,7.0.0-SNAPSHOT,org.eclipse.jetty.websocket,jetty-websocket-core-common,12.0.35,false,
Maven,org.exist-db,exist-compression,7.0.0-SNAPSHOT,org.eclipse.jetty.ee10.websocket,jetty-ee10-websocket-servlet,12.0.35,false,
Maven,org.exist-db,exist-compression,7.0.0-SNAPSHOT,org.eclipse.jetty.websocket,jetty-websocket-core-server,12.0.35,false,
Maven,org.exist-db,exist-compression,7.0.0-SNAPSHOT,org.apache.commons,commons-compress,1.28.0,true,
Maven,org.exist-db,exist-compression,7.0.0-SNAPSHOT,commons-codec,commons-codec,1.22.0,true,
Maven,org.exist-db,exist-compression,7.0.0-SNAPSHOT,commons-io,commons-io,2.22.0,true,
Maven,org.exist-db,exist-compression,7.0.0-SNAPSHOT,net.sf.xmldb-org,xmldb-api,2.0.0,true,
Maven,org.exist-db,exist-compression,7.0.0-SNAPSHOT,org.apache.logging.log4j,log4j-api,2.26.0,true,
Maven,org.exist-db,exist-compression,7.0.0-SNAPSHOT,junit,junit,4.13.2,true,
Maven,org.exist-db,exist-counter,7.0.0-SNAPSHOT,org.exist-db,exist-core,7.0.0-SNAPSHOT,true,
Maven,org.exist-db,exist-counter,7.0.0-SNAPSHOT,net.jcip,jcip-annotations,1.0,false,
Maven,org.exist-db,exist-counter,7.0.0-SNAPSHOT,antlr,antlr,2.7.7,false,
Maven,org.exist-db,exist-counter,7.0.0-SNAPSHOT,com.fasterxml.jackson.core,jackson-core,2.21.3,false,
Maven,org.exist-db,exist-counter,7.0.0-SNAPSHOT,com.evolvedbinary.multilock,multilock,1.0.1,false,
Maven,org.exist-db,exist-counter,7.0.0-SNAPSHOT,com.github.ben-manes.caffeine,caffeine,3.2.4,false,
Maven,org.exist-db,exist-counter,7.0.0-SNAPSHOT,org.jspecify,jspecify,1.0.0,false,
Maven,org.exist-db,exist-counter,7.0.0-SNAPSHOT,com.google.errorprone,error_prone_annotations,2.49.0,false,
Maven,org.exist-db,exist-counter,7.0.0-SNAPSHOT,com.github.krukow,clj-ds,0.0.4,false,
Maven,org.exist-db,exist-counter,7.0.0-SNAPSHOT,com.siemens.ct.exi,exificient,1.0.7,false,
Maven,org.exist-db,exist-counter,7.0.0-SNAPSHOT,org.slf4j,slf4j-api,2.0.18,false,
Maven,org.exist-db,exist-counter,7.0.0-SNAPSHOT,xmlpull,xmlpull,1.1.3.1,false,
Maven,org.exist-db,exist-counter,7.0.0-SNAPSHOT,javax.activation,activation,1.1.1,false,
Maven,org.exist-db,exist-counter,7.0.0-SNAPSHOT,com.siemens.ct.exi,exificient-grammars,1.0.7,false,
Maven,org.exist-db,exist-counter,7.0.0-SNAPSHOT,com.siemens.ct.exi,exificient-core,1.0.7,false,
Maven,org.exist-db,exist-counter,7.0.0-SNAPSHOT,com.ibm.icu,icu4j,76.1,false,
Maven,org.exist-db,exist-counter,7.0.0-SNAPSHOT,com.google.code.findbugs,jsr305,3.0.2,false,
Maven,org.exist-db,exist-counter,7.0.0-SNAPSHOT,org.relaxng,jing,20241231,false,
Maven,org.exist-db,exist-counter,7.0.0-SNAPSHOT,isorelax,isorelax,20030108,false,
Maven,org.exist-db,exist-counter,7.0.0-SNAPSHOT,org.exist-db,exist-start,7.0.0-SNAPSHOT,false,
Maven,org.exist-db,exist-counter,7.0.0-SNAPSHOT,org.exquery,exquery-common,0.2.1,false,
Maven,org.exist-db,exist-counter,7.0.0-SNAPSHOT,org.bouncycastle,bcprov-jdk18on,1.84,false,
Maven,org.exist-db,exist-counter,7.0.0-SNAPSHOT,at.yawk.lz4,lz4-java,1.11.0,false,
Maven,org.exist-db,exist-counter,7.0.0-SNAPSHOT,com.evolvedbinary.j8fu,j8fu,1.24.0,false,
Maven,org.exist-db,exist-counter,7.0.0-SNAPSHOT,com.fasterxml.uuid,java-uuid-generator,5.2.0,false,
Maven,org.exist-db,exist-counter,7.0.0-SNAPSHOT,jakarta.servlet,jakarta.servlet-api,6.0.0,false,
Maven,org.exist-db,exist-counter,7.0.0-SNAPSHOT,jakarta.xml.bind,jakarta.xml.bind-api,4.0.5,false,
Maven,org.exist-db,exist-counter,7.0.0-SNAPSHOT,jakarta.activation,jakarta.activation-api,2.1.4,false,
Maven,org.exist-db,exist-counter,7.0.0-SNAPSHOT,org.eclipse.angus,angus-activation,2.0.3,false,
Maven,org.exist-db,exist-counter,7.0.0-SNAPSHOT,org.glassfish.jaxb,jaxb-runtime,4.0.2,false,
Maven,org.exist-db,exist-counter,7.0.0-SNAPSHOT,org.glassfish.jaxb,jaxb-core,4.0.2,false,
Maven,org.exist-db,exist-counter,7.0.0-SNAPSHOT,org.glassfish.jaxb,txw2,4.0.2,false,
Maven,org.exist-db,exist-counter,7.0.0-SNAPSHOT,com.sun.istack,istack-commons-runtime,4.1.1,false,
Maven,org.exist-db,exist-counter,7.0.0-SNAPSHOT,org.exist-db.thirdparty.javax.xml.xquery,xqjri,20080114-133351,false,
Maven,org.exist-db,exist-counter,7.0.0-SNAPSHOT,org.jline,jline,4.1.0,false,
Maven,org.exist-db,exist-counter,7.0.0-SNAPSHOT,org.jline,jansi,4.1.0,false,
Maven,org.exist-db,exist-counter,7.0.0-SNAPSHOT,net.bytebuddy,byte-buddy,1.18.8,false,
Maven,org.exist-db,exist-counter,7.0.0-SNAPSHOT,se.softhouse,jargo,0.4.14,false,
Maven,org.exist-db,exist-counter,7.0.0-SNAPSHOT,commons-codec,commons-codec,1.22.0,false,
Maven,org.exist-db,exist-counter,7.0.0-SNAPSHOT,commons-io,commons-io,2.22.0,false,
Maven,org.exist-db,exist-counter,7.0.0-SNAPSHOT,org.apache.commons,commons-lang3,3.20.0,false,
Maven,org.exist-db,exist-counter,7.0.0-SNAPSHOT,commons-logging,commons-logging,1.3.6,false,
Maven,org.exist-db,exist-counter,7.0.0-SNAPSHOT,org.apache.commons,commons-pool2,2.13.1,false,
Maven,org.exist-db,exist-counter,7.0.0-SNAPSHOT,org.apache.logging.log4j,log4j-core,2.26.0,false,
Maven,org.exist-db,exist-counter,7.0.0-SNAPSHOT,org.apache.logging.log4j,log4j-jcl,2.26.0,false,
Maven,org.exist-db,exist-counter,7.0.0-SNAPSHOT,org.apache.logging.log4j,log4j-jul,2.26.0,false,
Maven,org.exist-db,exist-counter,7.0.0-SNAPSHOT,org.apache.logging.log4j,log4j-slf4j2-impl,2.26.0,false,
Maven,org.exist-db,exist-counter,7.0.0-SNAPSHOT,org.exist-db.thirdparty.xerces,xercesImpl,2.12.2,false,
Maven,org.exist-db,exist-counter,7.0.0-SNAPSHOT,org.codelibs,nekohtml,2.1.3,false,
Maven,org.exist-db,exist-counter,7.0.0-SNAPSHOT,org.apache.ws.commons.util,ws-commons-util,1.0.2,false,
Maven,org.exist-db,exist-counter,7.0.0-SNAPSHOT,xml-resolver,xml-resolver,1.2,false,
Maven,org.exist-db,exist-counter,7.0.0-SNAPSHOT,org.xmlresolver,xmlresolver,6.0.23,false,
Maven,org.exist-db,exist-counter,7.0.0-SNAPSHOT,org.exist-db.thirdparty.org.eclipse.wst.xml,xpath2,1.2.0,false,
Maven,org.exist-db,exist-counter,7.0.0-SNAPSHOT,edu.princeton.cup,java-cup,10k,false,
Maven,org.exist-db,exist-counter,7.0.0-SNAPSHOT,net.sf.saxon,Saxon-HE,9.9.1-8,false,
Maven,org.exist-db,exist-counter,7.0.0-SNAPSHOT,org.exist-db,exist-saxon-regex,9.4.0-9.e1,false,
Maven,org.exist-db,exist-counter,7.0.0-SNAPSHOT,com.evolvedbinary.thirdparty.org.apache.xmlrpc,xmlrpc-common,5.0.0,false,
Maven,org.exist-db,exist-counter,7.0.0-SNAPSHOT,com.evolvedbinary.thirdparty.org.apache.xmlrpc,xmlrpc-client,5.0.0,false,
Maven,org.exist-db,exist-counter,7.0.0-SNAPSHOT,com.evolvedbinary.thirdparty.org.apache.xmlrpc,xmlrpc-server,5.0.0,false,
Maven,org.exist-db,exist-counter,7.0.0-SNAPSHOT,org.aspectj,aspectjrt,1.9.25.1,false,
Maven,org.exist-db,exist-counter,7.0.0-SNAPSHOT,org.eclipse.jetty,jetty-http,12.0.35,false,
Maven,org.exist-db,exist-counter,7.0.0-SNAPSHOT,org.eclipse.jetty,jetty-io,12.0.35,false,
Maven,org.exist-db,exist-counter,7.0.0-SNAPSHOT,org.eclipse.jetty,jetty-security,12.0.35,false,
Maven,org.exist-db,exist-counter,7.0.0-SNAPSHOT,org.eclipse.jetty,jetty-server,12.0.35,false,
Maven,org.exist-db,exist-counter,7.0.0-SNAPSHOT,org.eclipse.jetty,jetty-util,12.0.35,false,
Maven,org.exist-db,exist-counter,7.0.0-SNAPSHOT,org.expath.packaging,pkg-java,2.0.1,false,
Maven,org.exist-db,exist-counter,7.0.0-SNAPSHOT,com.fifesoft,rsyntaxtextarea,3.6.2,false,
Maven,org.exist-db,exist-counter,7.0.0-SNAPSHOT,org.quartz-scheduler,quartz,2.5.2,false,
Maven,org.exist-db,exist-counter,7.0.0-SNAPSHOT,it.unimi.dsi,fastutil,8.5.18,false,
Maven,org.exist-db,exist-counter,7.0.0-SNAPSHOT,io.lacuna,bifurcan,0.2.0-rc1,false,
Maven,org.exist-db,exist-counter,7.0.0-SNAPSHOT,org.apache.ant,ant,1.10.17,false,
Maven,org.exist-db,exist-counter,7.0.0-SNAPSHOT,org.apache.ant,ant-launcher,1.10.17,false,
Maven,org.exist-db,exist-counter,7.0.0-SNAPSHOT,org.jgrapht,jgrapht-core,1.5.3,false,
Maven,org.exist-db,exist-counter,7.0.0-SNAPSHOT,org.jheaps,jheaps,0.14,false,
Maven,org.exist-db,exist-counter,7.0.0-SNAPSHOT,org.apfloat,apfloat,1.14.0,false,
Maven,org.exist-db,exist-counter,7.0.0-SNAPSHOT,org.jgrapht,jgrapht-opt,1.5.3,false,
Maven,org.exist-db,exist-counter,7.0.0-SNAPSHOT,org.hamcrest,hamcrest,3.0,false,
Maven,org.exist-db,exist-counter,7.0.0-SNAPSHOT,org.xmlunit,xmlunit-core,2.11.0,false,
Maven,org.exist-db,exist-counter,7.0.0-SNAPSHOT,org.eclipse.jetty.ee10,jetty-ee10-annotations,12.0.35,false,
Maven,org.exist-db,exist-counter,7.0.0-SNAPSHOT,jakarta.annotation,jakarta.annotation-api,2.1.1,false,
Maven,org.exist-db,exist-counter,7.0.0-SNAPSHOT,org.eclipse.jetty.ee10,jetty-ee10-plus,12.0.35,false,
Maven,org.exist-db,exist-counter,7.0.0-SNAPSHOT,jakarta.enterprise,jakarta.enterprise.cdi-api,4.0.1,false,
Maven,org.exist-db,exist-counter,7.0.0-SNAPSHOT,jakarta.el,jakarta.el-api,5.0.0,false,
Maven,org.exist-db,exist-counter,7.0.0-SNAPSHOT,jakarta.inject,jakarta.inject-api,2.0.1,false,
Maven,org.exist-db,exist-counter,7.0.0-SNAPSHOT,jakarta.enterprise,jakarta.enterprise.lang-model,4.0.1,false,
Maven,org.exist-db,exist-counter,7.0.0-SNAPSHOT,jakarta.interceptor,jakarta.interceptor-api,2.1.0,false,
Maven,org.exist-db,exist-counter,7.0.0-SNAPSHOT,jakarta.transaction,jakarta.transaction-api,2.0.1,false,
Maven,org.exist-db,exist-counter,7.0.0-SNAPSHOT,org.eclipse.jetty,jetty-jndi,12.0.35,false,
Maven,org.exist-db,exist-counter,7.0.0-SNAPSHOT,org.eclipse.jetty,jetty-plus,12.0.35,false,
Maven,org.exist-db,exist-counter,7.0.0-SNAPSHOT,org.ow2.asm,asm,9.9.1,false,
Maven,org.exist-db,exist-counter,7.0.0-SNAPSHOT,org.ow2.asm,asm-commons,9.9.1,false,
Maven,org.exist-db,exist-counter,7.0.0-SNAPSHOT,org.ow2.asm,asm-tree,9.9.1,false,
Maven,org.exist-db,exist-counter,7.0.0-SNAPSHOT,org.eclipse.jetty.ee10,jetty-ee10-servlet,12.0.35,false,
Maven,org.exist-db,exist-counter,7.0.0-SNAPSHOT,org.eclipse.jetty,jetty-session,12.0.35,false,
Maven,org.exist-db,exist-counter,7.0.0-SNAPSHOT,org.eclipse.jetty.ee10,jetty-ee10-webapp,12.0.35,false,
Maven,org.exist-db,exist-counter,7.0.0-SNAPSHOT,org.eclipse.jetty,jetty-ee,12.0.35,false,
Maven,org.exist-db,exist-counter,7.0.0-SNAPSHOT,org.eclipse.jetty,jetty-xml,12.0.35,false,
Maven,org.exist-db,exist-counter,7.0.0-SNAPSHOT,org.eclipse.jetty.ee10.websocket,jetty-ee10-websocket-jakarta-server,12.0.35,false,
Maven,org.exist-db,exist-counter,7.0.0-SNAPSHOT,jakarta.websocket,jakarta.websocket-api,2.2.0,false,
Maven,org.exist-db,exist-counter,7.0.0-SNAPSHOT,org.eclipse.jetty.ee10.websocket,jetty-ee10-websocket-jakarta-client,12.0.35,false,
Maven,org.exist-db,exist-counter,7.0.0-SNAPSHOT,jakarta.websocket,jakarta.websocket-client-api,2.2.0,false,
Maven,org.exist-db,exist-counter,7.0.0-SNAPSHOT,org.eclipse.jetty,jetty-client,12.0.35,false,
Maven,org.exist-db,exist-counter,7.0.0-SNAPSHOT,org.eclipse.jetty,jetty-alpn-client,12.0.35,false,
Maven,org.exist-db,exist-counter,7.0.0-SNAPSHOT,org.eclipse.jetty.ee10.websocket,jetty-ee10-websocket-jakarta-common,12.0.35,false,
Maven,org.exist-db,exist-counter,7.0.0-SNAPSHOT,org.eclipse.jetty.websocket,jetty-websocket-core-client,12.0.35,false,
Maven,org.exist-db,exist-counter,7.0.0-SNAPSHOT,org.eclipse.jetty.websocket,jetty-websocket-core-common,12.0.35,false,
Maven,org.exist-db,exist-counter,7.0.0-SNAPSHOT,org.eclipse.jetty.ee10.websocket,jetty-ee10-websocket-servlet,12.0.35,false,
Maven,org.exist-db,exist-counter,7.0.0-SNAPSHOT,org.eclipse.jetty.websocket,jetty-websocket-core-server,12.0.35,false,
Maven,org.exist-db,exist-counter,7.0.0-SNAPSHOT,org.apache.logging.log4j,log4j-api,2.26.0,true,
Maven,org.exist-db,exist-counter,7.0.0-SNAPSHOT,net.sf.xmldb-org,xmldb-api,2.0.0,true,
Maven,org.exist-db,exist-counter,7.0.0-SNAPSHOT,junit,junit,4.13.2,true,
Maven,org.exist-db,exist-cqlparser,7.0.0-SNAPSHOT,org.exist-db,exist-core,7.0.0-SNAPSHOT,true,
Maven,org.exist-db,exist-cqlparser,7.0.0-SNAPSHOT,net.jcip,jcip-annotations,1.0,false,
Maven,org.exist-db,exist-cqlparser,7.0.0-SNAPSHOT,antlr,antlr,2.7.7,false,
Maven,org.exist-db,exist-cqlparser,7.0.0-SNAPSHOT,com.fasterxml.jackson.core,jackson-core,2.21.3,false,
Maven,org.exist-db,exist-cqlparser,7.0.0-SNAPSHOT,com.evolvedbinary.multilock,multilock,1.0.1,false,
Maven,org.exist-db,exist-cqlparser,7.0.0-SNAPSHOT,com.github.ben-manes.caffeine,caffeine,3.2.4,false,
Maven,org.exist-db,exist-cqlparser,7.0.0-SNAPSHOT,org.jspecify,jspecify,1.0.0,false,
Maven,org.exist-db,exist-cqlparser,7.0.0-SNAPSHOT,com.google.errorprone,error_prone_annotations,2.49.0,false,
Maven,org.exist-db,exist-cqlparser,7.0.0-SNAPSHOT,com.github.krukow,clj-ds,0.0.4,false,
Maven,org.exist-db,exist-cqlparser,7.0.0-SNAPSHOT,com.siemens.ct.exi,exificient,1.0.7,false,
Maven,org.exist-db,exist-cqlparser,7.0.0-SNAPSHOT,org.slf4j,slf4j-api,2.0.18,false,
Maven,org.exist-db,exist-cqlparser,7.0.0-SNAPSHOT,xmlpull,xmlpull,1.1.3.1,false,
Maven,org.exist-db,exist-cqlparser,7.0.0-SNAPSHOT,javax.activation,activation,1.1.1,false,
Maven,org.exist-db,exist-cqlparser,7.0.0-SNAPSHOT,com.siemens.ct.exi,exificient-grammars,1.0.7,false,
Maven,org.exist-db,exist-cqlparser,7.0.0-SNAPSHOT,com.siemens.ct.exi,exificient-core,1.0.7,false,
Maven,org.exist-db,exist-cqlparser,7.0.0-SNAPSHOT,com.ibm.icu,icu4j,76.1,false,
Maven,org.exist-db,exist-cqlparser,7.0.0-SNAPSHOT,com.google.code.findbugs,jsr305,3.0.2,false,
Maven,org.exist-db,exist-cqlparser,7.0.0-SNAPSHOT,org.relaxng,jing,20241231,false,
Maven,org.exist-db,exist-cqlparser,7.0.0-SNAPSHOT,isorelax,isorelax,20030108,false,
Maven,org.exist-db,exist-cqlparser,7.0.0-SNAPSHOT,org.exist-db,exist-start,7.0.0-SNAPSHOT,false,
Maven,org.exist-db,exist-cqlparser,7.0.0-SNAPSHOT,org.exquery,exquery-common,0.2.1,false,
Maven,org.exist-db,exist-cqlparser,7.0.0-SNAPSHOT,org.bouncycastle,bcprov-jdk18on,1.84,false,
Maven,org.exist-db,exist-cqlparser,7.0.0-SNAPSHOT,at.yawk.lz4,lz4-java,1.11.0,false,
Maven,org.exist-db,exist-cqlparser,7.0.0-SNAPSHOT,com.evolvedbinary.j8fu,j8fu,1.24.0,false,
Maven,org.exist-db,exist-cqlparser,7.0.0-SNAPSHOT,com.fasterxml.uuid,java-uuid-generator,5.2.0,false,
Maven,org.exist-db,exist-cqlparser,7.0.0-SNAPSHOT,jakarta.servlet,jakarta.servlet-api,6.0.0,false,
Maven,org.exist-db,exist-cqlparser,7.0.0-SNAPSHOT,jakarta.xml.bind,jakarta.xml.bind-api,4.0.5,false,
Maven,org.exist-db,exist-cqlparser,7.0.0-SNAPSHOT,jakarta.activation,jakarta.activation-api,2.1.4,false,
Maven,org.exist-db,exist-cqlparser,7.0.0-SNAPSHOT,org.eclipse.angus,angus-activation,2.0.3,false,
Maven,org.exist-db,exist-cqlparser,7.0.0-SNAPSHOT,org.glassfish.jaxb,jaxb-runtime,4.0.2,false,
Maven,org.exist-db,exist-cqlparser,7.0.0-SNAPSHOT,org.glassfish.jaxb,jaxb-core,4.0.2,false,
Maven,org.exist-db,exist-cqlparser,7.0.0-SNAPSHOT,org.glassfish.jaxb,txw2,4.0.2,false,
Maven,org.exist-db,exist-cqlparser,7.0.0-SNAPSHOT,com.sun.istack,istack-commons-runtime,4.1.1,false,
Maven,org.exist-db,exist-cqlparser,7.0.0-SNAPSHOT,org.exist-db.thirdparty.javax.xml.xquery,xqjri,20080114-133351,false,
Maven,org.exist-db,exist-cqlparser,7.0.0-SNAPSHOT,org.jline,jline,4.1.0,false,
Maven,org.exist-db,exist-cqlparser,7.0.0-SNAPSHOT,org.jline,jansi,4.1.0,false,
Maven,org.exist-db,exist-cqlparser,7.0.0-SNAPSHOT,net.bytebuddy,byte-buddy,1.18.8,false,
Maven,org.exist-db,exist-cqlparser,7.0.0-SNAPSHOT,se.softhouse,jargo,0.4.14,false,
Maven,org.exist-db,exist-cqlparser,7.0.0-SNAPSHOT,commons-codec,commons-codec,1.22.0,false,
Maven,org.exist-db,exist-cqlparser,7.0.0-SNAPSHOT,commons-io,commons-io,2.22.0,false,
Maven,org.exist-db,exist-cqlparser,7.0.0-SNAPSHOT,org.apache.commons,commons-lang3,3.20.0,false,
Maven,org.exist-db,exist-cqlparser,7.0.0-SNAPSHOT,commons-logging,commons-logging,1.3.6,false,
Maven,org.exist-db,exist-cqlparser,7.0.0-SNAPSHOT,org.apache.commons,commons-pool2,2.13.1,false,
Maven,org.exist-db,exist-cqlparser,7.0.0-SNAPSHOT,org.apache.logging.log4j,log4j-core,2.26.0,false,
Maven,org.exist-db,exist-cqlparser,7.0.0-SNAPSHOT,org.apache.logging.log4j,log4j-jcl,2.26.0,false,
Maven,org.exist-db,exist-cqlparser,7.0.0-SNAPSHOT,org.apache.logging.log4j,log4j-jul,2.26.0,false,
Maven,org.exist-db,exist-cqlparser,7.0.0-SNAPSHOT,org.apache.logging.log4j,log4j-slf4j2-impl,2.26.0,false,
Maven,org.exist-db,exist-cqlparser,7.0.0-SNAPSHOT,org.exist-db.thirdparty.xerces,xercesImpl,2.12.2,false,
Maven,org.exist-db,exist-cqlparser,7.0.0-SNAPSHOT,org.codelibs,nekohtml,2.1.3,false,
Maven,org.exist-db,exist-cqlparser,7.0.0-SNAPSHOT,org.apache.ws.commons.util,ws-commons-util,1.0.2,false,
Maven,org.exist-db,exist-cqlparser,7.0.0-SNAPSHOT,xml-resolver,xml-resolver,1.2,false,
Maven,org.exist-db,exist-cqlparser,7.0.0-SNAPSHOT,org.xmlresolver,xmlresolver,6.0.23,false,
Maven,org.exist-db,exist-cqlparser,7.0.0-SNAPSHOT,org.exist-db.thirdparty.org.eclipse.wst.xml,xpath2,1.2.0,false,
Maven,org.exist-db,exist-cqlparser,7.0.0-SNAPSHOT,edu.princeton.cup,java-cup,10k,false,
Maven,org.exist-db,exist-cqlparser,7.0.0-SNAPSHOT,net.sf.saxon,Saxon-HE,9.9.1-8,false,
Maven,org.exist-db,exist-cqlparser,7.0.0-SNAPSHOT,org.exist-db,exist-saxon-regex,9.4.0-9.e1,false,
Maven,org.exist-db,exist-cqlparser,7.0.0-SNAPSHOT,com.evolvedbinary.thirdparty.org.apache.xmlrpc,xmlrpc-common,5.0.0,false,
Maven,org.exist-db,exist-cqlparser,7.0.0-SNAPSHOT,com.evolvedbinary.thirdparty.org.apache.xmlrpc,xmlrpc-client,5.0.0,false,
Maven,org.exist-db,exist-cqlparser,7.0.0-SNAPSHOT,com.evolvedbinary.thirdparty.org.apache.xmlrpc,xmlrpc-server,5.0.0,false,
Maven,org.exist-db,exist-cqlparser,7.0.0-SNAPSHOT,org.aspectj,aspectjrt,1.9.25.1,false,
Maven,org.exist-db,exist-cqlparser,7.0.0-SNAPSHOT,org.eclipse.jetty,jetty-http,12.0.35,false,
Maven,org.exist-db,exist-cqlparser,7.0.0-SNAPSHOT,org.eclipse.jetty,jetty-io,12.0.35,false,
Maven,org.exist-db,exist-cqlparser,7.0.0-SNAPSHOT,org.eclipse.jetty,jetty-security,12.0.35,false,
Maven,org.exist-db,exist-cqlparser,7.0.0-SNAPSHOT,org.eclipse.jetty,jetty-server,12.0.35,false,
Maven,org.exist-db,exist-cqlparser,7.0.0-SNAPSHOT,org.eclipse.jetty,jetty-util,12.0.35,false,
Maven,org.exist-db,exist-cqlparser,7.0.0-SNAPSHOT,org.expath.packaging,pkg-java,2.0.1,false,
Maven,org.exist-db,exist-cqlparser,7.0.0-SNAPSHOT,com.fifesoft,rsyntaxtextarea,3.6.2,false,
Maven,org.exist-db,exist-cqlparser,7.0.0-SNAPSHOT,org.quartz-scheduler,quartz,2.5.2,false,
Maven,org.exist-db,exist-cqlparser,7.0.0-SNAPSHOT,net.sf.xmldb-org,xmldb-api,2.0.0,false,
Maven,org.exist-db,exist-cqlparser,7.0.0-SNAPSHOT,it.unimi.dsi,fastutil,8.5.18,false,
Maven,org.exist-db,exist-cqlparser,7.0.0-SNAPSHOT,io.lacuna,bifurcan,0.2.0-rc1,false,
Maven,org.exist-db,exist-cqlparser,7.0.0-SNAPSHOT,org.apache.ant,ant,1.10.17,false,
Maven,org.exist-db,exist-cqlparser,7.0.0-SNAPSHOT,org.apache.ant,ant-launcher,1.10.17,false,
Maven,org.exist-db,exist-cqlparser,7.0.0-SNAPSHOT,org.jgrapht,jgrapht-core,1.5.3,false,
Maven,org.exist-db,exist-cqlparser,7.0.0-SNAPSHOT,org.jheaps,jheaps,0.14,false,
Maven,org.exist-db,exist-cqlparser,7.0.0-SNAPSHOT,org.apfloat,apfloat,1.14.0,false,
Maven,org.exist-db,exist-cqlparser,7.0.0-SNAPSHOT,org.jgrapht,jgrapht-opt,1.5.3,false,
Maven,org.exist-db,exist-cqlparser,7.0.0-SNAPSHOT,junit,junit,4.13.2,false,
Maven,org.exist-db,exist-cqlparser,7.0.0-SNAPSHOT,org.hamcrest,hamcrest,3.0,false,
Maven,org.exist-db,exist-cqlparser,7.0.0-SNAPSHOT,org.xmlunit,xmlunit-core,2.11.0,false,
Maven,org.exist-db,exist-cqlparser,7.0.0-SNAPSHOT,org.eclipse.jetty.ee10,jetty-ee10-annotations,12.0.35,false,
Maven,org.exist-db,exist-cqlparser,7.0.0-SNAPSHOT,jakarta.annotation,jakarta.annotation-api,2.1.1,false,
Maven,org.exist-db,exist-cqlparser,7.0.0-SNAPSHOT,org.eclipse.jetty.ee10,jetty-ee10-plus,12.0.35,false,
Maven,org.exist-db,exist-cqlparser,7.0.0-SNAPSHOT,jakarta.enterprise,jakarta.enterprise.cdi-api,4.0.1,false,
Maven,org.exist-db,exist-cqlparser,7.0.0-SNAPSHOT,jakarta.el,jakarta.el-api,5.0.0,false,
Maven,org.exist-db,exist-cqlparser,7.0.0-SNAPSHOT,jakarta.inject,jakarta.inject-api,2.0.1,false,
Maven,org.exist-db,exist-cqlparser,7.0.0-SNAPSHOT,jakarta.enterprise,jakarta.enterprise.lang-model,4.0.1,false,
Maven,org.exist-db,exist-cqlparser,7.0.0-SNAPSHOT,jakarta.interceptor,jakarta.interceptor-api,2.1.0,false,
Maven,org.exist-db,exist-cqlparser,7.0.0-SNAPSHOT,jakarta.transaction,jakarta.transaction-api,2.0.1,false,
Maven,org.exist-db,exist-cqlparser,7.0.0-SNAPSHOT,org.eclipse.jetty,jetty-jndi,12.0.35,false,
Maven,org.exist-db,exist-cqlparser,7.0.0-SNAPSHOT,org.eclipse.jetty,jetty-plus,12.0.35,false,
Maven,org.exist-db,exist-cqlparser,7.0.0-SNAPSHOT,org.ow2.asm,asm,9.9.1,false,
Maven,org.exist-db,exist-cqlparser,7.0.0-SNAPSHOT,org.ow2.asm,asm-commons,9.9.1,false,
Maven,org.exist-db,exist-cqlparser,7.0.0-SNAPSHOT,org.ow2.asm,asm-tree,9.9.1,false,
Maven,org.exist-db,exist-cqlparser,7.0.0-SNAPSHOT,org.eclipse.jetty.ee10,jetty-ee10-servlet,12.0.35,false,
Maven,org.exist-db,exist-cqlparser,7.0.0-SNAPSHOT,org.eclipse.jetty,jetty-session,12.0.35,false,
Maven,org.exist-db,exist-cqlparser,7.0.0-SNAPSHOT,org.eclipse.jetty.ee10,jetty-ee10-webapp,12.0.35,false,
Maven,org.exist-db,exist-cqlparser,7.0.0-SNAPSHOT,org.eclipse.jetty,jetty-ee,12.0.35,false,
Maven,org.exist-db,exist-cqlparser,7.0.0-SNAPSHOT,org.eclipse.jetty,jetty-xml,12.0.35,false,
Maven,org.exist-db,exist-cqlparser,7.0.0-SNAPSHOT,org.eclipse.jetty.ee10.websocket,jetty-ee10-websocket-jakarta-server,12.0.35,false,
Maven,org.exist-db,exist-cqlparser,7.0.0-SNAPSHOT,jakarta.websocket,jakarta.websocket-api,2.2.0,false,
Maven,org.exist-db,exist-cqlparser,7.0.0-SNAPSHOT,org.eclipse.jetty.ee10.websocket,jetty-ee10-websocket-jakarta-client,12.0.35,false,
Maven,org.exist-db,exist-cqlparser,7.0.0-SNAPSHOT,jakarta.websocket,jakarta.websocket-client-api,2.2.0,false,
Maven,org.exist-db,exist-cqlparser,7.0.0-SNAPSHOT,org.eclipse.jetty,jetty-client,12.0.35,false,
Maven,org.exist-db,exist-cqlparser,7.0.0-SNAPSHOT,org.eclipse.jetty,jetty-alpn-client,12.0.35,false,
Maven,org.exist-db,exist-cqlparser,7.0.0-SNAPSHOT,org.eclipse.jetty.ee10.websocket,jetty-ee10-websocket-jakarta-common,12.0.35,false,
Maven,org.exist-db,exist-cqlparser,7.0.0-SNAPSHOT,org.eclipse.jetty.websocket,jetty-websocket-core-client,12.0.35,false,
Maven,org.exist-db,exist-cqlparser,7.0.0-SNAPSHOT,org.eclipse.jetty.websocket,jetty-websocket-core-common,12.0.35,false,
Maven,org.exist-db,exist-cqlparser,7.0.0-SNAPSHOT,org.eclipse.jetty.ee10.websocket,jetty-ee10-websocket-servlet,12.0.35,false,
Maven,org.exist-db,exist-cqlparser,7.0.0-SNAPSHOT,org.eclipse.jetty.websocket,jetty-websocket-core-server,12.0.35,false,
Maven,org.exist-db,exist-cqlparser,7.0.0-SNAPSHOT,org.apache.logging.log4j,log4j-api,2.26.0,true,
Maven,org.exist-db,exist-cqlparser,7.0.0-SNAPSHOT,org.z3950.zing,cql-java,1.13,true,
Maven,org.exist-db,exist-expathrepo-trigger-test,7.0.0-SNAPSHOT,junit,junit,4.13.2,true,
Maven,org.exist-db,exist-expathrepo-trigger-test,7.0.0-SNAPSHOT,org.xmlunit,xmlunit-core,2.11.0,true,
Maven,org.exist-db,exist-expathrepo-trigger-test,7.0.0-SNAPSHOT,jakarta.xml.bind,jakarta.xml.bind-api,4.0.5,false,
Maven,org.exist-db,exist-expathrepo-trigger-test,7.0.0-SNAPSHOT,jakarta.activation,jakarta.activation-api,2.1.4,false,
Maven,org.exist-db,exist-expathrepo,7.0.0-SNAPSHOT,org.exist-db,exist-core,7.0.0-SNAPSHOT,true,
Maven,org.exist-db,exist-expathrepo,7.0.0-SNAPSHOT,net.jcip,jcip-annotations,1.0,false,
Maven,org.exist-db,exist-expathrepo,7.0.0-SNAPSHOT,antlr,antlr,2.7.7,false,
Maven,org.exist-db,exist-expathrepo,7.0.0-SNAPSHOT,com.fasterxml.jackson.core,jackson-core,2.21.3,false,
Maven,org.exist-db,exist-expathrepo,7.0.0-SNAPSHOT,com.evolvedbinary.multilock,multilock,1.0.1,false,
Maven,org.exist-db,exist-expathrepo,7.0.0-SNAPSHOT,com.github.ben-manes.caffeine,caffeine,3.2.4,false,
Maven,org.exist-db,exist-expathrepo,7.0.0-SNAPSHOT,org.jspecify,jspecify,1.0.0,false,
Maven,org.exist-db,exist-expathrepo,7.0.0-SNAPSHOT,com.google.errorprone,error_prone_annotations,2.49.0,false,
Maven,org.exist-db,exist-expathrepo,7.0.0-SNAPSHOT,com.github.krukow,clj-ds,0.0.4,false,
Maven,org.exist-db,exist-expathrepo,7.0.0-SNAPSHOT,com.siemens.ct.exi,exificient,1.0.7,false,
Maven,org.exist-db,exist-expathrepo,7.0.0-SNAPSHOT,xmlpull,xmlpull,1.1.3.1,false,
Maven,org.exist-db,exist-expathrepo,7.0.0-SNAPSHOT,javax.activation,activation,1.1.1,false,
Maven,org.exist-db,exist-expathrepo,7.0.0-SNAPSHOT,com.siemens.ct.exi,exificient-grammars,1.0.7,false,
Maven,org.exist-db,exist-expathrepo,7.0.0-SNAPSHOT,com.siemens.ct.exi,exificient-core,1.0.7,false,
Maven,org.exist-db,exist-expathrepo,7.0.0-SNAPSHOT,com.ibm.icu,icu4j,76.1,false,
Maven,org.exist-db,exist-expathrepo,7.0.0-SNAPSHOT,com.google.code.findbugs,jsr305,3.0.2,false,
Maven,org.exist-db,exist-expathrepo,7.0.0-SNAPSHOT,org.relaxng,jing,20241231,false,
Maven,org.exist-db,exist-expathrepo,7.0.0-SNAPSHOT,isorelax,isorelax,20030108,false,
Maven,org.exist-db,exist-expathrepo,7.0.0-SNAPSHOT,org.exist-db,exist-start,7.0.0-SNAPSHOT,false,
Maven,org.exist-db,exist-expathrepo,7.0.0-SNAPSHOT,org.exquery,exquery-common,0.2.1,false,
Maven,org.exist-db,exist-expathrepo,7.0.0-SNAPSHOT,org.bouncycastle,bcprov-jdk18on,1.84,false,
Maven,org.exist-db,exist-expathrepo,7.0.0-SNAPSHOT,at.yawk.lz4,lz4-java,1.11.0,false,
Maven,org.exist-db,exist-expathrepo,7.0.0-SNAPSHOT,com.evolvedbinary.j8fu,j8fu,1.24.0,false,
Maven,org.exist-db,exist-expathrepo,7.0.0-SNAPSHOT,com.fasterxml.uuid,java-uuid-generator,5.2.0,false,
Maven,org.exist-db,exist-expathrepo,7.0.0-SNAPSHOT,jakarta.servlet,jakarta.servlet-api,6.0.0,false,
Maven,org.exist-db,exist-expathrepo,7.0.0-SNAPSHOT,jakarta.xml.bind,jakarta.xml.bind-api,4.0.5,false,
Maven,org.exist-db,exist-expathrepo,7.0.0-SNAPSHOT,jakarta.activation,jakarta.activation-api,2.1.4,false,
Maven,org.exist-db,exist-expathrepo,7.0.0-SNAPSHOT,org.eclipse.angus,angus-activation,2.0.3,false,
Maven,org.exist-db,exist-expathrepo,7.0.0-SNAPSHOT,org.glassfish.jaxb,jaxb-runtime,4.0.2,false,
Maven,org.exist-db,exist-expathrepo,7.0.0-SNAPSHOT,org.glassfish.jaxb,jaxb-core,4.0.2,false,
Maven,org.exist-db,exist-expathrepo,7.0.0-SNAPSHOT,org.glassfish.jaxb,txw2,4.0.2,false,
Maven,org.exist-db,exist-expathrepo,7.0.0-SNAPSHOT,com.sun.istack,istack-commons-runtime,4.1.1,false,
Maven,org.exist-db,exist-expathrepo,7.0.0-SNAPSHOT,org.exist-db.thirdparty.javax.xml.xquery,xqjri,20080114-133351,false,
Maven,org.exist-db,exist-expathrepo,7.0.0-SNAPSHOT,org.jline,jline,4.1.0,false,
Maven,org.exist-db,exist-expathrepo,7.0.0-SNAPSHOT,org.jline,jansi,4.1.0,false,
Maven,org.exist-db,exist-expathrepo,7.0.0-SNAPSHOT,net.bytebuddy,byte-buddy,1.18.8,false,
Maven,org.exist-db,exist-expathrepo,7.0.0-SNAPSHOT,se.softhouse,jargo,0.4.14,false,
Maven,org.exist-db,exist-expathrepo,7.0.0-SNAPSHOT,commons-codec,commons-codec,1.22.0,false,
Maven,org.exist-db,exist-expathrepo,7.0.0-SNAPSHOT,commons-io,commons-io,2.22.0,false,
Maven,org.exist-db,exist-expathrepo,7.0.0-SNAPSHOT,org.apache.commons,commons-lang3,3.20.0,false,
Maven,org.exist-db,exist-expathrepo,7.0.0-SNAPSHOT,commons-logging,commons-logging,1.3.6,false,
Maven,org.exist-db,exist-expathrepo,7.0.0-SNAPSHOT,org.apache.commons,commons-pool2,2.13.1,false,
Maven,org.exist-db,exist-expathrepo,7.0.0-SNAPSHOT,org.apache.logging.log4j,log4j-core,2.26.0,false,
Maven,org.exist-db,exist-expathrepo,7.0.0-SNAPSHOT,org.apache.logging.log4j,log4j-jcl,2.26.0,false,
Maven,org.exist-db,exist-expathrepo,7.0.0-SNAPSHOT,org.apache.logging.log4j,log4j-jul,2.26.0,false,
Maven,org.exist-db,exist-expathrepo,7.0.0-SNAPSHOT,org.apache.logging.log4j,log4j-slf4j2-impl,2.26.0,false,
Maven,org.exist-db,exist-expathrepo,7.0.0-SNAPSHOT,org.exist-db.thirdparty.xerces,xercesImpl,2.12.2,false,
Maven,org.exist-db,exist-expathrepo,7.0.0-SNAPSHOT,org.codelibs,nekohtml,2.1.3,false,
Maven,org.exist-db,exist-expathrepo,7.0.0-SNAPSHOT,org.apache.ws.commons.util,ws-commons-util,1.0.2,false,
Maven,org.exist-db,exist-expathrepo,7.0.0-SNAPSHOT,xml-resolver,xml-resolver,1.2,false,
Maven,org.exist-db,exist-expathrepo,7.0.0-SNAPSHOT,org.xmlresolver,xmlresolver,6.0.23,false,
Maven,org.exist-db,exist-expathrepo,7.0.0-SNAPSHOT,org.exist-db.thirdparty.org.eclipse.wst.xml,xpath2,1.2.0,false,
Maven,org.exist-db,exist-expathrepo,7.0.0-SNAPSHOT,edu.princeton.cup,java-cup,10k,false,
Maven,org.exist-db,exist-expathrepo,7.0.0-SNAPSHOT,net.sf.saxon,Saxon-HE,9.9.1-8,false,
Maven,org.exist-db,exist-expathrepo,7.0.0-SNAPSHOT,org.exist-db,exist-saxon-regex,9.4.0-9.e1,false,
Maven,org.exist-db,exist-expathrepo,7.0.0-SNAPSHOT,com.evolvedbinary.thirdparty.org.apache.xmlrpc,xmlrpc-common,5.0.0,false,
Maven,org.exist-db,exist-expathrepo,7.0.0-SNAPSHOT,com.evolvedbinary.thirdparty.org.apache.xmlrpc,xmlrpc-client,5.0.0,false,
Maven,org.exist-db,exist-expathrepo,7.0.0-SNAPSHOT,com.evolvedbinary.thirdparty.org.apache.xmlrpc,xmlrpc-server,5.0.0,false,
Maven,org.exist-db,exist-expathrepo,7.0.0-SNAPSHOT,org.aspectj,aspectjrt,1.9.25.1,false,
Maven,org.exist-db,exist-expathrepo,7.0.0-SNAPSHOT,org.eclipse.jetty,jetty-http,12.0.35,false,
Maven,org.exist-db,exist-expathrepo,7.0.0-SNAPSHOT,org.eclipse.jetty,jetty-io,12.0.35,false,
Maven,org.exist-db,exist-expathrepo,7.0.0-SNAPSHOT,org.eclipse.jetty,jetty-security,12.0.35,false,
Maven,org.exist-db,exist-expathrepo,7.0.0-SNAPSHOT,org.eclipse.jetty,jetty-server,12.0.35,false,
Maven,org.exist-db,exist-expathrepo,7.0.0-SNAPSHOT,org.eclipse.jetty,jetty-util,12.0.35,false,
Maven,org.exist-db,exist-expathrepo,7.0.0-SNAPSHOT,com.fifesoft,rsyntaxtextarea,3.6.2,false,
Maven,org.exist-db,exist-expathrepo,7.0.0-SNAPSHOT,org.quartz-scheduler,quartz,2.5.2,false,
Maven,org.exist-db,exist-expathrepo,7.0.0-SNAPSHOT,net.sf.xmldb-org,xmldb-api,2.0.0,false,
Maven,org.exist-db,exist-expathrepo,7.0.0-SNAPSHOT,it.unimi.dsi,fastutil,8.5.18,false,
Maven,org.exist-db,exist-expathrepo,7.0.0-SNAPSHOT,io.lacuna,bifurcan,0.2.0-rc1,false,
Maven,org.exist-db,exist-expathrepo,7.0.0-SNAPSHOT,org.apache.ant,ant,1.10.17,false,
Maven,org.exist-db,exist-expathrepo,7.0.0-SNAPSHOT,org.apache.ant,ant-launcher,1.10.17,false,
Maven,org.exist-db,exist-expathrepo,7.0.0-SNAPSHOT,org.jgrapht,jgrapht-core,1.5.3,false,
Maven,org.exist-db,exist-expathrepo,7.0.0-SNAPSHOT,org.jheaps,jheaps,0.14,false,
Maven,org.exist-db,exist-expathrepo,7.0.0-SNAPSHOT,org.apfloat,apfloat,1.14.0,false,
Maven,org.exist-db,exist-expathrepo,7.0.0-SNAPSHOT,org.jgrapht,jgrapht-opt,1.5.3,false,
Maven,org.exist-db,exist-expathrepo,7.0.0-SNAPSHOT,org.hamcrest,hamcrest,3.0,false,
Maven,org.exist-db,exist-expathrepo,7.0.0-SNAPSHOT,org.xmlunit,xmlunit-core,2.11.0,false,
Maven,org.exist-db,exist-expathrepo,7.0.0-SNAPSHOT,org.eclipse.jetty.ee10,jetty-ee10-annotations,12.0.35,false,
Maven,org.exist-db,exist-expathrepo,7.0.0-SNAPSHOT,jakarta.annotation,jakarta.annotation-api,2.1.1,false,
Maven,org.exist-db,exist-expathrepo,7.0.0-SNAPSHOT,org.eclipse.jetty.ee10,jetty-ee10-plus,12.0.35,false,
Maven,org.exist-db,exist-expathrepo,7.0.0-SNAPSHOT,jakarta.enterprise,jakarta.enterprise.cdi-api,4.0.1,false,
Maven,org.exist-db,exist-expathrepo,7.0.0-SNAPSHOT,jakarta.el,jakarta.el-api,5.0.0,false,
Maven,org.exist-db,exist-expathrepo,7.0.0-SNAPSHOT,jakarta.inject,jakarta.inject-api,2.0.1,false,
Maven,org.exist-db,exist-expathrepo,7.0.0-SNAPSHOT,jakarta.enterprise,jakarta.enterprise.lang-model,4.0.1,false,
Maven,org.exist-db,exist-expathrepo,7.0.0-SNAPSHOT,jakarta.interceptor,jakarta.interceptor-api,2.1.0,false,
Maven,org.exist-db,exist-expathrepo,7.0.0-SNAPSHOT,jakarta.transaction,jakarta.transaction-api,2.0.1,false,
Maven,org.exist-db,exist-expathrepo,7.0.0-SNAPSHOT,org.eclipse.jetty,jetty-jndi,12.0.35,false,
Maven,org.exist-db,exist-expathrepo,7.0.0-SNAPSHOT,org.eclipse.jetty,jetty-plus,12.0.35,false,
Maven,org.exist-db,exist-expathrepo,7.0.0-SNAPSHOT,org.ow2.asm,asm,9.9.1,false,
Maven,org.exist-db,exist-expathrepo,7.0.0-SNAPSHOT,org.ow2.asm,asm-commons,9.9.1,false,
Maven,org.exist-db,exist-expathrepo,7.0.0-SNAPSHOT,org.ow2.asm,asm-tree,9.9.1,false,
Maven,org.exist-db,exist-expathrepo,7.0.0-SNAPSHOT,org.eclipse.jetty.ee10,jetty-ee10-servlet,12.0.35,false,
Maven,org.exist-db,exist-expathrepo,7.0.0-SNAPSHOT,org.eclipse.jetty,jetty-session,12.0.35,false,
Maven,org.exist-db,exist-expathrepo,7.0.0-SNAPSHOT,org.eclipse.jetty.ee10,jetty-ee10-webapp,12.0.35,false,
Maven,org.exist-db,exist-expathrepo,7.0.0-SNAPSHOT,org.eclipse.jetty,jetty-ee,12.0.35,false,
Maven,org.exist-db,exist-expathrepo,7.0.0-SNAPSHOT,org.eclipse.jetty,jetty-xml,12.0.35,false,
Maven,org.exist-db,exist-expathrepo,7.0.0-SNAPSHOT,org.eclipse.jetty.ee10.websocket,jetty-ee10-websocket-jakarta-server,12.0.35,false,
Maven,org.exist-db,exist-expathrepo,7.0.0-SNAPSHOT,jakarta.websocket,jakarta.websocket-api,2.2.0,false,
Maven,org.exist-db,exist-expathrepo,7.0.0-SNAPSHOT,org.eclipse.jetty.ee10.websocket,jetty-ee10-websocket-jakarta-client,12.0.35,false,
Maven,org.exist-db,exist-expathrepo,7.0.0-SNAPSHOT,jakarta.websocket,jakarta.websocket-client-api,2.2.0,false,
Maven,org.exist-db,exist-expathrepo,7.0.0-SNAPSHOT,org.eclipse.jetty,jetty-client,12.0.35,false,
Maven,org.exist-db,exist-expathrepo,7.0.0-SNAPSHOT,org.eclipse.jetty,jetty-alpn-client,12.0.35,false,
Maven,org.exist-db,exist-expathrepo,7.0.0-SNAPSHOT,org.eclipse.jetty.ee10.websocket,jetty-ee10-websocket-jakarta-common,12.0.35,false,
Maven,org.exist-db,exist-expathrepo,7.0.0-SNAPSHOT,org.eclipse.jetty.websocket,jetty-websocket-core-client,12.0.35,false,
Maven,org.exist-db,exist-expathrepo,7.0.0-SNAPSHOT,org.eclipse.jetty.websocket,jetty-websocket-core-common,12.0.35,false,
Maven,org.exist-db,exist-expathrepo,7.0.0-SNAPSHOT,org.eclipse.jetty.ee10.websocket,jetty-ee10-websocket-servlet,12.0.35,false,
Maven,org.exist-db,exist-expathrepo,7.0.0-SNAPSHOT,org.eclipse.jetty.websocket,jetty-websocket-core-server,12.0.35,false,
Maven,org.exist-db,exist-expathrepo,7.0.0-SNAPSHOT,org.expath.packaging,pkg-java,2.0.1,true,
Maven,org.exist-db,exist-expathrepo,7.0.0-SNAPSHOT,org.slf4j,slf4j-api,2.0.18,false,
Maven,org.exist-db,exist-expathrepo,7.0.0-SNAPSHOT,org.apache.logging.log4j,log4j-api,2.26.0,true,
Maven,org.exist-db,exist-expathrepo,7.0.0-SNAPSHOT,junit,junit,4.13.2,true,
Maven,org.exist-db,exist-expathrepo,7.0.0-SNAPSHOT,org.exist-db,exist-compression,7.0.0-SNAPSHOT,true,
Maven,org.exist-db,exist-expathrepo,7.0.0-SNAPSHOT,org.apache.commons,commons-compress,1.28.0,false,
Maven,org.exist-db,exist-expathrepo,7.0.0-SNAPSHOT,org.exist-db,exist-expathrepo-trigger-test,7.0.0-SNAPSHOT,true,
Maven,org.exist-db,exist-file,7.0.0-SNAPSHOT,org.exist-db,exist-core,7.0.0-SNAPSHOT,true,
Maven,org.exist-db,exist-file,7.0.0-SNAPSHOT,net.jcip,jcip-annotations,1.0,false,
Maven,org.exist-db,exist-file,7.0.0-SNAPSHOT,antlr,antlr,2.7.7,false,
Maven,org.exist-db,exist-file,7.0.0-SNAPSHOT,com.fasterxml.jackson.core,jackson-core,2.21.3,false,
Maven,org.exist-db,exist-file,7.0.0-SNAPSHOT,com.github.ben-manes.caffeine,caffeine,3.2.4,false,
Maven,org.exist-db,exist-file,7.0.0-SNAPSHOT,org.jspecify,jspecify,1.0.0,false,
Maven,org.exist-db,exist-file,7.0.0-SNAPSHOT,com.google.errorprone,error_prone_annotations,2.49.0,false,
Maven,org.exist-db,exist-file,7.0.0-SNAPSHOT,com.github.krukow,clj-ds,0.0.4,false,
Maven,org.exist-db,exist-file,7.0.0-SNAPSHOT,com.siemens.ct.exi,exificient,1.0.7,false,
Maven,org.exist-db,exist-file,7.0.0-SNAPSHOT,xmlpull,xmlpull,1.1.3.1,false,
Maven,org.exist-db,exist-file,7.0.0-SNAPSHOT,javax.activation,activation,1.1.1,false,
Maven,org.exist-db,exist-file,7.0.0-SNAPSHOT,com.siemens.ct.exi,exificient-grammars,1.0.7,false,
Maven,org.exist-db,exist-file,7.0.0-SNAPSHOT,com.siemens.ct.exi,exificient-core,1.0.7,false,
Maven,org.exist-db,exist-file,7.0.0-SNAPSHOT,com.ibm.icu,icu4j,76.1,false,
Maven,org.exist-db,exist-file,7.0.0-SNAPSHOT,com.google.code.findbugs,jsr305,3.0.2,false,
Maven,org.exist-db,exist-file,7.0.0-SNAPSHOT,org.relaxng,jing,20241231,false,
Maven,org.exist-db,exist-file,7.0.0-SNAPSHOT,isorelax,isorelax,20030108,false,
Maven,org.exist-db,exist-file,7.0.0-SNAPSHOT,org.exist-db,exist-start,7.0.0-SNAPSHOT,false,
Maven,org.exist-db,exist-file,7.0.0-SNAPSHOT,org.exquery,exquery-common,0.2.1,false,
Maven,org.exist-db,exist-file,7.0.0-SNAPSHOT,org.bouncycastle,bcprov-jdk18on,1.84,false,
Maven,org.exist-db,exist-file,7.0.0-SNAPSHOT,at.yawk.lz4,lz4-java,1.11.0,false,
Maven,org.exist-db,exist-file,7.0.0-SNAPSHOT,com.fasterxml.uuid,java-uuid-generator,5.2.0,false,
Maven,org.exist-db,exist-file,7.0.0-SNAPSHOT,jakarta.servlet,jakarta.servlet-api,6.0.0,false,
Maven,org.exist-db,exist-file,7.0.0-SNAPSHOT,org.glassfish.jaxb,jaxb-runtime,4.0.2,false,
Maven,org.exist-db,exist-file,7.0.0-SNAPSHOT,org.glassfish.jaxb,jaxb-core,4.0.2,false,
Maven,org.exist-db,exist-file,7.0.0-SNAPSHOT,org.glassfish.jaxb,txw2,4.0.2,false,
Maven,org.exist-db,exist-file,7.0.0-SNAPSHOT,com.sun.istack,istack-commons-runtime,4.1.1,false,
Maven,org.exist-db,exist-file,7.0.0-SNAPSHOT,org.exist-db.thirdparty.javax.xml.xquery,xqjri,20080114-133351,false,
Maven,org.exist-db,exist-file,7.0.0-SNAPSHOT,org.jline,jline,4.1.0,false,
Maven,org.exist-db,exist-file,7.0.0-SNAPSHOT,org.jline,jansi,4.1.0,false,
Maven,org.exist-db,exist-file,7.0.0-SNAPSHOT,net.bytebuddy,byte-buddy,1.18.8,false,
Maven,org.exist-db,exist-file,7.0.0-SNAPSHOT,se.softhouse,jargo,0.4.14,false,
Maven,org.exist-db,exist-file,7.0.0-SNAPSHOT,org.apache.commons,commons-lang3,3.20.0,false,
Maven,org.exist-db,exist-file,7.0.0-SNAPSHOT,commons-logging,commons-logging,1.3.6,false,
Maven,org.exist-db,exist-file,7.0.0-SNAPSHOT,org.apache.commons,commons-pool2,2.13.1,false,
Maven,org.exist-db,exist-file,7.0.0-SNAPSHOT,org.apache.logging.log4j,log4j-core,2.26.0,false,
Maven,org.exist-db,exist-file,7.0.0-SNAPSHOT,org.apache.logging.log4j,log4j-jcl,2.26.0,false,
Maven,org.exist-db,exist-file,7.0.0-SNAPSHOT,org.apache.logging.log4j,log4j-jul,2.26.0,false,
Maven,org.exist-db,exist-file,7.0.0-SNAPSHOT,org.apache.logging.log4j,log4j-slf4j2-impl,2.26.0,false,
Maven,org.exist-db,exist-file,7.0.0-SNAPSHOT,org.exist-db.thirdparty.xerces,xercesImpl,2.12.2,false,
Maven,org.exist-db,exist-file,7.0.0-SNAPSHOT,org.codelibs,nekohtml,2.1.3,false,
Maven,org.exist-db,exist-file,7.0.0-SNAPSHOT,org.apache.ws.commons.util,ws-commons-util,1.0.2,false,
Maven,org.exist-db,exist-file,7.0.0-SNAPSHOT,xml-resolver,xml-resolver,1.2,false,
Maven,org.exist-db,exist-file,7.0.0-SNAPSHOT,org.xmlresolver,xmlresolver,6.0.23,false,
Maven,org.exist-db,exist-file,7.0.0-SNAPSHOT,org.exist-db.thirdparty.org.eclipse.wst.xml,xpath2,1.2.0,false,
Maven,org.exist-db,exist-file,7.0.0-SNAPSHOT,edu.princeton.cup,java-cup,10k,false,
Maven,org.exist-db,exist-file,7.0.0-SNAPSHOT,net.sf.saxon,Saxon-HE,9.9.1-8,false,
Maven,org.exist-db,exist-file,7.0.0-SNAPSHOT,org.exist-db,exist-saxon-regex,9.4.0-9.e1,false,
Maven,org.exist-db,exist-file,7.0.0-SNAPSHOT,com.evolvedbinary.thirdparty.org.apache.xmlrpc,xmlrpc-common,5.0.0,false,
Maven,org.exist-db,exist-file,7.0.0-SNAPSHOT,com.evolvedbinary.thirdparty.org.apache.xmlrpc,xmlrpc-client,5.0.0,false,
Maven,org.exist-db,exist-file,7.0.0-SNAPSHOT,com.evolvedbinary.thirdparty.org.apache.xmlrpc,xmlrpc-server,5.0.0,false,
Maven,org.exist-db,exist-file,7.0.0-SNAPSHOT,org.aspectj,aspectjrt,1.9.25.1,false,
Maven,org.exist-db,exist-file,7.0.0-SNAPSHOT,org.eclipse.jetty,jetty-http,12.0.35,false,
Maven,org.exist-db,exist-file,7.0.0-SNAPSHOT,org.eclipse.jetty,jetty-io,12.0.35,false,
Maven,org.exist-db,exist-file,7.0.0-SNAPSHOT,org.eclipse.jetty,jetty-security,12.0.35,false,
Maven,org.exist-db,exist-file,7.0.0-SNAPSHOT,org.eclipse.jetty,jetty-server,12.0.35,false,
Maven,org.exist-db,exist-file,7.0.0-SNAPSHOT,org.eclipse.jetty,jetty-util,12.0.35,false,
Maven,org.exist-db,exist-file,7.0.0-SNAPSHOT,org.expath.packaging,pkg-java,2.0.1,false,
Maven,org.exist-db,exist-file,7.0.0-SNAPSHOT,com.fifesoft,rsyntaxtextarea,3.6.2,false,
Maven,org.exist-db,exist-file,7.0.0-SNAPSHOT,org.quartz-scheduler,quartz,2.5.2,false,
Maven,org.exist-db,exist-file,7.0.0-SNAPSHOT,it.unimi.dsi,fastutil,8.5.18,false,
Maven,org.exist-db,exist-file,7.0.0-SNAPSHOT,io.lacuna,bifurcan,0.2.0-rc1,false,
Maven,org.exist-db,exist-file,7.0.0-SNAPSHOT,org.jgrapht,jgrapht-core,1.5.3,false,
Maven,org.exist-db,exist-file,7.0.0-SNAPSHOT,org.jheaps,jheaps,0.14,false,
Maven,org.exist-db,exist-file,7.0.0-SNAPSHOT,org.apfloat,apfloat,1.14.0,false,
Maven,org.exist-db,exist-file,7.0.0-SNAPSHOT,org.jgrapht,jgrapht-opt,1.5.3,false,
Maven,org.exist-db,exist-file,7.0.0-SNAPSHOT,org.hamcrest,hamcrest,3.0,false,
Maven,org.exist-db,exist-file,7.0.0-SNAPSHOT,org.xmlunit,xmlunit-core,2.11.0,false,
Maven,org.exist-db,exist-file,7.0.0-SNAPSHOT,org.eclipse.jetty.ee10,jetty-ee10-annotations,12.0.35,false,
Maven,org.exist-db,exist-file,7.0.0-SNAPSHOT,jakarta.annotation,jakarta.annotation-api,2.1.1,false,
Maven,org.exist-db,exist-file,7.0.0-SNAPSHOT,org.eclipse.jetty.ee10,jetty-ee10-plus,12.0.35,false,
Maven,org.exist-db,exist-file,7.0.0-SNAPSHOT,jakarta.enterprise,jakarta.enterprise.cdi-api,4.0.1,false,
Maven,org.exist-db,exist-file,7.0.0-SNAPSHOT,jakarta.el,jakarta.el-api,5.0.0,false,
Maven,org.exist-db,exist-file,7.0.0-SNAPSHOT,jakarta.inject,jakarta.inject-api,2.0.1,false,
Maven,org.exist-db,exist-file,7.0.0-SNAPSHOT,jakarta.enterprise,jakarta.enterprise.lang-model,4.0.1,false,
Maven,org.exist-db,exist-file,7.0.0-SNAPSHOT,jakarta.interceptor,jakarta.interceptor-api,2.1.0,false,
Maven,org.exist-db,exist-file,7.0.0-SNAPSHOT,jakarta.transaction,jakarta.transaction-api,2.0.1,false,
Maven,org.exist-db,exist-file,7.0.0-SNAPSHOT,org.eclipse.jetty,jetty-jndi,12.0.35,false,
Maven,org.exist-db,exist-file,7.0.0-SNAPSHOT,org.eclipse.jetty,jetty-plus,12.0.35,false,
Maven,org.exist-db,exist-file,7.0.0-SNAPSHOT,org.ow2.asm,asm,9.9.1,false,
Maven,org.exist-db,exist-file,7.0.0-SNAPSHOT,org.ow2.asm,asm-commons,9.9.1,false,
Maven,org.exist-db,exist-file,7.0.0-SNAPSHOT,org.ow2.asm,asm-tree,9.9.1,false,
Maven,org.exist-db,exist-file,7.0.0-SNAPSHOT,org.eclipse.jetty.ee10,jetty-ee10-servlet,12.0.35,false,
Maven,org.exist-db,exist-file,7.0.0-SNAPSHOT,org.eclipse.jetty,jetty-session,12.0.35,false,
Maven,org.exist-db,exist-file,7.0.0-SNAPSHOT,org.eclipse.jetty.ee10,jetty-ee10-webapp,12.0.35,false,
Maven,org.exist-db,exist-file,7.0.0-SNAPSHOT,org.eclipse.jetty,jetty-ee,12.0.35,false,
Maven,org.exist-db,exist-file,7.0.0-SNAPSHOT,org.eclipse.jetty,jetty-xml,12.0.35,false,
Maven,org.exist-db,exist-file,7.0.0-SNAPSHOT,org.eclipse.jetty.ee10.websocket,jetty-ee10-websocket-jakarta-server,12.0.35,false,
Maven,org.exist-db,exist-file,7.0.0-SNAPSHOT,jakarta.websocket,jakarta.websocket-api,2.2.0,false,
Maven,org.exist-db,exist-file,7.0.0-SNAPSHOT,org.eclipse.jetty.ee10.websocket,jetty-ee10-websocket-jakarta-client,12.0.35,false,
Maven,org.exist-db,exist-file,7.0.0-SNAPSHOT,jakarta.websocket,jakarta.websocket-client-api,2.2.0,false,
Maven,org.exist-db,exist-file,7.0.0-SNAPSHOT,org.eclipse.jetty,jetty-client,12.0.35,false,
Maven,org.exist-db,exist-file,7.0.0-SNAPSHOT,org.eclipse.jetty,jetty-alpn-client,12.0.35,false,
Maven,org.exist-db,exist-file,7.0.0-SNAPSHOT,org.eclipse.jetty.ee10.websocket,jetty-ee10-websocket-jakarta-common,12.0.35,false,
Maven,org.exist-db,exist-file,7.0.0-SNAPSHOT,org.eclipse.jetty.websocket,jetty-websocket-core-client,12.0.35,false,
Maven,org.exist-db,exist-file,7.0.0-SNAPSHOT,org.eclipse.jetty.websocket,jetty-websocket-core-common,12.0.35,false,
Maven,org.exist-db,exist-file,7.0.0-SNAPSHOT,org.eclipse.jetty.ee10.websocket,jetty-ee10-websocket-servlet,12.0.35,false,
Maven,org.exist-db,exist-file,7.0.0-SNAPSHOT,org.eclipse.jetty.websocket,jetty-websocket-core-server,12.0.35,false,
Maven,org.exist-db,exist-file,7.0.0-SNAPSHOT,org.apache.logging.log4j,log4j-api,2.26.0,true,
Maven,org.exist-db,exist-file,7.0.0-SNAPSHOT,com.evolvedbinary.j8fu,j8fu,1.24.0,true,
Maven,org.exist-db,exist-file,7.0.0-SNAPSHOT,com.evolvedbinary.multilock,multilock,1.0.1,true,
Maven,org.exist-db,exist-file,7.0.0-SNAPSHOT,commons-io,commons-io,2.22.0,true,
Maven,org.exist-db,exist-file,7.0.0-SNAPSHOT,net.sf.xmldb-org,xmldb-api,2.0.0,true,
Maven,org.exist-db,exist-file,7.0.0-SNAPSHOT,jakarta.xml.bind,jakarta.xml.bind-api,4.0.5,true,
Maven,org.exist-db,exist-file,7.0.0-SNAPSHOT,jakarta.activation,jakarta.activation-api,2.1.4,false,
Maven,org.exist-db,exist-file,7.0.0-SNAPSHOT,org.eclipse.angus,angus-activation,2.0.3,true,
Maven,org.exist-db,exist-file,7.0.0-SNAPSHOT,org.apache.ant,ant,1.10.17,true,
Maven,org.exist-db,exist-file,7.0.0-SNAPSHOT,org.apache.ant,ant-launcher,1.10.17,false,
Maven,org.exist-db,exist-file,7.0.0-SNAPSHOT,org.eclipse.jetty,jetty-deploy,12.0.35,true,
Maven,org.exist-db,exist-file,7.0.0-SNAPSHOT,org.slf4j,slf4j-api,2.0.18,false,
Maven,org.exist-db,exist-file,7.0.0-SNAPSHOT,org.eclipse.jetty,jetty-jmx,12.0.35,true,
Maven,org.exist-db,exist-file,7.0.0-SNAPSHOT,junit,junit,4.13.2,true,
Maven,org.exist-db,exist-file,7.0.0-SNAPSHOT,org.exist-db,exist-jetty-config,7.0.0-SNAPSHOT,true,
Maven,org.exist-db,exist-file,7.0.0-SNAPSHOT,org.apache.httpcomponents,httpcore,4.4.16,true,
Maven,org.exist-db,exist-file,7.0.0-SNAPSHOT,org.apache.httpcomponents,fluent-hc,4.5.14,true,
Maven,org.exist-db,exist-file,7.0.0-SNAPSHOT,org.apache.httpcomponents,httpclient,4.5.14,false,
Maven,org.exist-db,exist-file,7.0.0-SNAPSHOT,commons-codec,commons-codec,1.22.0,true,
Maven,org.exist-db,exist-image,7.0.0-SNAPSHOT,org.exist-db,exist-core,7.0.0-SNAPSHOT,true,
Maven,org.exist-db,exist-image,7.0.0-SNAPSHOT,net.jcip,jcip-annotations,1.0,false,
Maven,org.exist-db,exist-image,7.0.0-SNAPSHOT,antlr,antlr,2.7.7,false,
Maven,org.exist-db,exist-image,7.0.0-SNAPSHOT,com.fasterxml.jackson.core,jackson-core,2.21.3,false,
Maven,org.exist-db,exist-image,7.0.0-SNAPSHOT,com.evolvedbinary.multilock,multilock,1.0.1,false,
Maven,org.exist-db,exist-image,7.0.0-SNAPSHOT,com.github.ben-manes.caffeine,caffeine,3.2.4,false,
Maven,org.exist-db,exist-image,7.0.0-SNAPSHOT,org.jspecify,jspecify,1.0.0,false,
Maven,org.exist-db,exist-image,7.0.0-SNAPSHOT,com.google.errorprone,error_prone_annotations,2.49.0,false,
Maven,org.exist-db,exist-image,7.0.0-SNAPSHOT,com.github.krukow,clj-ds,0.0.4,false,
Maven,org.exist-db,exist-image,7.0.0-SNAPSHOT,com.siemens.ct.exi,exificient,1.0.7,false,
Maven,org.exist-db,exist-image,7.0.0-SNAPSHOT,org.slf4j,slf4j-api,2.0.18,false,
Maven,org.exist-db,exist-image,7.0.0-SNAPSHOT,xmlpull,xmlpull,1.1.3.1,false,
Maven,org.exist-db,exist-image,7.0.0-SNAPSHOT,javax.activation,activation,1.1.1,false,
Maven,org.exist-db,exist-image,7.0.0-SNAPSHOT,com.siemens.ct.exi,exificient-grammars,1.0.7,false,
Maven,org.exist-db,exist-image,7.0.0-SNAPSHOT,com.siemens.ct.exi,exificient-core,1.0.7,false,
Maven,org.exist-db,exist-image,7.0.0-SNAPSHOT,com.ibm.icu,icu4j,76.1,false,
Maven,org.exist-db,exist-image,7.0.0-SNAPSHOT,org.relaxng,jing,20241231,false,
Maven,org.exist-db,exist-image,7.0.0-SNAPSHOT,isorelax,isorelax,20030108,false,
Maven,org.exist-db,exist-image,7.0.0-SNAPSHOT,org.exist-db,exist-start,7.0.0-SNAPSHOT,false,
Maven,org.exist-db,exist-image,7.0.0-SNAPSHOT,org.exquery,exquery-common,0.2.1,false,
Maven,org.exist-db,exist-image,7.0.0-SNAPSHOT,org.bouncycastle,bcprov-jdk18on,1.84,false,
Maven,org.exist-db,exist-image,7.0.0-SNAPSHOT,at.yawk.lz4,lz4-java,1.11.0,false,
Maven,org.exist-db,exist-image,7.0.0-SNAPSHOT,com.evolvedbinary.j8fu,j8fu,1.24.0,false,
Maven,org.exist-db,exist-image,7.0.0-SNAPSHOT,com.fasterxml.uuid,java-uuid-generator,5.2.0,false,
Maven,org.exist-db,exist-image,7.0.0-SNAPSHOT,jakarta.servlet,jakarta.servlet-api,6.0.0,false,
Maven,org.exist-db,exist-image,7.0.0-SNAPSHOT,jakarta.xml.bind,jakarta.xml.bind-api,4.0.5,false,
Maven,org.exist-db,exist-image,7.0.0-SNAPSHOT,jakarta.activation,jakarta.activation-api,2.1.4,false,
Maven,org.exist-db,exist-image,7.0.0-SNAPSHOT,org.eclipse.angus,angus-activation,2.0.3,false,
Maven,org.exist-db,exist-image,7.0.0-SNAPSHOT,org.glassfish.jaxb,jaxb-runtime,4.0.2,false,
Maven,org.exist-db,exist-image,7.0.0-SNAPSHOT,org.glassfish.jaxb,jaxb-core,4.0.2,false,
Maven,org.exist-db,exist-image,7.0.0-SNAPSHOT,org.glassfish.jaxb,txw2,4.0.2,false,
Maven,org.exist-db,exist-image,7.0.0-SNAPSHOT,com.sun.istack,istack-commons-runtime,4.1.1,false,
Maven,org.exist-db,exist-image,7.0.0-SNAPSHOT,org.exist-db.thirdparty.javax.xml.xquery,xqjri,20080114-133351,false,
Maven,org.exist-db,exist-image,7.0.0-SNAPSHOT,org.jline,jline,4.1.0,false,
Maven,org.exist-db,exist-image,7.0.0-SNAPSHOT,org.jline,jansi,4.1.0,false,
Maven,org.exist-db,exist-image,7.0.0-SNAPSHOT,net.bytebuddy,byte-buddy,1.18.8,false,
Maven,org.exist-db,exist-image,7.0.0-SNAPSHOT,se.softhouse,jargo,0.4.14,false,
Maven,org.exist-db,exist-image,7.0.0-SNAPSHOT,commons-codec,commons-codec,1.22.0,false,
Maven,org.exist-db,exist-image,7.0.0-SNAPSHOT,org.apache.commons,commons-lang3,3.20.0,false,
Maven,org.exist-db,exist-image,7.0.0-SNAPSHOT,commons-logging,commons-logging,1.3.6,false,
Maven,org.exist-db,exist-image,7.0.0-SNAPSHOT,org.apache.commons,commons-pool2,2.13.1,false,
Maven,org.exist-db,exist-image,7.0.0-SNAPSHOT,org.apache.logging.log4j,log4j-core,2.26.0,false,
Maven,org.exist-db,exist-image,7.0.0-SNAPSHOT,org.apache.logging.log4j,log4j-jcl,2.26.0,false,
Maven,org.exist-db,exist-image,7.0.0-SNAPSHOT,org.apache.logging.log4j,log4j-jul,2.26.0,false,
Maven,org.exist-db,exist-image,7.0.0-SNAPSHOT,org.apache.logging.log4j,log4j-slf4j2-impl,2.26.0,false,
Maven,org.exist-db,exist-image,7.0.0-SNAPSHOT,org.exist-db.thirdparty.xerces,xercesImpl,2.12.2,false,
Maven,org.exist-db,exist-image,7.0.0-SNAPSHOT,org.codelibs,nekohtml,2.1.3,false,
Maven,org.exist-db,exist-image,7.0.0-SNAPSHOT,org.apache.ws.commons.util,ws-commons-util,1.0.2,false,
Maven,org.exist-db,exist-image,7.0.0-SNAPSHOT,xml-resolver,xml-resolver,1.2,false,
Maven,org.exist-db,exist-image,7.0.0-SNAPSHOT,org.xmlresolver,xmlresolver,6.0.23,false,
Maven,org.exist-db,exist-image,7.0.0-SNAPSHOT,org.exist-db.thirdparty.org.eclipse.wst.xml,xpath2,1.2.0,false,
Maven,org.exist-db,exist-image,7.0.0-SNAPSHOT,edu.princeton.cup,java-cup,10k,false,
Maven,org.exist-db,exist-image,7.0.0-SNAPSHOT,net.sf.saxon,Saxon-HE,9.9.1-8,false,
Maven,org.exist-db,exist-image,7.0.0-SNAPSHOT,org.exist-db,exist-saxon-regex,9.4.0-9.e1,false,
Maven,org.exist-db,exist-image,7.0.0-SNAPSHOT,com.evolvedbinary.thirdparty.org.apache.xmlrpc,xmlrpc-common,5.0.0,false,
Maven,org.exist-db,exist-image,7.0.0-SNAPSHOT,com.evolvedbinary.thirdparty.org.apache.xmlrpc,xmlrpc-client,5.0.0,false,
Maven,org.exist-db,exist-image,7.0.0-SNAPSHOT,com.evolvedbinary.thirdparty.org.apache.xmlrpc,xmlrpc-server,5.0.0,false,
Maven,org.exist-db,exist-image,7.0.0-SNAPSHOT,org.aspectj,aspectjrt,1.9.25.1,false,
Maven,org.exist-db,exist-image,7.0.0-SNAPSHOT,org.eclipse.jetty,jetty-http,12.0.35,false,
Maven,org.exist-db,exist-image,7.0.0-SNAPSHOT,org.eclipse.jetty,jetty-io,12.0.35,false,
Maven,org.exist-db,exist-image,7.0.0-SNAPSHOT,org.eclipse.jetty,jetty-security,12.0.35,false,
Maven,org.exist-db,exist-image,7.0.0-SNAPSHOT,org.eclipse.jetty,jetty-server,12.0.35,false,
Maven,org.exist-db,exist-image,7.0.0-SNAPSHOT,org.eclipse.jetty,jetty-util,12.0.35,false,
Maven,org.exist-db,exist-image,7.0.0-SNAPSHOT,org.expath.packaging,pkg-java,2.0.1,false,
Maven,org.exist-db,exist-image,7.0.0-SNAPSHOT,com.fifesoft,rsyntaxtextarea,3.6.2,false,
Maven,org.exist-db,exist-image,7.0.0-SNAPSHOT,org.quartz-scheduler,quartz,2.5.2,false,
Maven,org.exist-db,exist-image,7.0.0-SNAPSHOT,net.sf.xmldb-org,xmldb-api,2.0.0,false,
Maven,org.exist-db,exist-image,7.0.0-SNAPSHOT,it.unimi.dsi,fastutil,8.5.18,false,
Maven,org.exist-db,exist-image,7.0.0-SNAPSHOT,io.lacuna,bifurcan,0.2.0-rc1,false,
Maven,org.exist-db,exist-image,7.0.0-SNAPSHOT,org.apache.ant,ant,1.10.17,false,
Maven,org.exist-db,exist-image,7.0.0-SNAPSHOT,org.apache.ant,ant-launcher,1.10.17,false,
Maven,org.exist-db,exist-image,7.0.0-SNAPSHOT,org.jgrapht,jgrapht-core,1.5.3,false,
Maven,org.exist-db,exist-image,7.0.0-SNAPSHOT,org.jheaps,jheaps,0.14,false,
Maven,org.exist-db,exist-image,7.0.0-SNAPSHOT,org.apfloat,apfloat,1.14.0,false,
Maven,org.exist-db,exist-image,7.0.0-SNAPSHOT,org.jgrapht,jgrapht-opt,1.5.3,false,
Maven,org.exist-db,exist-image,7.0.0-SNAPSHOT,org.hamcrest,hamcrest,3.0,false,
Maven,org.exist-db,exist-image,7.0.0-SNAPSHOT,org.xmlunit,xmlunit-core,2.11.0,false,
Maven,org.exist-db,exist-image,7.0.0-SNAPSHOT,org.eclipse.jetty.ee10,jetty-ee10-annotations,12.0.35,false,
Maven,org.exist-db,exist-image,7.0.0-SNAPSHOT,jakarta.annotation,jakarta.annotation-api,2.1.1,false,
Maven,org.exist-db,exist-image,7.0.0-SNAPSHOT,org.eclipse.jetty.ee10,jetty-ee10-plus,12.0.35,false,
Maven,org.exist-db,exist-image,7.0.0-SNAPSHOT,jakarta.enterprise,jakarta.enterprise.cdi-api,4.0.1,false,
Maven,org.exist-db,exist-image,7.0.0-SNAPSHOT,jakarta.el,jakarta.el-api,5.0.0,false,
Maven,org.exist-db,exist-image,7.0.0-SNAPSHOT,jakarta.inject,jakarta.inject-api,2.0.1,false,
Maven,org.exist-db,exist-image,7.0.0-SNAPSHOT,jakarta.enterprise,jakarta.enterprise.lang-model,4.0.1,false,
Maven,org.exist-db,exist-image,7.0.0-SNAPSHOT,jakarta.interceptor,jakarta.interceptor-api,2.1.0,false,
Maven,org.exist-db,exist-image,7.0.0-SNAPSHOT,jakarta.transaction,jakarta.transaction-api,2.0.1,false,
Maven,org.exist-db,exist-image,7.0.0-SNAPSHOT,org.eclipse.jetty,jetty-jndi,12.0.35,false,
Maven,org.exist-db,exist-image,7.0.0-SNAPSHOT,org.eclipse.jetty,jetty-plus,12.0.35,false,
Maven,org.exist-db,exist-image,7.0.0-SNAPSHOT,org.ow2.asm,asm,9.9.1,false,
Maven,org.exist-db,exist-image,7.0.0-SNAPSHOT,org.ow2.asm,asm-commons,9.9.1,false,
Maven,org.exist-db,exist-image,7.0.0-SNAPSHOT,org.ow2.asm,asm-tree,9.9.1,false,
Maven,org.exist-db,exist-image,7.0.0-SNAPSHOT,org.eclipse.jetty.ee10,jetty-ee10-servlet,12.0.35,false,
Maven,org.exist-db,exist-image,7.0.0-SNAPSHOT,org.eclipse.jetty,jetty-session,12.0.35,false,
Maven,org.exist-db,exist-image,7.0.0-SNAPSHOT,org.eclipse.jetty.ee10,jetty-ee10-webapp,12.0.35,false,
Maven,org.exist-db,exist-image,7.0.0-SNAPSHOT,org.eclipse.jetty,jetty-ee,12.0.35,false,
Maven,org.exist-db,exist-image,7.0.0-SNAPSHOT,org.eclipse.jetty,jetty-xml,12.0.35,false,
Maven,org.exist-db,exist-image,7.0.0-SNAPSHOT,org.eclipse.jetty.ee10.websocket,jetty-ee10-websocket-jakarta-server,12.0.35,false,
Maven,org.exist-db,exist-image,7.0.0-SNAPSHOT,jakarta.websocket,jakarta.websocket-api,2.2.0,false,
Maven,org.exist-db,exist-image,7.0.0-SNAPSHOT,org.eclipse.jetty.ee10.websocket,jetty-ee10-websocket-jakarta-client,12.0.35,false,
Maven,org.exist-db,exist-image,7.0.0-SNAPSHOT,jakarta.websocket,jakarta.websocket-client-api,2.2.0,false,
Maven,org.exist-db,exist-image,7.0.0-SNAPSHOT,org.eclipse.jetty,jetty-client,12.0.35,false,
Maven,org.exist-db,exist-image,7.0.0-SNAPSHOT,org.eclipse.jetty,jetty-alpn-client,12.0.35,false,
Maven,org.exist-db,exist-image,7.0.0-SNAPSHOT,org.eclipse.jetty.ee10.websocket,jetty-ee10-websocket-jakarta-common,12.0.35,false,
Maven,org.exist-db,exist-image,7.0.0-SNAPSHOT,org.eclipse.jetty.websocket,jetty-websocket-core-client,12.0.35,false,
Maven,org.exist-db,exist-image,7.0.0-SNAPSHOT,org.eclipse.jetty.websocket,jetty-websocket-core-common,12.0.35,false,
Maven,org.exist-db,exist-image,7.0.0-SNAPSHOT,org.eclipse.jetty.ee10.websocket,jetty-ee10-websocket-servlet,12.0.35,false,
Maven,org.exist-db,exist-image,7.0.0-SNAPSHOT,org.eclipse.jetty.websocket,jetty-websocket-core-server,12.0.35,false,
Maven,org.exist-db,exist-image,7.0.0-SNAPSHOT,org.apache.logging.log4j,log4j-api,2.26.0,true,
Maven,org.exist-db,exist-image,7.0.0-SNAPSHOT,commons-io,commons-io,2.22.0,true,
Maven,org.exist-db,exist-image,7.0.0-SNAPSHOT,com.google.code.findbugs,jsr305,3.0.2,true,
Maven,org.exist-db,exist-image,7.0.0-SNAPSHOT,junit,junit,4.13.2,true,
Maven,org.exist-db,exist-image,7.0.0-SNAPSHOT,org.exist-db,exist-file,7.0.0-SNAPSHOT,true,
Maven,org.exist-db,exist-jndi,7.0.0-SNAPSHOT,org.exist-db,exist-core,7.0.0-SNAPSHOT,true,
Maven,org.exist-db,exist-jndi,7.0.0-SNAPSHOT,net.jcip,jcip-annotations,1.0,false,
Maven,org.exist-db,exist-jndi,7.0.0-SNAPSHOT,antlr,antlr,2.7.7,false,
Maven,org.exist-db,exist-jndi,7.0.0-SNAPSHOT,com.fasterxml.jackson.core,jackson-core,2.21.3,false,
Maven,org.exist-db,exist-jndi,7.0.0-SNAPSHOT,com.evolvedbinary.multilock,multilock,1.0.1,false,
Maven,org.exist-db,exist-jndi,7.0.0-SNAPSHOT,com.github.ben-manes.caffeine,caffeine,3.2.4,false,
Maven,org.exist-db,exist-jndi,7.0.0-SNAPSHOT,org.jspecify,jspecify,1.0.0,false,
Maven,org.exist-db,exist-jndi,7.0.0-SNAPSHOT,com.google.errorprone,error_prone_annotations,2.49.0,false,
Maven,org.exist-db,exist-jndi,7.0.0-SNAPSHOT,com.github.krukow,clj-ds,0.0.4,false,
Maven,org.exist-db,exist-jndi,7.0.0-SNAPSHOT,com.siemens.ct.exi,exificient,1.0.7,false,
Maven,org.exist-db,exist-jndi,7.0.0-SNAPSHOT,org.slf4j,slf4j-api,2.0.18,false,
Maven,org.exist-db,exist-jndi,7.0.0-SNAPSHOT,xmlpull,xmlpull,1.1.3.1,false,
Maven,org.exist-db,exist-jndi,7.0.0-SNAPSHOT,javax.activation,activation,1.1.1,false,
Maven,org.exist-db,exist-jndi,7.0.0-SNAPSHOT,com.siemens.ct.exi,exificient-grammars,1.0.7,false,
Maven,org.exist-db,exist-jndi,7.0.0-SNAPSHOT,com.siemens.ct.exi,exificient-core,1.0.7,false,
Maven,org.exist-db,exist-jndi,7.0.0-SNAPSHOT,com.ibm.icu,icu4j,76.1,false,
Maven,org.exist-db,exist-jndi,7.0.0-SNAPSHOT,com.google.code.findbugs,jsr305,3.0.2,false,
Maven,org.exist-db,exist-jndi,7.0.0-SNAPSHOT,org.relaxng,jing,20241231,false,
Maven,org.exist-db,exist-jndi,7.0.0-SNAPSHOT,isorelax,isorelax,20030108,false,
Maven,org.exist-db,exist-jndi,7.0.0-SNAPSHOT,org.exist-db,exist-start,7.0.0-SNAPSHOT,false,
Maven,org.exist-db,exist-jndi,7.0.0-SNAPSHOT,org.exquery,exquery-common,0.2.1,false,
Maven,org.exist-db,exist-jndi,7.0.0-SNAPSHOT,org.bouncycastle,bcprov-jdk18on,1.84,false,
Maven,org.exist-db,exist-jndi,7.0.0-SNAPSHOT,at.yawk.lz4,lz4-java,1.11.0,false,
Maven,org.exist-db,exist-jndi,7.0.0-SNAPSHOT,com.evolvedbinary.j8fu,j8fu,1.24.0,false,
Maven,org.exist-db,exist-jndi,7.0.0-SNAPSHOT,com.fasterxml.uuid,java-uuid-generator,5.2.0,false,
Maven,org.exist-db,exist-jndi,7.0.0-SNAPSHOT,jakarta.servlet,jakarta.servlet-api,6.0.0,false,
Maven,org.exist-db,exist-jndi,7.0.0-SNAPSHOT,jakarta.xml.bind,jakarta.xml.bind-api,4.0.5,false,
Maven,org.exist-db,exist-jndi,7.0.0-SNAPSHOT,jakarta.activation,jakarta.activation-api,2.1.4,false,
Maven,org.exist-db,exist-jndi,7.0.0-SNAPSHOT,org.eclipse.angus,angus-activation,2.0.3,false,
Maven,org.exist-db,exist-jndi,7.0.0-SNAPSHOT,org.glassfish.jaxb,jaxb-runtime,4.0.2,false,
Maven,org.exist-db,exist-jndi,7.0.0-SNAPSHOT,org.glassfish.jaxb,jaxb-core,4.0.2,false,
Maven,org.exist-db,exist-jndi,7.0.0-SNAPSHOT,org.glassfish.jaxb,txw2,4.0.2,false,
Maven,org.exist-db,exist-jndi,7.0.0-SNAPSHOT,com.sun.istack,istack-commons-runtime,4.1.1,false,
Maven,org.exist-db,exist-jndi,7.0.0-SNAPSHOT,org.exist-db.thirdparty.javax.xml.xquery,xqjri,20080114-133351,false,
Maven,org.exist-db,exist-jndi,7.0.0-SNAPSHOT,org.jline,jline,4.1.0,false,
Maven,org.exist-db,exist-jndi,7.0.0-SNAPSHOT,org.jline,jansi,4.1.0,false,
Maven,org.exist-db,exist-jndi,7.0.0-SNAPSHOT,net.bytebuddy,byte-buddy,1.18.8,false,
Maven,org.exist-db,exist-jndi,7.0.0-SNAPSHOT,se.softhouse,jargo,0.4.14,false,
Maven,org.exist-db,exist-jndi,7.0.0-SNAPSHOT,commons-codec,commons-codec,1.22.0,false,
Maven,org.exist-db,exist-jndi,7.0.0-SNAPSHOT,commons-io,commons-io,2.22.0,false,
Maven,org.exist-db,exist-jndi,7.0.0-SNAPSHOT,org.apache.commons,commons-lang3,3.20.0,false,
Maven,org.exist-db,exist-jndi,7.0.0-SNAPSHOT,commons-logging,commons-logging,1.3.6,false,
Maven,org.exist-db,exist-jndi,7.0.0-SNAPSHOT,org.apache.commons,commons-pool2,2.13.1,false,
Maven,org.exist-db,exist-jndi,7.0.0-SNAPSHOT,org.apache.logging.log4j,log4j-core,2.26.0,false,
Maven,org.exist-db,exist-jndi,7.0.0-SNAPSHOT,org.apache.logging.log4j,log4j-jcl,2.26.0,false,
Maven,org.exist-db,exist-jndi,7.0.0-SNAPSHOT,org.apache.logging.log4j,log4j-jul,2.26.0,false,
Maven,org.exist-db,exist-jndi,7.0.0-SNAPSHOT,org.apache.logging.log4j,log4j-slf4j2-impl,2.26.0,false,
Maven,org.exist-db,exist-jndi,7.0.0-SNAPSHOT,org.exist-db.thirdparty.xerces,xercesImpl,2.12.2,false,
Maven,org.exist-db,exist-jndi,7.0.0-SNAPSHOT,org.codelibs,nekohtml,2.1.3,false,
Maven,org.exist-db,exist-jndi,7.0.0-SNAPSHOT,org.apache.ws.commons.util,ws-commons-util,1.0.2,false,
Maven,org.exist-db,exist-jndi,7.0.0-SNAPSHOT,xml-resolver,xml-resolver,1.2,false,
Maven,org.exist-db,exist-jndi,7.0.0-SNAPSHOT,org.xmlresolver,xmlresolver,6.0.23,false,
Maven,org.exist-db,exist-jndi,7.0.0-SNAPSHOT,org.exist-db.thirdparty.org.eclipse.wst.xml,xpath2,1.2.0,false,
Maven,org.exist-db,exist-jndi,7.0.0-SNAPSHOT,edu.princeton.cup,java-cup,10k,false,
Maven,org.exist-db,exist-jndi,7.0.0-SNAPSHOT,net.sf.saxon,Saxon-HE,9.9.1-8,false,
Maven,org.exist-db,exist-jndi,7.0.0-SNAPSHOT,org.exist-db,exist-saxon-regex,9.4.0-9.e1,false,
Maven,org.exist-db,exist-jndi,7.0.0-SNAPSHOT,com.evolvedbinary.thirdparty.org.apache.xmlrpc,xmlrpc-common,5.0.0,false,
Maven,org.exist-db,exist-jndi,7.0.0-SNAPSHOT,com.evolvedbinary.thirdparty.org.apache.xmlrpc,xmlrpc-client,5.0.0,false,
Maven,org.exist-db,exist-jndi,7.0.0-SNAPSHOT,com.evolvedbinary.thirdparty.org.apache.xmlrpc,xmlrpc-server,5.0.0,false,
Maven,org.exist-db,exist-jndi,7.0.0-SNAPSHOT,org.aspectj,aspectjrt,1.9.25.1,false,
Maven,org.exist-db,exist-jndi,7.0.0-SNAPSHOT,org.eclipse.jetty,jetty-http,12.0.35,false,
Maven,org.exist-db,exist-jndi,7.0.0-SNAPSHOT,org.eclipse.jetty,jetty-io,12.0.35,false,
Maven,org.exist-db,exist-jndi,7.0.0-SNAPSHOT,org.eclipse.jetty,jetty-security,12.0.35,false,
Maven,org.exist-db,exist-jndi,7.0.0-SNAPSHOT,org.eclipse.jetty,jetty-server,12.0.35,false,
Maven,org.exist-db,exist-jndi,7.0.0-SNAPSHOT,org.eclipse.jetty,jetty-util,12.0.35,false,
Maven,org.exist-db,exist-jndi,7.0.0-SNAPSHOT,org.expath.packaging,pkg-java,2.0.1,false,
Maven,org.exist-db,exist-jndi,7.0.0-SNAPSHOT,com.fifesoft,rsyntaxtextarea,3.6.2,false,
Maven,org.exist-db,exist-jndi,7.0.0-SNAPSHOT,org.quartz-scheduler,quartz,2.5.2,false,
Maven,org.exist-db,exist-jndi,7.0.0-SNAPSHOT,net.sf.xmldb-org,xmldb-api,2.0.0,false,
Maven,org.exist-db,exist-jndi,7.0.0-SNAPSHOT,it.unimi.dsi,fastutil,8.5.18,false,
Maven,org.exist-db,exist-jndi,7.0.0-SNAPSHOT,io.lacuna,bifurcan,0.2.0-rc1,false,
Maven,org.exist-db,exist-jndi,7.0.0-SNAPSHOT,org.apache.ant,ant,1.10.17,false,
Maven,org.exist-db,exist-jndi,7.0.0-SNAPSHOT,org.apache.ant,ant-launcher,1.10.17,false,
Maven,org.exist-db,exist-jndi,7.0.0-SNAPSHOT,org.jgrapht,jgrapht-core,1.5.3,false,
Maven,org.exist-db,exist-jndi,7.0.0-SNAPSHOT,org.jheaps,jheaps,0.14,false,
Maven,org.exist-db,exist-jndi,7.0.0-SNAPSHOT,org.apfloat,apfloat,1.14.0,false,
Maven,org.exist-db,exist-jndi,7.0.0-SNAPSHOT,org.jgrapht,jgrapht-opt,1.5.3,false,
Maven,org.exist-db,exist-jndi,7.0.0-SNAPSHOT,junit,junit,4.13.2,false,
Maven,org.exist-db,exist-jndi,7.0.0-SNAPSHOT,org.hamcrest,hamcrest,3.0,false,
Maven,org.exist-db,exist-jndi,7.0.0-SNAPSHOT,org.xmlunit,xmlunit-core,2.11.0,false,
Maven,org.exist-db,exist-jndi,7.0.0-SNAPSHOT,org.eclipse.jetty.ee10,jetty-ee10-annotations,12.0.35,false,
Maven,org.exist-db,exist-jndi,7.0.0-SNAPSHOT,jakarta.annotation,jakarta.annotation-api,2.1.1,false,
Maven,org.exist-db,exist-jndi,7.0.0-SNAPSHOT,org.eclipse.jetty.ee10,jetty-ee10-plus,12.0.35,false,
Maven,org.exist-db,exist-jndi,7.0.0-SNAPSHOT,jakarta.enterprise,jakarta.enterprise.cdi-api,4.0.1,false,
Maven,org.exist-db,exist-jndi,7.0.0-SNAPSHOT,jakarta.el,jakarta.el-api,5.0.0,false,
Maven,org.exist-db,exist-jndi,7.0.0-SNAPSHOT,jakarta.inject,jakarta.inject-api,2.0.1,false,
Maven,org.exist-db,exist-jndi,7.0.0-SNAPSHOT,jakarta.enterprise,jakarta.enterprise.lang-model,4.0.1,false,
Maven,org.exist-db,exist-jndi,7.0.0-SNAPSHOT,jakarta.interceptor,jakarta.interceptor-api,2.1.0,false,
Maven,org.exist-db,exist-jndi,7.0.0-SNAPSHOT,jakarta.transaction,jakarta.transaction-api,2.0.1,false,
Maven,org.exist-db,exist-jndi,7.0.0-SNAPSHOT,org.eclipse.jetty,jetty-jndi,12.0.35,false,
Maven,org.exist-db,exist-jndi,7.0.0-SNAPSHOT,org.eclipse.jetty,jetty-plus,12.0.35,false,
Maven,org.exist-db,exist-jndi,7.0.0-SNAPSHOT,org.ow2.asm,asm,9.9.1,false,
Maven,org.exist-db,exist-jndi,7.0.0-SNAPSHOT,org.ow2.asm,asm-commons,9.9.1,false,
Maven,org.exist-db,exist-jndi,7.0.0-SNAPSHOT,org.ow2.asm,asm-tree,9.9.1,false,
Maven,org.exist-db,exist-jndi,7.0.0-SNAPSHOT,org.eclipse.jetty.ee10,jetty-ee10-servlet,12.0.35,false,
Maven,org.exist-db,exist-jndi,7.0.0-SNAPSHOT,org.eclipse.jetty,jetty-session,12.0.35,false,
Maven,org.exist-db,exist-jndi,7.0.0-SNAPSHOT,org.eclipse.jetty.ee10,jetty-ee10-webapp,12.0.35,false,
Maven,org.exist-db,exist-jndi,7.0.0-SNAPSHOT,org.eclipse.jetty,jetty-ee,12.0.35,false,
Maven,org.exist-db,exist-jndi,7.0.0-SNAPSHOT,org.eclipse.jetty,jetty-xml,12.0.35,false,
Maven,org.exist-db,exist-jndi,7.0.0-SNAPSHOT,org.eclipse.jetty.ee10.websocket,jetty-ee10-websocket-jakarta-server,12.0.35,false,
Maven,org.exist-db,exist-jndi,7.0.0-SNAPSHOT,jakarta.websocket,jakarta.websocket-api,2.2.0,false,
Maven,org.exist-db,exist-jndi,7.0.0-SNAPSHOT,org.eclipse.jetty.ee10.websocket,jetty-ee10-websocket-jakarta-client,12.0.35,false,
Maven,org.exist-db,exist-jndi,7.0.0-SNAPSHOT,jakarta.websocket,jakarta.websocket-client-api,2.2.0,false,
Maven,org.exist-db,exist-jndi,7.0.0-SNAPSHOT,org.eclipse.jetty,jetty-client,12.0.35,false,
Maven,org.exist-db,exist-jndi,7.0.0-SNAPSHOT,org.eclipse.jetty,jetty-alpn-client,12.0.35,false,
Maven,org.exist-db,exist-jndi,7.0.0-SNAPSHOT,org.eclipse.jetty.ee10.websocket,jetty-ee10-websocket-jakarta-common,12.0.35,false,
Maven,org.exist-db,exist-jndi,7.0.0-SNAPSHOT,org.eclipse.jetty.websocket,jetty-websocket-core-client,12.0.35,false,
Maven,org.exist-db,exist-jndi,7.0.0-SNAPSHOT,org.eclipse.jetty.websocket,jetty-websocket-core-common,12.0.35,false,
Maven,org.exist-db,exist-jndi,7.0.0-SNAPSHOT,org.eclipse.jetty.ee10.websocket,jetty-ee10-websocket-servlet,12.0.35,false,
Maven,org.exist-db,exist-jndi,7.0.0-SNAPSHOT,org.eclipse.jetty.websocket,jetty-websocket-core-server,12.0.35,false,
Maven,org.exist-db,exist-jndi,7.0.0-SNAPSHOT,org.apache.logging.log4j,log4j-api,2.26.0,true,
Maven,org.exist-db,exist-mail,7.0.0-SNAPSHOT,org.exist-db,exist-core,7.0.0-SNAPSHOT,true,
Maven,org.exist-db,exist-mail,7.0.0-SNAPSHOT,net.jcip,jcip-annotations,1.0,false,
Maven,org.exist-db,exist-mail,7.0.0-SNAPSHOT,antlr,antlr,2.7.7,false,
Maven,org.exist-db,exist-mail,7.0.0-SNAPSHOT,com.fasterxml.jackson.core,jackson-core,2.21.3,false,
Maven,org.exist-db,exist-mail,7.0.0-SNAPSHOT,com.evolvedbinary.multilock,multilock,1.0.1,false,
Maven,org.exist-db,exist-mail,7.0.0-SNAPSHOT,com.github.ben-manes.caffeine,caffeine,3.2.4,false,
Maven,org.exist-db,exist-mail,7.0.0-SNAPSHOT,org.jspecify,jspecify,1.0.0,false,
Maven,org.exist-db,exist-mail,7.0.0-SNAPSHOT,com.google.errorprone,error_prone_annotations,2.49.0,false,
Maven,org.exist-db,exist-mail,7.0.0-SNAPSHOT,com.github.krukow,clj-ds,0.0.4,false,
Maven,org.exist-db,exist-mail,7.0.0-SNAPSHOT,com.siemens.ct.exi,exificient,1.0.7,false,
Maven,org.exist-db,exist-mail,7.0.0-SNAPSHOT,xmlpull,xmlpull,1.1.3.1,false,
Maven,org.exist-db,exist-mail,7.0.0-SNAPSHOT,javax.activation,activation,1.1.1,false,
Maven,org.exist-db,exist-mail,7.0.0-SNAPSHOT,com.siemens.ct.exi,exificient-grammars,1.0.7,false,
Maven,org.exist-db,exist-mail,7.0.0-SNAPSHOT,com.siemens.ct.exi,exificient-core,1.0.7,false,
Maven,org.exist-db,exist-mail,7.0.0-SNAPSHOT,com.ibm.icu,icu4j,76.1,false,
Maven,org.exist-db,exist-mail,7.0.0-SNAPSHOT,org.relaxng,jing,20241231,false,
Maven,org.exist-db,exist-mail,7.0.0-SNAPSHOT,isorelax,isorelax,20030108,false,
Maven,org.exist-db,exist-mail,7.0.0-SNAPSHOT,org.exist-db,exist-start,7.0.0-SNAPSHOT,false,
Maven,org.exist-db,exist-mail,7.0.0-SNAPSHOT,org.exquery,exquery-common,0.2.1,false,
Maven,org.exist-db,exist-mail,7.0.0-SNAPSHOT,org.bouncycastle,bcprov-jdk18on,1.84,false,
Maven,org.exist-db,exist-mail,7.0.0-SNAPSHOT,at.yawk.lz4,lz4-java,1.11.0,false,
Maven,org.exist-db,exist-mail,7.0.0-SNAPSHOT,com.fasterxml.uuid,java-uuid-generator,5.2.0,false,
Maven,org.exist-db,exist-mail,7.0.0-SNAPSHOT,jakarta.servlet,jakarta.servlet-api,6.0.0,false,
Maven,org.exist-db,exist-mail,7.0.0-SNAPSHOT,jakarta.xml.bind,jakarta.xml.bind-api,4.0.5,false,
Maven,org.exist-db,exist-mail,7.0.0-SNAPSHOT,org.glassfish.jaxb,jaxb-runtime,4.0.2,false,
Maven,org.exist-db,exist-mail,7.0.0-SNAPSHOT,org.glassfish.jaxb,jaxb-core,4.0.2,false,
Maven,org.exist-db,exist-mail,7.0.0-SNAPSHOT,org.glassfish.jaxb,txw2,4.0.2,false,
Maven,org.exist-db,exist-mail,7.0.0-SNAPSHOT,com.sun.istack,istack-commons-runtime,4.1.1,false,
Maven,org.exist-db,exist-mail,7.0.0-SNAPSHOT,org.exist-db.thirdparty.javax.xml.xquery,xqjri,20080114-133351,false,
Maven,org.exist-db,exist-mail,7.0.0-SNAPSHOT,org.jline,jline,4.1.0,false,
Maven,org.exist-db,exist-mail,7.0.0-SNAPSHOT,org.jline,jansi,4.1.0,false,
Maven,org.exist-db,exist-mail,7.0.0-SNAPSHOT,net.bytebuddy,byte-buddy,1.18.8,false,
Maven,org.exist-db,exist-mail,7.0.0-SNAPSHOT,se.softhouse,jargo,0.4.14,false,
Maven,org.exist-db,exist-mail,7.0.0-SNAPSHOT,commons-io,commons-io,2.22.0,false,
Maven,org.exist-db,exist-mail,7.0.0-SNAPSHOT,org.apache.commons,commons-lang3,3.20.0,false,
Maven,org.exist-db,exist-mail,7.0.0-SNAPSHOT,commons-logging,commons-logging,1.3.6,false,
Maven,org.exist-db,exist-mail,7.0.0-SNAPSHOT,org.apache.commons,commons-pool2,2.13.1,false,
Maven,org.exist-db,exist-mail,7.0.0-SNAPSHOT,org.apache.logging.log4j,log4j-core,2.26.0,false,
Maven,org.exist-db,exist-mail,7.0.0-SNAPSHOT,org.apache.logging.log4j,log4j-jcl,2.26.0,false,
Maven,org.exist-db,exist-mail,7.0.0-SNAPSHOT,org.apache.logging.log4j,log4j-jul,2.26.0,false,
Maven,org.exist-db,exist-mail,7.0.0-SNAPSHOT,org.apache.logging.log4j,log4j-slf4j2-impl,2.26.0,false,
Maven,org.exist-db,exist-mail,7.0.0-SNAPSHOT,org.exist-db.thirdparty.xerces,xercesImpl,2.12.2,false,
Maven,org.exist-db,exist-mail,7.0.0-SNAPSHOT,org.codelibs,nekohtml,2.1.3,false,
Maven,org.exist-db,exist-mail,7.0.0-SNAPSHOT,org.apache.ws.commons.util,ws-commons-util,1.0.2,false,
Maven,org.exist-db,exist-mail,7.0.0-SNAPSHOT,xml-resolver,xml-resolver,1.2,false,
Maven,org.exist-db,exist-mail,7.0.0-SNAPSHOT,org.xmlresolver,xmlresolver,6.0.23,false,
Maven,org.exist-db,exist-mail,7.0.0-SNAPSHOT,org.exist-db.thirdparty.org.eclipse.wst.xml,xpath2,1.2.0,false,
Maven,org.exist-db,exist-mail,7.0.0-SNAPSHOT,edu.princeton.cup,java-cup,10k,false,
Maven,org.exist-db,exist-mail,7.0.0-SNAPSHOT,net.sf.saxon,Saxon-HE,9.9.1-8,false,
Maven,org.exist-db,exist-mail,7.0.0-SNAPSHOT,org.exist-db,exist-saxon-regex,9.4.0-9.e1,false,
Maven,org.exist-db,exist-mail,7.0.0-SNAPSHOT,com.evolvedbinary.thirdparty.org.apache.xmlrpc,xmlrpc-common,5.0.0,false,
Maven,org.exist-db,exist-mail,7.0.0-SNAPSHOT,com.evolvedbinary.thirdparty.org.apache.xmlrpc,xmlrpc-client,5.0.0,false,
Maven,org.exist-db,exist-mail,7.0.0-SNAPSHOT,com.evolvedbinary.thirdparty.org.apache.xmlrpc,xmlrpc-server,5.0.0,false,
Maven,org.exist-db,exist-mail,7.0.0-SNAPSHOT,org.aspectj,aspectjrt,1.9.25.1,false,
Maven,org.exist-db,exist-mail,7.0.0-SNAPSHOT,org.eclipse.jetty,jetty-http,12.0.35,false,
Maven,org.exist-db,exist-mail,7.0.0-SNAPSHOT,org.eclipse.jetty,jetty-io,12.0.35,false,
Maven,org.exist-db,exist-mail,7.0.0-SNAPSHOT,org.eclipse.jetty,jetty-security,12.0.35,false,
Maven,org.exist-db,exist-mail,7.0.0-SNAPSHOT,org.eclipse.jetty,jetty-server,12.0.35,false,
Maven,org.exist-db,exist-mail,7.0.0-SNAPSHOT,org.eclipse.jetty,jetty-util,12.0.35,false,
Maven,org.exist-db,exist-mail,7.0.0-SNAPSHOT,org.expath.packaging,pkg-java,2.0.1,false,
Maven,org.exist-db,exist-mail,7.0.0-SNAPSHOT,com.fifesoft,rsyntaxtextarea,3.6.2,false,
Maven,org.exist-db,exist-mail,7.0.0-SNAPSHOT,org.quartz-scheduler,quartz,2.5.2,false,
Maven,org.exist-db,exist-mail,7.0.0-SNAPSHOT,net.sf.xmldb-org,xmldb-api,2.0.0,false,
Maven,org.exist-db,exist-mail,7.0.0-SNAPSHOT,it.unimi.dsi,fastutil,8.5.18,false,
Maven,org.exist-db,exist-mail,7.0.0-SNAPSHOT,io.lacuna,bifurcan,0.2.0-rc1,false,
Maven,org.exist-db,exist-mail,7.0.0-SNAPSHOT,org.apache.ant,ant,1.10.17,false,
Maven,org.exist-db,exist-mail,7.0.0-SNAPSHOT,org.apache.ant,ant-launcher,1.10.17,false,
Maven,org.exist-db,exist-mail,7.0.0-SNAPSHOT,org.jgrapht,jgrapht-core,1.5.3,false,
Maven,org.exist-db,exist-mail,7.0.0-SNAPSHOT,org.jheaps,jheaps,0.14,false,
Maven,org.exist-db,exist-mail,7.0.0-SNAPSHOT,org.apfloat,apfloat,1.14.0,false,
Maven,org.exist-db,exist-mail,7.0.0-SNAPSHOT,org.jgrapht,jgrapht-opt,1.5.3,false,
Maven,org.exist-db,exist-mail,7.0.0-SNAPSHOT,org.hamcrest,hamcrest,3.0,false,
Maven,org.exist-db,exist-mail,7.0.0-SNAPSHOT,org.xmlunit,xmlunit-core,2.11.0,false,
Maven,org.exist-db,exist-mail,7.0.0-SNAPSHOT,org.eclipse.jetty.ee10,jetty-ee10-annotations,12.0.35,false,
Maven,org.exist-db,exist-mail,7.0.0-SNAPSHOT,jakarta.annotation,jakarta.annotation-api,2.1.1,false,
Maven,org.exist-db,exist-mail,7.0.0-SNAPSHOT,org.eclipse.jetty.ee10,jetty-ee10-plus,12.0.35,false,
Maven,org.exist-db,exist-mail,7.0.0-SNAPSHOT,jakarta.enterprise,jakarta.enterprise.cdi-api,4.0.1,false,
Maven,org.exist-db,exist-mail,7.0.0-SNAPSHOT,jakarta.el,jakarta.el-api,5.0.0,false,
Maven,org.exist-db,exist-mail,7.0.0-SNAPSHOT,jakarta.inject,jakarta.inject-api,2.0.1,false,
Maven,org.exist-db,exist-mail,7.0.0-SNAPSHOT,jakarta.enterprise,jakarta.enterprise.lang-model,4.0.1,false,
Maven,org.exist-db,exist-mail,7.0.0-SNAPSHOT,jakarta.interceptor,jakarta.interceptor-api,2.1.0,false,
Maven,org.exist-db,exist-mail,7.0.0-SNAPSHOT,jakarta.transaction,jakarta.transaction-api,2.0.1,false,
Maven,org.exist-db,exist-mail,7.0.0-SNAPSHOT,org.eclipse.jetty,jetty-jndi,12.0.35,false,
Maven,org.exist-db,exist-mail,7.0.0-SNAPSHOT,org.eclipse.jetty,jetty-plus,12.0.35,false,
Maven,org.exist-db,exist-mail,7.0.0-SNAPSHOT,org.ow2.asm,asm,9.9.1,false,
Maven,org.exist-db,exist-mail,7.0.0-SNAPSHOT,org.ow2.asm,asm-commons,9.9.1,false,
Maven,org.exist-db,exist-mail,7.0.0-SNAPSHOT,org.ow2.asm,asm-tree,9.9.1,false,
Maven,org.exist-db,exist-mail,7.0.0-SNAPSHOT,org.eclipse.jetty.ee10,jetty-ee10-servlet,12.0.35,false,
Maven,org.exist-db,exist-mail,7.0.0-SNAPSHOT,org.eclipse.jetty,jetty-session,12.0.35,false,
Maven,org.exist-db,exist-mail,7.0.0-SNAPSHOT,org.eclipse.jetty.ee10,jetty-ee10-webapp,12.0.35,false,
Maven,org.exist-db,exist-mail,7.0.0-SNAPSHOT,org.eclipse.jetty,jetty-ee,12.0.35,false,
Maven,org.exist-db,exist-mail,7.0.0-SNAPSHOT,org.eclipse.jetty,jetty-xml,12.0.35,false,
Maven,org.exist-db,exist-mail,7.0.0-SNAPSHOT,org.eclipse.jetty.ee10.websocket,jetty-ee10-websocket-jakarta-server,12.0.35,false,
Maven,org.exist-db,exist-mail,7.0.0-SNAPSHOT,jakarta.websocket,jakarta.websocket-api,2.2.0,false,
Maven,org.exist-db,exist-mail,7.0.0-SNAPSHOT,org.eclipse.jetty.ee10.websocket,jetty-ee10-websocket-jakarta-client,12.0.35,false,
Maven,org.exist-db,exist-mail,7.0.0-SNAPSHOT,jakarta.websocket,jakarta.websocket-client-api,2.2.0,false,
Maven,org.exist-db,exist-mail,7.0.0-SNAPSHOT,org.eclipse.jetty,jetty-client,12.0.35,false,
Maven,org.exist-db,exist-mail,7.0.0-SNAPSHOT,org.eclipse.jetty,jetty-alpn-client,12.0.35,false,
Maven,org.exist-db,exist-mail,7.0.0-SNAPSHOT,org.eclipse.jetty.ee10.websocket,jetty-ee10-websocket-jakarta-common,12.0.35,false,
Maven,org.exist-db,exist-mail,7.0.0-SNAPSHOT,org.eclipse.jetty.websocket,jetty-websocket-core-client,12.0.35,false,
Maven,org.exist-db,exist-mail,7.0.0-SNAPSHOT,org.eclipse.jetty.websocket,jetty-websocket-core-common,12.0.35,false,
Maven,org.exist-db,exist-mail,7.0.0-SNAPSHOT,org.eclipse.jetty.ee10.websocket,jetty-ee10-websocket-servlet,12.0.35,false,
Maven,org.exist-db,exist-mail,7.0.0-SNAPSHOT,org.eclipse.jetty.websocket,jetty-websocket-core-server,12.0.35,false,
Maven,org.exist-db,exist-mail,7.0.0-SNAPSHOT,com.google.code.findbugs,jsr305,3.0.2,true,
Maven,org.exist-db,exist-mail,7.0.0-SNAPSHOT,jakarta.activation,jakarta.activation-api,2.1.4,true,
Maven,org.exist-db,exist-mail,7.0.0-SNAPSHOT,org.eclipse.angus,angus-activation,2.0.3,true,
Maven,org.exist-db,exist-mail,7.0.0-SNAPSHOT,jakarta.mail,jakarta.mail-api,2.1.5,true,
Maven,org.exist-db,exist-mail,7.0.0-SNAPSHOT,org.eclipse.angus,angus-mail,2.0.5,true,
Maven,org.exist-db,exist-mail,7.0.0-SNAPSHOT,commons-codec,commons-codec,1.22.0,true,
Maven,org.exist-db,exist-mail,7.0.0-SNAPSHOT,org.apache.logging.log4j,log4j-api,2.26.0,true,
Maven,org.exist-db,exist-mail,7.0.0-SNAPSHOT,junit,junit,4.13.2,true,
Maven,org.exist-db,exist-mail,7.0.0-SNAPSHOT,com.evolvedbinary.j8fu,j8fu,1.24.0,true,
Maven,org.exist-db,exist-mail,7.0.0-SNAPSHOT,com.icegreen,greenmail-junit4,2.1.8,true,
Maven,org.exist-db,exist-mail,7.0.0-SNAPSHOT,com.icegreen,greenmail,2.1.8,true,
Maven,org.exist-db,exist-mail,7.0.0-SNAPSHOT,org.eclipse.angus,jakarta.mail,2.0.5,false,
Maven,org.exist-db,exist-mail,7.0.0-SNAPSHOT,org.slf4j,slf4j-api,2.0.18,false,
Maven,org.exist-db,exist-persistentlogin,7.0.0-SNAPSHOT,org.exist-db,exist-core,7.0.0-SNAPSHOT,true,
Maven,org.exist-db,exist-persistentlogin,7.0.0-SNAPSHOT,net.jcip,jcip-annotations,1.0,false,
Maven,org.exist-db,exist-persistentlogin,7.0.0-SNAPSHOT,antlr,antlr,2.7.7,false,
Maven,org.exist-db,exist-persistentlogin,7.0.0-SNAPSHOT,com.fasterxml.jackson.core,jackson-core,2.21.3,false,
Maven,org.exist-db,exist-persistentlogin,7.0.0-SNAPSHOT,com.evolvedbinary.multilock,multilock,1.0.1,false,
Maven,org.exist-db,exist-persistentlogin,7.0.0-SNAPSHOT,com.github.ben-manes.caffeine,caffeine,3.2.4,false,
Maven,org.exist-db,exist-persistentlogin,7.0.0-SNAPSHOT,org.jspecify,jspecify,1.0.0,false,
Maven,org.exist-db,exist-persistentlogin,7.0.0-SNAPSHOT,com.google.errorprone,error_prone_annotations,2.49.0,false,
Maven,org.exist-db,exist-persistentlogin,7.0.0-SNAPSHOT,com.github.krukow,clj-ds,0.0.4,false,
Maven,org.exist-db,exist-persistentlogin,7.0.0-SNAPSHOT,com.siemens.ct.exi,exificient,1.0.7,false,
Maven,org.exist-db,exist-persistentlogin,7.0.0-SNAPSHOT,xmlpull,xmlpull,1.1.3.1,false,
Maven,org.exist-db,exist-persistentlogin,7.0.0-SNAPSHOT,javax.activation,activation,1.1.1,false,
Maven,org.exist-db,exist-persistentlogin,7.0.0-SNAPSHOT,com.siemens.ct.exi,exificient-grammars,1.0.7,false,
Maven,org.exist-db,exist-persistentlogin,7.0.0-SNAPSHOT,com.siemens.ct.exi,exificient-core,1.0.7,false,
Maven,org.exist-db,exist-persistentlogin,7.0.0-SNAPSHOT,com.ibm.icu,icu4j,76.1,false,
Maven,org.exist-db,exist-persistentlogin,7.0.0-SNAPSHOT,org.relaxng,jing,20241231,false,
Maven,org.exist-db,exist-persistentlogin,7.0.0-SNAPSHOT,isorelax,isorelax,20030108,false,
Maven,org.exist-db,exist-persistentlogin,7.0.0-SNAPSHOT,org.exist-db,exist-start,7.0.0-SNAPSHOT,false,
Maven,org.exist-db,exist-persistentlogin,7.0.0-SNAPSHOT,org.exquery,exquery-common,0.2.1,false,
Maven,org.exist-db,exist-persistentlogin,7.0.0-SNAPSHOT,org.bouncycastle,bcprov-jdk18on,1.84,false,
Maven,org.exist-db,exist-persistentlogin,7.0.0-SNAPSHOT,at.yawk.lz4,lz4-java,1.11.0,false,
Maven,org.exist-db,exist-persistentlogin,7.0.0-SNAPSHOT,com.evolvedbinary.j8fu,j8fu,1.24.0,false,
Maven,org.exist-db,exist-persistentlogin,7.0.0-SNAPSHOT,com.fasterxml.uuid,java-uuid-generator,5.2.0,false,
Maven,org.exist-db,exist-persistentlogin,7.0.0-SNAPSHOT,jakarta.servlet,jakarta.servlet-api,6.0.0,false,
Maven,org.exist-db,exist-persistentlogin,7.0.0-SNAPSHOT,jakarta.xml.bind,jakarta.xml.bind-api,4.0.5,false,
Maven,org.exist-db,exist-persistentlogin,7.0.0-SNAPSHOT,jakarta.activation,jakarta.activation-api,2.1.4,false,
Maven,org.exist-db,exist-persistentlogin,7.0.0-SNAPSHOT,org.eclipse.angus,angus-activation,2.0.3,false,
Maven,org.exist-db,exist-persistentlogin,7.0.0-SNAPSHOT,org.glassfish.jaxb,jaxb-runtime,4.0.2,false,
Maven,org.exist-db,exist-persistentlogin,7.0.0-SNAPSHOT,org.glassfish.jaxb,jaxb-core,4.0.2,false,
Maven,org.exist-db,exist-persistentlogin,7.0.0-SNAPSHOT,org.glassfish.jaxb,txw2,4.0.2,false,
Maven,org.exist-db,exist-persistentlogin,7.0.0-SNAPSHOT,com.sun.istack,istack-commons-runtime,4.1.1,false,
Maven,org.exist-db,exist-persistentlogin,7.0.0-SNAPSHOT,org.exist-db.thirdparty.javax.xml.xquery,xqjri,20080114-133351,false,
Maven,org.exist-db,exist-persistentlogin,7.0.0-SNAPSHOT,org.jline,jline,4.1.0,false,
Maven,org.exist-db,exist-persistentlogin,7.0.0-SNAPSHOT,org.jline,jansi,4.1.0,false,
Maven,org.exist-db,exist-persistentlogin,7.0.0-SNAPSHOT,net.bytebuddy,byte-buddy,1.18.8,false,
Maven,org.exist-db,exist-persistentlogin,7.0.0-SNAPSHOT,se.softhouse,jargo,0.4.14,false,
Maven,org.exist-db,exist-persistentlogin,7.0.0-SNAPSHOT,commons-io,commons-io,2.22.0,false,
Maven,org.exist-db,exist-persistentlogin,7.0.0-SNAPSHOT,org.apache.commons,commons-lang3,3.20.0,false,
Maven,org.exist-db,exist-persistentlogin,7.0.0-SNAPSHOT,commons-logging,commons-logging,1.3.6,false,
Maven,org.exist-db,exist-persistentlogin,7.0.0-SNAPSHOT,org.apache.commons,commons-pool2,2.13.1,false,
Maven,org.exist-db,exist-persistentlogin,7.0.0-SNAPSHOT,org.apache.logging.log4j,log4j-core,2.26.0,false,
Maven,org.exist-db,exist-persistentlogin,7.0.0-SNAPSHOT,org.apache.logging.log4j,log4j-jcl,2.26.0,false,
Maven,org.exist-db,exist-persistentlogin,7.0.0-SNAPSHOT,org.apache.logging.log4j,log4j-jul,2.26.0,false,
Maven,org.exist-db,exist-persistentlogin,7.0.0-SNAPSHOT,org.apache.logging.log4j,log4j-slf4j2-impl,2.26.0,false,
Maven,org.exist-db,exist-persistentlogin,7.0.0-SNAPSHOT,org.exist-db.thirdparty.xerces,xercesImpl,2.12.2,false,
Maven,org.exist-db,exist-persistentlogin,7.0.0-SNAPSHOT,org.codelibs,nekohtml,2.1.3,false,
Maven,org.exist-db,exist-persistentlogin,7.0.0-SNAPSHOT,org.apache.ws.commons.util,ws-commons-util,1.0.2,false,
Maven,org.exist-db,exist-persistentlogin,7.0.0-SNAPSHOT,xml-resolver,xml-resolver,1.2,false,
Maven,org.exist-db,exist-persistentlogin,7.0.0-SNAPSHOT,org.xmlresolver,xmlresolver,6.0.23,false,
Maven,org.exist-db,exist-persistentlogin,7.0.0-SNAPSHOT,org.exist-db.thirdparty.org.eclipse.wst.xml,xpath2,1.2.0,false,
Maven,org.exist-db,exist-persistentlogin,7.0.0-SNAPSHOT,edu.princeton.cup,java-cup,10k,false,
Maven,org.exist-db,exist-persistentlogin,7.0.0-SNAPSHOT,net.sf.saxon,Saxon-HE,9.9.1-8,false,
Maven,org.exist-db,exist-persistentlogin,7.0.0-SNAPSHOT,org.exist-db,exist-saxon-regex,9.4.0-9.e1,false,
Maven,org.exist-db,exist-persistentlogin,7.0.0-SNAPSHOT,com.evolvedbinary.thirdparty.org.apache.xmlrpc,xmlrpc-common,5.0.0,false,
Maven,org.exist-db,exist-persistentlogin,7.0.0-SNAPSHOT,com.evolvedbinary.thirdparty.org.apache.xmlrpc,xmlrpc-client,5.0.0,false,
Maven,org.exist-db,exist-persistentlogin,7.0.0-SNAPSHOT,com.evolvedbinary.thirdparty.org.apache.xmlrpc,xmlrpc-server,5.0.0,false,
Maven,org.exist-db,exist-persistentlogin,7.0.0-SNAPSHOT,org.aspectj,aspectjrt,1.9.25.1,false,
Maven,org.exist-db,exist-persistentlogin,7.0.0-SNAPSHOT,org.eclipse.jetty,jetty-http,12.0.35,false,
Maven,org.exist-db,exist-persistentlogin,7.0.0-SNAPSHOT,org.eclipse.jetty,jetty-io,12.0.35,false,
Maven,org.exist-db,exist-persistentlogin,7.0.0-SNAPSHOT,org.eclipse.jetty,jetty-security,12.0.35,false,
Maven,org.exist-db,exist-persistentlogin,7.0.0-SNAPSHOT,org.eclipse.jetty,jetty-server,12.0.35,false,
Maven,org.exist-db,exist-persistentlogin,7.0.0-SNAPSHOT,org.eclipse.jetty,jetty-util,12.0.35,false,
Maven,org.exist-db,exist-persistentlogin,7.0.0-SNAPSHOT,org.expath.packaging,pkg-java,2.0.1,false,
Maven,org.exist-db,exist-persistentlogin,7.0.0-SNAPSHOT,com.fifesoft,rsyntaxtextarea,3.6.2,false,
Maven,org.exist-db,exist-persistentlogin,7.0.0-SNAPSHOT,org.quartz-scheduler,quartz,2.5.2,false,
Maven,org.exist-db,exist-persistentlogin,7.0.0-SNAPSHOT,it.unimi.dsi,fastutil,8.5.18,false,
Maven,org.exist-db,exist-persistentlogin,7.0.0-SNAPSHOT,io.lacuna,bifurcan,0.2.0-rc1,false,
Maven,org.exist-db,exist-persistentlogin,7.0.0-SNAPSHOT,org.apache.ant,ant,1.10.17,false,
Maven,org.exist-db,exist-persistentlogin,7.0.0-SNAPSHOT,org.apache.ant,ant-launcher,1.10.17,false,
Maven,org.exist-db,exist-persistentlogin,7.0.0-SNAPSHOT,org.jgrapht,jgrapht-core,1.5.3,false,
Maven,org.exist-db,exist-persistentlogin,7.0.0-SNAPSHOT,org.jheaps,jheaps,0.14,false,
Maven,org.exist-db,exist-persistentlogin,7.0.0-SNAPSHOT,org.apfloat,apfloat,1.14.0,false,
Maven,org.exist-db,exist-persistentlogin,7.0.0-SNAPSHOT,org.jgrapht,jgrapht-opt,1.5.3,false,
Maven,org.exist-db,exist-persistentlogin,7.0.0-SNAPSHOT,org.hamcrest,hamcrest,3.0,false,
Maven,org.exist-db,exist-persistentlogin,7.0.0-SNAPSHOT,org.xmlunit,xmlunit-core,2.11.0,false,
Maven,org.exist-db,exist-persistentlogin,7.0.0-SNAPSHOT,org.eclipse.jetty.ee10,jetty-ee10-annotations,12.0.35,false,
Maven,org.exist-db,exist-persistentlogin,7.0.0-SNAPSHOT,jakarta.annotation,jakarta.annotation-api,2.1.1,false,
Maven,org.exist-db,exist-persistentlogin,7.0.0-SNAPSHOT,org.eclipse.jetty.ee10,jetty-ee10-plus,12.0.35,false,
Maven,org.exist-db,exist-persistentlogin,7.0.0-SNAPSHOT,jakarta.enterprise,jakarta.enterprise.cdi-api,4.0.1,false,
Maven,org.exist-db,exist-persistentlogin,7.0.0-SNAPSHOT,jakarta.el,jakarta.el-api,5.0.0,false,
Maven,org.exist-db,exist-persistentlogin,7.0.0-SNAPSHOT,jakarta.inject,jakarta.inject-api,2.0.1,false,
Maven,org.exist-db,exist-persistentlogin,7.0.0-SNAPSHOT,jakarta.enterprise,jakarta.enterprise.lang-model,4.0.1,false,
Maven,org.exist-db,exist-persistentlogin,7.0.0-SNAPSHOT,jakarta.interceptor,jakarta.interceptor-api,2.1.0,false,
Maven,org.exist-db,exist-persistentlogin,7.0.0-SNAPSHOT,jakarta.transaction,jakarta.transaction-api,2.0.1,false,
Maven,org.exist-db,exist-persistentlogin,7.0.0-SNAPSHOT,org.eclipse.jetty,jetty-jndi,12.0.35,false,
Maven,org.exist-db,exist-persistentlogin,7.0.0-SNAPSHOT,org.eclipse.jetty,jetty-plus,12.0.35,false,
Maven,org.exist-db,exist-persistentlogin,7.0.0-SNAPSHOT,org.ow2.asm,asm,9.9.1,false,
Maven,org.exist-db,exist-persistentlogin,7.0.0-SNAPSHOT,org.ow2.asm,asm-commons,9.9.1,false,
Maven,org.exist-db,exist-persistentlogin,7.0.0-SNAPSHOT,org.ow2.asm,asm-tree,9.9.1,false,
Maven,org.exist-db,exist-persistentlogin,7.0.0-SNAPSHOT,org.eclipse.jetty.ee10,jetty-ee10-servlet,12.0.35,false,
Maven,org.exist-db,exist-persistentlogin,7.0.0-SNAPSHOT,org.eclipse.jetty,jetty-session,12.0.35,false,
Maven,org.exist-db,exist-persistentlogin,7.0.0-SNAPSHOT,org.eclipse.jetty.ee10,jetty-ee10-webapp,12.0.35,false,
Maven,org.exist-db,exist-persistentlogin,7.0.0-SNAPSHOT,org.eclipse.jetty,jetty-ee,12.0.35,false,
Maven,org.exist-db,exist-persistentlogin,7.0.0-SNAPSHOT,org.eclipse.jetty,jetty-xml,12.0.35,false,
Maven,org.exist-db,exist-persistentlogin,7.0.0-SNAPSHOT,org.eclipse.jetty.ee10.websocket,jetty-ee10-websocket-jakarta-server,12.0.35,false,
Maven,org.exist-db,exist-persistentlogin,7.0.0-SNAPSHOT,jakarta.websocket,jakarta.websocket-api,2.2.0,false,
Maven,org.exist-db,exist-persistentlogin,7.0.0-SNAPSHOT,org.eclipse.jetty.ee10.websocket,jetty-ee10-websocket-jakarta-client,12.0.35,false,
Maven,org.exist-db,exist-persistentlogin,7.0.0-SNAPSHOT,jakarta.websocket,jakarta.websocket-client-api,2.2.0,false,
Maven,org.exist-db,exist-persistentlogin,7.0.0-SNAPSHOT,org.eclipse.jetty,jetty-client,12.0.35,false,
Maven,org.exist-db,exist-persistentlogin,7.0.0-SNAPSHOT,org.eclipse.jetty,jetty-alpn-client,12.0.35,false,
Maven,org.exist-db,exist-persistentlogin,7.0.0-SNAPSHOT,org.eclipse.jetty.ee10.websocket,jetty-ee10-websocket-jakarta-common,12.0.35,false,
Maven,org.exist-db,exist-persistentlogin,7.0.0-SNAPSHOT,org.eclipse.jetty.websocket,jetty-websocket-core-client,12.0.35,false,
Maven,org.exist-db,exist-persistentlogin,7.0.0-SNAPSHOT,org.eclipse.jetty.websocket,jetty-websocket-core-common,12.0.35,false,
Maven,org.exist-db,exist-persistentlogin,7.0.0-SNAPSHOT,org.eclipse.jetty.ee10.websocket,jetty-ee10-websocket-servlet,12.0.35,false,
Maven,org.exist-db,exist-persistentlogin,7.0.0-SNAPSHOT,org.eclipse.jetty.websocket,jetty-websocket-core-server,12.0.35,false,
Maven,org.exist-db,exist-persistentlogin,7.0.0-SNAPSHOT,commons-codec,commons-codec,1.22.0,true,
Maven,org.exist-db,exist-persistentlogin,7.0.0-SNAPSHOT,net.sf.xmldb-org,xmldb-api,2.0.0,true,
Maven,org.exist-db,exist-persistentlogin,7.0.0-SNAPSHOT,org.apache.logging.log4j,log4j-api,2.26.0,true,
Maven,org.exist-db,exist-persistentlogin,7.0.0-SNAPSHOT,com.google.code.findbugs,jsr305,3.0.2,true,
Maven,org.exist-db,exist-persistentlogin,7.0.0-SNAPSHOT,org.eclipse.jetty,jetty-deploy,12.0.35,true,
Maven,org.exist-db,exist-persistentlogin,7.0.0-SNAPSHOT,org.slf4j,slf4j-api,2.0.18,false,
Maven,org.exist-db,exist-persistentlogin,7.0.0-SNAPSHOT,org.eclipse.jetty,jetty-jmx,12.0.35,true,
Maven,org.exist-db,exist-persistentlogin,7.0.0-SNAPSHOT,junit,junit,4.13.2,true,
Maven,org.exist-db,exist-persistentlogin,7.0.0-SNAPSHOT,org.exist-db,exist-jetty-config,7.0.0-SNAPSHOT,true,
Maven,org.exist-db,exist-persistentlogin,7.0.0-SNAPSHOT,org.apache.httpcomponents,httpcore,4.4.16,true,
Maven,org.exist-db,exist-persistentlogin,7.0.0-SNAPSHOT,org.apache.httpcomponents,httpclient,4.5.14,true,
Maven,org.exist-db,exist-process,7.0.0-SNAPSHOT,org.exist-db,exist-core,7.0.0-SNAPSHOT,true,
Maven,org.exist-db,exist-process,7.0.0-SNAPSHOT,net.jcip,jcip-annotations,1.0,false,
Maven,org.exist-db,exist-process,7.0.0-SNAPSHOT,antlr,antlr,2.7.7,false,
Maven,org.exist-db,exist-process,7.0.0-SNAPSHOT,com.fasterxml.jackson.core,jackson-core,2.21.3,false,
Maven,org.exist-db,exist-process,7.0.0-SNAPSHOT,com.evolvedbinary.multilock,multilock,1.0.1,false,
Maven,org.exist-db,exist-process,7.0.0-SNAPSHOT,com.github.ben-manes.caffeine,caffeine,3.2.4,false,
Maven,org.exist-db,exist-process,7.0.0-SNAPSHOT,org.jspecify,jspecify,1.0.0,false,
Maven,org.exist-db,exist-process,7.0.0-SNAPSHOT,com.google.errorprone,error_prone_annotations,2.49.0,false,
Maven,org.exist-db,exist-process,7.0.0-SNAPSHOT,com.github.krukow,clj-ds,0.0.4,false,
Maven,org.exist-db,exist-process,7.0.0-SNAPSHOT,com.siemens.ct.exi,exificient,1.0.7,false,
Maven,org.exist-db,exist-process,7.0.0-SNAPSHOT,org.slf4j,slf4j-api,2.0.18,false,
Maven,org.exist-db,exist-process,7.0.0-SNAPSHOT,xmlpull,xmlpull,1.1.3.1,false,
Maven,org.exist-db,exist-process,7.0.0-SNAPSHOT,javax.activation,activation,1.1.1,false,
Maven,org.exist-db,exist-process,7.0.0-SNAPSHOT,com.siemens.ct.exi,exificient-grammars,1.0.7,false,
Maven,org.exist-db,exist-process,7.0.0-SNAPSHOT,com.siemens.ct.exi,exificient-core,1.0.7,false,
Maven,org.exist-db,exist-process,7.0.0-SNAPSHOT,com.ibm.icu,icu4j,76.1,false,
Maven,org.exist-db,exist-process,7.0.0-SNAPSHOT,com.google.code.findbugs,jsr305,3.0.2,false,
Maven,org.exist-db,exist-process,7.0.0-SNAPSHOT,org.relaxng,jing,20241231,false,
Maven,org.exist-db,exist-process,7.0.0-SNAPSHOT,isorelax,isorelax,20030108,false,
Maven,org.exist-db,exist-process,7.0.0-SNAPSHOT,org.exist-db,exist-start,7.0.0-SNAPSHOT,false,
Maven,org.exist-db,exist-process,7.0.0-SNAPSHOT,org.exquery,exquery-common,0.2.1,false,
Maven,org.exist-db,exist-process,7.0.0-SNAPSHOT,org.bouncycastle,bcprov-jdk18on,1.84,false,
Maven,org.exist-db,exist-process,7.0.0-SNAPSHOT,at.yawk.lz4,lz4-java,1.11.0,false,
Maven,org.exist-db,exist-process,7.0.0-SNAPSHOT,com.evolvedbinary.j8fu,j8fu,1.24.0,false,
Maven,org.exist-db,exist-process,7.0.0-SNAPSHOT,com.fasterxml.uuid,java-uuid-generator,5.2.0,false,
Maven,org.exist-db,exist-process,7.0.0-SNAPSHOT,jakarta.servlet,jakarta.servlet-api,6.0.0,false,
Maven,org.exist-db,exist-process,7.0.0-SNAPSHOT,jakarta.xml.bind,jakarta.xml.bind-api,4.0.5,false,
Maven,org.exist-db,exist-process,7.0.0-SNAPSHOT,jakarta.activation,jakarta.activation-api,2.1.4,false,
Maven,org.exist-db,exist-process,7.0.0-SNAPSHOT,org.eclipse.angus,angus-activation,2.0.3,false,
Maven,org.exist-db,exist-process,7.0.0-SNAPSHOT,org.glassfish.jaxb,jaxb-runtime,4.0.2,false,
Maven,org.exist-db,exist-process,7.0.0-SNAPSHOT,org.glassfish.jaxb,jaxb-core,4.0.2,false,
Maven,org.exist-db,exist-process,7.0.0-SNAPSHOT,org.glassfish.jaxb,txw2,4.0.2,false,
Maven,org.exist-db,exist-process,7.0.0-SNAPSHOT,com.sun.istack,istack-commons-runtime,4.1.1,false,
Maven,org.exist-db,exist-process,7.0.0-SNAPSHOT,org.exist-db.thirdparty.javax.xml.xquery,xqjri,20080114-133351,false,
Maven,org.exist-db,exist-process,7.0.0-SNAPSHOT,org.jline,jline,4.1.0,false,
Maven,org.exist-db,exist-process,7.0.0-SNAPSHOT,org.jline,jansi,4.1.0,false,
Maven,org.exist-db,exist-process,7.0.0-SNAPSHOT,net.bytebuddy,byte-buddy,1.18.8,false,
Maven,org.exist-db,exist-process,7.0.0-SNAPSHOT,se.softhouse,jargo,0.4.14,false,
Maven,org.exist-db,exist-process,7.0.0-SNAPSHOT,commons-codec,commons-codec,1.22.0,false,
Maven,org.exist-db,exist-process,7.0.0-SNAPSHOT,commons-io,commons-io,2.22.0,false,
Maven,org.exist-db,exist-process,7.0.0-SNAPSHOT,org.apache.commons,commons-lang3,3.20.0,false,
Maven,org.exist-db,exist-process,7.0.0-SNAPSHOT,commons-logging,commons-logging,1.3.6,false,
Maven,org.exist-db,exist-process,7.0.0-SNAPSHOT,org.apache.commons,commons-pool2,2.13.1,false,
Maven,org.exist-db,exist-process,7.0.0-SNAPSHOT,org.apache.logging.log4j,log4j-core,2.26.0,false,
Maven,org.exist-db,exist-process,7.0.0-SNAPSHOT,org.apache.logging.log4j,log4j-jcl,2.26.0,false,
Maven,org.exist-db,exist-process,7.0.0-SNAPSHOT,org.apache.logging.log4j,log4j-jul,2.26.0,false,
Maven,org.exist-db,exist-process,7.0.0-SNAPSHOT,org.apache.logging.log4j,log4j-slf4j2-impl,2.26.0,false,
Maven,org.exist-db,exist-process,7.0.0-SNAPSHOT,org.exist-db.thirdparty.xerces,xercesImpl,2.12.2,false,
Maven,org.exist-db,exist-process,7.0.0-SNAPSHOT,org.codelibs,nekohtml,2.1.3,false,
Maven,org.exist-db,exist-process,7.0.0-SNAPSHOT,org.apache.ws.commons.util,ws-commons-util,1.0.2,false,
Maven,org.exist-db,exist-process,7.0.0-SNAPSHOT,xml-resolver,xml-resolver,1.2,false,
Maven,org.exist-db,exist-process,7.0.0-SNAPSHOT,org.xmlresolver,xmlresolver,6.0.23,false,
Maven,org.exist-db,exist-process,7.0.0-SNAPSHOT,org.exist-db.thirdparty.org.eclipse.wst.xml,xpath2,1.2.0,false,
Maven,org.exist-db,exist-process,7.0.0-SNAPSHOT,edu.princeton.cup,java-cup,10k,false,
Maven,org.exist-db,exist-process,7.0.0-SNAPSHOT,net.sf.saxon,Saxon-HE,9.9.1-8,false,
Maven,org.exist-db,exist-process,7.0.0-SNAPSHOT,org.exist-db,exist-saxon-regex,9.4.0-9.e1,false,
Maven,org.exist-db,exist-process,7.0.0-SNAPSHOT,com.evolvedbinary.thirdparty.org.apache.xmlrpc,xmlrpc-common,5.0.0,false,
Maven,org.exist-db,exist-process,7.0.0-SNAPSHOT,com.evolvedbinary.thirdparty.org.apache.xmlrpc,xmlrpc-client,5.0.0,false,
Maven,org.exist-db,exist-process,7.0.0-SNAPSHOT,com.evolvedbinary.thirdparty.org.apache.xmlrpc,xmlrpc-server,5.0.0,false,
Maven,org.exist-db,exist-process,7.0.0-SNAPSHOT,org.aspectj,aspectjrt,1.9.25.1,false,
Maven,org.exist-db,exist-process,7.0.0-SNAPSHOT,org.eclipse.jetty,jetty-http,12.0.35,false,
Maven,org.exist-db,exist-process,7.0.0-SNAPSHOT,org.eclipse.jetty,jetty-io,12.0.35,false,
Maven,org.exist-db,exist-process,7.0.0-SNAPSHOT,org.eclipse.jetty,jetty-security,12.0.35,false,
Maven,org.exist-db,exist-process,7.0.0-SNAPSHOT,org.eclipse.jetty,jetty-server,12.0.35,false,
Maven,org.exist-db,exist-process,7.0.0-SNAPSHOT,org.eclipse.jetty,jetty-util,12.0.35,false,
Maven,org.exist-db,exist-process,7.0.0-SNAPSHOT,org.expath.packaging,pkg-java,2.0.1,false,
Maven,org.exist-db,exist-process,7.0.0-SNAPSHOT,com.fifesoft,rsyntaxtextarea,3.6.2,false,
Maven,org.exist-db,exist-process,7.0.0-SNAPSHOT,org.quartz-scheduler,quartz,2.5.2,false,
Maven,org.exist-db,exist-process,7.0.0-SNAPSHOT,net.sf.xmldb-org,xmldb-api,2.0.0,false,
Maven,org.exist-db,exist-process,7.0.0-SNAPSHOT,it.unimi.dsi,fastutil,8.5.18,false,
Maven,org.exist-db,exist-process,7.0.0-SNAPSHOT,io.lacuna,bifurcan,0.2.0-rc1,false,
Maven,org.exist-db,exist-process,7.0.0-SNAPSHOT,org.apache.ant,ant,1.10.17,false,
Maven,org.exist-db,exist-process,7.0.0-SNAPSHOT,org.apache.ant,ant-launcher,1.10.17,false,
Maven,org.exist-db,exist-process,7.0.0-SNAPSHOT,org.jgrapht,jgrapht-core,1.5.3,false,
Maven,org.exist-db,exist-process,7.0.0-SNAPSHOT,org.jheaps,jheaps,0.14,false,
Maven,org.exist-db,exist-process,7.0.0-SNAPSHOT,org.apfloat,apfloat,1.14.0,false,
Maven,org.exist-db,exist-process,7.0.0-SNAPSHOT,org.jgrapht,jgrapht-opt,1.5.3,false,
Maven,org.exist-db,exist-process,7.0.0-SNAPSHOT,junit,junit,4.13.2,false,
Maven,org.exist-db,exist-process,7.0.0-SNAPSHOT,org.hamcrest,hamcrest,3.0,false,
Maven,org.exist-db,exist-process,7.0.0-SNAPSHOT,org.xmlunit,xmlunit-core,2.11.0,false,
Maven,org.exist-db,exist-process,7.0.0-SNAPSHOT,org.eclipse.jetty.ee10,jetty-ee10-annotations,12.0.35,false,
Maven,org.exist-db,exist-process,7.0.0-SNAPSHOT,jakarta.annotation,jakarta.annotation-api,2.1.1,false,
Maven,org.exist-db,exist-process,7.0.0-SNAPSHOT,org.eclipse.jetty.ee10,jetty-ee10-plus,12.0.35,false,
Maven,org.exist-db,exist-process,7.0.0-SNAPSHOT,jakarta.enterprise,jakarta.enterprise.cdi-api,4.0.1,false,
Maven,org.exist-db,exist-process,7.0.0-SNAPSHOT,jakarta.el,jakarta.el-api,5.0.0,false,
Maven,org.exist-db,exist-process,7.0.0-SNAPSHOT,jakarta.inject,jakarta.inject-api,2.0.1,false,
Maven,org.exist-db,exist-process,7.0.0-SNAPSHOT,jakarta.enterprise,jakarta.enterprise.lang-model,4.0.1,false,
Maven,org.exist-db,exist-process,7.0.0-SNAPSHOT,jakarta.interceptor,jakarta.interceptor-api,2.1.0,false,
Maven,org.exist-db,exist-process,7.0.0-SNAPSHOT,jakarta.transaction,jakarta.transaction-api,2.0.1,false,
Maven,org.exist-db,exist-process,7.0.0-SNAPSHOT,org.eclipse.jetty,jetty-jndi,12.0.35,false,
Maven,org.exist-db,exist-process,7.0.0-SNAPSHOT,org.eclipse.jetty,jetty-plus,12.0.35,false,
Maven,org.exist-db,exist-process,7.0.0-SNAPSHOT,org.ow2.asm,asm,9.9.1,false,
Maven,org.exist-db,exist-process,7.0.0-SNAPSHOT,org.ow2.asm,asm-commons,9.9.1,false,
Maven,org.exist-db,exist-process,7.0.0-SNAPSHOT,org.ow2.asm,asm-tree,9.9.1,false,
Maven,org.exist-db,exist-process,7.0.0-SNAPSHOT,org.eclipse.jetty.ee10,jetty-ee10-servlet,12.0.35,false,
Maven,org.exist-db,exist-process,7.0.0-SNAPSHOT,org.eclipse.jetty,jetty-session,12.0.35,false,
Maven,org.exist-db,exist-process,7.0.0-SNAPSHOT,org.eclipse.jetty.ee10,jetty-ee10-webapp,12.0.35,false,
Maven,org.exist-db,exist-process,7.0.0-SNAPSHOT,org.eclipse.jetty,jetty-ee,12.0.35,false,
Maven,org.exist-db,exist-process,7.0.0-SNAPSHOT,org.eclipse.jetty,jetty-xml,12.0.35,false,
Maven,org.exist-db,exist-process,7.0.0-SNAPSHOT,org.eclipse.jetty.ee10.websocket,jetty-ee10-websocket-jakarta-server,12.0.35,false,
Maven,org.exist-db,exist-process,7.0.0-SNAPSHOT,jakarta.websocket,jakarta.websocket-api,2.2.0,false,
Maven,org.exist-db,exist-process,7.0.0-SNAPSHOT,org.eclipse.jetty.ee10.websocket,jetty-ee10-websocket-jakarta-client,12.0.35,false,
Maven,org.exist-db,exist-process,7.0.0-SNAPSHOT,jakarta.websocket,jakarta.websocket-client-api,2.2.0,false,
Maven,org.exist-db,exist-process,7.0.0-SNAPSHOT,org.eclipse.jetty,jetty-client,12.0.35,false,
Maven,org.exist-db,exist-process,7.0.0-SNAPSHOT,org.eclipse.jetty,jetty-alpn-client,12.0.35,false,
Maven,org.exist-db,exist-process,7.0.0-SNAPSHOT,org.eclipse.jetty.ee10.websocket,jetty-ee10-websocket-jakarta-common,12.0.35,false,
Maven,org.exist-db,exist-process,7.0.0-SNAPSHOT,org.eclipse.jetty.websocket,jetty-websocket-core-client,12.0.35,false,
Maven,org.exist-db,exist-process,7.0.0-SNAPSHOT,org.eclipse.jetty.websocket,jetty-websocket-core-common,12.0.35,false,
Maven,org.exist-db,exist-process,7.0.0-SNAPSHOT,org.eclipse.jetty.ee10.websocket,jetty-ee10-websocket-servlet,12.0.35,false,
Maven,org.exist-db,exist-process,7.0.0-SNAPSHOT,org.eclipse.jetty.websocket,jetty-websocket-core-server,12.0.35,false,
Maven,org.exist-db,exist-process,7.0.0-SNAPSHOT,org.apache.logging.log4j,log4j-api,2.26.0,true,
Maven,org.exist-db,exist-scheduler,7.0.0-SNAPSHOT,org.exist-db,exist-core,7.0.0-SNAPSHOT,true,
Maven,org.exist-db,exist-scheduler,7.0.0-SNAPSHOT,net.jcip,jcip-annotations,1.0,false,
Maven,org.exist-db,exist-scheduler,7.0.0-SNAPSHOT,antlr,antlr,2.7.7,false,
Maven,org.exist-db,exist-scheduler,7.0.0-SNAPSHOT,com.fasterxml.jackson.core,jackson-core,2.21.3,false,
Maven,org.exist-db,exist-scheduler,7.0.0-SNAPSHOT,com.evolvedbinary.multilock,multilock,1.0.1,false,
Maven,org.exist-db,exist-scheduler,7.0.0-SNAPSHOT,com.github.ben-manes.caffeine,caffeine,3.2.4,false,
Maven,org.exist-db,exist-scheduler,7.0.0-SNAPSHOT,org.jspecify,jspecify,1.0.0,false,
Maven,org.exist-db,exist-scheduler,7.0.0-SNAPSHOT,com.google.errorprone,error_prone_annotations,2.49.0,false,
Maven,org.exist-db,exist-scheduler,7.0.0-SNAPSHOT,com.github.krukow,clj-ds,0.0.4,false,
Maven,org.exist-db,exist-scheduler,7.0.0-SNAPSHOT,com.siemens.ct.exi,exificient,1.0.7,false,
Maven,org.exist-db,exist-scheduler,7.0.0-SNAPSHOT,org.slf4j,slf4j-api,2.0.18,false,
Maven,org.exist-db,exist-scheduler,7.0.0-SNAPSHOT,xmlpull,xmlpull,1.1.3.1,false,
Maven,org.exist-db,exist-scheduler,7.0.0-SNAPSHOT,javax.activation,activation,1.1.1,false,
Maven,org.exist-db,exist-scheduler,7.0.0-SNAPSHOT,com.siemens.ct.exi,exificient-grammars,1.0.7,false,
Maven,org.exist-db,exist-scheduler,7.0.0-SNAPSHOT,com.siemens.ct.exi,exificient-core,1.0.7,false,
Maven,org.exist-db,exist-scheduler,7.0.0-SNAPSHOT,com.ibm.icu,icu4j,76.1,false,
Maven,org.exist-db,exist-scheduler,7.0.0-SNAPSHOT,com.google.code.findbugs,jsr305,3.0.2,false,
Maven,org.exist-db,exist-scheduler,7.0.0-SNAPSHOT,org.relaxng,jing,20241231,false,
Maven,org.exist-db,exist-scheduler,7.0.0-SNAPSHOT,isorelax,isorelax,20030108,false,
Maven,org.exist-db,exist-scheduler,7.0.0-SNAPSHOT,org.exist-db,exist-start,7.0.0-SNAPSHOT,false,
Maven,org.exist-db,exist-scheduler,7.0.0-SNAPSHOT,org.exquery,exquery-common,0.2.1,false,
Maven,org.exist-db,exist-scheduler,7.0.0-SNAPSHOT,org.bouncycastle,bcprov-jdk18on,1.84,false,
Maven,org.exist-db,exist-scheduler,7.0.0-SNAPSHOT,at.yawk.lz4,lz4-java,1.11.0,false,
Maven,org.exist-db,exist-scheduler,7.0.0-SNAPSHOT,com.evolvedbinary.j8fu,j8fu,1.24.0,false,
Maven,org.exist-db,exist-scheduler,7.0.0-SNAPSHOT,com.fasterxml.uuid,java-uuid-generator,5.2.0,false,
Maven,org.exist-db,exist-scheduler,7.0.0-SNAPSHOT,jakarta.servlet,jakarta.servlet-api,6.0.0,false,
Maven,org.exist-db,exist-scheduler,7.0.0-SNAPSHOT,jakarta.xml.bind,jakarta.xml.bind-api,4.0.5,false,
Maven,org.exist-db,exist-scheduler,7.0.0-SNAPSHOT,jakarta.activation,jakarta.activation-api,2.1.4,false,
Maven,org.exist-db,exist-scheduler,7.0.0-SNAPSHOT,org.eclipse.angus,angus-activation,2.0.3,false,
Maven,org.exist-db,exist-scheduler,7.0.0-SNAPSHOT,org.glassfish.jaxb,jaxb-runtime,4.0.2,false,
Maven,org.exist-db,exist-scheduler,7.0.0-SNAPSHOT,org.glassfish.jaxb,jaxb-core,4.0.2,false,
Maven,org.exist-db,exist-scheduler,7.0.0-SNAPSHOT,org.glassfish.jaxb,txw2,4.0.2,false,
Maven,org.exist-db,exist-scheduler,7.0.0-SNAPSHOT,com.sun.istack,istack-commons-runtime,4.1.1,false,
Maven,org.exist-db,exist-scheduler,7.0.0-SNAPSHOT,org.exist-db.thirdparty.javax.xml.xquery,xqjri,20080114-133351,false,
Maven,org.exist-db,exist-scheduler,7.0.0-SNAPSHOT,org.jline,jline,4.1.0,false,
Maven,org.exist-db,exist-scheduler,7.0.0-SNAPSHOT,org.jline,jansi,4.1.0,false,
Maven,org.exist-db,exist-scheduler,7.0.0-SNAPSHOT,net.bytebuddy,byte-buddy,1.18.8,false,
Maven,org.exist-db,exist-scheduler,7.0.0-SNAPSHOT,se.softhouse,jargo,0.4.14,false,
Maven,org.exist-db,exist-scheduler,7.0.0-SNAPSHOT,commons-codec,commons-codec,1.22.0,false,
Maven,org.exist-db,exist-scheduler,7.0.0-SNAPSHOT,commons-io,commons-io,2.22.0,false,
Maven,org.exist-db,exist-scheduler,7.0.0-SNAPSHOT,org.apache.commons,commons-lang3,3.20.0,false,
Maven,org.exist-db,exist-scheduler,7.0.0-SNAPSHOT,commons-logging,commons-logging,1.3.6,false,
Maven,org.exist-db,exist-scheduler,7.0.0-SNAPSHOT,org.apache.commons,commons-pool2,2.13.1,false,
Maven,org.exist-db,exist-scheduler,7.0.0-SNAPSHOT,org.apache.logging.log4j,log4j-core,2.26.0,false,
Maven,org.exist-db,exist-scheduler,7.0.0-SNAPSHOT,org.apache.logging.log4j,log4j-jcl,2.26.0,false,
Maven,org.exist-db,exist-scheduler,7.0.0-SNAPSHOT,org.apache.logging.log4j,log4j-jul,2.26.0,false,
Maven,org.exist-db,exist-scheduler,7.0.0-SNAPSHOT,org.apache.logging.log4j,log4j-slf4j2-impl,2.26.0,false,
Maven,org.exist-db,exist-scheduler,7.0.0-SNAPSHOT,org.exist-db.thirdparty.xerces,xercesImpl,2.12.2,false,
Maven,org.exist-db,exist-scheduler,7.0.0-SNAPSHOT,org.codelibs,nekohtml,2.1.3,false,
Maven,org.exist-db,exist-scheduler,7.0.0-SNAPSHOT,org.apache.ws.commons.util,ws-commons-util,1.0.2,false,
Maven,org.exist-db,exist-scheduler,7.0.0-SNAPSHOT,xml-resolver,xml-resolver,1.2,false,
Maven,org.exist-db,exist-scheduler,7.0.0-SNAPSHOT,org.xmlresolver,xmlresolver,6.0.23,false,
Maven,org.exist-db,exist-scheduler,7.0.0-SNAPSHOT,org.exist-db.thirdparty.org.eclipse.wst.xml,xpath2,1.2.0,false,
Maven,org.exist-db,exist-scheduler,7.0.0-SNAPSHOT,edu.princeton.cup,java-cup,10k,false,
Maven,org.exist-db,exist-scheduler,7.0.0-SNAPSHOT,net.sf.saxon,Saxon-HE,9.9.1-8,false,
Maven,org.exist-db,exist-scheduler,7.0.0-SNAPSHOT,org.exist-db,exist-saxon-regex,9.4.0-9.e1,false,
Maven,org.exist-db,exist-scheduler,7.0.0-SNAPSHOT,com.evolvedbinary.thirdparty.org.apache.xmlrpc,xmlrpc-common,5.0.0,false,
Maven,org.exist-db,exist-scheduler,7.0.0-SNAPSHOT,com.evolvedbinary.thirdparty.org.apache.xmlrpc,xmlrpc-client,5.0.0,false,
Maven,org.exist-db,exist-scheduler,7.0.0-SNAPSHOT,com.evolvedbinary.thirdparty.org.apache.xmlrpc,xmlrpc-server,5.0.0,false,
Maven,org.exist-db,exist-scheduler,7.0.0-SNAPSHOT,org.aspectj,aspectjrt,1.9.25.1,false,
Maven,org.exist-db,exist-scheduler,7.0.0-SNAPSHOT,org.eclipse.jetty,jetty-http,12.0.35,false,
Maven,org.exist-db,exist-scheduler,7.0.0-SNAPSHOT,org.eclipse.jetty,jetty-io,12.0.35,false,
Maven,org.exist-db,exist-scheduler,7.0.0-SNAPSHOT,org.eclipse.jetty,jetty-security,12.0.35,false,
Maven,org.exist-db,exist-scheduler,7.0.0-SNAPSHOT,org.eclipse.jetty,jetty-server,12.0.35,false,
Maven,org.exist-db,exist-scheduler,7.0.0-SNAPSHOT,org.eclipse.jetty,jetty-util,12.0.35,false,
Maven,org.exist-db,exist-scheduler,7.0.0-SNAPSHOT,org.expath.packaging,pkg-java,2.0.1,false,
Maven,org.exist-db,exist-scheduler,7.0.0-SNAPSHOT,com.fifesoft,rsyntaxtextarea,3.6.2,false,
Maven,org.exist-db,exist-scheduler,7.0.0-SNAPSHOT,org.quartz-scheduler,quartz,2.5.2,false,
Maven,org.exist-db,exist-scheduler,7.0.0-SNAPSHOT,net.sf.xmldb-org,xmldb-api,2.0.0,false,
Maven,org.exist-db,exist-scheduler,7.0.0-SNAPSHOT,it.unimi.dsi,fastutil,8.5.18,false,
Maven,org.exist-db,exist-scheduler,7.0.0-SNAPSHOT,io.lacuna,bifurcan,0.2.0-rc1,false,
Maven,org.exist-db,exist-scheduler,7.0.0-SNAPSHOT,org.apache.ant,ant,1.10.17,false,
Maven,org.exist-db,exist-scheduler,7.0.0-SNAPSHOT,org.apache.ant,ant-launcher,1.10.17,false,
Maven,org.exist-db,exist-scheduler,7.0.0-SNAPSHOT,org.jgrapht,jgrapht-core,1.5.3,false,
Maven,org.exist-db,exist-scheduler,7.0.0-SNAPSHOT,org.jheaps,jheaps,0.14,false,
Maven,org.exist-db,exist-scheduler,7.0.0-SNAPSHOT,org.apfloat,apfloat,1.14.0,false,
Maven,org.exist-db,exist-scheduler,7.0.0-SNAPSHOT,org.jgrapht,jgrapht-opt,1.5.3,false,
Maven,org.exist-db,exist-scheduler,7.0.0-SNAPSHOT,junit,junit,4.13.2,false,
Maven,org.exist-db,exist-scheduler,7.0.0-SNAPSHOT,org.hamcrest,hamcrest,3.0,false,
Maven,org.exist-db,exist-scheduler,7.0.0-SNAPSHOT,org.xmlunit,xmlunit-core,2.11.0,false,
Maven,org.exist-db,exist-scheduler,7.0.0-SNAPSHOT,org.eclipse.jetty.ee10,jetty-ee10-annotations,12.0.35,false,
Maven,org.exist-db,exist-scheduler,7.0.0-SNAPSHOT,jakarta.annotation,jakarta.annotation-api,2.1.1,false,
Maven,org.exist-db,exist-scheduler,7.0.0-SNAPSHOT,org.eclipse.jetty.ee10,jetty-ee10-plus,12.0.35,false,
Maven,org.exist-db,exist-scheduler,7.0.0-SNAPSHOT,jakarta.enterprise,jakarta.enterprise.cdi-api,4.0.1,false,
Maven,org.exist-db,exist-scheduler,7.0.0-SNAPSHOT,jakarta.el,jakarta.el-api,5.0.0,false,
Maven,org.exist-db,exist-scheduler,7.0.0-SNAPSHOT,jakarta.inject,jakarta.inject-api,2.0.1,false,
Maven,org.exist-db,exist-scheduler,7.0.0-SNAPSHOT,jakarta.enterprise,jakarta.enterprise.lang-model,4.0.1,false,
Maven,org.exist-db,exist-scheduler,7.0.0-SNAPSHOT,jakarta.interceptor,jakarta.interceptor-api,2.1.0,false,
Maven,org.exist-db,exist-scheduler,7.0.0-SNAPSHOT,jakarta.transaction,jakarta.transaction-api,2.0.1,false,
Maven,org.exist-db,exist-scheduler,7.0.0-SNAPSHOT,org.eclipse.jetty,jetty-jndi,12.0.35,false,
Maven,org.exist-db,exist-scheduler,7.0.0-SNAPSHOT,org.eclipse.jetty,jetty-plus,12.0.35,false,
Maven,org.exist-db,exist-scheduler,7.0.0-SNAPSHOT,org.ow2.asm,asm,9.9.1,false,
Maven,org.exist-db,exist-scheduler,7.0.0-SNAPSHOT,org.ow2.asm,asm-commons,9.9.1,false,
Maven,org.exist-db,exist-scheduler,7.0.0-SNAPSHOT,org.ow2.asm,asm-tree,9.9.1,false,
Maven,org.exist-db,exist-scheduler,7.0.0-SNAPSHOT,org.eclipse.jetty.ee10,jetty-ee10-servlet,12.0.35,false,
Maven,org.exist-db,exist-scheduler,7.0.0-SNAPSHOT,org.eclipse.jetty,jetty-session,12.0.35,false,
Maven,org.exist-db,exist-scheduler,7.0.0-SNAPSHOT,org.eclipse.jetty.ee10,jetty-ee10-webapp,12.0.35,false,
Maven,org.exist-db,exist-scheduler,7.0.0-SNAPSHOT,org.eclipse.jetty,jetty-ee,12.0.35,false,
Maven,org.exist-db,exist-scheduler,7.0.0-SNAPSHOT,org.eclipse.jetty,jetty-xml,12.0.35,false,
Maven,org.exist-db,exist-scheduler,7.0.0-SNAPSHOT,org.eclipse.jetty.ee10.websocket,jetty-ee10-websocket-jakarta-server,12.0.35,false,
Maven,org.exist-db,exist-scheduler,7.0.0-SNAPSHOT,jakarta.websocket,jakarta.websocket-api,2.2.0,false,
Maven,org.exist-db,exist-scheduler,7.0.0-SNAPSHOT,org.eclipse.jetty.ee10.websocket,jetty-ee10-websocket-jakarta-client,12.0.35,false,
Maven,org.exist-db,exist-scheduler,7.0.0-SNAPSHOT,jakarta.websocket,jakarta.websocket-client-api,2.2.0,false,
Maven,org.exist-db,exist-scheduler,7.0.0-SNAPSHOT,org.eclipse.jetty,jetty-client,12.0.35,false,
Maven,org.exist-db,exist-scheduler,7.0.0-SNAPSHOT,org.eclipse.jetty,jetty-alpn-client,12.0.35,false,
Maven,org.exist-db,exist-scheduler,7.0.0-SNAPSHOT,org.eclipse.jetty.ee10.websocket,jetty-ee10-websocket-jakarta-common,12.0.35,false,
Maven,org.exist-db,exist-scheduler,7.0.0-SNAPSHOT,org.eclipse.jetty.websocket,jetty-websocket-core-client,12.0.35,false,
Maven,org.exist-db,exist-scheduler,7.0.0-SNAPSHOT,org.eclipse.jetty.websocket,jetty-websocket-core-common,12.0.35,false,
Maven,org.exist-db,exist-scheduler,7.0.0-SNAPSHOT,org.eclipse.jetty.ee10.websocket,jetty-ee10-websocket-servlet,12.0.35,false,
Maven,org.exist-db,exist-scheduler,7.0.0-SNAPSHOT,org.eclipse.jetty.websocket,jetty-websocket-core-server,12.0.35,false,
Maven,org.exist-db,exist-scheduler,7.0.0-SNAPSHOT,org.apache.logging.log4j,log4j-api,2.26.0,true,
Maven,org.exist-db,exist-simpleql,7.0.0-SNAPSHOT,org.exist-db,exist-core,7.0.0-SNAPSHOT,true,
Maven,org.exist-db,exist-simpleql,7.0.0-SNAPSHOT,net.jcip,jcip-annotations,1.0,false,
Maven,org.exist-db,exist-simpleql,7.0.0-SNAPSHOT,com.fasterxml.jackson.core,jackson-core,2.21.3,false,
Maven,org.exist-db,exist-simpleql,7.0.0-SNAPSHOT,com.evolvedbinary.multilock,multilock,1.0.1,false,
Maven,org.exist-db,exist-simpleql,7.0.0-SNAPSHOT,com.github.ben-manes.caffeine,caffeine,3.2.4,false,
Maven,org.exist-db,exist-simpleql,7.0.0-SNAPSHOT,org.jspecify,jspecify,1.0.0,false,
Maven,org.exist-db,exist-simpleql,7.0.0-SNAPSHOT,com.google.errorprone,error_prone_annotations,2.49.0,false,
Maven,org.exist-db,exist-simpleql,7.0.0-SNAPSHOT,com.github.krukow,clj-ds,0.0.4,false,
Maven,org.exist-db,exist-simpleql,7.0.0-SNAPSHOT,com.siemens.ct.exi,exificient,1.0.7,false,
Maven,org.exist-db,exist-simpleql,7.0.0-SNAPSHOT,org.slf4j,slf4j-api,2.0.18,false,
Maven,org.exist-db,exist-simpleql,7.0.0-SNAPSHOT,xmlpull,xmlpull,1.1.3.1,false,
Maven,org.exist-db,exist-simpleql,7.0.0-SNAPSHOT,javax.activation,activation,1.1.1,false,
Maven,org.exist-db,exist-simpleql,7.0.0-SNAPSHOT,com.siemens.ct.exi,exificient-grammars,1.0.7,false,
Maven,org.exist-db,exist-simpleql,7.0.0-SNAPSHOT,com.siemens.ct.exi,exificient-core,1.0.7,false,
Maven,org.exist-db,exist-simpleql,7.0.0-SNAPSHOT,com.ibm.icu,icu4j,76.1,false,
Maven,org.exist-db,exist-simpleql,7.0.0-SNAPSHOT,com.google.code.findbugs,jsr305,3.0.2,false,
Maven,org.exist-db,exist-simpleql,7.0.0-SNAPSHOT,org.relaxng,jing,20241231,false,
Maven,org.exist-db,exist-simpleql,7.0.0-SNAPSHOT,isorelax,isorelax,20030108,false,
Maven,org.exist-db,exist-simpleql,7.0.0-SNAPSHOT,org.exist-db,exist-start,7.0.0-SNAPSHOT,false,
Maven,org.exist-db,exist-simpleql,7.0.0-SNAPSHOT,org.exquery,exquery-common,0.2.1,false,
Maven,org.exist-db,exist-simpleql,7.0.0-SNAPSHOT,org.bouncycastle,bcprov-jdk18on,1.84,false,
Maven,org.exist-db,exist-simpleql,7.0.0-SNAPSHOT,at.yawk.lz4,lz4-java,1.11.0,false,
Maven,org.exist-db,exist-simpleql,7.0.0-SNAPSHOT,com.evolvedbinary.j8fu,j8fu,1.24.0,false,
Maven,org.exist-db,exist-simpleql,7.0.0-SNAPSHOT,com.fasterxml.uuid,java-uuid-generator,5.2.0,false,
Maven,org.exist-db,exist-simpleql,7.0.0-SNAPSHOT,jakarta.servlet,jakarta.servlet-api,6.0.0,false,
Maven,org.exist-db,exist-simpleql,7.0.0-SNAPSHOT,jakarta.xml.bind,jakarta.xml.bind-api,4.0.5,false,
Maven,org.exist-db,exist-simpleql,7.0.0-SNAPSHOT,jakarta.activation,jakarta.activation-api,2.1.4,false,
Maven,org.exist-db,exist-simpleql,7.0.0-SNAPSHOT,org.eclipse.angus,angus-activation,2.0.3,false,
Maven,org.exist-db,exist-simpleql,7.0.0-SNAPSHOT,org.glassfish.jaxb,jaxb-runtime,4.0.2,false,
Maven,org.exist-db,exist-simpleql,7.0.0-SNAPSHOT,org.glassfish.jaxb,jaxb-core,4.0.2,false,
Maven,org.exist-db,exist-simpleql,7.0.0-SNAPSHOT,org.glassfish.jaxb,txw2,4.0.2,false,
Maven,org.exist-db,exist-simpleql,7.0.0-SNAPSHOT,com.sun.istack,istack-commons-runtime,4.1.1,false,
Maven,org.exist-db,exist-simpleql,7.0.0-SNAPSHOT,org.exist-db.thirdparty.javax.xml.xquery,xqjri,20080114-133351,false,
Maven,org.exist-db,exist-simpleql,7.0.0-SNAPSHOT,org.jline,jline,4.1.0,false,
Maven,org.exist-db,exist-simpleql,7.0.0-SNAPSHOT,org.jline,jansi,4.1.0,false,
Maven,org.exist-db,exist-simpleql,7.0.0-SNAPSHOT,net.bytebuddy,byte-buddy,1.18.8,false,
Maven,org.exist-db,exist-simpleql,7.0.0-SNAPSHOT,se.softhouse,jargo,0.4.14,false,
Maven,org.exist-db,exist-simpleql,7.0.0-SNAPSHOT,commons-codec,commons-codec,1.22.0,false,
Maven,org.exist-db,exist-simpleql,7.0.0-SNAPSHOT,commons-io,commons-io,2.22.0,false,
Maven,org.exist-db,exist-simpleql,7.0.0-SNAPSHOT,org.apache.commons,commons-lang3,3.20.0,false,
Maven,org.exist-db,exist-simpleql,7.0.0-SNAPSHOT,commons-logging,commons-logging,1.3.6,false,
Maven,org.exist-db,exist-simpleql,7.0.0-SNAPSHOT,org.apache.commons,commons-pool2,2.13.1,false,
Maven,org.exist-db,exist-simpleql,7.0.0-SNAPSHOT,org.apache.logging.log4j,log4j-core,2.26.0,false,
Maven,org.exist-db,exist-simpleql,7.0.0-SNAPSHOT,org.apache.logging.log4j,log4j-jcl,2.26.0,false,
Maven,org.exist-db,exist-simpleql,7.0.0-SNAPSHOT,org.apache.logging.log4j,log4j-jul,2.26.0,false,
Maven,org.exist-db,exist-simpleql,7.0.0-SNAPSHOT,org.apache.logging.log4j,log4j-slf4j2-impl,2.26.0,false,
Maven,org.exist-db,exist-simpleql,7.0.0-SNAPSHOT,org.exist-db.thirdparty.xerces,xercesImpl,2.12.2,false,
Maven,org.exist-db,exist-simpleql,7.0.0-SNAPSHOT,org.codelibs,nekohtml,2.1.3,false,
Maven,org.exist-db,exist-simpleql,7.0.0-SNAPSHOT,org.apache.ws.commons.util,ws-commons-util,1.0.2,false,
Maven,org.exist-db,exist-simpleql,7.0.0-SNAPSHOT,xml-resolver,xml-resolver,1.2,false,
Maven,org.exist-db,exist-simpleql,7.0.0-SNAPSHOT,org.xmlresolver,xmlresolver,6.0.23,false,
Maven,org.exist-db,exist-simpleql,7.0.0-SNAPSHOT,org.exist-db.thirdparty.org.eclipse.wst.xml,xpath2,1.2.0,false,
Maven,org.exist-db,exist-simpleql,7.0.0-SNAPSHOT,edu.princeton.cup,java-cup,10k,false,
Maven,org.exist-db,exist-simpleql,7.0.0-SNAPSHOT,net.sf.saxon,Saxon-HE,9.9.1-8,false,
Maven,org.exist-db,exist-simpleql,7.0.0-SNAPSHOT,org.exist-db,exist-saxon-regex,9.4.0-9.e1,false,
Maven,org.exist-db,exist-simpleql,7.0.0-SNAPSHOT,com.evolvedbinary.thirdparty.org.apache.xmlrpc,xmlrpc-common,5.0.0,false,
Maven,org.exist-db,exist-simpleql,7.0.0-SNAPSHOT,com.evolvedbinary.thirdparty.org.apache.xmlrpc,xmlrpc-client,5.0.0,false,
Maven,org.exist-db,exist-simpleql,7.0.0-SNAPSHOT,com.evolvedbinary.thirdparty.org.apache.xmlrpc,xmlrpc-server,5.0.0,false,
Maven,org.exist-db,exist-simpleql,7.0.0-SNAPSHOT,org.aspectj,aspectjrt,1.9.25.1,false,
Maven,org.exist-db,exist-simpleql,7.0.0-SNAPSHOT,org.eclipse.jetty,jetty-http,12.0.35,false,
Maven,org.exist-db,exist-simpleql,7.0.0-SNAPSHOT,org.eclipse.jetty,jetty-io,12.0.35,false,
Maven,org.exist-db,exist-simpleql,7.0.0-SNAPSHOT,org.eclipse.jetty,jetty-security,12.0.35,false,
Maven,org.exist-db,exist-simpleql,7.0.0-SNAPSHOT,org.eclipse.jetty,jetty-server,12.0.35,false,
Maven,org.exist-db,exist-simpleql,7.0.0-SNAPSHOT,org.eclipse.jetty,jetty-util,12.0.35,false,
Maven,org.exist-db,exist-simpleql,7.0.0-SNAPSHOT,org.expath.packaging,pkg-java,2.0.1,false,
Maven,org.exist-db,exist-simpleql,7.0.0-SNAPSHOT,com.fifesoft,rsyntaxtextarea,3.6.2,false,
Maven,org.exist-db,exist-simpleql,7.0.0-SNAPSHOT,org.quartz-scheduler,quartz,2.5.2,false,
Maven,org.exist-db,exist-simpleql,7.0.0-SNAPSHOT,net.sf.xmldb-org,xmldb-api,2.0.0,false,
Maven,org.exist-db,exist-simpleql,7.0.0-SNAPSHOT,it.unimi.dsi,fastutil,8.5.18,false,
Maven,org.exist-db,exist-simpleql,7.0.0-SNAPSHOT,io.lacuna,bifurcan,0.2.0-rc1,false,
Maven,org.exist-db,exist-simpleql,7.0.0-SNAPSHOT,org.apache.ant,ant,1.10.17,false,
Maven,org.exist-db,exist-simpleql,7.0.0-SNAPSHOT,org.apache.ant,ant-launcher,1.10.17,false,
Maven,org.exist-db,exist-simpleql,7.0.0-SNAPSHOT,org.jgrapht,jgrapht-core,1.5.3,false,
Maven,org.exist-db,exist-simpleql,7.0.0-SNAPSHOT,org.jheaps,jheaps,0.14,false,
Maven,org.exist-db,exist-simpleql,7.0.0-SNAPSHOT,org.apfloat,apfloat,1.14.0,false,
Maven,org.exist-db,exist-simpleql,7.0.0-SNAPSHOT,org.jgrapht,jgrapht-opt,1.5.3,false,
Maven,org.exist-db,exist-simpleql,7.0.0-SNAPSHOT,junit,junit,4.13.2,false,
Maven,org.exist-db,exist-simpleql,7.0.0-SNAPSHOT,org.hamcrest,hamcrest,3.0,false,
Maven,org.exist-db,exist-simpleql,7.0.0-SNAPSHOT,org.xmlunit,xmlunit-core,2.11.0,false,
Maven,org.exist-db,exist-simpleql,7.0.0-SNAPSHOT,org.eclipse.jetty.ee10,jetty-ee10-annotations,12.0.35,false,
Maven,org.exist-db,exist-simpleql,7.0.0-SNAPSHOT,jakarta.annotation,jakarta.annotation-api,2.1.1,false,
Maven,org.exist-db,exist-simpleql,7.0.0-SNAPSHOT,org.eclipse.jetty.ee10,jetty-ee10-plus,12.0.35,false,
Maven,org.exist-db,exist-simpleql,7.0.0-SNAPSHOT,jakarta.enterprise,jakarta.enterprise.cdi-api,4.0.1,false,
Maven,org.exist-db,exist-simpleql,7.0.0-SNAPSHOT,jakarta.el,jakarta.el-api,5.0.0,false,
Maven,org.exist-db,exist-simpleql,7.0.0-SNAPSHOT,jakarta.inject,jakarta.inject-api,2.0.1,false,
Maven,org.exist-db,exist-simpleql,7.0.0-SNAPSHOT,jakarta.enterprise,jakarta.enterprise.lang-model,4.0.1,false,
Maven,org.exist-db,exist-simpleql,7.0.0-SNAPSHOT,jakarta.interceptor,jakarta.interceptor-api,2.1.0,false,
Maven,org.exist-db,exist-simpleql,7.0.0-SNAPSHOT,jakarta.transaction,jakarta.transaction-api,2.0.1,false,
Maven,org.exist-db,exist-simpleql,7.0.0-SNAPSHOT,org.eclipse.jetty,jetty-jndi,12.0.35,false,
Maven,org.exist-db,exist-simpleql,7.0.0-SNAPSHOT,org.eclipse.jetty,jetty-plus,12.0.35,false,
Maven,org.exist-db,exist-simpleql,7.0.0-SNAPSHOT,org.ow2.asm,asm,9.9.1,false,
Maven,org.exist-db,exist-simpleql,7.0.0-SNAPSHOT,org.ow2.asm,asm-commons,9.9.1,false,
Maven,org.exist-db,exist-simpleql,7.0.0-SNAPSHOT,org.ow2.asm,asm-tree,9.9.1,false,
Maven,org.exist-db,exist-simpleql,7.0.0-SNAPSHOT,org.eclipse.jetty.ee10,jetty-ee10-servlet,12.0.35,false,
Maven,org.exist-db,exist-simpleql,7.0.0-SNAPSHOT,org.eclipse.jetty,jetty-session,12.0.35,false,
Maven,org.exist-db,exist-simpleql,7.0.0-SNAPSHOT,org.eclipse.jetty.ee10,jetty-ee10-webapp,12.0.35,false,
Maven,org.exist-db,exist-simpleql,7.0.0-SNAPSHOT,org.eclipse.jetty,jetty-ee,12.0.35,false,
Maven,org.exist-db,exist-simpleql,7.0.0-SNAPSHOT,org.eclipse.jetty,jetty-xml,12.0.35,false,
Maven,org.exist-db,exist-simpleql,7.0.0-SNAPSHOT,org.eclipse.jetty.ee10.websocket,jetty-ee10-websocket-jakarta-server,12.0.35,false,
Maven,org.exist-db,exist-simpleql,7.0.0-SNAPSHOT,jakarta.websocket,jakarta.websocket-api,2.2.0,false,
Maven,org.exist-db,exist-simpleql,7.0.0-SNAPSHOT,org.eclipse.jetty.ee10.websocket,jetty-ee10-websocket-jakarta-client,12.0.35,false,
Maven,org.exist-db,exist-simpleql,7.0.0-SNAPSHOT,jakarta.websocket,jakarta.websocket-client-api,2.2.0,false,
Maven,org.exist-db,exist-simpleql,7.0.0-SNAPSHOT,org.eclipse.jetty,jetty-client,12.0.35,false,
Maven,org.exist-db,exist-simpleql,7.0.0-SNAPSHOT,org.eclipse.jetty,jetty-alpn-client,12.0.35,false,
Maven,org.exist-db,exist-simpleql,7.0.0-SNAPSHOT,org.eclipse.jetty.ee10.websocket,jetty-ee10-websocket-jakarta-common,12.0.35,false,
Maven,org.exist-db,exist-simpleql,7.0.0-SNAPSHOT,org.eclipse.jetty.websocket,jetty-websocket-core-client,12.0.35,false,
Maven,org.exist-db,exist-simpleql,7.0.0-SNAPSHOT,org.eclipse.jetty.websocket,jetty-websocket-core-common,12.0.35,false,
Maven,org.exist-db,exist-simpleql,7.0.0-SNAPSHOT,org.eclipse.jetty.ee10.websocket,jetty-ee10-websocket-servlet,12.0.35,false,
Maven,org.exist-db,exist-simpleql,7.0.0-SNAPSHOT,org.eclipse.jetty.websocket,jetty-websocket-core-server,12.0.35,false,
Maven,org.exist-db,exist-simpleql,7.0.0-SNAPSHOT,antlr,antlr,2.7.7,true,
Maven,org.exist-db,exist-simpleql,7.0.0-SNAPSHOT,org.apache.logging.log4j,log4j-api,2.26.0,true,
Maven,org.exist-db,exist-sql,7.0.0-SNAPSHOT,org.exist-db,exist-core,7.0.0-SNAPSHOT,true,
Maven,org.exist-db,exist-sql,7.0.0-SNAPSHOT,net.jcip,jcip-annotations,1.0,false,
Maven,org.exist-db,exist-sql,7.0.0-SNAPSHOT,antlr,antlr,2.7.7,false,
Maven,org.exist-db,exist-sql,7.0.0-SNAPSHOT,com.fasterxml.jackson.core,jackson-core,2.21.3,false,
Maven,org.exist-db,exist-sql,7.0.0-SNAPSHOT,com.evolvedbinary.multilock,multilock,1.0.1,false,
Maven,org.exist-db,exist-sql,7.0.0-SNAPSHOT,com.github.ben-manes.caffeine,caffeine,3.2.4,false,
Maven,org.exist-db,exist-sql,7.0.0-SNAPSHOT,org.jspecify,jspecify,1.0.0,false,
Maven,org.exist-db,exist-sql,7.0.0-SNAPSHOT,com.google.errorprone,error_prone_annotations,2.49.0,false,
Maven,org.exist-db,exist-sql,7.0.0-SNAPSHOT,com.github.krukow,clj-ds,0.0.4,false,
Maven,org.exist-db,exist-sql,7.0.0-SNAPSHOT,com.siemens.ct.exi,exificient,1.0.7,false,
Maven,org.exist-db,exist-sql,7.0.0-SNAPSHOT,xmlpull,xmlpull,1.1.3.1,false,
Maven,org.exist-db,exist-sql,7.0.0-SNAPSHOT,javax.activation,activation,1.1.1,false,
Maven,org.exist-db,exist-sql,7.0.0-SNAPSHOT,com.siemens.ct.exi,exificient-grammars,1.0.7,false,
Maven,org.exist-db,exist-sql,7.0.0-SNAPSHOT,com.siemens.ct.exi,exificient-core,1.0.7,false,
Maven,org.exist-db,exist-sql,7.0.0-SNAPSHOT,com.ibm.icu,icu4j,76.1,false,
Maven,org.exist-db,exist-sql,7.0.0-SNAPSHOT,org.relaxng,jing,20241231,false,
Maven,org.exist-db,exist-sql,7.0.0-SNAPSHOT,isorelax,isorelax,20030108,false,
Maven,org.exist-db,exist-sql,7.0.0-SNAPSHOT,org.exist-db,exist-start,7.0.0-SNAPSHOT,false,
Maven,org.exist-db,exist-sql,7.0.0-SNAPSHOT,org.exquery,exquery-common,0.2.1,false,
Maven,org.exist-db,exist-sql,7.0.0-SNAPSHOT,org.bouncycastle,bcprov-jdk18on,1.84,false,
Maven,org.exist-db,exist-sql,7.0.0-SNAPSHOT,at.yawk.lz4,lz4-java,1.11.0,false,
Maven,org.exist-db,exist-sql,7.0.0-SNAPSHOT,com.fasterxml.uuid,java-uuid-generator,5.2.0,false,
Maven,org.exist-db,exist-sql,7.0.0-SNAPSHOT,jakarta.servlet,jakarta.servlet-api,6.0.0,false,
Maven,org.exist-db,exist-sql,7.0.0-SNAPSHOT,jakarta.xml.bind,jakarta.xml.bind-api,4.0.5,false,
Maven,org.exist-db,exist-sql,7.0.0-SNAPSHOT,jakarta.activation,jakarta.activation-api,2.1.4,false,
Maven,org.exist-db,exist-sql,7.0.0-SNAPSHOT,org.eclipse.angus,angus-activation,2.0.3,false,
Maven,org.exist-db,exist-sql,7.0.0-SNAPSHOT,org.glassfish.jaxb,jaxb-runtime,4.0.2,false,
Maven,org.exist-db,exist-sql,7.0.0-SNAPSHOT,org.glassfish.jaxb,jaxb-core,4.0.2,false,
Maven,org.exist-db,exist-sql,7.0.0-SNAPSHOT,org.glassfish.jaxb,txw2,4.0.2,false,
Maven,org.exist-db,exist-sql,7.0.0-SNAPSHOT,com.sun.istack,istack-commons-runtime,4.1.1,false,
Maven,org.exist-db,exist-sql,7.0.0-SNAPSHOT,org.exist-db.thirdparty.javax.xml.xquery,xqjri,20080114-133351,false,
Maven,org.exist-db,exist-sql,7.0.0-SNAPSHOT,org.jline,jline,4.1.0,false,
Maven,org.exist-db,exist-sql,7.0.0-SNAPSHOT,org.jline,jansi,4.1.0,false,
Maven,org.exist-db,exist-sql,7.0.0-SNAPSHOT,net.bytebuddy,byte-buddy,1.18.8,false,
Maven,org.exist-db,exist-sql,7.0.0-SNAPSHOT,se.softhouse,jargo,0.4.14,false,
Maven,org.exist-db,exist-sql,7.0.0-SNAPSHOT,commons-codec,commons-codec,1.22.0,false,
Maven,org.exist-db,exist-sql,7.0.0-SNAPSHOT,org.apache.commons,commons-lang3,3.20.0,false,
Maven,org.exist-db,exist-sql,7.0.0-SNAPSHOT,commons-logging,commons-logging,1.3.6,false,
Maven,org.exist-db,exist-sql,7.0.0-SNAPSHOT,org.apache.commons,commons-pool2,2.13.1,false,
Maven,org.exist-db,exist-sql,7.0.0-SNAPSHOT,org.apache.logging.log4j,log4j-core,2.26.0,false,
Maven,org.exist-db,exist-sql,7.0.0-SNAPSHOT,org.apache.logging.log4j,log4j-jcl,2.26.0,false,
Maven,org.exist-db,exist-sql,7.0.0-SNAPSHOT,org.apache.logging.log4j,log4j-jul,2.26.0,false,
Maven,org.exist-db,exist-sql,7.0.0-SNAPSHOT,org.apache.logging.log4j,log4j-slf4j2-impl,2.26.0,false,
Maven,org.exist-db,exist-sql,7.0.0-SNAPSHOT,org.exist-db.thirdparty.xerces,xercesImpl,2.12.2,false,
Maven,org.exist-db,exist-sql,7.0.0-SNAPSHOT,org.codelibs,nekohtml,2.1.3,false,
Maven,org.exist-db,exist-sql,7.0.0-SNAPSHOT,org.apache.ws.commons.util,ws-commons-util,1.0.2,false,
Maven,org.exist-db,exist-sql,7.0.0-SNAPSHOT,xml-resolver,xml-resolver,1.2,false,
Maven,org.exist-db,exist-sql,7.0.0-SNAPSHOT,org.xmlresolver,xmlresolver,6.0.23,false,
Maven,org.exist-db,exist-sql,7.0.0-SNAPSHOT,org.exist-db.thirdparty.org.eclipse.wst.xml,xpath2,1.2.0,false,
Maven,org.exist-db,exist-sql,7.0.0-SNAPSHOT,edu.princeton.cup,java-cup,10k,false,
Maven,org.exist-db,exist-sql,7.0.0-SNAPSHOT,net.sf.saxon,Saxon-HE,9.9.1-8,false,
Maven,org.exist-db,exist-sql,7.0.0-SNAPSHOT,org.exist-db,exist-saxon-regex,9.4.0-9.e1,false,
Maven,org.exist-db,exist-sql,7.0.0-SNAPSHOT,com.evolvedbinary.thirdparty.org.apache.xmlrpc,xmlrpc-common,5.0.0,false,
Maven,org.exist-db,exist-sql,7.0.0-SNAPSHOT,com.evolvedbinary.thirdparty.org.apache.xmlrpc,xmlrpc-client,5.0.0,false,
Maven,org.exist-db,exist-sql,7.0.0-SNAPSHOT,com.evolvedbinary.thirdparty.org.apache.xmlrpc,xmlrpc-server,5.0.0,false,
Maven,org.exist-db,exist-sql,7.0.0-SNAPSHOT,org.aspectj,aspectjrt,1.9.25.1,false,
Maven,org.exist-db,exist-sql,7.0.0-SNAPSHOT,org.eclipse.jetty,jetty-http,12.0.35,false,
Maven,org.exist-db,exist-sql,7.0.0-SNAPSHOT,org.eclipse.jetty,jetty-io,12.0.35,false,
Maven,org.exist-db,exist-sql,7.0.0-SNAPSHOT,org.eclipse.jetty,jetty-security,12.0.35,false,
Maven,org.exist-db,exist-sql,7.0.0-SNAPSHOT,org.eclipse.jetty,jetty-server,12.0.35,false,
Maven,org.exist-db,exist-sql,7.0.0-SNAPSHOT,org.eclipse.jetty,jetty-util,12.0.35,false,
Maven,org.exist-db,exist-sql,7.0.0-SNAPSHOT,org.expath.packaging,pkg-java,2.0.1,false,
Maven,org.exist-db,exist-sql,7.0.0-SNAPSHOT,com.fifesoft,rsyntaxtextarea,3.6.2,false,
Maven,org.exist-db,exist-sql,7.0.0-SNAPSHOT,org.quartz-scheduler,quartz,2.5.2,false,
Maven,org.exist-db,exist-sql,7.0.0-SNAPSHOT,net.sf.xmldb-org,xmldb-api,2.0.0,false,
Maven,org.exist-db,exist-sql,7.0.0-SNAPSHOT,it.unimi.dsi,fastutil,8.5.18,false,
Maven,org.exist-db,exist-sql,7.0.0-SNAPSHOT,io.lacuna,bifurcan,0.2.0-rc1,false,
Maven,org.exist-db,exist-sql,7.0.0-SNAPSHOT,org.apache.ant,ant,1.10.17,false,
Maven,org.exist-db,exist-sql,7.0.0-SNAPSHOT,org.apache.ant,ant-launcher,1.10.17,false,
Maven,org.exist-db,exist-sql,7.0.0-SNAPSHOT,org.jgrapht,jgrapht-core,1.5.3,false,
Maven,org.exist-db,exist-sql,7.0.0-SNAPSHOT,org.jheaps,jheaps,0.14,false,
Maven,org.exist-db,exist-sql,7.0.0-SNAPSHOT,org.apfloat,apfloat,1.14.0,false,
Maven,org.exist-db,exist-sql,7.0.0-SNAPSHOT,org.jgrapht,jgrapht-opt,1.5.3,false,
Maven,org.exist-db,exist-sql,7.0.0-SNAPSHOT,org.hamcrest,hamcrest,3.0,false,
Maven,org.exist-db,exist-sql,7.0.0-SNAPSHOT,org.xmlunit,xmlunit-core,2.11.0,false,
Maven,org.exist-db,exist-sql,7.0.0-SNAPSHOT,org.eclipse.jetty.ee10,jetty-ee10-annotations,12.0.35,false,
Maven,org.exist-db,exist-sql,7.0.0-SNAPSHOT,jakarta.annotation,jakarta.annotation-api,2.1.1,false,
Maven,org.exist-db,exist-sql,7.0.0-SNAPSHOT,org.eclipse.jetty.ee10,jetty-ee10-plus,12.0.35,false,
Maven,org.exist-db,exist-sql,7.0.0-SNAPSHOT,jakarta.enterprise,jakarta.enterprise.cdi-api,4.0.1,false,
Maven,org.exist-db,exist-sql,7.0.0-SNAPSHOT,jakarta.el,jakarta.el-api,5.0.0,false,
Maven,org.exist-db,exist-sql,7.0.0-SNAPSHOT,jakarta.inject,jakarta.inject-api,2.0.1,false,
Maven,org.exist-db,exist-sql,7.0.0-SNAPSHOT,jakarta.enterprise,jakarta.enterprise.lang-model,4.0.1,false,
Maven,org.exist-db,exist-sql,7.0.0-SNAPSHOT,jakarta.interceptor,jakarta.interceptor-api,2.1.0,false,
Maven,org.exist-db,exist-sql,7.0.0-SNAPSHOT,jakarta.transaction,jakarta.transaction-api,2.0.1,false,
Maven,org.exist-db,exist-sql,7.0.0-SNAPSHOT,org.eclipse.jetty,jetty-jndi,12.0.35,false,
Maven,org.exist-db,exist-sql,7.0.0-SNAPSHOT,org.eclipse.jetty,jetty-plus,12.0.35,false,
Maven,org.exist-db,exist-sql,7.0.0-SNAPSHOT,org.ow2.asm,asm-commons,9.9.1,false,
Maven,org.exist-db,exist-sql,7.0.0-SNAPSHOT,org.ow2.asm,asm-tree,9.9.1,false,
Maven,org.exist-db,exist-sql,7.0.0-SNAPSHOT,org.eclipse.jetty.ee10,jetty-ee10-servlet,12.0.35,false,
Maven,org.exist-db,exist-sql,7.0.0-SNAPSHOT,org.eclipse.jetty,jetty-session,12.0.35,false,
Maven,org.exist-db,exist-sql,7.0.0-SNAPSHOT,org.eclipse.jetty.ee10,jetty-ee10-webapp,12.0.35,false,
Maven,org.exist-db,exist-sql,7.0.0-SNAPSHOT,org.eclipse.jetty,jetty-ee,12.0.35,false,
Maven,org.exist-db,exist-sql,7.0.0-SNAPSHOT,org.eclipse.jetty,jetty-xml,12.0.35,false,
Maven,org.exist-db,exist-sql,7.0.0-SNAPSHOT,org.eclipse.jetty.ee10.websocket,jetty-ee10-websocket-jakarta-server,12.0.35,false,
Maven,org.exist-db,exist-sql,7.0.0-SNAPSHOT,jakarta.websocket,jakarta.websocket-api,2.2.0,false,
Maven,org.exist-db,exist-sql,7.0.0-SNAPSHOT,org.eclipse.jetty.ee10.websocket,jetty-ee10-websocket-jakarta-client,12.0.35,false,
Maven,org.exist-db,exist-sql,7.0.0-SNAPSHOT,jakarta.websocket,jakarta.websocket-client-api,2.2.0,false,
Maven,org.exist-db,exist-sql,7.0.0-SNAPSHOT,org.eclipse.jetty,jetty-client,12.0.35,false,
Maven,org.exist-db,exist-sql,7.0.0-SNAPSHOT,org.eclipse.jetty,jetty-alpn-client,12.0.35,false,
Maven,org.exist-db,exist-sql,7.0.0-SNAPSHOT,org.eclipse.jetty.ee10.websocket,jetty-ee10-websocket-jakarta-common,12.0.35,false,
Maven,org.exist-db,exist-sql,7.0.0-SNAPSHOT,org.eclipse.jetty.websocket,jetty-websocket-core-client,12.0.35,false,
Maven,org.exist-db,exist-sql,7.0.0-SNAPSHOT,org.eclipse.jetty.websocket,jetty-websocket-core-common,12.0.35,false,
Maven,org.exist-db,exist-sql,7.0.0-SNAPSHOT,org.eclipse.jetty.ee10.websocket,jetty-ee10-websocket-servlet,12.0.35,false,
Maven,org.exist-db,exist-sql,7.0.0-SNAPSHOT,org.eclipse.jetty.websocket,jetty-websocket-core-server,12.0.35,false,
Maven,org.exist-db,exist-sql,7.0.0-SNAPSHOT,org.apache.logging.log4j,log4j-api,2.26.0,true,
Maven,org.exist-db,exist-sql,7.0.0-SNAPSHOT,commons-io,commons-io,2.22.0,true,
Maven,org.exist-db,exist-sql,7.0.0-SNAPSHOT,com.google.code.findbugs,jsr305,3.0.2,true,
Maven,org.exist-db,exist-sql,7.0.0-SNAPSHOT,com.zaxxer,HikariCP,7.0.2,true,
Maven,org.exist-db,exist-sql,7.0.0-SNAPSHOT,org.slf4j,slf4j-api,2.0.18,false,
Maven,org.exist-db,exist-sql,7.0.0-SNAPSHOT,junit,junit,4.13.2,true,
Maven,org.exist-db,exist-sql,7.0.0-SNAPSHOT,org.easymock,easymock,5.6.0,true,
Maven,org.exist-db,exist-sql,7.0.0-SNAPSHOT,org.ow2.asm,asm,9.8,false,
Maven,org.exist-db,exist-sql,7.0.0-SNAPSHOT,com.h2database,h2,2.4.240,true,
Maven,org.exist-db,exist-sql,7.0.0-SNAPSHOT,com.evolvedbinary.j8fu,j8fu,1.24.0,true,
Maven,org.exist-db,exist-sql,7.0.0-SNAPSHOT,com.github.h-thurow,simple-jndi,0.25.0,true,
Maven,org.exist-db,exist-sql,7.0.0-SNAPSHOT,org.jetbrains,annotations,13.0,false,
Maven,org.exist-db,exist-xmldiff,7.0.0-SNAPSHOT,org.exist-db,exist-core,7.0.0-SNAPSHOT,true,
Maven,org.exist-db,exist-xmldiff,7.0.0-SNAPSHOT,net.jcip,jcip-annotations,1.0,false,
Maven,org.exist-db,exist-xmldiff,7.0.0-SNAPSHOT,antlr,antlr,2.7.7,false,
Maven,org.exist-db,exist-xmldiff,7.0.0-SNAPSHOT,com.fasterxml.jackson.core,jackson-core,2.21.3,false,
Maven,org.exist-db,exist-xmldiff,7.0.0-SNAPSHOT,com.evolvedbinary.multilock,multilock,1.0.1,false,
Maven,org.exist-db,exist-xmldiff,7.0.0-SNAPSHOT,com.github.ben-manes.caffeine,caffeine,3.2.4,false,
Maven,org.exist-db,exist-xmldiff,7.0.0-SNAPSHOT,org.jspecify,jspecify,1.0.0,false,
Maven,org.exist-db,exist-xmldiff,7.0.0-SNAPSHOT,com.google.errorprone,error_prone_annotations,2.49.0,false,
Maven,org.exist-db,exist-xmldiff,7.0.0-SNAPSHOT,com.github.krukow,clj-ds,0.0.4,false,
Maven,org.exist-db,exist-xmldiff,7.0.0-SNAPSHOT,com.siemens.ct.exi,exificient,1.0.7,false,
Maven,org.exist-db,exist-xmldiff,7.0.0-SNAPSHOT,org.slf4j,slf4j-api,2.0.18,false,
Maven,org.exist-db,exist-xmldiff,7.0.0-SNAPSHOT,xmlpull,xmlpull,1.1.3.1,false,
Maven,org.exist-db,exist-xmldiff,7.0.0-SNAPSHOT,javax.activation,activation,1.1.1,false,
Maven,org.exist-db,exist-xmldiff,7.0.0-SNAPSHOT,com.siemens.ct.exi,exificient-grammars,1.0.7,false,
Maven,org.exist-db,exist-xmldiff,7.0.0-SNAPSHOT,com.siemens.ct.exi,exificient-core,1.0.7,false,
Maven,org.exist-db,exist-xmldiff,7.0.0-SNAPSHOT,org.relaxng,jing,20241231,false,
Maven,org.exist-db,exist-xmldiff,7.0.0-SNAPSHOT,isorelax,isorelax,20030108,false,
Maven,org.exist-db,exist-xmldiff,7.0.0-SNAPSHOT,org.exist-db,exist-start,7.0.0-SNAPSHOT,false,
Maven,org.exist-db,exist-xmldiff,7.0.0-SNAPSHOT,org.exquery,exquery-common,0.2.1,false,
Maven,org.exist-db,exist-xmldiff,7.0.0-SNAPSHOT,org.bouncycastle,bcprov-jdk18on,1.84,false,
Maven,org.exist-db,exist-xmldiff,7.0.0-SNAPSHOT,at.yawk.lz4,lz4-java,1.11.0,false,
Maven,org.exist-db,exist-xmldiff,7.0.0-SNAPSHOT,com.evolvedbinary.j8fu,j8fu,1.24.0,false,
Maven,org.exist-db,exist-xmldiff,7.0.0-SNAPSHOT,com.fasterxml.uuid,java-uuid-generator,5.2.0,false,
Maven,org.exist-db,exist-xmldiff,7.0.0-SNAPSHOT,jakarta.servlet,jakarta.servlet-api,6.0.0,false,
Maven,org.exist-db,exist-xmldiff,7.0.0-SNAPSHOT,jakarta.xml.bind,jakarta.xml.bind-api,4.0.5,false,
Maven,org.exist-db,exist-xmldiff,7.0.0-SNAPSHOT,jakarta.activation,jakarta.activation-api,2.1.4,false,
Maven,org.exist-db,exist-xmldiff,7.0.0-SNAPSHOT,org.eclipse.angus,angus-activation,2.0.3,false,
Maven,org.exist-db,exist-xmldiff,7.0.0-SNAPSHOT,org.glassfish.jaxb,jaxb-runtime,4.0.2,false,
Maven,org.exist-db,exist-xmldiff,7.0.0-SNAPSHOT,org.glassfish.jaxb,jaxb-core,4.0.2,false,
Maven,org.exist-db,exist-xmldiff,7.0.0-SNAPSHOT,org.glassfish.jaxb,txw2,4.0.2,false,
Maven,org.exist-db,exist-xmldiff,7.0.0-SNAPSHOT,com.sun.istack,istack-commons-runtime,4.1.1,false,
Maven,org.exist-db,exist-xmldiff,7.0.0-SNAPSHOT,org.exist-db.thirdparty.javax.xml.xquery,xqjri,20080114-133351,false,
Maven,org.exist-db,exist-xmldiff,7.0.0-SNAPSHOT,org.jline,jline,4.1.0,false,
Maven,org.exist-db,exist-xmldiff,7.0.0-SNAPSHOT,org.jline,jansi,4.1.0,false,
Maven,org.exist-db,exist-xmldiff,7.0.0-SNAPSHOT,net.bytebuddy,byte-buddy,1.18.8,false,
Maven,org.exist-db,exist-xmldiff,7.0.0-SNAPSHOT,se.softhouse,jargo,0.4.14,false,
Maven,org.exist-db,exist-xmldiff,7.0.0-SNAPSHOT,commons-codec,commons-codec,1.22.0,false,
Maven,org.exist-db,exist-xmldiff,7.0.0-SNAPSHOT,commons-io,commons-io,2.22.0,false,
Maven,org.exist-db,exist-xmldiff,7.0.0-SNAPSHOT,org.apache.commons,commons-lang3,3.20.0,false,
Maven,org.exist-db,exist-xmldiff,7.0.0-SNAPSHOT,commons-logging,commons-logging,1.3.6,false,
Maven,org.exist-db,exist-xmldiff,7.0.0-SNAPSHOT,org.apache.commons,commons-pool2,2.13.1,false,
Maven,org.exist-db,exist-xmldiff,7.0.0-SNAPSHOT,org.apache.logging.log4j,log4j-api,2.26.0,false,
Maven,org.exist-db,exist-xmldiff,7.0.0-SNAPSHOT,org.apache.logging.log4j,log4j-core,2.26.0,false,
Maven,org.exist-db,exist-xmldiff,7.0.0-SNAPSHOT,org.apache.logging.log4j,log4j-jcl,2.26.0,false,
Maven,org.exist-db,exist-xmldiff,7.0.0-SNAPSHOT,org.apache.logging.log4j,log4j-jul,2.26.0,false,
Maven,org.exist-db,exist-xmldiff,7.0.0-SNAPSHOT,org.apache.logging.log4j,log4j-slf4j2-impl,2.26.0,false,
Maven,org.exist-db,exist-xmldiff,7.0.0-SNAPSHOT,org.exist-db.thirdparty.xerces,xercesImpl,2.12.2,false,
Maven,org.exist-db,exist-xmldiff,7.0.0-SNAPSHOT,org.codelibs,nekohtml,2.1.3,false,
Maven,org.exist-db,exist-xmldiff,7.0.0-SNAPSHOT,org.apache.ws.commons.util,ws-commons-util,1.0.2,false,
Maven,org.exist-db,exist-xmldiff,7.0.0-SNAPSHOT,xml-resolver,xml-resolver,1.2,false,
Maven,org.exist-db,exist-xmldiff,7.0.0-SNAPSHOT,org.xmlresolver,xmlresolver,6.0.23,false,
Maven,org.exist-db,exist-xmldiff,7.0.0-SNAPSHOT,org.exist-db.thirdparty.org.eclipse.wst.xml,xpath2,1.2.0,false,
Maven,org.exist-db,exist-xmldiff,7.0.0-SNAPSHOT,edu.princeton.cup,java-cup,10k,false,
Maven,org.exist-db,exist-xmldiff,7.0.0-SNAPSHOT,net.sf.saxon,Saxon-HE,9.9.1-8,false,
Maven,org.exist-db,exist-xmldiff,7.0.0-SNAPSHOT,org.exist-db,exist-saxon-regex,9.4.0-9.e1,false,
Maven,org.exist-db,exist-xmldiff,7.0.0-SNAPSHOT,com.evolvedbinary.thirdparty.org.apache.xmlrpc,xmlrpc-common,5.0.0,false,
Maven,org.exist-db,exist-xmldiff,7.0.0-SNAPSHOT,com.evolvedbinary.thirdparty.org.apache.xmlrpc,xmlrpc-client,5.0.0,false,
Maven,org.exist-db,exist-xmldiff,7.0.0-SNAPSHOT,com.evolvedbinary.thirdparty.org.apache.xmlrpc,xmlrpc-server,5.0.0,false,
Maven,org.exist-db,exist-xmldiff,7.0.0-SNAPSHOT,org.aspectj,aspectjrt,1.9.25.1,false,
Maven,org.exist-db,exist-xmldiff,7.0.0-SNAPSHOT,org.eclipse.jetty,jetty-http,12.0.35,false,
Maven,org.exist-db,exist-xmldiff,7.0.0-SNAPSHOT,org.eclipse.jetty,jetty-io,12.0.35,false,
Maven,org.exist-db,exist-xmldiff,7.0.0-SNAPSHOT,org.eclipse.jetty,jetty-security,12.0.35,false,
Maven,org.exist-db,exist-xmldiff,7.0.0-SNAPSHOT,org.eclipse.jetty,jetty-server,12.0.35,false,
Maven,org.exist-db,exist-xmldiff,7.0.0-SNAPSHOT,org.eclipse.jetty,jetty-util,12.0.35,false,
Maven,org.exist-db,exist-xmldiff,7.0.0-SNAPSHOT,org.expath.packaging,pkg-java,2.0.1,false,
Maven,org.exist-db,exist-xmldiff,7.0.0-SNAPSHOT,com.fifesoft,rsyntaxtextarea,3.6.2,false,
Maven,org.exist-db,exist-xmldiff,7.0.0-SNAPSHOT,org.quartz-scheduler,quartz,2.5.2,false,
Maven,org.exist-db,exist-xmldiff,7.0.0-SNAPSHOT,net.sf.xmldb-org,xmldb-api,2.0.0,false,
Maven,org.exist-db,exist-xmldiff,7.0.0-SNAPSHOT,it.unimi.dsi,fastutil,8.5.18,false,
Maven,org.exist-db,exist-xmldiff,7.0.0-SNAPSHOT,org.apache.ant,ant,1.10.17,false,
Maven,org.exist-db,exist-xmldiff,7.0.0-SNAPSHOT,org.apache.ant,ant-launcher,1.10.17,false,
Maven,org.exist-db,exist-xmldiff,7.0.0-SNAPSHOT,org.jgrapht,jgrapht-core,1.5.3,false,
Maven,org.exist-db,exist-xmldiff,7.0.0-SNAPSHOT,org.jheaps,jheaps,0.14,false,
Maven,org.exist-db,exist-xmldiff,7.0.0-SNAPSHOT,org.apfloat,apfloat,1.14.0,false,
Maven,org.exist-db,exist-xmldiff,7.0.0-SNAPSHOT,org.jgrapht,jgrapht-opt,1.5.3,false,
Maven,org.exist-db,exist-xmldiff,7.0.0-SNAPSHOT,org.hamcrest,hamcrest,3.0,false,
Maven,org.exist-db,exist-xmldiff,7.0.0-SNAPSHOT,org.eclipse.jetty.ee10,jetty-ee10-annotations,12.0.35,false,
Maven,org.exist-db,exist-xmldiff,7.0.0-SNAPSHOT,jakarta.annotation,jakarta.annotation-api,2.1.1,false,
Maven,org.exist-db,exist-xmldiff,7.0.0-SNAPSHOT,org.eclipse.jetty.ee10,jetty-ee10-plus,12.0.35,false,
Maven,org.exist-db,exist-xmldiff,7.0.0-SNAPSHOT,jakarta.enterprise,jakarta.enterprise.cdi-api,4.0.1,false,
Maven,org.exist-db,exist-xmldiff,7.0.0-SNAPSHOT,jakarta.el,jakarta.el-api,5.0.0,false,
Maven,org.exist-db,exist-xmldiff,7.0.0-SNAPSHOT,jakarta.inject,jakarta.inject-api,2.0.1,false,
Maven,org.exist-db,exist-xmldiff,7.0.0-SNAPSHOT,jakarta.enterprise,jakarta.enterprise.lang-model,4.0.1,false,
Maven,org.exist-db,exist-xmldiff,7.0.0-SNAPSHOT,jakarta.interceptor,jakarta.interceptor-api,2.1.0,false,
Maven,org.exist-db,exist-xmldiff,7.0.0-SNAPSHOT,jakarta.transaction,jakarta.transaction-api,2.0.1,false,
Maven,org.exist-db,exist-xmldiff,7.0.0-SNAPSHOT,org.eclipse.jetty,jetty-jndi,12.0.35,false,
Maven,org.exist-db,exist-xmldiff,7.0.0-SNAPSHOT,org.eclipse.jetty,jetty-plus,12.0.35,false,
Maven,org.exist-db,exist-xmldiff,7.0.0-SNAPSHOT,org.ow2.asm,asm,9.9.1,false,
Maven,org.exist-db,exist-xmldiff,7.0.0-SNAPSHOT,org.ow2.asm,asm-commons,9.9.1,false,
Maven,org.exist-db,exist-xmldiff,7.0.0-SNAPSHOT,org.ow2.asm,asm-tree,9.9.1,false,
Maven,org.exist-db,exist-xmldiff,7.0.0-SNAPSHOT,org.eclipse.jetty.ee10,jetty-ee10-servlet,12.0.35,false,
Maven,org.exist-db,exist-xmldiff,7.0.0-SNAPSHOT,org.eclipse.jetty,jetty-session,12.0.35,false,
Maven,org.exist-db,exist-xmldiff,7.0.0-SNAPSHOT,org.eclipse.jetty.ee10,jetty-ee10-webapp,12.0.35,false,
Maven,org.exist-db,exist-xmldiff,7.0.0-SNAPSHOT,org.eclipse.jetty,jetty-ee,12.0.35,false,
Maven,org.exist-db,exist-xmldiff,7.0.0-SNAPSHOT,org.eclipse.jetty,jetty-xml,12.0.35,false,
Maven,org.exist-db,exist-xmldiff,7.0.0-SNAPSHOT,org.eclipse.jetty.ee10.websocket,jetty-ee10-websocket-jakarta-server,12.0.35,false,
Maven,org.exist-db,exist-xmldiff,7.0.0-SNAPSHOT,jakarta.websocket,jakarta.websocket-api,2.2.0,false,
Maven,org.exist-db,exist-xmldiff,7.0.0-SNAPSHOT,org.eclipse.jetty.ee10.websocket,jetty-ee10-websocket-jakarta-client,12.0.35,false,
Maven,org.exist-db,exist-xmldiff,7.0.0-SNAPSHOT,jakarta.websocket,jakarta.websocket-client-api,2.2.0,false,
Maven,org.exist-db,exist-xmldiff,7.0.0-SNAPSHOT,org.eclipse.jetty,jetty-client,12.0.35,false,
Maven,org.exist-db,exist-xmldiff,7.0.0-SNAPSHOT,org.eclipse.jetty,jetty-alpn-client,12.0.35,false,
Maven,org.exist-db,exist-xmldiff,7.0.0-SNAPSHOT,org.eclipse.jetty.ee10.websocket,jetty-ee10-websocket-jakarta-common,12.0.35,false,
Maven,org.exist-db,exist-xmldiff,7.0.0-SNAPSHOT,org.eclipse.jetty.websocket,jetty-websocket-core-client,12.0.35,false,
Maven,org.exist-db,exist-xmldiff,7.0.0-SNAPSHOT,org.eclipse.jetty.websocket,jetty-websocket-core-common,12.0.35,false,
Maven,org.exist-db,exist-xmldiff,7.0.0-SNAPSHOT,org.eclipse.jetty.ee10.websocket,jetty-ee10-websocket-servlet,12.0.35,false,
Maven,org.exist-db,exist-xmldiff,7.0.0-SNAPSHOT,org.eclipse.jetty.websocket,jetty-websocket-core-server,12.0.35,false,
Maven,org.exist-db,exist-xmldiff,7.0.0-SNAPSHOT,org.xmlunit,xmlunit-core,2.11.0,true,
Maven,org.exist-db,exist-xmldiff,7.0.0-SNAPSHOT,com.google.code.findbugs,jsr305,3.0.2,true,
Maven,org.exist-db,exist-xmldiff,7.0.0-SNAPSHOT,io.lacuna,bifurcan,0.2.0-rc1,true,
Maven,org.exist-db,exist-xmldiff,7.0.0-SNAPSHOT,com.ibm.icu,icu4j,76.1,true,
Maven,org.exist-db,exist-xmldiff,7.0.0-SNAPSHOT,junit,junit,4.13.2,true,
Maven,org.exist-db,exist-xslfo,7.0.0-SNAPSHOT,org.exist-db,exist-core,7.0.0-SNAPSHOT,true,
Maven,org.exist-db,exist-xslfo,7.0.0-SNAPSHOT,net.jcip,jcip-annotations,1.0,false,
Maven,org.exist-db,exist-xslfo,7.0.0-SNAPSHOT,antlr,antlr,2.7.7,false,
Maven,org.exist-db,exist-xslfo,7.0.0-SNAPSHOT,com.fasterxml.jackson.core,jackson-core,2.21.3,false,
Maven,org.exist-db,exist-xslfo,7.0.0-SNAPSHOT,com.evolvedbinary.multilock,multilock,1.0.1,false,
Maven,org.exist-db,exist-xslfo,7.0.0-SNAPSHOT,com.github.ben-manes.caffeine,caffeine,3.2.4,false,
Maven,org.exist-db,exist-xslfo,7.0.0-SNAPSHOT,org.jspecify,jspecify,1.0.0,false,
Maven,org.exist-db,exist-xslfo,7.0.0-SNAPSHOT,com.google.errorprone,error_prone_annotations,2.49.0,false,
Maven,org.exist-db,exist-xslfo,7.0.0-SNAPSHOT,com.github.krukow,clj-ds,0.0.4,false,
Maven,org.exist-db,exist-xslfo,7.0.0-SNAPSHOT,com.siemens.ct.exi,exificient,1.0.7,false,
Maven,org.exist-db,exist-xslfo,7.0.0-SNAPSHOT,org.slf4j,slf4j-api,2.0.18,false,
Maven,org.exist-db,exist-xslfo,7.0.0-SNAPSHOT,xmlpull,xmlpull,1.1.3.1,false,
Maven,org.exist-db,exist-xslfo,7.0.0-SNAPSHOT,javax.activation,activation,1.1.1,false,
Maven,org.exist-db,exist-xslfo,7.0.0-SNAPSHOT,com.siemens.ct.exi,exificient-grammars,1.0.7,false,
Maven,org.exist-db,exist-xslfo,7.0.0-SNAPSHOT,com.siemens.ct.exi,exificient-core,1.0.7,false,
Maven,org.exist-db,exist-xslfo,7.0.0-SNAPSHOT,com.ibm.icu,icu4j,76.1,false,
Maven,org.exist-db,exist-xslfo,7.0.0-SNAPSHOT,org.relaxng,jing,20241231,false,
Maven,org.exist-db,exist-xslfo,7.0.0-SNAPSHOT,isorelax,isorelax,20030108,false,
Maven,org.exist-db,exist-xslfo,7.0.0-SNAPSHOT,org.exist-db,exist-start,7.0.0-SNAPSHOT,false,
Maven,org.exist-db,exist-xslfo,7.0.0-SNAPSHOT,org.exquery,exquery-common,0.2.1,false,
Maven,org.exist-db,exist-xslfo,7.0.0-SNAPSHOT,org.bouncycastle,bcprov-jdk18on,1.84,false,
Maven,org.exist-db,exist-xslfo,7.0.0-SNAPSHOT,at.yawk.lz4,lz4-java,1.11.0,false,
Maven,org.exist-db,exist-xslfo,7.0.0-SNAPSHOT,com.evolvedbinary.j8fu,j8fu,1.24.0,false,
Maven,org.exist-db,exist-xslfo,7.0.0-SNAPSHOT,com.fasterxml.uuid,java-uuid-generator,5.2.0,false,
Maven,org.exist-db,exist-xslfo,7.0.0-SNAPSHOT,jakarta.servlet,jakarta.servlet-api,6.0.0,false,
Maven,org.exist-db,exist-xslfo,7.0.0-SNAPSHOT,jakarta.xml.bind,jakarta.xml.bind-api,4.0.5,false,
Maven,org.exist-db,exist-xslfo,7.0.0-SNAPSHOT,jakarta.activation,jakarta.activation-api,2.1.4,false,
Maven,org.exist-db,exist-xslfo,7.0.0-SNAPSHOT,org.eclipse.angus,angus-activation,2.0.3,false,
Maven,org.exist-db,exist-xslfo,7.0.0-SNAPSHOT,org.glassfish.jaxb,jaxb-runtime,4.0.2,false,
Maven,org.exist-db,exist-xslfo,7.0.0-SNAPSHOT,org.glassfish.jaxb,jaxb-core,4.0.2,false,
Maven,org.exist-db,exist-xslfo,7.0.0-SNAPSHOT,org.glassfish.jaxb,txw2,4.0.2,false,
Maven,org.exist-db,exist-xslfo,7.0.0-SNAPSHOT,com.sun.istack,istack-commons-runtime,4.1.1,false,
Maven,org.exist-db,exist-xslfo,7.0.0-SNAPSHOT,org.exist-db.thirdparty.javax.xml.xquery,xqjri,20080114-133351,false,
Maven,org.exist-db,exist-xslfo,7.0.0-SNAPSHOT,org.jline,jline,4.1.0,false,
Maven,org.exist-db,exist-xslfo,7.0.0-SNAPSHOT,org.jline,jansi,4.1.0,false,
Maven,org.exist-db,exist-xslfo,7.0.0-SNAPSHOT,net.bytebuddy,byte-buddy,1.18.8,false,
Maven,org.exist-db,exist-xslfo,7.0.0-SNAPSHOT,se.softhouse,jargo,0.4.14,false,
Maven,org.exist-db,exist-xslfo,7.0.0-SNAPSHOT,commons-codec,commons-codec,1.22.0,false,
Maven,org.exist-db,exist-xslfo,7.0.0-SNAPSHOT,org.apache.commons,commons-lang3,3.20.0,false,
Maven,org.exist-db,exist-xslfo,7.0.0-SNAPSHOT,commons-logging,commons-logging,1.3.6,false,
Maven,org.exist-db,exist-xslfo,7.0.0-SNAPSHOT,org.apache.commons,commons-pool2,2.13.1,false,
Maven,org.exist-db,exist-xslfo,7.0.0-SNAPSHOT,org.apache.logging.log4j,log4j-core,2.26.0,false,
Maven,org.exist-db,exist-xslfo,7.0.0-SNAPSHOT,org.apache.logging.log4j,log4j-jcl,2.26.0,false,
Maven,org.exist-db,exist-xslfo,7.0.0-SNAPSHOT,org.apache.logging.log4j,log4j-jul,2.26.0,false,
Maven,org.exist-db,exist-xslfo,7.0.0-SNAPSHOT,org.apache.logging.log4j,log4j-slf4j2-impl,2.26.0,false,
Maven,org.exist-db,exist-xslfo,7.0.0-SNAPSHOT,org.exist-db.thirdparty.xerces,xercesImpl,2.12.2,false,
Maven,org.exist-db,exist-xslfo,7.0.0-SNAPSHOT,org.codelibs,nekohtml,2.1.3,false,
Maven,org.exist-db,exist-xslfo,7.0.0-SNAPSHOT,org.apache.ws.commons.util,ws-commons-util,1.0.2,false,
Maven,org.exist-db,exist-xslfo,7.0.0-SNAPSHOT,xml-resolver,xml-resolver,1.2,false,
Maven,org.exist-db,exist-xslfo,7.0.0-SNAPSHOT,org.xmlresolver,xmlresolver,6.0.23,false,
Maven,org.exist-db,exist-xslfo,7.0.0-SNAPSHOT,org.exist-db.thirdparty.org.eclipse.wst.xml,xpath2,1.2.0,false,
Maven,org.exist-db,exist-xslfo,7.0.0-SNAPSHOT,edu.princeton.cup,java-cup,10k,false,
Maven,org.exist-db,exist-xslfo,7.0.0-SNAPSHOT,net.sf.saxon,Saxon-HE,9.9.1-8,false,
Maven,org.exist-db,exist-xslfo,7.0.0-SNAPSHOT,org.exist-db,exist-saxon-regex,9.4.0-9.e1,false,
Maven,org.exist-db,exist-xslfo,7.0.0-SNAPSHOT,com.evolvedbinary.thirdparty.org.apache.xmlrpc,xmlrpc-common,5.0.0,false,
Maven,org.exist-db,exist-xslfo,7.0.0-SNAPSHOT,com.evolvedbinary.thirdparty.org.apache.xmlrpc,xmlrpc-client,5.0.0,false,
Maven,org.exist-db,exist-xslfo,7.0.0-SNAPSHOT,com.evolvedbinary.thirdparty.org.apache.xmlrpc,xmlrpc-server,5.0.0,false,
Maven,org.exist-db,exist-xslfo,7.0.0-SNAPSHOT,org.aspectj,aspectjrt,1.9.25.1,false,
Maven,org.exist-db,exist-xslfo,7.0.0-SNAPSHOT,org.eclipse.jetty,jetty-http,12.0.35,false,
Maven,org.exist-db,exist-xslfo,7.0.0-SNAPSHOT,org.eclipse.jetty,jetty-io,12.0.35,false,
Maven,org.exist-db,exist-xslfo,7.0.0-SNAPSHOT,org.eclipse.jetty,jetty-security,12.0.35,false,
Maven,org.exist-db,exist-xslfo,7.0.0-SNAPSHOT,org.eclipse.jetty,jetty-server,12.0.35,false,
Maven,org.exist-db,exist-xslfo,7.0.0-SNAPSHOT,org.eclipse.jetty,jetty-util,12.0.35,false,
Maven,org.exist-db,exist-xslfo,7.0.0-SNAPSHOT,org.expath.packaging,pkg-java,2.0.1,false,
Maven,org.exist-db,exist-xslfo,7.0.0-SNAPSHOT,com.fifesoft,rsyntaxtextarea,3.6.2,false,
Maven,org.exist-db,exist-xslfo,7.0.0-SNAPSHOT,org.quartz-scheduler,quartz,2.5.2,false,
Maven,org.exist-db,exist-xslfo,7.0.0-SNAPSHOT,net.sf.xmldb-org,xmldb-api,2.0.0,false,
Maven,org.exist-db,exist-xslfo,7.0.0-SNAPSHOT,it.unimi.dsi,fastutil,8.5.18,false,
Maven,org.exist-db,exist-xslfo,7.0.0-SNAPSHOT,io.lacuna,bifurcan,0.2.0-rc1,false,
Maven,org.exist-db,exist-xslfo,7.0.0-SNAPSHOT,org.apache.ant,ant,1.10.17,false,
Maven,org.exist-db,exist-xslfo,7.0.0-SNAPSHOT,org.apache.ant,ant-launcher,1.10.17,false,
Maven,org.exist-db,exist-xslfo,7.0.0-SNAPSHOT,org.jgrapht,jgrapht-core,1.5.3,false,
Maven,org.exist-db,exist-xslfo,7.0.0-SNAPSHOT,org.jheaps,jheaps,0.14,false,
Maven,org.exist-db,exist-xslfo,7.0.0-SNAPSHOT,org.apfloat,apfloat,1.14.0,false,
Maven,org.exist-db,exist-xslfo,7.0.0-SNAPSHOT,org.jgrapht,jgrapht-opt,1.5.3,false,
Maven,org.exist-db,exist-xslfo,7.0.0-SNAPSHOT,org.hamcrest,hamcrest,3.0,false,
Maven,org.exist-db,exist-xslfo,7.0.0-SNAPSHOT,org.xmlunit,xmlunit-core,2.11.0,false,
Maven,org.exist-db,exist-xslfo,7.0.0-SNAPSHOT,org.eclipse.jetty.ee10,jetty-ee10-annotations,12.0.35,false,
Maven,org.exist-db,exist-xslfo,7.0.0-SNAPSHOT,jakarta.annotation,jakarta.annotation-api,2.1.1,false,
Maven,org.exist-db,exist-xslfo,7.0.0-SNAPSHOT,org.eclipse.jetty.ee10,jetty-ee10-plus,12.0.35,false,
Maven,org.exist-db,exist-xslfo,7.0.0-SNAPSHOT,jakarta.enterprise,jakarta.enterprise.cdi-api,4.0.1,false,
Maven,org.exist-db,exist-xslfo,7.0.0-SNAPSHOT,jakarta.el,jakarta.el-api,5.0.0,false,
Maven,org.exist-db,exist-xslfo,7.0.0-SNAPSHOT,jakarta.inject,jakarta.inject-api,2.0.1,false,
Maven,org.exist-db,exist-xslfo,7.0.0-SNAPSHOT,jakarta.enterprise,jakarta.enterprise.lang-model,4.0.1,false,
Maven,org.exist-db,exist-xslfo,7.0.0-SNAPSHOT,jakarta.interceptor,jakarta.interceptor-api,2.1.0,false,
Maven,org.exist-db,exist-xslfo,7.0.0-SNAPSHOT,jakarta.transaction,jakarta.transaction-api,2.0.1,false,
Maven,org.exist-db,exist-xslfo,7.0.0-SNAPSHOT,org.eclipse.jetty,jetty-jndi,12.0.35,false,
Maven,org.exist-db,exist-xslfo,7.0.0-SNAPSHOT,org.eclipse.jetty,jetty-plus,12.0.35,false,
Maven,org.exist-db,exist-xslfo,7.0.0-SNAPSHOT,org.ow2.asm,asm,9.9.1,false,
Maven,org.exist-db,exist-xslfo,7.0.0-SNAPSHOT,org.ow2.asm,asm-commons,9.9.1,false,
Maven,org.exist-db,exist-xslfo,7.0.0-SNAPSHOT,org.ow2.asm,asm-tree,9.9.1,false,
Maven,org.exist-db,exist-xslfo,7.0.0-SNAPSHOT,org.eclipse.jetty.ee10,jetty-ee10-servlet,12.0.35,false,
Maven,org.exist-db,exist-xslfo,7.0.0-SNAPSHOT,org.eclipse.jetty,jetty-session,12.0.35,false,
Maven,org.exist-db,exist-xslfo,7.0.0-SNAPSHOT,org.eclipse.jetty.ee10,jetty-ee10-webapp,12.0.35,false,
Maven,org.exist-db,exist-xslfo,7.0.0-SNAPSHOT,org.eclipse.jetty,jetty-ee,12.0.35,false,
Maven,org.exist-db,exist-xslfo,7.0.0-SNAPSHOT,org.eclipse.jetty,jetty-xml,12.0.35,false,
Maven,org.exist-db,exist-xslfo,7.0.0-SNAPSHOT,org.eclipse.jetty.ee10.websocket,jetty-ee10-websocket-jakarta-server,12.0.35,false,
Maven,org.exist-db,exist-xslfo,7.0.0-SNAPSHOT,jakarta.websocket,jakarta.websocket-api,2.2.0,false,
Maven,org.exist-db,exist-xslfo,7.0.0-SNAPSHOT,org.eclipse.jetty.ee10.websocket,jetty-ee10-websocket-jakarta-client,12.0.35,false,
Maven,org.exist-db,exist-xslfo,7.0.0-SNAPSHOT,jakarta.websocket,jakarta.websocket-client-api,2.2.0,false,
Maven,org.exist-db,exist-xslfo,7.0.0-SNAPSHOT,org.eclipse.jetty,jetty-client,12.0.35,false,
Maven,org.exist-db,exist-xslfo,7.0.0-SNAPSHOT,org.eclipse.jetty,jetty-alpn-client,12.0.35,false,
Maven,org.exist-db,exist-xslfo,7.0.0-SNAPSHOT,org.eclipse.jetty.ee10.websocket,jetty-ee10-websocket-jakarta-common,12.0.35,false,
Maven,org.exist-db,exist-xslfo,7.0.0-SNAPSHOT,org.eclipse.jetty.websocket,jetty-websocket-core-client,12.0.35,false,
Maven,org.exist-db,exist-xslfo,7.0.0-SNAPSHOT,org.eclipse.jetty.websocket,jetty-websocket-core-common,12.0.35,false,
Maven,org.exist-db,exist-xslfo,7.0.0-SNAPSHOT,org.eclipse.jetty.ee10.websocket,jetty-ee10-websocket-servlet,12.0.35,false,
Maven,org.exist-db,exist-xslfo,7.0.0-SNAPSHOT,org.eclipse.jetty.websocket,jetty-websocket-core-server,12.0.35,false,
Maven,org.exist-db,exist-xslfo,7.0.0-SNAPSHOT,com.google.code.findbugs,jsr305,3.0.2,true,
Maven,org.exist-db,exist-xslfo,7.0.0-SNAPSHOT,org.apache.logging.log4j,log4j-api,2.26.0,true,
Maven,org.exist-db,exist-xslfo,7.0.0-SNAPSHOT,org.apache.avalon.framework,avalon-framework-api,4.3.1,true,
Maven,org.exist-db,exist-xslfo,7.0.0-SNAPSHOT,org.apache.avalon.framework,avalon-framework-impl,4.3.1,true,
Maven,org.exist-db,exist-xslfo,7.0.0-SNAPSHOT,org.apache.xmlgraphics,fop-core,2.11,true,
Maven,org.exist-db,exist-xslfo,7.0.0-SNAPSHOT,org.apache.xmlgraphics,batik-anim,1.19,false,
Maven,org.exist-db,exist-xslfo,7.0.0-SNAPSHOT,org.apache.xmlgraphics,batik-css,1.19,false,
Maven,org.exist-db,exist-xslfo,7.0.0-SNAPSHOT,org.apache.xmlgraphics,batik-dom,1.19,false,
Maven,org.exist-db,exist-xslfo,7.0.0-SNAPSHOT,xml-apis,xml-apis,1.4.01,false,
Maven,org.exist-db,exist-xslfo,7.0.0-SNAPSHOT,org.apache.xmlgraphics,batik-ext,1.19,false,
Maven,org.exist-db,exist-xslfo,7.0.0-SNAPSHOT,org.apache.xmlgraphics,batik-parser,1.19,false,
Maven,org.exist-db,exist-xslfo,7.0.0-SNAPSHOT,org.apache.xmlgraphics,batik-shared-resources,1.19,false,
Maven,org.exist-db,exist-xslfo,7.0.0-SNAPSHOT,org.apache.xmlgraphics,batik-svg-dom,1.19,false,
Maven,org.exist-db,exist-xslfo,7.0.0-SNAPSHOT,org.apache.xmlgraphics,batik-util,1.19,false,
Maven,org.exist-db,exist-xslfo,7.0.0-SNAPSHOT,org.apache.xmlgraphics,batik-constants,1.19,false,
Maven,org.exist-db,exist-xslfo,7.0.0-SNAPSHOT,org.apache.xmlgraphics,batik-i18n,1.19,false,
Maven,org.exist-db,exist-xslfo,7.0.0-SNAPSHOT,xml-apis,xml-apis-ext,1.3.04,false,
Maven,org.exist-db,exist-xslfo,7.0.0-SNAPSHOT,org.apache.xmlgraphics,batik-awt-util,1.19,false,
Maven,org.exist-db,exist-xslfo,7.0.0-SNAPSHOT,org.apache.xmlgraphics,batik-bridge,1.19,false,
Maven,org.exist-db,exist-xslfo,7.0.0-SNAPSHOT,org.apache.xmlgraphics,batik-script,1.19,false,
Maven,org.exist-db,exist-xslfo,7.0.0-SNAPSHOT,org.apache.xmlgraphics,batik-xml,1.19,false,
Maven,org.exist-db,exist-xslfo,7.0.0-SNAPSHOT,org.apache.xmlgraphics,batik-extension,1.19,false,
Maven,org.exist-db,exist-xslfo,7.0.0-SNAPSHOT,org.apache.xmlgraphics,batik-gvt,1.19,false,
Maven,org.exist-db,exist-xslfo,7.0.0-SNAPSHOT,org.apache.xmlgraphics,batik-transcoder,1.19,false,
Maven,org.exist-db,exist-xslfo,7.0.0-SNAPSHOT,org.apache.xmlgraphics,batik-svggen,1.19,false,
Maven,org.exist-db,exist-xslfo,7.0.0-SNAPSHOT,org.apache.xmlgraphics,batik-codec,1.19,false,
Maven,org.exist-db,exist-xslfo,7.0.0-SNAPSHOT,org.apache.xmlgraphics,fop-util,2.11,false,
Maven,org.exist-db,exist-xslfo,7.0.0-SNAPSHOT,org.apache.pdfbox,fontbox,3.0.3,false,
Maven,org.exist-db,exist-xslfo,7.0.0-SNAPSHOT,org.apache.pdfbox,pdfbox-io,3.0.3,false,
Maven,org.exist-db,exist-xslfo,7.0.0-SNAPSHOT,org.apache.xmlgraphics,fop-events,2.11,true,
Maven,org.exist-db,exist-xslfo,7.0.0-SNAPSHOT,com.thoughtworks.qdox,qdox,1.12,false,
Maven,org.exist-db,exist-xslfo,7.0.0-SNAPSHOT,org.apache.xmlgraphics,xmlgraphics-commons,2.11,true,
Maven,org.exist-db,exist-xslfo,7.0.0-SNAPSHOT,commons-io,commons-io,2.22.0,true,
Maven,org.exist-db,exist-xslfo,7.0.0-SNAPSHOT,junit,junit,4.13.2,true,
Maven,org.exist-db,exist-security-ldap,7.0.0-SNAPSHOT,org.exist-db,exist-core,7.0.0-SNAPSHOT,true,
Maven,org.exist-db,exist-security-ldap,7.0.0-SNAPSHOT,net.jcip,jcip-annotations,1.0,false,
Maven,org.exist-db,exist-security-ldap,7.0.0-SNAPSHOT,antlr,antlr,2.7.7,false,
Maven,org.exist-db,exist-security-ldap,7.0.0-SNAPSHOT,com.fasterxml.jackson.core,jackson-core,2.21.3,false,
Maven,org.exist-db,exist-security-ldap,7.0.0-SNAPSHOT,com.evolvedbinary.multilock,multilock,1.0.1,false,
Maven,org.exist-db,exist-security-ldap,7.0.0-SNAPSHOT,com.github.ben-manes.caffeine,caffeine,3.2.4,false,
Maven,org.exist-db,exist-security-ldap,7.0.0-SNAPSHOT,org.jspecify,jspecify,1.0.0,false,
Maven,org.exist-db,exist-security-ldap,7.0.0-SNAPSHOT,com.google.errorprone,error_prone_annotations,2.49.0,false,
Maven,org.exist-db,exist-security-ldap,7.0.0-SNAPSHOT,com.github.krukow,clj-ds,0.0.4,false,
Maven,org.exist-db,exist-security-ldap,7.0.0-SNAPSHOT,com.siemens.ct.exi,exificient,1.0.7,false,
Maven,org.exist-db,exist-security-ldap,7.0.0-SNAPSHOT,org.slf4j,slf4j-api,2.0.18,false,
Maven,org.exist-db,exist-security-ldap,7.0.0-SNAPSHOT,xmlpull,xmlpull,1.1.3.1,false,
Maven,org.exist-db,exist-security-ldap,7.0.0-SNAPSHOT,javax.activation,activation,1.1.1,false,
Maven,org.exist-db,exist-security-ldap,7.0.0-SNAPSHOT,com.siemens.ct.exi,exificient-grammars,1.0.7,false,
Maven,org.exist-db,exist-security-ldap,7.0.0-SNAPSHOT,com.siemens.ct.exi,exificient-core,1.0.7,false,
Maven,org.exist-db,exist-security-ldap,7.0.0-SNAPSHOT,com.ibm.icu,icu4j,76.1,false,
Maven,org.exist-db,exist-security-ldap,7.0.0-SNAPSHOT,org.relaxng,jing,20241231,false,
Maven,org.exist-db,exist-security-ldap,7.0.0-SNAPSHOT,isorelax,isorelax,20030108,false,
Maven,org.exist-db,exist-security-ldap,7.0.0-SNAPSHOT,org.exist-db,exist-start,7.0.0-SNAPSHOT,false,
Maven,org.exist-db,exist-security-ldap,7.0.0-SNAPSHOT,org.exquery,exquery-common,0.2.1,false,
Maven,org.exist-db,exist-security-ldap,7.0.0-SNAPSHOT,org.bouncycastle,bcprov-jdk18on,1.84,false,
Maven,org.exist-db,exist-security-ldap,7.0.0-SNAPSHOT,at.yawk.lz4,lz4-java,1.11.0,false,
Maven,org.exist-db,exist-security-ldap,7.0.0-SNAPSHOT,com.fasterxml.uuid,java-uuid-generator,5.2.0,false,
Maven,org.exist-db,exist-security-ldap,7.0.0-SNAPSHOT,jakarta.servlet,jakarta.servlet-api,6.0.0,false,
Maven,org.exist-db,exist-security-ldap,7.0.0-SNAPSHOT,jakarta.xml.bind,jakarta.xml.bind-api,4.0.5,false,
Maven,org.exist-db,exist-security-ldap,7.0.0-SNAPSHOT,jakarta.activation,jakarta.activation-api,2.1.4,false,
Maven,org.exist-db,exist-security-ldap,7.0.0-SNAPSHOT,org.eclipse.angus,angus-activation,2.0.3,false,
Maven,org.exist-db,exist-security-ldap,7.0.0-SNAPSHOT,org.glassfish.jaxb,jaxb-runtime,4.0.2,false,
Maven,org.exist-db,exist-security-ldap,7.0.0-SNAPSHOT,org.glassfish.jaxb,jaxb-core,4.0.2,false,
Maven,org.exist-db,exist-security-ldap,7.0.0-SNAPSHOT,org.glassfish.jaxb,txw2,4.0.2,false,
Maven,org.exist-db,exist-security-ldap,7.0.0-SNAPSHOT,com.sun.istack,istack-commons-runtime,4.1.1,false,
Maven,org.exist-db,exist-security-ldap,7.0.0-SNAPSHOT,org.exist-db.thirdparty.javax.xml.xquery,xqjri,20080114-133351,false,
Maven,org.exist-db,exist-security-ldap,7.0.0-SNAPSHOT,org.jline,jline,4.1.0,false,
Maven,org.exist-db,exist-security-ldap,7.0.0-SNAPSHOT,org.jline,jansi,4.1.0,false,
Maven,org.exist-db,exist-security-ldap,7.0.0-SNAPSHOT,net.bytebuddy,byte-buddy,1.18.8,false,
Maven,org.exist-db,exist-security-ldap,7.0.0-SNAPSHOT,se.softhouse,jargo,0.4.14,false,
Maven,org.exist-db,exist-security-ldap,7.0.0-SNAPSHOT,commons-codec,commons-codec,1.22.0,false,
Maven,org.exist-db,exist-security-ldap,7.0.0-SNAPSHOT,org.apache.commons,commons-lang3,3.20.0,false,
Maven,org.exist-db,exist-security-ldap,7.0.0-SNAPSHOT,commons-logging,commons-logging,1.3.6,false,
Maven,org.exist-db,exist-security-ldap,7.0.0-SNAPSHOT,org.apache.commons,commons-pool2,2.13.1,false,
Maven,org.exist-db,exist-security-ldap,7.0.0-SNAPSHOT,org.apache.logging.log4j,log4j-core,2.26.0,false,
Maven,org.exist-db,exist-security-ldap,7.0.0-SNAPSHOT,org.apache.logging.log4j,log4j-jcl,2.26.0,false,
Maven,org.exist-db,exist-security-ldap,7.0.0-SNAPSHOT,org.apache.logging.log4j,log4j-jul,2.26.0,false,
Maven,org.exist-db,exist-security-ldap,7.0.0-SNAPSHOT,org.apache.logging.log4j,log4j-slf4j2-impl,2.26.0,false,
Maven,org.exist-db,exist-security-ldap,7.0.0-SNAPSHOT,org.exist-db.thirdparty.xerces,xercesImpl,2.12.2,false,
Maven,org.exist-db,exist-security-ldap,7.0.0-SNAPSHOT,org.codelibs,nekohtml,2.1.3,false,
Maven,org.exist-db,exist-security-ldap,7.0.0-SNAPSHOT,org.apache.ws.commons.util,ws-commons-util,1.0.2,false,
Maven,org.exist-db,exist-security-ldap,7.0.0-SNAPSHOT,xml-resolver,xml-resolver,1.2,false,
Maven,org.exist-db,exist-security-ldap,7.0.0-SNAPSHOT,org.xmlresolver,xmlresolver,6.0.23,false,
Maven,org.exist-db,exist-security-ldap,7.0.0-SNAPSHOT,org.exist-db.thirdparty.org.eclipse.wst.xml,xpath2,1.2.0,false,
Maven,org.exist-db,exist-security-ldap,7.0.0-SNAPSHOT,edu.princeton.cup,java-cup,10k,false,
Maven,org.exist-db,exist-security-ldap,7.0.0-SNAPSHOT,net.sf.saxon,Saxon-HE,9.9.1-8,false,
Maven,org.exist-db,exist-security-ldap,7.0.0-SNAPSHOT,org.exist-db,exist-saxon-regex,9.4.0-9.e1,false,
Maven,org.exist-db,exist-security-ldap,7.0.0-SNAPSHOT,com.evolvedbinary.thirdparty.org.apache.xmlrpc,xmlrpc-common,5.0.0,false,
Maven,org.exist-db,exist-security-ldap,7.0.0-SNAPSHOT,com.evolvedbinary.thirdparty.org.apache.xmlrpc,xmlrpc-client,5.0.0,false,
Maven,org.exist-db,exist-security-ldap,7.0.0-SNAPSHOT,com.evolvedbinary.thirdparty.org.apache.xmlrpc,xmlrpc-server,5.0.0,false,
Maven,org.exist-db,exist-security-ldap,7.0.0-SNAPSHOT,org.aspectj,aspectjrt,1.9.25.1,false,
Maven,org.exist-db,exist-security-ldap,7.0.0-SNAPSHOT,org.eclipse.jetty,jetty-http,12.0.35,false,
Maven,org.exist-db,exist-security-ldap,7.0.0-SNAPSHOT,org.eclipse.jetty,jetty-io,12.0.35,false,
Maven,org.exist-db,exist-security-ldap,7.0.0-SNAPSHOT,org.eclipse.jetty,jetty-security,12.0.35,false,
Maven,org.exist-db,exist-security-ldap,7.0.0-SNAPSHOT,org.eclipse.jetty,jetty-server,12.0.35,false,
Maven,org.exist-db,exist-security-ldap,7.0.0-SNAPSHOT,org.eclipse.jetty,jetty-util,12.0.35,false,
Maven,org.exist-db,exist-security-ldap,7.0.0-SNAPSHOT,org.expath.packaging,pkg-java,2.0.1,false,
Maven,org.exist-db,exist-security-ldap,7.0.0-SNAPSHOT,com.fifesoft,rsyntaxtextarea,3.6.2,false,
Maven,org.exist-db,exist-security-ldap,7.0.0-SNAPSHOT,org.quartz-scheduler,quartz,2.5.2,false,
Maven,org.exist-db,exist-security-ldap,7.0.0-SNAPSHOT,net.sf.xmldb-org,xmldb-api,2.0.0,false,
Maven,org.exist-db,exist-security-ldap,7.0.0-SNAPSHOT,it.unimi.dsi,fastutil,8.5.18,false,
Maven,org.exist-db,exist-security-ldap,7.0.0-SNAPSHOT,io.lacuna,bifurcan,0.2.0-rc1,false,
Maven,org.exist-db,exist-security-ldap,7.0.0-SNAPSHOT,org.apache.ant,ant,1.10.17,false,
Maven,org.exist-db,exist-security-ldap,7.0.0-SNAPSHOT,org.apache.ant,ant-launcher,1.10.17,false,
Maven,org.exist-db,exist-security-ldap,7.0.0-SNAPSHOT,org.jgrapht,jgrapht-core,1.5.3,false,
Maven,org.exist-db,exist-security-ldap,7.0.0-SNAPSHOT,org.jheaps,jheaps,0.14,false,
Maven,org.exist-db,exist-security-ldap,7.0.0-SNAPSHOT,org.apfloat,apfloat,1.14.0,false,
Maven,org.exist-db,exist-security-ldap,7.0.0-SNAPSHOT,org.jgrapht,jgrapht-opt,1.5.3,false,
Maven,org.exist-db,exist-security-ldap,7.0.0-SNAPSHOT,org.hamcrest,hamcrest,3.0,false,
Maven,org.exist-db,exist-security-ldap,7.0.0-SNAPSHOT,org.xmlunit,xmlunit-core,2.11.0,false,
Maven,org.exist-db,exist-security-ldap,7.0.0-SNAPSHOT,org.eclipse.jetty.ee10,jetty-ee10-annotations,12.0.35,false,
Maven,org.exist-db,exist-security-ldap,7.0.0-SNAPSHOT,jakarta.annotation,jakarta.annotation-api,2.1.1,false,
Maven,org.exist-db,exist-security-ldap,7.0.0-SNAPSHOT,org.eclipse.jetty.ee10,jetty-ee10-plus,12.0.35,false,
Maven,org.exist-db,exist-security-ldap,7.0.0-SNAPSHOT,jakarta.enterprise,jakarta.enterprise.cdi-api,4.0.1,false,
Maven,org.exist-db,exist-security-ldap,7.0.0-SNAPSHOT,jakarta.el,jakarta.el-api,5.0.0,false,
Maven,org.exist-db,exist-security-ldap,7.0.0-SNAPSHOT,jakarta.inject,jakarta.inject-api,2.0.1,false,
Maven,org.exist-db,exist-security-ldap,7.0.0-SNAPSHOT,jakarta.enterprise,jakarta.enterprise.lang-model,4.0.1,false,
Maven,org.exist-db,exist-security-ldap,7.0.0-SNAPSHOT,jakarta.interceptor,jakarta.interceptor-api,2.1.0,false,
Maven,org.exist-db,exist-security-ldap,7.0.0-SNAPSHOT,jakarta.transaction,jakarta.transaction-api,2.0.1,false,
Maven,org.exist-db,exist-security-ldap,7.0.0-SNAPSHOT,org.eclipse.jetty,jetty-jndi,12.0.35,false,
Maven,org.exist-db,exist-security-ldap,7.0.0-SNAPSHOT,org.eclipse.jetty,jetty-plus,12.0.35,false,
Maven,org.exist-db,exist-security-ldap,7.0.0-SNAPSHOT,org.ow2.asm,asm,9.9.1,false,
Maven,org.exist-db,exist-security-ldap,7.0.0-SNAPSHOT,org.ow2.asm,asm-commons,9.9.1,false,
Maven,org.exist-db,exist-security-ldap,7.0.0-SNAPSHOT,org.ow2.asm,asm-tree,9.9.1,false,
Maven,org.exist-db,exist-security-ldap,7.0.0-SNAPSHOT,org.eclipse.jetty.ee10,jetty-ee10-servlet,12.0.35,false,
Maven,org.exist-db,exist-security-ldap,7.0.0-SNAPSHOT,org.eclipse.jetty,jetty-session,12.0.35,false,
Maven,org.exist-db,exist-security-ldap,7.0.0-SNAPSHOT,org.eclipse.jetty.ee10,jetty-ee10-webapp,12.0.35,false,
Maven,org.exist-db,exist-security-ldap,7.0.0-SNAPSHOT,org.eclipse.jetty,jetty-ee,12.0.35,false,
Maven,org.exist-db,exist-security-ldap,7.0.0-SNAPSHOT,org.eclipse.jetty,jetty-xml,12.0.35,false,
Maven,org.exist-db,exist-security-ldap,7.0.0-SNAPSHOT,org.eclipse.jetty.ee10.websocket,jetty-ee10-websocket-jakarta-server,12.0.35,false,
Maven,org.exist-db,exist-security-ldap,7.0.0-SNAPSHOT,jakarta.websocket,jakarta.websocket-api,2.2.0,false,
Maven,org.exist-db,exist-security-ldap,7.0.0-SNAPSHOT,org.eclipse.jetty.ee10.websocket,jetty-ee10-websocket-jakarta-client,12.0.35,false,
Maven,org.exist-db,exist-security-ldap,7.0.0-SNAPSHOT,jakarta.websocket,jakarta.websocket-client-api,2.2.0,false,
Maven,org.exist-db,exist-security-ldap,7.0.0-SNAPSHOT,org.eclipse.jetty,jetty-client,12.0.35,false,
Maven,org.exist-db,exist-security-ldap,7.0.0-SNAPSHOT,org.eclipse.jetty,jetty-alpn-client,12.0.35,false,
Maven,org.exist-db,exist-security-ldap,7.0.0-SNAPSHOT,org.eclipse.jetty.ee10.websocket,jetty-ee10-websocket-jakarta-common,12.0.35,false,
Maven,org.exist-db,exist-security-ldap,7.0.0-SNAPSHOT,org.eclipse.jetty.websocket,jetty-websocket-core-client,12.0.35,false,
Maven,org.exist-db,exist-security-ldap,7.0.0-SNAPSHOT,org.eclipse.jetty.websocket,jetty-websocket-core-common,12.0.35,false,
Maven,org.exist-db,exist-security-ldap,7.0.0-SNAPSHOT,org.eclipse.jetty.ee10.websocket,jetty-ee10-websocket-servlet,12.0.35,false,
Maven,org.exist-db,exist-security-ldap,7.0.0-SNAPSHOT,org.eclipse.jetty.websocket,jetty-websocket-core-server,12.0.35,false,
Maven,org.exist-db,exist-security-ldap,7.0.0-SNAPSHOT,org.apache.logging.log4j,log4j-api,2.26.0,true,
Maven,org.exist-db,exist-security-ldap,7.0.0-SNAPSHOT,commons-io,commons-io,2.22.0,true,
Maven,org.exist-db,exist-security-ldap,7.0.0-SNAPSHOT,com.evolvedbinary.j8fu,j8fu,1.24.0,true,
Maven,org.exist-db,exist-security-ldap,7.0.0-SNAPSHOT,com.google.code.findbugs,jsr305,3.0.2,true,
Maven,org.exist-db,exist-security-ldap,7.0.0-SNAPSHOT,junit,junit,4.13.2,true,
Maven,org.exist-db,exist-security-activedirectory,7.0.0-SNAPSHOT,org.exist-db,exist-core,7.0.0-SNAPSHOT,true,
Maven,org.exist-db,exist-security-activedirectory,7.0.0-SNAPSHOT,net.jcip,jcip-annotations,1.0,false,
Maven,org.exist-db,exist-security-activedirectory,7.0.0-SNAPSHOT,antlr,antlr,2.7.7,false,
Maven,org.exist-db,exist-security-activedirectory,7.0.0-SNAPSHOT,com.fasterxml.jackson.core,jackson-core,2.21.3,false,
Maven,org.exist-db,exist-security-activedirectory,7.0.0-SNAPSHOT,com.evolvedbinary.multilock,multilock,1.0.1,false,
Maven,org.exist-db,exist-security-activedirectory,7.0.0-SNAPSHOT,com.github.ben-manes.caffeine,caffeine,3.2.4,false,
Maven,org.exist-db,exist-security-activedirectory,7.0.0-SNAPSHOT,org.jspecify,jspecify,1.0.0,false,
Maven,org.exist-db,exist-security-activedirectory,7.0.0-SNAPSHOT,com.google.errorprone,error_prone_annotations,2.49.0,false,
Maven,org.exist-db,exist-security-activedirectory,7.0.0-SNAPSHOT,com.github.krukow,clj-ds,0.0.4,false,
Maven,org.exist-db,exist-security-activedirectory,7.0.0-SNAPSHOT,com.siemens.ct.exi,exificient,1.0.7,false,
Maven,org.exist-db,exist-security-activedirectory,7.0.0-SNAPSHOT,org.slf4j,slf4j-api,2.0.18,false,
Maven,org.exist-db,exist-security-activedirectory,7.0.0-SNAPSHOT,xmlpull,xmlpull,1.1.3.1,false,
Maven,org.exist-db,exist-security-activedirectory,7.0.0-SNAPSHOT,javax.activation,activation,1.1.1,false,
Maven,org.exist-db,exist-security-activedirectory,7.0.0-SNAPSHOT,com.siemens.ct.exi,exificient-grammars,1.0.7,false,
Maven,org.exist-db,exist-security-activedirectory,7.0.0-SNAPSHOT,com.siemens.ct.exi,exificient-core,1.0.7,false,
Maven,org.exist-db,exist-security-activedirectory,7.0.0-SNAPSHOT,com.ibm.icu,icu4j,76.1,false,
Maven,org.exist-db,exist-security-activedirectory,7.0.0-SNAPSHOT,com.google.code.findbugs,jsr305,3.0.2,false,
Maven,org.exist-db,exist-security-activedirectory,7.0.0-SNAPSHOT,org.relaxng,jing,20241231,false,
Maven,org.exist-db,exist-security-activedirectory,7.0.0-SNAPSHOT,isorelax,isorelax,20030108,false,
Maven,org.exist-db,exist-security-activedirectory,7.0.0-SNAPSHOT,org.exist-db,exist-start,7.0.0-SNAPSHOT,false,
Maven,org.exist-db,exist-security-activedirectory,7.0.0-SNAPSHOT,org.exquery,exquery-common,0.2.1,false,
Maven,org.exist-db,exist-security-activedirectory,7.0.0-SNAPSHOT,org.bouncycastle,bcprov-jdk18on,1.84,false,
Maven,org.exist-db,exist-security-activedirectory,7.0.0-SNAPSHOT,at.yawk.lz4,lz4-java,1.11.0,false,
Maven,org.exist-db,exist-security-activedirectory,7.0.0-SNAPSHOT,com.evolvedbinary.j8fu,j8fu,1.24.0,false,
Maven,org.exist-db,exist-security-activedirectory,7.0.0-SNAPSHOT,com.fasterxml.uuid,java-uuid-generator,5.2.0,false,
Maven,org.exist-db,exist-security-activedirectory,7.0.0-SNAPSHOT,jakarta.servlet,jakarta.servlet-api,6.0.0,false,
Maven,org.exist-db,exist-security-activedirectory,7.0.0-SNAPSHOT,jakarta.xml.bind,jakarta.xml.bind-api,4.0.5,false,
Maven,org.exist-db,exist-security-activedirectory,7.0.0-SNAPSHOT,jakarta.activation,jakarta.activation-api,2.1.4,false,
Maven,org.exist-db,exist-security-activedirectory,7.0.0-SNAPSHOT,org.eclipse.angus,angus-activation,2.0.3,false,
Maven,org.exist-db,exist-security-activedirectory,7.0.0-SNAPSHOT,org.glassfish.jaxb,jaxb-runtime,4.0.2,false,
Maven,org.exist-db,exist-security-activedirectory,7.0.0-SNAPSHOT,org.glassfish.jaxb,jaxb-core,4.0.2,false,
Maven,org.exist-db,exist-security-activedirectory,7.0.0-SNAPSHOT,org.glassfish.jaxb,txw2,4.0.2,false,
Maven,org.exist-db,exist-security-activedirectory,7.0.0-SNAPSHOT,com.sun.istack,istack-commons-runtime,4.1.1,false,
Maven,org.exist-db,exist-security-activedirectory,7.0.0-SNAPSHOT,org.exist-db.thirdparty.javax.xml.xquery,xqjri,20080114-133351,false,
Maven,org.exist-db,exist-security-activedirectory,7.0.0-SNAPSHOT,org.jline,jline,4.1.0,false,
Maven,org.exist-db,exist-security-activedirectory,7.0.0-SNAPSHOT,org.jline,jansi,4.1.0,false,
Maven,org.exist-db,exist-security-activedirectory,7.0.0-SNAPSHOT,net.bytebuddy,byte-buddy,1.18.8,false,
Maven,org.exist-db,exist-security-activedirectory,7.0.0-SNAPSHOT,se.softhouse,jargo,0.4.14,false,
Maven,org.exist-db,exist-security-activedirectory,7.0.0-SNAPSHOT,commons-codec,commons-codec,1.22.0,false,
Maven,org.exist-db,exist-security-activedirectory,7.0.0-SNAPSHOT,org.apache.commons,commons-lang3,3.20.0,false,
Maven,org.exist-db,exist-security-activedirectory,7.0.0-SNAPSHOT,commons-logging,commons-logging,1.3.6,false,
Maven,org.exist-db,exist-security-activedirectory,7.0.0-SNAPSHOT,org.apache.commons,commons-pool2,2.13.1,false,
Maven,org.exist-db,exist-security-activedirectory,7.0.0-SNAPSHOT,org.apache.logging.log4j,log4j-core,2.26.0,false,
Maven,org.exist-db,exist-security-activedirectory,7.0.0-SNAPSHOT,org.apache.logging.log4j,log4j-jcl,2.26.0,false,
Maven,org.exist-db,exist-security-activedirectory,7.0.0-SNAPSHOT,org.apache.logging.log4j,log4j-jul,2.26.0,false,
Maven,org.exist-db,exist-security-activedirectory,7.0.0-SNAPSHOT,org.apache.logging.log4j,log4j-slf4j2-impl,2.26.0,false,
Maven,org.exist-db,exist-security-activedirectory,7.0.0-SNAPSHOT,org.exist-db.thirdparty.xerces,xercesImpl,2.12.2,false,
Maven,org.exist-db,exist-security-activedirectory,7.0.0-SNAPSHOT,org.codelibs,nekohtml,2.1.3,false,
Maven,org.exist-db,exist-security-activedirectory,7.0.0-SNAPSHOT,org.apache.ws.commons.util,ws-commons-util,1.0.2,false,
Maven,org.exist-db,exist-security-activedirectory,7.0.0-SNAPSHOT,xml-resolver,xml-resolver,1.2,false,
Maven,org.exist-db,exist-security-activedirectory,7.0.0-SNAPSHOT,org.xmlresolver,xmlresolver,6.0.23,false,
Maven,org.exist-db,exist-security-activedirectory,7.0.0-SNAPSHOT,org.exist-db.thirdparty.org.eclipse.wst.xml,xpath2,1.2.0,false,
Maven,org.exist-db,exist-security-activedirectory,7.0.0-SNAPSHOT,edu.princeton.cup,java-cup,10k,false,
Maven,org.exist-db,exist-security-activedirectory,7.0.0-SNAPSHOT,net.sf.saxon,Saxon-HE,9.9.1-8,false,
Maven,org.exist-db,exist-security-activedirectory,7.0.0-SNAPSHOT,org.exist-db,exist-saxon-regex,9.4.0-9.e1,false,
Maven,org.exist-db,exist-security-activedirectory,7.0.0-SNAPSHOT,com.evolvedbinary.thirdparty.org.apache.xmlrpc,xmlrpc-common,5.0.0,false,
Maven,org.exist-db,exist-security-activedirectory,7.0.0-SNAPSHOT,com.evolvedbinary.thirdparty.org.apache.xmlrpc,xmlrpc-client,5.0.0,false,
Maven,org.exist-db,exist-security-activedirectory,7.0.0-SNAPSHOT,com.evolvedbinary.thirdparty.org.apache.xmlrpc,xmlrpc-server,5.0.0,false,
Maven,org.exist-db,exist-security-activedirectory,7.0.0-SNAPSHOT,org.aspectj,aspectjrt,1.9.25.1,false,
Maven,org.exist-db,exist-security-activedirectory,7.0.0-SNAPSHOT,org.eclipse.jetty,jetty-http,12.0.35,false,
Maven,org.exist-db,exist-security-activedirectory,7.0.0-SNAPSHOT,org.eclipse.jetty,jetty-io,12.0.35,false,
Maven,org.exist-db,exist-security-activedirectory,7.0.0-SNAPSHOT,org.eclipse.jetty,jetty-security,12.0.35,false,
Maven,org.exist-db,exist-security-activedirectory,7.0.0-SNAPSHOT,org.eclipse.jetty,jetty-server,12.0.35,false,
Maven,org.exist-db,exist-security-activedirectory,7.0.0-SNAPSHOT,org.eclipse.jetty,jetty-util,12.0.35,false,
Maven,org.exist-db,exist-security-activedirectory,7.0.0-SNAPSHOT,org.expath.packaging,pkg-java,2.0.1,false,
Maven,org.exist-db,exist-security-activedirectory,7.0.0-SNAPSHOT,com.fifesoft,rsyntaxtextarea,3.6.2,false,
Maven,org.exist-db,exist-security-activedirectory,7.0.0-SNAPSHOT,org.quartz-scheduler,quartz,2.5.2,false,
Maven,org.exist-db,exist-security-activedirectory,7.0.0-SNAPSHOT,net.sf.xmldb-org,xmldb-api,2.0.0,false,
Maven,org.exist-db,exist-security-activedirectory,7.0.0-SNAPSHOT,it.unimi.dsi,fastutil,8.5.18,false,
Maven,org.exist-db,exist-security-activedirectory,7.0.0-SNAPSHOT,io.lacuna,bifurcan,0.2.0-rc1,false,
Maven,org.exist-db,exist-security-activedirectory,7.0.0-SNAPSHOT,org.apache.ant,ant,1.10.17,false,
Maven,org.exist-db,exist-security-activedirectory,7.0.0-SNAPSHOT,org.apache.ant,ant-launcher,1.10.17,false,
Maven,org.exist-db,exist-security-activedirectory,7.0.0-SNAPSHOT,org.jgrapht,jgrapht-core,1.5.3,false,
Maven,org.exist-db,exist-security-activedirectory,7.0.0-SNAPSHOT,org.jheaps,jheaps,0.14,false,
Maven,org.exist-db,exist-security-activedirectory,7.0.0-SNAPSHOT,org.apfloat,apfloat,1.14.0,false,
Maven,org.exist-db,exist-security-activedirectory,7.0.0-SNAPSHOT,org.jgrapht,jgrapht-opt,1.5.3,false,
Maven,org.exist-db,exist-security-activedirectory,7.0.0-SNAPSHOT,org.hamcrest,hamcrest,3.0,false,
Maven,org.exist-db,exist-security-activedirectory,7.0.0-SNAPSHOT,org.xmlunit,xmlunit-core,2.11.0,false,
Maven,org.exist-db,exist-security-activedirectory,7.0.0-SNAPSHOT,org.eclipse.jetty.ee10,jetty-ee10-annotations,12.0.35,false,
Maven,org.exist-db,exist-security-activedirectory,7.0.0-SNAPSHOT,jakarta.annotation,jakarta.annotation-api,2.1.1,false,
Maven,org.exist-db,exist-security-activedirectory,7.0.0-SNAPSHOT,org.eclipse.jetty.ee10,jetty-ee10-plus,12.0.35,false,
Maven,org.exist-db,exist-security-activedirectory,7.0.0-SNAPSHOT,jakarta.enterprise,jakarta.enterprise.cdi-api,4.0.1,false,
Maven,org.exist-db,exist-security-activedirectory,7.0.0-SNAPSHOT,jakarta.el,jakarta.el-api,5.0.0,false,
Maven,org.exist-db,exist-security-activedirectory,7.0.0-SNAPSHOT,jakarta.inject,jakarta.inject-api,2.0.1,false,
Maven,org.exist-db,exist-security-activedirectory,7.0.0-SNAPSHOT,jakarta.enterprise,jakarta.enterprise.lang-model,4.0.1,false,
Maven,org.exist-db,exist-security-activedirectory,7.0.0-SNAPSHOT,jakarta.interceptor,jakarta.interceptor-api,2.1.0,false,
Maven,org.exist-db,exist-security-activedirectory,7.0.0-SNAPSHOT,jakarta.transaction,jakarta.transaction-api,2.0.1,false,
Maven,org.exist-db,exist-security-activedirectory,7.0.0-SNAPSHOT,org.eclipse.jetty,jetty-jndi,12.0.35,false,
Maven,org.exist-db,exist-security-activedirectory,7.0.0-SNAPSHOT,org.eclipse.jetty,jetty-plus,12.0.35,false,
Maven,org.exist-db,exist-security-activedirectory,7.0.0-SNAPSHOT,org.ow2.asm,asm,9.9.1,false,
Maven,org.exist-db,exist-security-activedirectory,7.0.0-SNAPSHOT,org.ow2.asm,asm-commons,9.9.1,false,
Maven,org.exist-db,exist-security-activedirectory,7.0.0-SNAPSHOT,org.ow2.asm,asm-tree,9.9.1,false,
Maven,org.exist-db,exist-security-activedirectory,7.0.0-SNAPSHOT,org.eclipse.jetty.ee10,jetty-ee10-servlet,12.0.35,false,
Maven,org.exist-db,exist-security-activedirectory,7.0.0-SNAPSHOT,org.eclipse.jetty,jetty-session,12.0.35,false,
Maven,org.exist-db,exist-security-activedirectory,7.0.0-SNAPSHOT,org.eclipse.jetty.ee10,jetty-ee10-webapp,12.0.35,false,
Maven,org.exist-db,exist-security-activedirectory,7.0.0-SNAPSHOT,org.eclipse.jetty,jetty-ee,12.0.35,false,
Maven,org.exist-db,exist-security-activedirectory,7.0.0-SNAPSHOT,org.eclipse.jetty,jetty-xml,12.0.35,false,
Maven,org.exist-db,exist-security-activedirectory,7.0.0-SNAPSHOT,org.eclipse.jetty.ee10.websocket,jetty-ee10-websocket-jakarta-server,12.0.35,false,
Maven,org.exist-db,exist-security-activedirectory,7.0.0-SNAPSHOT,jakarta.websocket,jakarta.websocket-api,2.2.0,false,
Maven,org.exist-db,exist-security-activedirectory,7.0.0-SNAPSHOT,org.eclipse.jetty.ee10.websocket,jetty-ee10-websocket-jakarta-client,12.0.35,false,
Maven,org.exist-db,exist-security-activedirectory,7.0.0-SNAPSHOT,jakarta.websocket,jakarta.websocket-client-api,2.2.0,false,
Maven,org.exist-db,exist-security-activedirectory,7.0.0-SNAPSHOT,org.eclipse.jetty,jetty-client,12.0.35,false,
Maven,org.exist-db,exist-security-activedirectory,7.0.0-SNAPSHOT,org.eclipse.jetty,jetty-alpn-client,12.0.35,false,
Maven,org.exist-db,exist-security-activedirectory,7.0.0-SNAPSHOT,org.eclipse.jetty.ee10.websocket,jetty-ee10-websocket-jakarta-common,12.0.35,false,
Maven,org.exist-db,exist-security-activedirectory,7.0.0-SNAPSHOT,org.eclipse.jetty.websocket,jetty-websocket-core-client,12.0.35,false,
Maven,org.exist-db,exist-security-activedirectory,7.0.0-SNAPSHOT,org.eclipse.jetty.websocket,jetty-websocket-core-common,12.0.35,false,
Maven,org.exist-db,exist-security-activedirectory,7.0.0-SNAPSHOT,org.eclipse.jetty.ee10.websocket,jetty-ee10-websocket-servlet,12.0.35,false,
Maven,org.exist-db,exist-security-activedirectory,7.0.0-SNAPSHOT,org.eclipse.jetty.websocket,jetty-websocket-core-server,12.0.35,false,
Maven,org.exist-db,exist-security-activedirectory,7.0.0-SNAPSHOT,org.exist-db,exist-security-ldap,7.0.0-SNAPSHOT,true,
Maven,org.exist-db,exist-security-activedirectory,7.0.0-SNAPSHOT,org.apache.logging.log4j,log4j-api,2.26.0,true,
Maven,org.exist-db,exist-security-activedirectory,7.0.0-SNAPSHOT,commons-io,commons-io,2.22.0,true,
Maven,org.exist-db,exist-security-activedirectory,7.0.0-SNAPSHOT,junit,junit,4.13.2,true,
Maven,org.exist-db,exist-distribution,7.0.0-SNAPSHOT,org.exist-db,exist-core,7.0.0-SNAPSHOT,true,
Maven,org.exist-db,exist-distribution,7.0.0-SNAPSHOT,net.jcip,jcip-annotations,1.0,false,
Maven,org.exist-db,exist-distribution,7.0.0-SNAPSHOT,antlr,antlr,2.7.7,false,
Maven,org.exist-db,exist-distribution,7.0.0-SNAPSHOT,com.fasterxml.jackson.core,jackson-core,2.21.3,false,
Maven,org.exist-db,exist-distribution,7.0.0-SNAPSHOT,com.evolvedbinary.multilock,multilock,1.0.1,false,
Maven,org.exist-db,exist-distribution,7.0.0-SNAPSHOT,com.github.ben-manes.caffeine,caffeine,3.2.4,false,
Maven,org.exist-db,exist-distribution,7.0.0-SNAPSHOT,org.jspecify,jspecify,1.0.0,false,
Maven,org.exist-db,exist-distribution,7.0.0-SNAPSHOT,com.google.errorprone,error_prone_annotations,2.49.0,false,
Maven,org.exist-db,exist-distribution,7.0.0-SNAPSHOT,com.github.krukow,clj-ds,0.0.4,false,
Maven,org.exist-db,exist-distribution,7.0.0-SNAPSHOT,com.siemens.ct.exi,exificient,1.0.7,false,
Maven,org.exist-db,exist-distribution,7.0.0-SNAPSHOT,xmlpull,xmlpull,1.1.3.1,false,
Maven,org.exist-db,exist-distribution,7.0.0-SNAPSHOT,javax.activation,activation,1.1.1,false,
Maven,org.exist-db,exist-distribution,7.0.0-SNAPSHOT,com.siemens.ct.exi,exificient-grammars,1.0.7,false,
Maven,org.exist-db,exist-distribution,7.0.0-SNAPSHOT,com.siemens.ct.exi,exificient-core,1.0.7,false,
Maven,org.exist-db,exist-distribution,7.0.0-SNAPSHOT,com.ibm.icu,icu4j,76.1,false,
Maven,org.exist-db,exist-distribution,7.0.0-SNAPSHOT,com.google.code.findbugs,jsr305,3.0.2,false,
Maven,org.exist-db,exist-distribution,7.0.0-SNAPSHOT,org.relaxng,jing,20241231,false,
Maven,org.exist-db,exist-distribution,7.0.0-SNAPSHOT,isorelax,isorelax,20030108,false,
Maven,org.exist-db,exist-distribution,7.0.0-SNAPSHOT,org.exquery,exquery-common,0.2.1,false,
Maven,org.exist-db,exist-distribution,7.0.0-SNAPSHOT,org.bouncycastle,bcprov-jdk18on,1.84,false,
Maven,org.exist-db,exist-distribution,7.0.0-SNAPSHOT,at.yawk.lz4,lz4-java,1.11.0,false,
Maven,org.exist-db,exist-distribution,7.0.0-SNAPSHOT,com.evolvedbinary.j8fu,j8fu,1.24.0,false,
Maven,org.exist-db,exist-distribution,7.0.0-SNAPSHOT,com.fasterxml.uuid,java-uuid-generator,5.2.0,false,
Maven,org.exist-db,exist-distribution,7.0.0-SNAPSHOT,jakarta.servlet,jakarta.servlet-api,6.0.0,false,
Maven,org.exist-db,exist-distribution,7.0.0-SNAPSHOT,jakarta.xml.bind,jakarta.xml.bind-api,4.0.5,false,
Maven,org.exist-db,exist-distribution,7.0.0-SNAPSHOT,org.eclipse.angus,angus-activation,2.0.3,false,
Maven,org.exist-db,exist-distribution,7.0.0-SNAPSHOT,org.glassfish.jaxb,jaxb-runtime,4.0.2,false,
Maven,org.exist-db,exist-distribution,7.0.0-SNAPSHOT,org.glassfish.jaxb,jaxb-core,4.0.2,false,
Maven,org.exist-db,exist-distribution,7.0.0-SNAPSHOT,org.glassfish.jaxb,txw2,4.0.2,false,
Maven,org.exist-db,exist-distribution,7.0.0-SNAPSHOT,com.sun.istack,istack-commons-runtime,4.1.1,false,
Maven,org.exist-db,exist-distribution,7.0.0-SNAPSHOT,org.exist-db.thirdparty.javax.xml.xquery,xqjri,20080114-133351,false,
Maven,org.exist-db,exist-distribution,7.0.0-SNAPSHOT,org.jline,jline,4.1.0,false,
Maven,org.exist-db,exist-distribution,7.0.0-SNAPSHOT,org.jline,jansi,4.1.0,false,
Maven,org.exist-db,exist-distribution,7.0.0-SNAPSHOT,net.bytebuddy,byte-buddy,1.18.8,false,
Maven,org.exist-db,exist-distribution,7.0.0-SNAPSHOT,se.softhouse,jargo,0.4.14,false,
Maven,org.exist-db,exist-distribution,7.0.0-SNAPSHOT,commons-codec,commons-codec,1.22.0,false,
Maven,org.exist-db,exist-distribution,7.0.0-SNAPSHOT,commons-io,commons-io,2.22.0,false,
Maven,org.exist-db,exist-distribution,7.0.0-SNAPSHOT,org.apache.commons,commons-lang3,3.20.0,false,
Maven,org.exist-db,exist-distribution,7.0.0-SNAPSHOT,commons-logging,commons-logging,1.3.6,false,
Maven,org.exist-db,exist-distribution,7.0.0-SNAPSHOT,org.apache.commons,commons-pool2,2.13.1,false,
Maven,org.exist-db,exist-distribution,7.0.0-SNAPSHOT,org.apache.logging.log4j,log4j-api,2.26.0,false,
Maven,org.exist-db,exist-distribution,7.0.0-SNAPSHOT,org.apache.logging.log4j,log4j-core,2.26.0,false,
Maven,org.exist-db,exist-distribution,7.0.0-SNAPSHOT,org.apache.logging.log4j,log4j-jcl,2.26.0,false,
Maven,org.exist-db,exist-distribution,7.0.0-SNAPSHOT,org.apache.logging.log4j,log4j-jul,2.26.0,false,
Maven,org.exist-db,exist-distribution,7.0.0-SNAPSHOT,org.apache.logging.log4j,log4j-slf4j2-impl,2.26.0,false,
Maven,org.exist-db,exist-distribution,7.0.0-SNAPSHOT,org.exist-db.thirdparty.xerces,xercesImpl,2.12.2,false,
Maven,org.exist-db,exist-distribution,7.0.0-SNAPSHOT,org.codelibs,nekohtml,2.1.3,false,
Maven,org.exist-db,exist-distribution,7.0.0-SNAPSHOT,org.apache.ws.commons.util,ws-commons-util,1.0.2,false,
Maven,org.exist-db,exist-distribution,7.0.0-SNAPSHOT,xml-resolver,xml-resolver,1.2,false,
Maven,org.exist-db,exist-distribution,7.0.0-SNAPSHOT,org.xmlresolver,xmlresolver,6.0.23,false,
Maven,org.exist-db,exist-distribution,7.0.0-SNAPSHOT,org.exist-db.thirdparty.org.eclipse.wst.xml,xpath2,1.2.0,false,
Maven,org.exist-db,exist-distribution,7.0.0-SNAPSHOT,edu.princeton.cup,java-cup,10k,false,
Maven,org.exist-db,exist-distribution,7.0.0-SNAPSHOT,net.sf.saxon,Saxon-HE,9.9.1-8,false,
Maven,org.exist-db,exist-distribution,7.0.0-SNAPSHOT,org.exist-db,exist-saxon-regex,9.4.0-9.e1,false,
Maven,org.exist-db,exist-distribution,7.0.0-SNAPSHOT,com.evolvedbinary.thirdparty.org.apache.xmlrpc,xmlrpc-common,5.0.0,false,
Maven,org.exist-db,exist-distribution,7.0.0-SNAPSHOT,com.evolvedbinary.thirdparty.org.apache.xmlrpc,xmlrpc-client,5.0.0,false,
Maven,org.exist-db,exist-distribution,7.0.0-SNAPSHOT,com.evolvedbinary.thirdparty.org.apache.xmlrpc,xmlrpc-server,5.0.0,false,
Maven,org.exist-db,exist-distribution,7.0.0-SNAPSHOT,org.aspectj,aspectjrt,1.9.25.1,false,
Maven,org.exist-db,exist-distribution,7.0.0-SNAPSHOT,org.eclipse.jetty,jetty-http,12.0.35,false,
Maven,org.exist-db,exist-distribution,7.0.0-SNAPSHOT,org.eclipse.jetty,jetty-io,12.0.35,false,
Maven,org.exist-db,exist-distribution,7.0.0-SNAPSHOT,org.eclipse.jetty,jetty-security,12.0.35,false,
Maven,org.exist-db,exist-distribution,7.0.0-SNAPSHOT,org.eclipse.jetty,jetty-server,12.0.35,false,
Maven,org.exist-db,exist-distribution,7.0.0-SNAPSHOT,org.eclipse.jetty,jetty-util,12.0.35,false,
Maven,org.exist-db,exist-distribution,7.0.0-SNAPSHOT,org.expath.packaging,pkg-java,2.0.1,false,
Maven,org.exist-db,exist-distribution,7.0.0-SNAPSHOT,com.fifesoft,rsyntaxtextarea,3.6.2,false,
Maven,org.exist-db,exist-distribution,7.0.0-SNAPSHOT,org.quartz-scheduler,quartz,2.5.2,false,
Maven,org.exist-db,exist-distribution,7.0.0-SNAPSHOT,net.sf.xmldb-org,xmldb-api,2.0.0,false,
Maven,org.exist-db,exist-distribution,7.0.0-SNAPSHOT,it.unimi.dsi,fastutil,8.5.18,false,
Maven,org.exist-db,exist-distribution,7.0.0-SNAPSHOT,io.lacuna,bifurcan,0.2.0-rc1,false,
Maven,org.exist-db,exist-distribution,7.0.0-SNAPSHOT,org.apache.ant,ant,1.10.17,false,
Maven,org.exist-db,exist-distribution,7.0.0-SNAPSHOT,org.apache.ant,ant-launcher,1.10.17,false,
Maven,org.exist-db,exist-distribution,7.0.0-SNAPSHOT,org.jgrapht,jgrapht-core,1.5.3,false,
Maven,org.exist-db,exist-distribution,7.0.0-SNAPSHOT,org.jheaps,jheaps,0.14,false,
Maven,org.exist-db,exist-distribution,7.0.0-SNAPSHOT,org.apfloat,apfloat,1.14.0,false,
Maven,org.exist-db,exist-distribution,7.0.0-SNAPSHOT,org.jgrapht,jgrapht-opt,1.5.3,false,
Maven,org.exist-db,exist-distribution,7.0.0-SNAPSHOT,junit,junit,4.13.2,false,
Maven,org.exist-db,exist-distribution,7.0.0-SNAPSHOT,org.hamcrest,hamcrest,3.0,false,
Maven,org.exist-db,exist-distribution,7.0.0-SNAPSHOT,org.xmlunit,xmlunit-core,2.11.0,false,
Maven,org.exist-db,exist-distribution,7.0.0-SNAPSHOT,org.eclipse.jetty.ee10,jetty-ee10-annotations,12.0.35,false,
Maven,org.exist-db,exist-distribution,7.0.0-SNAPSHOT,jakarta.annotation,jakarta.annotation-api,2.1.1,false,
Maven,org.exist-db,exist-distribution,7.0.0-SNAPSHOT,org.eclipse.jetty.ee10,jetty-ee10-plus,12.0.35,false,
Maven,org.exist-db,exist-distribution,7.0.0-SNAPSHOT,jakarta.enterprise,jakarta.enterprise.cdi-api,4.0.1,false,
Maven,org.exist-db,exist-distribution,7.0.0-SNAPSHOT,jakarta.el,jakarta.el-api,5.0.0,false,
Maven,org.exist-db,exist-distribution,7.0.0-SNAPSHOT,jakarta.enterprise,jakarta.enterprise.lang-model,4.0.1,false,
Maven,org.exist-db,exist-distribution,7.0.0-SNAPSHOT,jakarta.interceptor,jakarta.interceptor-api,2.1.0,false,
Maven,org.exist-db,exist-distribution,7.0.0-SNAPSHOT,jakarta.transaction,jakarta.transaction-api,2.0.1,false,
Maven,org.exist-db,exist-distribution,7.0.0-SNAPSHOT,org.eclipse.jetty,jetty-jndi,12.0.35,false,
Maven,org.exist-db,exist-distribution,7.0.0-SNAPSHOT,org.eclipse.jetty,jetty-plus,12.0.35,false,
Maven,org.exist-db,exist-distribution,7.0.0-SNAPSHOT,org.ow2.asm,asm,9.9.1,false,
Maven,org.exist-db,exist-distribution,7.0.0-SNAPSHOT,org.ow2.asm,asm-commons,9.9.1,false,
Maven,org.exist-db,exist-distribution,7.0.0-SNAPSHOT,org.ow2.asm,asm-tree,9.9.1,false,
Maven,org.exist-db,exist-distribution,7.0.0-SNAPSHOT,org.eclipse.jetty.ee10,jetty-ee10-servlet,12.0.35,false,
Maven,org.exist-db,exist-distribution,7.0.0-SNAPSHOT,org.eclipse.jetty,jetty-session,12.0.35,false,
Maven,org.exist-db,exist-distribution,7.0.0-SNAPSHOT,org.eclipse.jetty.ee10,jetty-ee10-webapp,12.0.35,false,
Maven,org.exist-db,exist-distribution,7.0.0-SNAPSHOT,org.eclipse.jetty,jetty-ee,12.0.35,false,
Maven,org.exist-db,exist-distribution,7.0.0-SNAPSHOT,org.eclipse.jetty,jetty-xml,12.0.35,false,
Maven,org.exist-db,exist-distribution,7.0.0-SNAPSHOT,org.exist-db,exist-start,7.0.0-SNAPSHOT,true,
Maven,org.exist-db,exist-distribution,7.0.0-SNAPSHOT,org.exist-db,exist-service,7.0.0-SNAPSHOT,true,
Maven,org.exist-db,exist-distribution,7.0.0-SNAPSHOT,commons-daemon,commons-daemon,1.5.1,false,
Maven,org.exist-db,exist-distribution,7.0.0-SNAPSHOT,org.exist-db,exist-contentextraction,7.0.0-SNAPSHOT,true,
Maven,org.exist-db,exist-distribution,7.0.0-SNAPSHOT,org.apache.tika,tika-core,3.3.0,false,
Maven,org.exist-db,exist-distribution,7.0.0-SNAPSHOT,org.apache.tika,tika-parsers-standard-package,3.3.0,false,
Maven,org.exist-db,exist-distribution,7.0.0-SNAPSHOT,org.apache.tika,tika-parser-apple-module,3.3.0,false,
Maven,org.exist-db,exist-distribution,7.0.0-SNAPSHOT,org.apache.tika,tika-parser-zip-commons,3.3.0,false,
Maven,org.exist-db,exist-distribution,7.0.0-SNAPSHOT,com.googlecode.plist,dd-plist,1.29,false,
Maven,org.exist-db,exist-distribution,7.0.0-SNAPSHOT,org.apache.tika,tika-parser-audiovideo-module,3.3.0,false,
Maven,org.exist-db,exist-distribution,7.0.0-SNAPSHOT,com.drewnoakes,metadata-extractor,2.19.0,false,
Maven,org.exist-db,exist-distribution,7.0.0-SNAPSHOT,com.adobe.xmp,xmpcore,6.1.11,false,
Maven,org.exist-db,exist-distribution,7.0.0-SNAPSHOT,org.apache.tika,tika-parser-cad-module,3.3.0,false,
Maven,org.exist-db,exist-distribution,7.0.0-SNAPSHOT,com.fasterxml.jackson.core,jackson-databind,2.21.1,false,
Maven,org.exist-db,exist-distribution,7.0.0-SNAPSHOT,com.fasterxml.jackson.core,jackson-annotations,2.21,false,
Maven,org.exist-db,exist-distribution,7.0.0-SNAPSHOT,org.apache.tika,tika-parser-code-module,3.3.0,false,
Maven,org.exist-db,exist-distribution,7.0.0-SNAPSHOT,org.codelibs,jhighlight,1.1.1,false,
Maven,org.exist-db,exist-distribution,7.0.0-SNAPSHOT,org.jsoup,jsoup,1.22.1,false,
Maven,org.exist-db,exist-distribution,7.0.0-SNAPSHOT,com.epam,parso,2.0.14,false,
Maven,org.exist-db,exist-distribution,7.0.0-SNAPSHOT,org.tallison,jmatio,1.5,false,
Maven,org.exist-db,exist-distribution,7.0.0-SNAPSHOT,org.apache.tika,tika-parser-crypto-module,3.3.0,false,
Maven,org.exist-db,exist-distribution,7.0.0-SNAPSHOT,org.bouncycastle,bcjmail-jdk18on,1.83,false,
Maven,org.exist-db,exist-distribution,7.0.0-SNAPSHOT,org.bouncycastle,bcpkix-jdk18on,1.83,false,
Maven,org.exist-db,exist-distribution,7.0.0-SNAPSHOT,org.bouncycastle,bcutil-jdk18on,1.83,false,
Maven,org.exist-db,exist-distribution,7.0.0-SNAPSHOT,org.apache.tika,tika-parser-digest-commons,3.3.0,false,
Maven,org.exist-db,exist-distribution,7.0.0-SNAPSHOT,org.apache.tika,tika-parser-font-module,3.3.0,false,
Maven,org.exist-db,exist-distribution,7.0.0-SNAPSHOT,org.apache.tika,tika-parser-html-module,3.3.0,false,
Maven,org.exist-db,exist-distribution,7.0.0-SNAPSHOT,org.apache.tika,tika-parser-image-module,3.3.0,false,
Maven,org.exist-db,exist-distribution,7.0.0-SNAPSHOT,com.github.jai-imageio,jai-imageio-core,1.4.0,false,
Maven,org.exist-db,exist-distribution,7.0.0-SNAPSHOT,org.apache.pdfbox,jbig2-imageio,3.0.4,false,
Maven,org.exist-db,exist-distribution,7.0.0-SNAPSHOT,org.apache.tika,tika-parser-mail-module,3.3.0,false,
Maven,org.exist-db,exist-distribution,7.0.0-SNAPSHOT,org.apache.tika,tika-parser-mail-commons,3.3.0,false,
Maven,org.exist-db,exist-distribution,7.0.0-SNAPSHOT,org.apache.james,apache-mime4j-dom,0.8.13,false,
Maven,org.exist-db,exist-distribution,7.0.0-SNAPSHOT,org.apache.tika,tika-parser-microsoft-module,3.3.0,false,
Maven,org.exist-db,exist-distribution,7.0.0-SNAPSHOT,com.pff,java-libpst,0.9.3,false,
Maven,org.exist-db,exist-distribution,7.0.0-SNAPSHOT,org.apache.poi,poi,5.5.1,false,
Maven,org.exist-db,exist-distribution,7.0.0-SNAPSHOT,org.apache.commons,commons-math3,3.6.1,false,
Maven,org.exist-db,exist-distribution,7.0.0-SNAPSHOT,com.zaxxer,SparseBitSet,1.3,false,
Maven,org.exist-db,exist-distribution,7.0.0-SNAPSHOT,org.apache.poi,poi-scratchpad,5.5.1,false,
Maven,org.exist-db,exist-distribution,7.0.0-SNAPSHOT,org.apache.poi,poi-ooxml,5.5.1,false,
Maven,org.exist-db,exist-distribution,7.0.0-SNAPSHOT,org.apache.xmlbeans,xmlbeans,5.3.0,false,
Maven,org.exist-db,exist-distribution,7.0.0-SNAPSHOT,com.github.virtuald,curvesapi,1.08,false,
Maven,org.exist-db,exist-distribution,7.0.0-SNAPSHOT,org.apache.poi,poi-ooxml-full,5.5.1,false,
Maven,org.exist-db,exist-distribution,7.0.0-SNAPSHOT,com.healthmarketscience.jackcess,jackcess,4.0.10,false,
Maven,org.exist-db,exist-distribution,7.0.0-SNAPSHOT,com.healthmarketscience.jackcess,jackcess-encrypt,4.0.3,false,
Maven,org.exist-db,exist-distribution,7.0.0-SNAPSHOT,org.slf4j,jcl-over-slf4j,2.0.17,false,
Maven,org.exist-db,exist-distribution,7.0.0-SNAPSHOT,org.apache.tika,tika-parser-miscoffice-module,3.3.0,false,
Maven,org.exist-db,exist-distribution,7.0.0-SNAPSHOT,org.apache.tika,tika-parser-news-module,3.3.0,false,
Maven,org.exist-db,exist-distribution,7.0.0-SNAPSHOT,com.rometools,rome,2.1.0,false,
Maven,org.exist-db,exist-distribution,7.0.0-SNAPSHOT,com.rometools,rome-utils,2.1.0,false,
Maven,org.exist-db,exist-distribution,7.0.0-SNAPSHOT,org.jdom,jdom2,2.0.6.1,false,
Maven,org.exist-db,exist-distribution,7.0.0-SNAPSHOT,org.apache.tika,tika-parser-ocr-module,3.3.0,false,
Maven,org.exist-db,exist-distribution,7.0.0-SNAPSHOT,org.apache.commons,commons-exec,1.6.0,false,
Maven,org.exist-db,exist-distribution,7.0.0-SNAPSHOT,org.apache.tika,tika-parser-pdf-module,3.3.0,false,
Maven,org.exist-db,exist-distribution,7.0.0-SNAPSHOT,org.apache.pdfbox,pdfbox,3.0.7,false,
Maven,org.exist-db,exist-distribution,7.0.0-SNAPSHOT,org.apache.pdfbox,pdfbox-tools,3.0.7,false,
Maven,org.exist-db,exist-distribution,7.0.0-SNAPSHOT,info.picocli,picocli,4.7.7,false,
Maven,org.exist-db,exist-distribution,7.0.0-SNAPSHOT,org.apache.pdfbox,jempbox,1.8.17,false,
Maven,org.exist-db,exist-distribution,7.0.0-SNAPSHOT,org.apache.tika,tika-parser-pkg-module,3.3.0,false,
Maven,org.exist-db,exist-distribution,7.0.0-SNAPSHOT,org.tukaani,xz,1.12,false,
Maven,org.exist-db,exist-distribution,7.0.0-SNAPSHOT,org.brotli,dec,0.1.2,false,
Maven,org.exist-db,exist-distribution,7.0.0-SNAPSHOT,com.github.junrar,junrar,7.5.8,false,
Maven,org.exist-db,exist-distribution,7.0.0-SNAPSHOT,org.apache.tika,tika-parser-text-module,3.3.0,false,
Maven,org.exist-db,exist-distribution,7.0.0-SNAPSHOT,com.github.albfernandez,juniversalchardet,2.5.0,false,
Maven,org.exist-db,exist-distribution,7.0.0-SNAPSHOT,org.apache.commons,commons-csv,1.14.1,false,
Maven,org.exist-db,exist-distribution,7.0.0-SNAPSHOT,org.apache.tika,tika-parser-webarchive-module,3.3.0,false,
Maven,org.exist-db,exist-distribution,7.0.0-SNAPSHOT,org.netpreserve,jwarc,0.35.0,false,
Maven,org.exist-db,exist-distribution,7.0.0-SNAPSHOT,com.github.luben,zstd-jni,1.5.7-4,false,
Maven,org.exist-db,exist-distribution,7.0.0-SNAPSHOT,org.apache.tika,tika-parser-xml-module,3.3.0,false,
Maven,org.exist-db,exist-distribution,7.0.0-SNAPSHOT,org.apache.tika,tika-parser-xmp-commons,3.3.0,false,
Maven,org.exist-db,exist-distribution,7.0.0-SNAPSHOT,org.apache.pdfbox,xmpbox,3.0.7,false,
Maven,org.exist-db,exist-distribution,7.0.0-SNAPSHOT,org.gagravarr,vorbis-java-tika,0.8,false,
Maven,org.exist-db,exist-distribution,7.0.0-SNAPSHOT,org.gagravarr,vorbis-java-core,0.8,false,
Maven,org.exist-db,exist-distribution,7.0.0-SNAPSHOT,org.exist-db,exist-exiftool,7.0.0-SNAPSHOT,true,
Maven,org.exist-db,exist-distribution,7.0.0-SNAPSHOT,org.exist-db,exist-expath,7.0.0-SNAPSHOT,true,
Maven,org.exist-db,exist-distribution,7.0.0-SNAPSHOT,org.apache.httpcomponents,httpcore,4.4.16,false,
Maven,org.exist-db,exist-distribution,7.0.0-SNAPSHOT,org.apache.james,apache-mime4j-core,0.8.14,false,
Maven,org.exist-db,exist-distribution,7.0.0-SNAPSHOT,org.expath.http.client,http-client-java,1.4.2,false,
Maven,org.exist-db,exist-distribution,7.0.0-SNAPSHOT,org.apache.httpcomponents,httpclient,4.5.14,false,
Maven,org.exist-db,exist-distribution,7.0.0-SNAPSHOT,org.ccil.cowan.tagsoup,tagsoup,1.2.1,false,
Maven,org.exist-db,exist-distribution,7.0.0-SNAPSHOT,org.expath.tools,tools-java,0.7.0,false,
Maven,org.exist-db,exist-distribution,7.0.0-SNAPSHOT,org.exist-db,exist-exquery-request-module,7.0.0-SNAPSHOT,true,
Maven,org.exist-db,exist-distribution,7.0.0-SNAPSHOT,org.exist-db,exist-restxq,7.0.0-SNAPSHOT,true,
Maven,org.exist-db,exist-distribution,7.0.0-SNAPSHOT,org.apache.commons,commons-collections4,4.5.0,false,
Maven,org.exist-db,exist-distribution,7.0.0-SNAPSHOT,org.exquery,exquery-xquery,0.2.1,false,
Maven,org.exist-db,exist-distribution,7.0.0-SNAPSHOT,org.exquery,exquery-xquery3,0.2.1,false,
Maven,org.exist-db,exist-distribution,7.0.0-SNAPSHOT,org.exquery,exquery-annotations-common-api,0.2.1,false,
Maven,org.exist-db,exist-distribution,7.0.0-SNAPSHOT,org.exquery,exquery-restxq-api,0.2.1,false,
Maven,org.exist-db,exist-distribution,7.0.0-SNAPSHOT,org.exquery,exquery-restxq,0.2.1,false,
Maven,org.exist-db,exist-distribution,7.0.0-SNAPSHOT,org.exquery,exquery-annotations-common,0.2.1,false,
Maven,org.exist-db,exist-distribution,7.0.0-SNAPSHOT,org.exquery,exquery-serialization-annotations-api,0.2.1,false,
Maven,org.exist-db,exist-distribution,7.0.0-SNAPSHOT,org.exquery,exquery-serialization-annotations,0.2.1,false,
Maven,org.exist-db,exist-distribution,7.0.0-SNAPSHOT,org.jctools,jctools-core,4.0.6,false,
Maven,org.exist-db,exist-distribution,7.0.0-SNAPSHOT,org.exist-db,exist-webdav,7.0.0-SNAPSHOT,true,
Maven,org.exist-db,exist-distribution,7.0.0-SNAPSHOT,commons-beanutils,commons-beanutils,1.11.0,false,
Maven,org.exist-db,exist-distribution,7.0.0-SNAPSHOT,commons-collections,commons-collections,3.2.2,false,
Maven,org.exist-db,exist-distribution,7.0.0-SNAPSHOT,org.exist-db.thirdparty.com.ettrema,milton-api,1.8.1.3,false,
Maven,org.exist-db,exist-distribution,7.0.0-SNAPSHOT,org.jdom,jdom,1.1.3,false,
Maven,org.exist-db,exist-distribution,7.0.0-SNAPSHOT,com.evolvedbinary.thirdparty.com.ettrema,milton-servlet,1.8.1.3-jakarta-ee10,false,
Maven,org.exist-db,exist-distribution,7.0.0-SNAPSHOT,eu.medsea.mimeutil,mime-util,2.1.3,false,
Maven,org.exist-db,exist-distribution,7.0.0-SNAPSHOT,org.exist-db,exist-xqdoc,7.0.0-SNAPSHOT,true,
Maven,org.exist-db,exist-distribution,7.0.0-SNAPSHOT,org.exist-db,exist-ant,7.0.0-SNAPSHOT,false,
Maven,org.exist-db,exist-distribution,7.0.0-SNAPSHOT,org.xqdoc,xqdoc-conversion,1.6,false,
Maven,org.exist-db,exist-distribution,7.0.0-SNAPSHOT,org.antlr,antlr,3.0,false,
Maven,org.exist-db,exist-distribution,7.0.0-SNAPSHOT,org.antlr,stringtemplate,3.0,false,
Maven,org.exist-db,exist-distribution,7.0.0-SNAPSHOT,org.exist-db,exist-index-lucene,7.0.0-SNAPSHOT,true,
Maven,org.exist-db,exist-distribution,7.0.0-SNAPSHOT,org.apache.lucene,lucene-core,10.4.0,false,
Maven,org.exist-db,exist-distribution,7.0.0-SNAPSHOT,org.apache.lucene,lucene-analysis-common,10.4.0,false,
Maven,org.exist-db,exist-distribution,7.0.0-SNAPSHOT,org.apache.lucene,lucene-analysis-icu,10.4.0,false,
Maven,org.exist-db,exist-distribution,7.0.0-SNAPSHOT,org.apache.lucene,lucene-facet,10.4.0,false,
Maven,org.exist-db,exist-distribution,7.0.0-SNAPSHOT,org.apache.lucene,lucene-queries,10.4.0,false,
Maven,org.exist-db,exist-distribution,7.0.0-SNAPSHOT,org.exist-db,exist-index-ngram,7.0.0-SNAPSHOT,true,
Maven,org.exist-db,exist-distribution,7.0.0-SNAPSHOT,org.exist-db,exist-index-range,7.0.0-SNAPSHOT,true,
Maven,org.exist-db,exist-distribution,7.0.0-SNAPSHOT,org.apache.lucene,lucene-queryparser,10.4.0,false,
Maven,org.exist-db,exist-distribution,7.0.0-SNAPSHOT,org.apache.lucene,lucene-sandbox,10.4.0,false,
Maven,org.exist-db,exist-distribution,7.0.0-SNAPSHOT,org.exist-db,exist-index-sort,7.0.0-SNAPSHOT,true,
Maven,org.exist-db,exist-distribution,7.0.0-SNAPSHOT,org.exist-db,exist-index-spatial,7.0.0-SNAPSHOT,true,
Maven,org.exist-db,exist-distribution,7.0.0-SNAPSHOT,org.geotools,gt-api,34.3,false,
Maven,org.exist-db,exist-distribution,7.0.0-SNAPSHOT,commons-pool,commons-pool,1.5.4,false,
Maven,org.exist-db,exist-distribution,7.0.0-SNAPSHOT,systems.uom,systems-common,2.1,false,
Maven,org.exist-db,exist-distribution,7.0.0-SNAPSHOT,si.uom,si-quantity,2.1,false,
Maven,org.exist-db,exist-distribution,7.0.0-SNAPSHOT,si.uom,si-units,2.1,false,
Maven,org.exist-db,exist-distribution,7.0.0-SNAPSHOT,tech.units,indriya,2.2,false,
Maven,org.exist-db,exist-distribution,7.0.0-SNAPSHOT,tech.uom.lib,uom-lib-common,2.2,false,
Maven,org.exist-db,exist-distribution,7.0.0-SNAPSHOT,jakarta.inject,jakarta.inject-api,2.0.1,false,
Maven,org.exist-db,exist-distribution,7.0.0-SNAPSHOT,org.apiguardian,apiguardian-api,1.1.2,false,
Maven,org.exist-db,exist-distribution,7.0.0-SNAPSHOT,javax.measure,unit-api,2.2,false,
Maven,org.exist-db,exist-distribution,7.0.0-SNAPSHOT,org.eclipse.imagen,imagen-core,0.9.1,false,
Maven,org.exist-db,exist-distribution,7.0.0-SNAPSHOT,org.geotools,gt-main,34.3,false,
Maven,org.exist-db,exist-distribution,7.0.0-SNAPSHOT,org.geotools,gt-http,34.3,false,
Maven,org.exist-db,exist-distribution,7.0.0-SNAPSHOT,org.apache.commons,commons-text,1.13.0,false,
Maven,org.exist-db,exist-distribution,7.0.0-SNAPSHOT,com.google.re2j,re2j,1.8,false,
Maven,org.exist-db,exist-distribution,7.0.0-SNAPSHOT,org.ejml,ejml-ddense,0.41,false,
Maven,org.exist-db,exist-distribution,7.0.0-SNAPSHOT,org.ejml,ejml-core,0.41,false,
Maven,org.exist-db,exist-distribution,7.0.0-SNAPSHOT,org.eclipse.imagen,utilities,0.9.1,false,
Maven,org.exist-db,exist-distribution,7.0.0-SNAPSHOT,org.eclipse.imagen,iterators,0.9.1,false,
Maven,org.exist-db,exist-distribution,7.0.0-SNAPSHOT,org.geotools,gt-referencing,34.3,false,
Maven,org.exist-db,exist-distribution,7.0.0-SNAPSHOT,org.geotools,gt-metadata,34.3,false,
Maven,org.exist-db,exist-distribution,7.0.0-SNAPSHOT,org.geotools.ogc,net.opengis.ows,34.3,false,
Maven,org.exist-db,exist-distribution,7.0.0-SNAPSHOT,org.geotools.ogc,org.w3.xlink,34.3,false,
Maven,org.exist-db,exist-distribution,7.0.0-SNAPSHOT,org.eclipse.emf,org.eclipse.emf.common,2.15.0,false,
Maven,org.exist-db,exist-distribution,7.0.0-SNAPSHOT,org.eclipse.emf,org.eclipse.emf.ecore,2.15.0,false,
Maven,org.exist-db,exist-distribution,7.0.0-SNAPSHOT,org.eclipse.emf,org.eclipse.emf.ecore.xmi,2.15.0,false,
Maven,org.exist-db,exist-distribution,7.0.0-SNAPSHOT,it.geosolutions.jgridshift,jgridshift-core,1.3,false,
Maven,org.exist-db,exist-distribution,7.0.0-SNAPSHOT,net.sf.geographiclib,GeographicLib-Java,1.49,false,
Maven,org.exist-db,exist-distribution,7.0.0-SNAPSHOT,org.geotools,gt-xml,34.3,false,
Maven,org.exist-db,exist-distribution,7.0.0-SNAPSHOT,org.apache.xml,xml-commons-resolver,1.2,false,
Maven,org.exist-db,exist-distribution,7.0.0-SNAPSHOT,org.hsqldb,hsqldb,2.7.1,false,
Maven,org.exist-db,exist-distribution,7.0.0-SNAPSHOT,org.locationtech.jts,jts-core,1.20.0,false,
Maven,org.exist-db,exist-distribution,7.0.0-SNAPSHOT,org.geotools,gt-epsg-wkt,34.3,false,
Maven,org.exist-db,exist-distribution,7.0.0-SNAPSHOT,java3d,vecmath,1.5.2,false,
Maven,org.exist-db,exist-distribution,7.0.0-SNAPSHOT,javax.media,jai_core,1.1.3,false,
Maven,org.exist-db,exist-distribution,7.0.0-SNAPSHOT,org.exist-db,exist-cache,7.0.0-SNAPSHOT,true,
Maven,org.exist-db,exist-distribution,7.0.0-SNAPSHOT,org.exist-db,exist-compression,7.0.0-SNAPSHOT,true,
Maven,org.exist-db,exist-distribution,7.0.0-SNAPSHOT,org.apache.commons,commons-compress,1.28.0,false,
Maven,org.exist-db,exist-distribution,7.0.0-SNAPSHOT,org.exist-db,exist-counter,7.0.0-SNAPSHOT,true,
Maven,org.exist-db,exist-distribution,7.0.0-SNAPSHOT,org.exist-db,exist-cqlparser,7.0.0-SNAPSHOT,true,
Maven,org.exist-db,exist-distribution,7.0.0-SNAPSHOT,org.z3950.zing,cql-java,1.13,false,
Maven,org.exist-db,exist-distribution,7.0.0-SNAPSHOT,org.exist-db,exist-expathrepo,7.0.0-SNAPSHOT,true,
Maven,org.exist-db,exist-distribution,7.0.0-SNAPSHOT,org.exist-db,exist-file,7.0.0-SNAPSHOT,true,
Maven,org.exist-db,exist-distribution,7.0.0-SNAPSHOT,org.exist-db,exist-image,7.0.0-SNAPSHOT,true,
Maven,org.exist-db,exist-distribution,7.0.0-SNAPSHOT,org.exist-db,exist-jndi,7.0.0-SNAPSHOT,true,
Maven,org.exist-db,exist-distribution,7.0.0-SNAPSHOT,org.exist-db,exist-mail,7.0.0-SNAPSHOT,true,
Maven,org.exist-db,exist-distribution,7.0.0-SNAPSHOT,jakarta.activation,jakarta.activation-api,2.1.4,false,
Maven,org.exist-db,exist-distribution,7.0.0-SNAPSHOT,jakarta.mail,jakarta.mail-api,2.1.5,false,
Maven,org.exist-db,exist-distribution,7.0.0-SNAPSHOT,org.eclipse.angus,angus-mail,2.0.5,false,
Maven,org.exist-db,exist-distribution,7.0.0-SNAPSHOT,org.exist-db,exist-persistentlogin,7.0.0-SNAPSHOT,true,
Maven,org.exist-db,exist-distribution,7.0.0-SNAPSHOT,org.exist-db,exist-process,7.0.0-SNAPSHOT,true,
Maven,org.exist-db,exist-distribution,7.0.0-SNAPSHOT,org.exist-db,exist-scheduler,7.0.0-SNAPSHOT,true,
Maven,org.exist-db,exist-distribution,7.0.0-SNAPSHOT,org.exist-db,exist-simpleql,7.0.0-SNAPSHOT,true,
Maven,org.exist-db,exist-distribution,7.0.0-SNAPSHOT,org.exist-db,exist-sql,7.0.0-SNAPSHOT,true,
Maven,org.exist-db,exist-distribution,7.0.0-SNAPSHOT,com.zaxxer,HikariCP,7.0.2,false,
Maven,org.exist-db,exist-distribution,7.0.0-SNAPSHOT,org.exist-db,exist-xmldiff,7.0.0-SNAPSHOT,true,
Maven,org.exist-db,exist-distribution,7.0.0-SNAPSHOT,org.exist-db,exist-xslfo,7.0.0-SNAPSHOT,true,
Maven,org.exist-db,exist-distribution,7.0.0-SNAPSHOT,org.apache.avalon.framework,avalon-framework-api,4.3.1,false,
Maven,org.exist-db,exist-distribution,7.0.0-SNAPSHOT,org.apache.avalon.framework,avalon-framework-impl,4.3.1,false,
Maven,org.exist-db,exist-distribution,7.0.0-SNAPSHOT,org.apache.xmlgraphics,fop-core,2.11,false,
Maven,org.exist-db,exist-distribution,7.0.0-SNAPSHOT,org.apache.xmlgraphics,batik-anim,1.19,false,
Maven,org.exist-db,exist-distribution,7.0.0-SNAPSHOT,org.apache.xmlgraphics,batik-css,1.19,false,
Maven,org.exist-db,exist-distribution,7.0.0-SNAPSHOT,org.apache.xmlgraphics,batik-dom,1.19,false,
Maven,org.exist-db,exist-distribution,7.0.0-SNAPSHOT,xml-apis,xml-apis,1.4.01,false,
Maven,org.exist-db,exist-distribution,7.0.0-SNAPSHOT,org.apache.xmlgraphics,batik-ext,1.19,false,
Maven,org.exist-db,exist-distribution,7.0.0-SNAPSHOT,org.apache.xmlgraphics,batik-parser,1.19,false,
Maven,org.exist-db,exist-distribution,7.0.0-SNAPSHOT,org.apache.xmlgraphics,batik-shared-resources,1.19,false,
Maven,org.exist-db,exist-distribution,7.0.0-SNAPSHOT,org.apache.xmlgraphics,batik-svg-dom,1.19,false,
Maven,org.exist-db,exist-distribution,7.0.0-SNAPSHOT,org.apache.xmlgraphics,batik-util,1.19,false,
Maven,org.exist-db,exist-distribution,7.0.0-SNAPSHOT,org.apache.xmlgraphics,batik-constants,1.19,false,
Maven,org.exist-db,exist-distribution,7.0.0-SNAPSHOT,org.apache.xmlgraphics,batik-i18n,1.19,false,
Maven,org.exist-db,exist-distribution,7.0.0-SNAPSHOT,xml-apis,xml-apis-ext,1.3.04,false,
Maven,org.exist-db,exist-distribution,7.0.0-SNAPSHOT,org.apache.xmlgraphics,batik-awt-util,1.19,false,
Maven,org.exist-db,exist-distribution,7.0.0-SNAPSHOT,org.apache.xmlgraphics,batik-bridge,1.19,false,
Maven,org.exist-db,exist-distribution,7.0.0-SNAPSHOT,org.apache.xmlgraphics,batik-script,1.19,false,
Maven,org.exist-db,exist-distribution,7.0.0-SNAPSHOT,org.apache.xmlgraphics,batik-xml,1.19,false,
Maven,org.exist-db,exist-distribution,7.0.0-SNAPSHOT,org.apache.xmlgraphics,batik-extension,1.19,false,
Maven,org.exist-db,exist-distribution,7.0.0-SNAPSHOT,org.apache.xmlgraphics,batik-gvt,1.19,false,
Maven,org.exist-db,exist-distribution,7.0.0-SNAPSHOT,org.apache.xmlgraphics,batik-transcoder,1.19,false,
Maven,org.exist-db,exist-distribution,7.0.0-SNAPSHOT,org.apache.xmlgraphics,batik-svggen,1.19,false,
Maven,org.exist-db,exist-distribution,7.0.0-SNAPSHOT,org.apache.xmlgraphics,batik-codec,1.19,false,
Maven,org.exist-db,exist-distribution,7.0.0-SNAPSHOT,org.apache.xmlgraphics,fop-util,2.11,false,
Maven,org.exist-db,exist-distribution,7.0.0-SNAPSHOT,org.apache.pdfbox,fontbox,3.0.3,false,
Maven,org.exist-db,exist-distribution,7.0.0-SNAPSHOT,org.apache.pdfbox,pdfbox-io,3.0.3,false,
Maven,org.exist-db,exist-distribution,7.0.0-SNAPSHOT,org.apache.xmlgraphics,fop-events,2.11,false,
Maven,org.exist-db,exist-distribution,7.0.0-SNAPSHOT,com.thoughtworks.qdox,qdox,1.12,false,
Maven,org.exist-db,exist-distribution,7.0.0-SNAPSHOT,org.apache.xmlgraphics,xmlgraphics-commons,2.11,false,
Maven,org.exist-db,exist-distribution,7.0.0-SNAPSHOT,org.exist-db,exist-security-activedirectory,7.0.0-SNAPSHOT,true,
Maven,org.exist-db,exist-distribution,7.0.0-SNAPSHOT,org.exist-db,exist-security-ldap,7.0.0-SNAPSHOT,true,
Maven,org.exist-db,exist-distribution,7.0.0-SNAPSHOT,org.eclipse.jetty,jetty-deploy,12.0.35,true,
Maven,org.exist-db,exist-distribution,7.0.0-SNAPSHOT,org.slf4j,slf4j-api,2.0.18,false,
Maven,org.exist-db,exist-distribution,7.0.0-SNAPSHOT,org.eclipse.jetty,jetty-jmx,12.0.35,true,
Maven,org.exist-db,exist-distribution,7.0.0-SNAPSHOT,org.eclipse.jetty.ee10.websocket,jetty-ee10-websocket-jetty-server,12.0.35,true,
Maven,org.exist-db,exist-distribution,7.0.0-SNAPSHOT,org.eclipse.jetty.ee10.websocket,jetty-ee10-websocket-servlet,12.0.35,false,
Maven,org.exist-db,exist-distribution,7.0.0-SNAPSHOT,org.eclipse.jetty.websocket,jetty-websocket-core-server,12.0.35,false,
Maven,org.exist-db,exist-distribution,7.0.0-SNAPSHOT,org.eclipse.jetty.websocket,jetty-websocket-jetty-api,12.0.35,false,
Maven,org.exist-db,exist-distribution,7.0.0-SNAPSHOT,org.eclipse.jetty.websocket,jetty-websocket-jetty-common,12.0.35,false,
Maven,org.exist-db,exist-distribution,7.0.0-SNAPSHOT,org.eclipse.jetty.websocket,jetty-websocket-core-common,12.0.35,false,
Maven,org.exist-db,exist-distribution,7.0.0-SNAPSHOT,org.eclipse.jetty.ee10.websocket,jetty-ee10-websocket-jakarta-server,12.0.35,true,
Maven,org.exist-db,exist-distribution,7.0.0-SNAPSHOT,jakarta.websocket,jakarta.websocket-api,2.2.0,false,
Maven,org.exist-db,exist-distribution,7.0.0-SNAPSHOT,org.eclipse.jetty.ee10.websocket,jetty-ee10-websocket-jakarta-client,12.0.35,false,
Maven,org.exist-db,exist-distribution,7.0.0-SNAPSHOT,jakarta.websocket,jakarta.websocket-client-api,2.2.0,false,
Maven,org.exist-db,exist-distribution,7.0.0-SNAPSHOT,org.eclipse.jetty,jetty-client,12.0.35,false,
Maven,org.exist-db,exist-distribution,7.0.0-SNAPSHOT,org.eclipse.jetty,jetty-alpn-client,12.0.35,false,
Maven,org.exist-db,exist-distribution,7.0.0-SNAPSHOT,org.eclipse.jetty.ee10.websocket,jetty-ee10-websocket-jakarta-common,12.0.35,false,
Maven,org.exist-db,exist-distribution,7.0.0-SNAPSHOT,org.eclipse.jetty.websocket,jetty-websocket-core-client,12.0.35,false,
Maven,org.exist-db,exist-distribution,7.0.0-SNAPSHOT,org.codehaus.mojo.appassembler,appassembler-booter,2.1.0,true,
Maven,org.exist-db,exist-distribution,7.0.0-SNAPSHOT,org.codehaus.mojo.appassembler,appassembler-model,2.1.0,false,
Maven,org.exist-db,exist-distribution,7.0.0-SNAPSHOT,org.codehaus.plexus,plexus-utils,3.2.0,false,
Maven,org.exist-db,exist-distribution,7.0.0-SNAPSHOT,net.java.dev.stax-utils,stax-utils,20060502,false,
Maven,org.exist-db,exist-distribution,7.0.0-SNAPSHOT,stax,stax,1.1.1-dev,false,
Maven,org.exist-db,exist-distribution,7.0.0-SNAPSHOT,stax,stax-api,1.0.1,false,
Maven,org.exist-db,indexes-integration-tests,7.0.0-SNAPSHOT,org.exist-db,exist-core,7.0.0-SNAPSHOT,true,
Maven,org.exist-db,indexes-integration-tests,7.0.0-SNAPSHOT,net.jcip,jcip-annotations,1.0,false,
Maven,org.exist-db,indexes-integration-tests,7.0.0-SNAPSHOT,antlr,antlr,2.7.7,false,
Maven,org.exist-db,indexes-integration-tests,7.0.0-SNAPSHOT,com.fasterxml.jackson.core,jackson-core,2.21.3,false,
Maven,org.exist-db,indexes-integration-tests,7.0.0-SNAPSHOT,com.evolvedbinary.multilock,multilock,1.0.1,false,
Maven,org.exist-db,indexes-integration-tests,7.0.0-SNAPSHOT,com.github.ben-manes.caffeine,caffeine,3.2.4,false,
Maven,org.exist-db,indexes-integration-tests,7.0.0-SNAPSHOT,org.jspecify,jspecify,1.0.0,false,
Maven,org.exist-db,indexes-integration-tests,7.0.0-SNAPSHOT,com.google.errorprone,error_prone_annotations,2.49.0,false,
Maven,org.exist-db,indexes-integration-tests,7.0.0-SNAPSHOT,com.github.krukow,clj-ds,0.0.4,false,
Maven,org.exist-db,indexes-integration-tests,7.0.0-SNAPSHOT,com.siemens.ct.exi,exificient,1.0.7,false,
Maven,org.exist-db,indexes-integration-tests,7.0.0-SNAPSHOT,org.slf4j,slf4j-api,2.0.18,false,
Maven,org.exist-db,indexes-integration-tests,7.0.0-SNAPSHOT,xmlpull,xmlpull,1.1.3.1,false,
Maven,org.exist-db,indexes-integration-tests,7.0.0-SNAPSHOT,javax.activation,activation,1.1.1,false,
Maven,org.exist-db,indexes-integration-tests,7.0.0-SNAPSHOT,com.siemens.ct.exi,exificient-grammars,1.0.7,false,
Maven,org.exist-db,indexes-integration-tests,7.0.0-SNAPSHOT,com.siemens.ct.exi,exificient-core,1.0.7,false,
Maven,org.exist-db,indexes-integration-tests,7.0.0-SNAPSHOT,com.ibm.icu,icu4j,76.1,false,
Maven,org.exist-db,indexes-integration-tests,7.0.0-SNAPSHOT,com.google.code.findbugs,jsr305,3.0.2,false,
Maven,org.exist-db,indexes-integration-tests,7.0.0-SNAPSHOT,org.relaxng,jing,20241231,false,
Maven,org.exist-db,indexes-integration-tests,7.0.0-SNAPSHOT,isorelax,isorelax,20030108,false,
Maven,org.exist-db,indexes-integration-tests,7.0.0-SNAPSHOT,org.exist-db,exist-start,7.0.0-SNAPSHOT,false,
Maven,org.exist-db,indexes-integration-tests,7.0.0-SNAPSHOT,org.exquery,exquery-common,0.2.1,false,
Maven,org.exist-db,indexes-integration-tests,7.0.0-SNAPSHOT,org.bouncycastle,bcprov-jdk18on,1.84,false,
Maven,org.exist-db,indexes-integration-tests,7.0.0-SNAPSHOT,at.yawk.lz4,lz4-java,1.11.0,false,
Maven,org.exist-db,indexes-integration-tests,7.0.0-SNAPSHOT,com.evolvedbinary.j8fu,j8fu,1.24.0,false,
Maven,org.exist-db,indexes-integration-tests,7.0.0-SNAPSHOT,com.fasterxml.uuid,java-uuid-generator,5.2.0,false,
Maven,org.exist-db,indexes-integration-tests,7.0.0-SNAPSHOT,jakarta.servlet,jakarta.servlet-api,6.0.0,false,
Maven,org.exist-db,indexes-integration-tests,7.0.0-SNAPSHOT,jakarta.xml.bind,jakarta.xml.bind-api,4.0.5,false,
Maven,org.exist-db,indexes-integration-tests,7.0.0-SNAPSHOT,jakarta.activation,jakarta.activation-api,2.1.4,false,
Maven,org.exist-db,indexes-integration-tests,7.0.0-SNAPSHOT,org.eclipse.angus,angus-activation,2.0.3,false,
Maven,org.exist-db,indexes-integration-tests,7.0.0-SNAPSHOT,org.glassfish.jaxb,jaxb-runtime,4.0.2,false,
Maven,org.exist-db,indexes-integration-tests,7.0.0-SNAPSHOT,org.glassfish.jaxb,jaxb-core,4.0.2,false,
Maven,org.exist-db,indexes-integration-tests,7.0.0-SNAPSHOT,org.glassfish.jaxb,txw2,4.0.2,false,
Maven,org.exist-db,indexes-integration-tests,7.0.0-SNAPSHOT,com.sun.istack,istack-commons-runtime,4.1.1,false,
Maven,org.exist-db,indexes-integration-tests,7.0.0-SNAPSHOT,org.exist-db.thirdparty.javax.xml.xquery,xqjri,20080114-133351,false,
Maven,org.exist-db,indexes-integration-tests,7.0.0-SNAPSHOT,org.jline,jline,4.1.0,false,
Maven,org.exist-db,indexes-integration-tests,7.0.0-SNAPSHOT,org.jline,jansi,4.1.0,false,
Maven,org.exist-db,indexes-integration-tests,7.0.0-SNAPSHOT,net.bytebuddy,byte-buddy,1.18.8,false,
Maven,org.exist-db,indexes-integration-tests,7.0.0-SNAPSHOT,se.softhouse,jargo,0.4.14,false,
Maven,org.exist-db,indexes-integration-tests,7.0.0-SNAPSHOT,commons-codec,commons-codec,1.22.0,false,
Maven,org.exist-db,indexes-integration-tests,7.0.0-SNAPSHOT,commons-io,commons-io,2.22.0,false,
Maven,org.exist-db,indexes-integration-tests,7.0.0-SNAPSHOT,org.apache.commons,commons-lang3,3.20.0,false,
Maven,org.exist-db,indexes-integration-tests,7.0.0-SNAPSHOT,commons-logging,commons-logging,1.3.6,false,
Maven,org.exist-db,indexes-integration-tests,7.0.0-SNAPSHOT,org.apache.commons,commons-pool2,2.13.1,false,
Maven,org.exist-db,indexes-integration-tests,7.0.0-SNAPSHOT,org.apache.logging.log4j,log4j-api,2.26.0,false,
Maven,org.exist-db,indexes-integration-tests,7.0.0-SNAPSHOT,org.apache.logging.log4j,log4j-core,2.26.0,false,
Maven,org.exist-db,indexes-integration-tests,7.0.0-SNAPSHOT,org.apache.logging.log4j,log4j-jcl,2.26.0,false,
Maven,org.exist-db,indexes-integration-tests,7.0.0-SNAPSHOT,org.apache.logging.log4j,log4j-jul,2.26.0,false,
Maven,org.exist-db,indexes-integration-tests,7.0.0-SNAPSHOT,org.apache.logging.log4j,log4j-slf4j2-impl,2.26.0,false,
Maven,org.exist-db,indexes-integration-tests,7.0.0-SNAPSHOT,org.exist-db.thirdparty.xerces,xercesImpl,2.12.2,false,
Maven,org.exist-db,indexes-integration-tests,7.0.0-SNAPSHOT,org.codelibs,nekohtml,2.1.3,false,
Maven,org.exist-db,indexes-integration-tests,7.0.0-SNAPSHOT,org.apache.ws.commons.util,ws-commons-util,1.0.2,false,
Maven,org.exist-db,indexes-integration-tests,7.0.0-SNAPSHOT,xml-resolver,xml-resolver,1.2,false,
Maven,org.exist-db,indexes-integration-tests,7.0.0-SNAPSHOT,org.xmlresolver,xmlresolver,6.0.23,false,
Maven,org.exist-db,indexes-integration-tests,7.0.0-SNAPSHOT,org.exist-db.thirdparty.org.eclipse.wst.xml,xpath2,1.2.0,false,
Maven,org.exist-db,indexes-integration-tests,7.0.0-SNAPSHOT,edu.princeton.cup,java-cup,10k,false,
Maven,org.exist-db,indexes-integration-tests,7.0.0-SNAPSHOT,net.sf.saxon,Saxon-HE,9.9.1-8,false,
Maven,org.exist-db,indexes-integration-tests,7.0.0-SNAPSHOT,org.exist-db,exist-saxon-regex,9.4.0-9.e1,false,
Maven,org.exist-db,indexes-integration-tests,7.0.0-SNAPSHOT,com.evolvedbinary.thirdparty.org.apache.xmlrpc,xmlrpc-common,5.0.0,false,
Maven,org.exist-db,indexes-integration-tests,7.0.0-SNAPSHOT,com.evolvedbinary.thirdparty.org.apache.xmlrpc,xmlrpc-client,5.0.0,false,
Maven,org.exist-db,indexes-integration-tests,7.0.0-SNAPSHOT,com.evolvedbinary.thirdparty.org.apache.xmlrpc,xmlrpc-server,5.0.0,false,
Maven,org.exist-db,indexes-integration-tests,7.0.0-SNAPSHOT,org.aspectj,aspectjrt,1.9.25.1,false,
Maven,org.exist-db,indexes-integration-tests,7.0.0-SNAPSHOT,org.eclipse.jetty,jetty-http,12.0.35,false,
Maven,org.exist-db,indexes-integration-tests,7.0.0-SNAPSHOT,org.eclipse.jetty,jetty-io,12.0.35,false,
Maven,org.exist-db,indexes-integration-tests,7.0.0-SNAPSHOT,org.eclipse.jetty,jetty-security,12.0.35,false,
Maven,org.exist-db,indexes-integration-tests,7.0.0-SNAPSHOT,org.eclipse.jetty,jetty-server,12.0.35,false,
Maven,org.exist-db,indexes-integration-tests,7.0.0-SNAPSHOT,org.eclipse.jetty,jetty-util,12.0.35,false,
Maven,org.exist-db,indexes-integration-tests,7.0.0-SNAPSHOT,org.expath.packaging,pkg-java,2.0.1,false,
Maven,org.exist-db,indexes-integration-tests,7.0.0-SNAPSHOT,com.fifesoft,rsyntaxtextarea,3.6.2,false,
Maven,org.exist-db,indexes-integration-tests,7.0.0-SNAPSHOT,org.quartz-scheduler,quartz,2.5.2,false,
Maven,org.exist-db,indexes-integration-tests,7.0.0-SNAPSHOT,net.sf.xmldb-org,xmldb-api,2.0.0,false,
Maven,org.exist-db,indexes-integration-tests,7.0.0-SNAPSHOT,it.unimi.dsi,fastutil,8.5.18,false,
Maven,org.exist-db,indexes-integration-tests,7.0.0-SNAPSHOT,io.lacuna,bifurcan,0.2.0-rc1,false,
Maven,org.exist-db,indexes-integration-tests,7.0.0-SNAPSHOT,org.apache.ant,ant,1.10.17,false,
Maven,org.exist-db,indexes-integration-tests,7.0.0-SNAPSHOT,org.apache.ant,ant-launcher,1.10.17,false,
Maven,org.exist-db,indexes-integration-tests,7.0.0-SNAPSHOT,org.jgrapht,jgrapht-core,1.5.3,false,
Maven,org.exist-db,indexes-integration-tests,7.0.0-SNAPSHOT,org.jheaps,jheaps,0.14,false,
Maven,org.exist-db,indexes-integration-tests,7.0.0-SNAPSHOT,org.apfloat,apfloat,1.14.0,false,
Maven,org.exist-db,indexes-integration-tests,7.0.0-SNAPSHOT,org.jgrapht,jgrapht-opt,1.5.3,false,
Maven,org.exist-db,indexes-integration-tests,7.0.0-SNAPSHOT,org.hamcrest,hamcrest,3.0,false,
Maven,org.exist-db,indexes-integration-tests,7.0.0-SNAPSHOT,org.xmlunit,xmlunit-core,2.11.0,false,
Maven,org.exist-db,indexes-integration-tests,7.0.0-SNAPSHOT,org.eclipse.jetty.ee10,jetty-ee10-annotations,12.0.35,false,
Maven,org.exist-db,indexes-integration-tests,7.0.0-SNAPSHOT,jakarta.annotation,jakarta.annotation-api,2.1.1,false,
Maven,org.exist-db,indexes-integration-tests,7.0.0-SNAPSHOT,org.eclipse.jetty.ee10,jetty-ee10-plus,12.0.35,false,
Maven,org.exist-db,indexes-integration-tests,7.0.0-SNAPSHOT,jakarta.enterprise,jakarta.enterprise.cdi-api,4.0.1,false,
Maven,org.exist-db,indexes-integration-tests,7.0.0-SNAPSHOT,jakarta.el,jakarta.el-api,5.0.0,false,
Maven,org.exist-db,indexes-integration-tests,7.0.0-SNAPSHOT,jakarta.inject,jakarta.inject-api,2.0.1,false,
Maven,org.exist-db,indexes-integration-tests,7.0.0-SNAPSHOT,jakarta.enterprise,jakarta.enterprise.lang-model,4.0.1,false,
Maven,org.exist-db,indexes-integration-tests,7.0.0-SNAPSHOT,jakarta.interceptor,jakarta.interceptor-api,2.1.0,false,
Maven,org.exist-db,indexes-integration-tests,7.0.0-SNAPSHOT,jakarta.transaction,jakarta.transaction-api,2.0.1,false,
Maven,org.exist-db,indexes-integration-tests,7.0.0-SNAPSHOT,org.eclipse.jetty,jetty-jndi,12.0.35,false,
Maven,org.exist-db,indexes-integration-tests,7.0.0-SNAPSHOT,org.eclipse.jetty,jetty-plus,12.0.35,false,
Maven,org.exist-db,indexes-integration-tests,7.0.0-SNAPSHOT,org.ow2.asm,asm,9.9.1,false,
Maven,org.exist-db,indexes-integration-tests,7.0.0-SNAPSHOT,org.ow2.asm,asm-commons,9.9.1,false,
Maven,org.exist-db,indexes-integration-tests,7.0.0-SNAPSHOT,org.ow2.asm,asm-tree,9.9.1,false,
Maven,org.exist-db,indexes-integration-tests,7.0.0-SNAPSHOT,org.eclipse.jetty.ee10,jetty-ee10-servlet,12.0.35,false,
Maven,org.exist-db,indexes-integration-tests,7.0.0-SNAPSHOT,org.eclipse.jetty,jetty-session,12.0.35,false,
Maven,org.exist-db,indexes-integration-tests,7.0.0-SNAPSHOT,org.eclipse.jetty.ee10,jetty-ee10-webapp,12.0.35,false,
Maven,org.exist-db,indexes-integration-tests,7.0.0-SNAPSHOT,org.eclipse.jetty,jetty-ee,12.0.35,false,
Maven,org.exist-db,indexes-integration-tests,7.0.0-SNAPSHOT,org.eclipse.jetty,jetty-xml,12.0.35,false,
Maven,org.exist-db,indexes-integration-tests,7.0.0-SNAPSHOT,org.eclipse.jetty.ee10.websocket,jetty-ee10-websocket-jakarta-server,12.0.35,false,
Maven,org.exist-db,indexes-integration-tests,7.0.0-SNAPSHOT,jakarta.websocket,jakarta.websocket-api,2.2.0,false,
Maven,org.exist-db,indexes-integration-tests,7.0.0-SNAPSHOT,org.eclipse.jetty.ee10.websocket,jetty-ee10-websocket-jakarta-client,12.0.35,false,
Maven,org.exist-db,indexes-integration-tests,7.0.0-SNAPSHOT,jakarta.websocket,jakarta.websocket-client-api,2.2.0,false,
Maven,org.exist-db,indexes-integration-tests,7.0.0-SNAPSHOT,org.eclipse.jetty,jetty-client,12.0.35,false,
Maven,org.exist-db,indexes-integration-tests,7.0.0-SNAPSHOT,org.eclipse.jetty,jetty-alpn-client,12.0.35,false,
Maven,org.exist-db,indexes-integration-tests,7.0.0-SNAPSHOT,org.eclipse.jetty.ee10.websocket,jetty-ee10-websocket-jakarta-common,12.0.35,false,
Maven,org.exist-db,indexes-integration-tests,7.0.0-SNAPSHOT,org.eclipse.jetty.websocket,jetty-websocket-core-client,12.0.35,false,
Maven,org.exist-db,indexes-integration-tests,7.0.0-SNAPSHOT,org.eclipse.jetty.websocket,jetty-websocket-core-common,12.0.35,false,
Maven,org.exist-db,indexes-integration-tests,7.0.0-SNAPSHOT,org.eclipse.jetty.ee10.websocket,jetty-ee10-websocket-servlet,12.0.35,false,
Maven,org.exist-db,indexes-integration-tests,7.0.0-SNAPSHOT,org.eclipse.jetty.websocket,jetty-websocket-core-server,12.0.35,false,
Maven,org.exist-db,indexes-integration-tests,7.0.0-SNAPSHOT,org.exist-db,exist-index-lucene,7.0.0-SNAPSHOT,true,
Maven,org.exist-db,indexes-integration-tests,7.0.0-SNAPSHOT,org.apache.commons,commons-collections4,4.5.0,false,
Maven,org.exist-db,indexes-integration-tests,7.0.0-SNAPSHOT,org.apache.lucene,lucene-core,10.4.0,true,
Maven,org.exist-db,indexes-integration-tests,7.0.0-SNAPSHOT,org.apache.lucene,lucene-analysis-common,10.4.0,true,
Maven,org.exist-db,indexes-integration-tests,7.0.0-SNAPSHOT,org.apache.lucene,lucene-analysis-icu,10.4.0,true,
Maven,org.exist-db,indexes-integration-tests,7.0.0-SNAPSHOT,org.apache.lucene,lucene-facet,10.4.0,true,
Maven,org.exist-db,indexes-integration-tests,7.0.0-SNAPSHOT,org.apache.lucene,lucene-queries,10.4.0,true,
Maven,org.exist-db,indexes-integration-tests,7.0.0-SNAPSHOT,org.apache.lucene,lucene-queryparser,10.4.0,true,
Maven,org.exist-db,indexes-integration-tests,7.0.0-SNAPSHOT,org.apache.lucene,lucene-sandbox,10.4.0,false,
Maven,org.exist-db,indexes-integration-tests,7.0.0-SNAPSHOT,org.exist-db,exist-index-ngram,7.0.0-SNAPSHOT,true,
Maven,org.exist-db,indexes-integration-tests,7.0.0-SNAPSHOT,junit,junit,4.13.2,true,
Maven,org.exist-db,exist-vector-integration-test,7.0.0-SNAPSHOT,org.exist-db,exist-core,7.0.0-SNAPSHOT,true,
Maven,org.exist-db,exist-vector-integration-test,7.0.0-SNAPSHOT,net.jcip,jcip-annotations,1.0,false,
Maven,org.exist-db,exist-vector-integration-test,7.0.0-SNAPSHOT,antlr,antlr,2.7.7,false,
Maven,org.exist-db,exist-vector-integration-test,7.0.0-SNAPSHOT,com.fasterxml.jackson.core,jackson-core,2.21.3,false,
Maven,org.exist-db,exist-vector-integration-test,7.0.0-SNAPSHOT,com.evolvedbinary.multilock,multilock,1.0.1,false,
Maven,org.exist-db,exist-vector-integration-test,7.0.0-SNAPSHOT,com.github.ben-manes.caffeine,caffeine,3.2.4,false,
Maven,org.exist-db,exist-vector-integration-test,7.0.0-SNAPSHOT,org.jspecify,jspecify,1.0.0,false,
Maven,org.exist-db,exist-vector-integration-test,7.0.0-SNAPSHOT,com.google.errorprone,error_prone_annotations,2.49.0,false,
Maven,org.exist-db,exist-vector-integration-test,7.0.0-SNAPSHOT,com.github.krukow,clj-ds,0.0.4,false,
Maven,org.exist-db,exist-vector-integration-test,7.0.0-SNAPSHOT,com.siemens.ct.exi,exificient,1.0.7,false,
Maven,org.exist-db,exist-vector-integration-test,7.0.0-SNAPSHOT,org.slf4j,slf4j-api,2.0.18,false,
Maven,org.exist-db,exist-vector-integration-test,7.0.0-SNAPSHOT,xmlpull,xmlpull,1.1.3.1,false,
Maven,org.exist-db,exist-vector-integration-test,7.0.0-SNAPSHOT,javax.activation,activation,1.1.1,false,
Maven,org.exist-db,exist-vector-integration-test,7.0.0-SNAPSHOT,com.siemens.ct.exi,exificient-grammars,1.0.7,false,
Maven,org.exist-db,exist-vector-integration-test,7.0.0-SNAPSHOT,com.siemens.ct.exi,exificient-core,1.0.7,false,
Maven,org.exist-db,exist-vector-integration-test,7.0.0-SNAPSHOT,com.ibm.icu,icu4j,76.1,false,
Maven,org.exist-db,exist-vector-integration-test,7.0.0-SNAPSHOT,com.google.code.findbugs,jsr305,3.0.2,false,
Maven,org.exist-db,exist-vector-integration-test,7.0.0-SNAPSHOT,org.relaxng,jing,20241231,false,
Maven,org.exist-db,exist-vector-integration-test,7.0.0-SNAPSHOT,isorelax,isorelax,20030108,false,
Maven,org.exist-db,exist-vector-integration-test,7.0.0-SNAPSHOT,org.exist-db,exist-start,7.0.0-SNAPSHOT,false,
Maven,org.exist-db,exist-vector-integration-test,7.0.0-SNAPSHOT,org.exquery,exquery-common,0.2.1,false,
Maven,org.exist-db,exist-vector-integration-test,7.0.0-SNAPSHOT,org.bouncycastle,bcprov-jdk18on,1.84,false,
Maven,org.exist-db,exist-vector-integration-test,7.0.0-SNAPSHOT,at.yawk.lz4,lz4-java,1.11.0,false,
Maven,org.exist-db,exist-vector-integration-test,7.0.0-SNAPSHOT,com.evolvedbinary.j8fu,j8fu,1.24.0,false,
Maven,org.exist-db,exist-vector-integration-test,7.0.0-SNAPSHOT,com.fasterxml.uuid,java-uuid-generator,5.2.0,false,
Maven,org.exist-db,exist-vector-integration-test,7.0.0-SNAPSHOT,jakarta.servlet,jakarta.servlet-api,6.0.0,false,
Maven,org.exist-db,exist-vector-integration-test,7.0.0-SNAPSHOT,jakarta.xml.bind,jakarta.xml.bind-api,4.0.5,false,
Maven,org.exist-db,exist-vector-integration-test,7.0.0-SNAPSHOT,jakarta.activation,jakarta.activation-api,2.1.4,false,
Maven,org.exist-db,exist-vector-integration-test,7.0.0-SNAPSHOT,org.eclipse.angus,angus-activation,2.0.3,false,
Maven,org.exist-db,exist-vector-integration-test,7.0.0-SNAPSHOT,org.glassfish.jaxb,jaxb-runtime,4.0.2,false,
Maven,org.exist-db,exist-vector-integration-test,7.0.0-SNAPSHOT,org.glassfish.jaxb,jaxb-core,4.0.2,false,
Maven,org.exist-db,exist-vector-integration-test,7.0.0-SNAPSHOT,org.glassfish.jaxb,txw2,4.0.2,false,
Maven,org.exist-db,exist-vector-integration-test,7.0.0-SNAPSHOT,com.sun.istack,istack-commons-runtime,4.1.1,false,
Maven,org.exist-db,exist-vector-integration-test,7.0.0-SNAPSHOT,org.exist-db.thirdparty.javax.xml.xquery,xqjri,20080114-133351,false,
Maven,org.exist-db,exist-vector-integration-test,7.0.0-SNAPSHOT,org.jline,jline,4.1.0,false,
Maven,org.exist-db,exist-vector-integration-test,7.0.0-SNAPSHOT,org.jline,jansi,4.1.0,false,
Maven,org.exist-db,exist-vector-integration-test,7.0.0-SNAPSHOT,net.bytebuddy,byte-buddy,1.18.8,false,
Maven,org.exist-db,exist-vector-integration-test,7.0.0-SNAPSHOT,se.softhouse,jargo,0.4.14,false,
Maven,org.exist-db,exist-vector-integration-test,7.0.0-SNAPSHOT,commons-codec,commons-codec,1.22.0,false,
Maven,org.exist-db,exist-vector-integration-test,7.0.0-SNAPSHOT,commons-io,commons-io,2.22.0,false,
Maven,org.exist-db,exist-vector-integration-test,7.0.0-SNAPSHOT,org.apache.commons,commons-lang3,3.20.0,false,
Maven,org.exist-db,exist-vector-integration-test,7.0.0-SNAPSHOT,commons-logging,commons-logging,1.3.6,false,
Maven,org.exist-db,exist-vector-integration-test,7.0.0-SNAPSHOT,org.apache.commons,commons-pool2,2.13.1,false,
Maven,org.exist-db,exist-vector-integration-test,7.0.0-SNAPSHOT,org.apache.logging.log4j,log4j-api,2.26.0,false,
Maven,org.exist-db,exist-vector-integration-test,7.0.0-SNAPSHOT,org.apache.logging.log4j,log4j-core,2.26.0,false,
Maven,org.exist-db,exist-vector-integration-test,7.0.0-SNAPSHOT,org.apache.logging.log4j,log4j-jcl,2.26.0,false,
Maven,org.exist-db,exist-vector-integration-test,7.0.0-SNAPSHOT,org.apache.logging.log4j,log4j-jul,2.26.0,false,
Maven,org.exist-db,exist-vector-integration-test,7.0.0-SNAPSHOT,org.apache.logging.log4j,log4j-slf4j2-impl,2.26.0,false,
Maven,org.exist-db,exist-vector-integration-test,7.0.0-SNAPSHOT,org.exist-db.thirdparty.xerces,xercesImpl,2.12.2,false,
Maven,org.exist-db,exist-vector-integration-test,7.0.0-SNAPSHOT,org.codelibs,nekohtml,2.1.3,false,
Maven,org.exist-db,exist-vector-integration-test,7.0.0-SNAPSHOT,org.apache.ws.commons.util,ws-commons-util,1.0.2,false,
Maven,org.exist-db,exist-vector-integration-test,7.0.0-SNAPSHOT,xml-resolver,xml-resolver,1.2,false,
Maven,org.exist-db,exist-vector-integration-test,7.0.0-SNAPSHOT,org.xmlresolver,xmlresolver,6.0.23,false,
Maven,org.exist-db,exist-vector-integration-test,7.0.0-SNAPSHOT,org.exist-db.thirdparty.org.eclipse.wst.xml,xpath2,1.2.0,false,
Maven,org.exist-db,exist-vector-integration-test,7.0.0-SNAPSHOT,edu.princeton.cup,java-cup,10k,false,
Maven,org.exist-db,exist-vector-integration-test,7.0.0-SNAPSHOT,net.sf.saxon,Saxon-HE,9.9.1-8,false,
Maven,org.exist-db,exist-vector-integration-test,7.0.0-SNAPSHOT,org.exist-db,exist-saxon-regex,9.4.0-9.e1,false,
Maven,org.exist-db,exist-vector-integration-test,7.0.0-SNAPSHOT,com.evolvedbinary.thirdparty.org.apache.xmlrpc,xmlrpc-common,5.0.0,false,
Maven,org.exist-db,exist-vector-integration-test,7.0.0-SNAPSHOT,com.evolvedbinary.thirdparty.org.apache.xmlrpc,xmlrpc-client,5.0.0,false,
Maven,org.exist-db,exist-vector-integration-test,7.0.0-SNAPSHOT,com.evolvedbinary.thirdparty.org.apache.xmlrpc,xmlrpc-server,5.0.0,false,
Maven,org.exist-db,exist-vector-integration-test,7.0.0-SNAPSHOT,org.aspectj,aspectjrt,1.9.25.1,false,
Maven,org.exist-db,exist-vector-integration-test,7.0.0-SNAPSHOT,org.eclipse.jetty,jetty-http,12.0.35,false,
Maven,org.exist-db,exist-vector-integration-test,7.0.0-SNAPSHOT,org.eclipse.jetty,jetty-io,12.0.35,false,
Maven,org.exist-db,exist-vector-integration-test,7.0.0-SNAPSHOT,org.eclipse.jetty,jetty-security,12.0.35,false,
Maven,org.exist-db,exist-vector-integration-test,7.0.0-SNAPSHOT,org.eclipse.jetty,jetty-server,12.0.35,false,
Maven,org.exist-db,exist-vector-integration-test,7.0.0-SNAPSHOT,org.eclipse.jetty,jetty-util,12.0.35,false,
Maven,org.exist-db,exist-vector-integration-test,7.0.0-SNAPSHOT,org.expath.packaging,pkg-java,2.0.1,false,
Maven,org.exist-db,exist-vector-integration-test,7.0.0-SNAPSHOT,com.fifesoft,rsyntaxtextarea,3.6.2,false,
Maven,org.exist-db,exist-vector-integration-test,7.0.0-SNAPSHOT,org.quartz-scheduler,quartz,2.5.2,false,
Maven,org.exist-db,exist-vector-integration-test,7.0.0-SNAPSHOT,net.sf.xmldb-org,xmldb-api,2.0.0,false,
Maven,org.exist-db,exist-vector-integration-test,7.0.0-SNAPSHOT,it.unimi.dsi,fastutil,8.5.18,false,
Maven,org.exist-db,exist-vector-integration-test,7.0.0-SNAPSHOT,io.lacuna,bifurcan,0.2.0-rc1,false,
Maven,org.exist-db,exist-vector-integration-test,7.0.0-SNAPSHOT,org.apache.ant,ant,1.10.17,false,
Maven,org.exist-db,exist-vector-integration-test,7.0.0-SNAPSHOT,org.apache.ant,ant-launcher,1.10.17,false,
Maven,org.exist-db,exist-vector-integration-test,7.0.0-SNAPSHOT,org.jgrapht,jgrapht-core,1.5.3,false,
Maven,org.exist-db,exist-vector-integration-test,7.0.0-SNAPSHOT,org.jheaps,jheaps,0.14,false,
Maven,org.exist-db,exist-vector-integration-test,7.0.0-SNAPSHOT,org.apfloat,apfloat,1.14.0,false,
Maven,org.exist-db,exist-vector-integration-test,7.0.0-SNAPSHOT,org.jgrapht,jgrapht-opt,1.5.3,false,
Maven,org.exist-db,exist-vector-integration-test,7.0.0-SNAPSHOT,org.hamcrest,hamcrest,3.0,false,
Maven,org.exist-db,exist-vector-integration-test,7.0.0-SNAPSHOT,org.xmlunit,xmlunit-core,2.11.0,false,
Maven,org.exist-db,exist-vector-integration-test,7.0.0-SNAPSHOT,org.eclipse.jetty.ee10,jetty-ee10-annotations,12.0.35,false,
Maven,org.exist-db,exist-vector-integration-test,7.0.0-SNAPSHOT,jakarta.annotation,jakarta.annotation-api,2.1.1,false,
Maven,org.exist-db,exist-vector-integration-test,7.0.0-SNAPSHOT,org.eclipse.jetty.ee10,jetty-ee10-plus,12.0.35,false,
Maven,org.exist-db,exist-vector-integration-test,7.0.0-SNAPSHOT,jakarta.enterprise,jakarta.enterprise.cdi-api,4.0.1,false,
Maven,org.exist-db,exist-vector-integration-test,7.0.0-SNAPSHOT,jakarta.el,jakarta.el-api,5.0.0,false,
Maven,org.exist-db,exist-vector-integration-test,7.0.0-SNAPSHOT,jakarta.inject,jakarta.inject-api,2.0.1,false,
Maven,org.exist-db,exist-vector-integration-test,7.0.0-SNAPSHOT,jakarta.enterprise,jakarta.enterprise.lang-model,4.0.1,false,
Maven,org.exist-db,exist-vector-integration-test,7.0.0-SNAPSHOT,jakarta.interceptor,jakarta.interceptor-api,2.1.0,false,
Maven,org.exist-db,exist-vector-integration-test,7.0.0-SNAPSHOT,jakarta.transaction,jakarta.transaction-api,2.0.1,false,
Maven,org.exist-db,exist-vector-integration-test,7.0.0-SNAPSHOT,org.eclipse.jetty,jetty-jndi,12.0.35,false,
Maven,org.exist-db,exist-vector-integration-test,7.0.0-SNAPSHOT,org.eclipse.jetty,jetty-plus,12.0.35,false,
Maven,org.exist-db,exist-vector-integration-test,7.0.0-SNAPSHOT,org.ow2.asm,asm,9.9.1,false,
Maven,org.exist-db,exist-vector-integration-test,7.0.0-SNAPSHOT,org.ow2.asm,asm-commons,9.9.1,false,
Maven,org.exist-db,exist-vector-integration-test,7.0.0-SNAPSHOT,org.ow2.asm,asm-tree,9.9.1,false,
Maven,org.exist-db,exist-vector-integration-test,7.0.0-SNAPSHOT,org.eclipse.jetty.ee10,jetty-ee10-servlet,12.0.35,false,
Maven,org.exist-db,exist-vector-integration-test,7.0.0-SNAPSHOT,org.eclipse.jetty,jetty-session,12.0.35,false,
Maven,org.exist-db,exist-vector-integration-test,7.0.0-SNAPSHOT,org.eclipse.jetty.ee10,jetty-ee10-webapp,12.0.35,false,
Maven,org.exist-db,exist-vector-integration-test,7.0.0-SNAPSHOT,org.eclipse.jetty,jetty-ee,12.0.35,false,
Maven,org.exist-db,exist-vector-integration-test,7.0.0-SNAPSHOT,org.eclipse.jetty,jetty-xml,12.0.35,false,
Maven,org.exist-db,exist-vector-integration-test,7.0.0-SNAPSHOT,org.eclipse.jetty.ee10.websocket,jetty-ee10-websocket-jakarta-server,12.0.35,false,
Maven,org.exist-db,exist-vector-integration-test,7.0.0-SNAPSHOT,jakarta.websocket,jakarta.websocket-api,2.2.0,false,
Maven,org.exist-db,exist-vector-integration-test,7.0.0-SNAPSHOT,org.eclipse.jetty.ee10.websocket,jetty-ee10-websocket-jakarta-client,12.0.35,false,
Maven,org.exist-db,exist-vector-integration-test,7.0.0-SNAPSHOT,jakarta.websocket,jakarta.websocket-client-api,2.2.0,false,
Maven,org.exist-db,exist-vector-integration-test,7.0.0-SNAPSHOT,org.eclipse.jetty,jetty-client,12.0.35,false,
Maven,org.exist-db,exist-vector-integration-test,7.0.0-SNAPSHOT,org.eclipse.jetty,jetty-alpn-client,12.0.35,false,
Maven,org.exist-db,exist-vector-integration-test,7.0.0-SNAPSHOT,org.eclipse.jetty.ee10.websocket,jetty-ee10-websocket-jakarta-common,12.0.35,false,
Maven,org.exist-db,exist-vector-integration-test,7.0.0-SNAPSHOT,org.eclipse.jetty.websocket,jetty-websocket-core-client,12.0.35,false,
Maven,org.exist-db,exist-vector-integration-test,7.0.0-SNAPSHOT,org.eclipse.jetty.websocket,jetty-websocket-core-common,12.0.35,false,
Maven,org.exist-db,exist-vector-integration-test,7.0.0-SNAPSHOT,org.eclipse.jetty.ee10.websocket,jetty-ee10-websocket-servlet,12.0.35,false,
Maven,org.exist-db,exist-vector-integration-test,7.0.0-SNAPSHOT,org.eclipse.jetty.websocket,jetty-websocket-core-server,12.0.35,false,
Maven,org.exist-db,exist-vector-integration-test,7.0.0-SNAPSHOT,org.exist-db,exist-index-lucene,7.0.0-SNAPSHOT,true,
Maven,org.exist-db,exist-vector-integration-test,7.0.0-SNAPSHOT,org.apache.commons,commons-collections4,4.5.0,false,
Maven,org.exist-db,exist-vector-integration-test,7.0.0-SNAPSHOT,org.exist-db,exist-vector,7.0.0-SNAPSHOT,true,
Maven,org.exist-db,exist-vector-integration-test,7.0.0-SNAPSHOT,com.microsoft.onnxruntime,onnxruntime,1.26.0,false,
Maven,org.exist-db,exist-vector-integration-test,7.0.0-SNAPSHOT,ai.djl.huggingface,tokenizers,0.36.0,false,
Maven,org.exist-db,exist-vector-integration-test,7.0.0-SNAPSHOT,ai.djl,api,0.36.0,false,
Maven,org.exist-db,exist-vector-integration-test,7.0.0-SNAPSHOT,com.google.code.gson,gson,2.13.1,false,
Maven,org.exist-db,exist-vector-integration-test,7.0.0-SNAPSHOT,net.java.dev.jna,jna,5.17.0,false,
Maven,org.exist-db,exist-vector-integration-test,7.0.0-SNAPSHOT,org.apache.commons,commons-compress,1.27.1,false,
Maven,org.exist-db,exist-vector-integration-test,7.0.0-SNAPSHOT,com.fasterxml.jackson.core,jackson-databind,2.21.3,false,
Maven,org.exist-db,exist-vector-integration-test,7.0.0-SNAPSHOT,com.fasterxml.jackson.core,jackson-annotations,2.21,false,
Maven,org.exist-db,exist-vector-integration-test,7.0.0-SNAPSHOT,org.apache.lucene,lucene-core,10.4.0,true,
Maven,org.exist-db,exist-vector-integration-test,7.0.0-SNAPSHOT,org.apache.lucene,lucene-analysis-common,10.4.0,true,
Maven,org.exist-db,exist-vector-integration-test,7.0.0-SNAPSHOT,org.apache.lucene,lucene-analysis-icu,10.4.0,true,
Maven,org.exist-db,exist-vector-integration-test,7.0.0-SNAPSHOT,org.apache.lucene,lucene-facet,10.4.0,true,
Maven,org.exist-db,exist-vector-integration-test,7.0.0-SNAPSHOT,org.apache.lucene,lucene-queries,10.4.0,true,
Maven,org.exist-db,exist-vector-integration-test,7.0.0-SNAPSHOT,org.apache.lucene,lucene-queryparser,10.4.0,true,
Maven,org.exist-db,exist-vector-integration-test,7.0.0-SNAPSHOT,org.apache.lucene,lucene-sandbox,10.4.0,false,
Maven,org.exist-db,exist-vector-integration-test,7.0.0-SNAPSHOT,junit,junit,4.13.2,true,
Maven,org.exist-db,exist-example,7.0.0-SNAPSHOT,org.exist-db,exist-core,7.0.0-SNAPSHOT,true,
Maven,org.exist-db,exist-example,7.0.0-SNAPSHOT,net.jcip,jcip-annotations,1.0,false,
Maven,org.exist-db,exist-example,7.0.0-SNAPSHOT,antlr,antlr,2.7.7,false,
Maven,org.exist-db,exist-example,7.0.0-SNAPSHOT,com.fasterxml.jackson.core,jackson-core,2.21.3,false,
Maven,org.exist-db,exist-example,7.0.0-SNAPSHOT,com.evolvedbinary.multilock,multilock,1.0.1,false,
Maven,org.exist-db,exist-example,7.0.0-SNAPSHOT,com.github.ben-manes.caffeine,caffeine,3.2.4,false,
Maven,org.exist-db,exist-example,7.0.0-SNAPSHOT,org.jspecify,jspecify,1.0.0,false,
Maven,org.exist-db,exist-example,7.0.0-SNAPSHOT,com.google.errorprone,error_prone_annotations,2.49.0,false,
Maven,org.exist-db,exist-example,7.0.0-SNAPSHOT,com.github.krukow,clj-ds,0.0.4,false,
Maven,org.exist-db,exist-example,7.0.0-SNAPSHOT,com.siemens.ct.exi,exificient,1.0.7,false,
Maven,org.exist-db,exist-example,7.0.0-SNAPSHOT,org.slf4j,slf4j-api,2.0.18,false,
Maven,org.exist-db,exist-example,7.0.0-SNAPSHOT,xmlpull,xmlpull,1.1.3.1,false,
Maven,org.exist-db,exist-example,7.0.0-SNAPSHOT,javax.activation,activation,1.1.1,false,
Maven,org.exist-db,exist-example,7.0.0-SNAPSHOT,com.siemens.ct.exi,exificient-grammars,1.0.7,false,
Maven,org.exist-db,exist-example,7.0.0-SNAPSHOT,com.siemens.ct.exi,exificient-core,1.0.7,false,
Maven,org.exist-db,exist-example,7.0.0-SNAPSHOT,com.ibm.icu,icu4j,76.1,false,
Maven,org.exist-db,exist-example,7.0.0-SNAPSHOT,com.google.code.findbugs,jsr305,3.0.2,false,
Maven,org.exist-db,exist-example,7.0.0-SNAPSHOT,org.relaxng,jing,20241231,false,
Maven,org.exist-db,exist-example,7.0.0-SNAPSHOT,isorelax,isorelax,20030108,false,
Maven,org.exist-db,exist-example,7.0.0-SNAPSHOT,org.exist-db,exist-start,7.0.0-SNAPSHOT,false,
Maven,org.exist-db,exist-example,7.0.0-SNAPSHOT,org.exquery,exquery-common,0.2.1,false,
Maven,org.exist-db,exist-example,7.0.0-SNAPSHOT,org.bouncycastle,bcprov-jdk18on,1.84,false,
Maven,org.exist-db,exist-example,7.0.0-SNAPSHOT,at.yawk.lz4,lz4-java,1.11.0,false,
Maven,org.exist-db,exist-example,7.0.0-SNAPSHOT,com.evolvedbinary.j8fu,j8fu,1.24.0,false,
Maven,org.exist-db,exist-example,7.0.0-SNAPSHOT,com.fasterxml.uuid,java-uuid-generator,5.2.0,false,
Maven,org.exist-db,exist-example,7.0.0-SNAPSHOT,jakarta.servlet,jakarta.servlet-api,6.0.0,false,
Maven,org.exist-db,exist-example,7.0.0-SNAPSHOT,jakarta.xml.bind,jakarta.xml.bind-api,4.0.5,false,
Maven,org.exist-db,exist-example,7.0.0-SNAPSHOT,jakarta.activation,jakarta.activation-api,2.1.4,false,
Maven,org.exist-db,exist-example,7.0.0-SNAPSHOT,org.eclipse.angus,angus-activation,2.0.3,false,
Maven,org.exist-db,exist-example,7.0.0-SNAPSHOT,org.glassfish.jaxb,jaxb-runtime,4.0.2,false,
Maven,org.exist-db,exist-example,7.0.0-SNAPSHOT,org.glassfish.jaxb,jaxb-core,4.0.2,false,
Maven,org.exist-db,exist-example,7.0.0-SNAPSHOT,org.glassfish.jaxb,txw2,4.0.2,false,
Maven,org.exist-db,exist-example,7.0.0-SNAPSHOT,com.sun.istack,istack-commons-runtime,4.1.1,false,
Maven,org.exist-db,exist-example,7.0.0-SNAPSHOT,org.exist-db.thirdparty.javax.xml.xquery,xqjri,20080114-133351,false,
Maven,org.exist-db,exist-example,7.0.0-SNAPSHOT,org.jline,jline,4.1.0,false,
Maven,org.exist-db,exist-example,7.0.0-SNAPSHOT,org.jline,jansi,4.1.0,false,
Maven,org.exist-db,exist-example,7.0.0-SNAPSHOT,net.bytebuddy,byte-buddy,1.18.8,false,
Maven,org.exist-db,exist-example,7.0.0-SNAPSHOT,se.softhouse,jargo,0.4.14,false,
Maven,org.exist-db,exist-example,7.0.0-SNAPSHOT,commons-codec,commons-codec,1.22.0,false,
Maven,org.exist-db,exist-example,7.0.0-SNAPSHOT,commons-io,commons-io,2.22.0,false,
Maven,org.exist-db,exist-example,7.0.0-SNAPSHOT,org.apache.commons,commons-lang3,3.20.0,false,
Maven,org.exist-db,exist-example,7.0.0-SNAPSHOT,commons-logging,commons-logging,1.3.6,false,
Maven,org.exist-db,exist-example,7.0.0-SNAPSHOT,org.apache.commons,commons-pool2,2.13.1,false,
Maven,org.exist-db,exist-example,7.0.0-SNAPSHOT,org.apache.logging.log4j,log4j-core,2.26.0,false,
Maven,org.exist-db,exist-example,7.0.0-SNAPSHOT,org.apache.logging.log4j,log4j-jcl,2.26.0,false,
Maven,org.exist-db,exist-example,7.0.0-SNAPSHOT,org.apache.logging.log4j,log4j-jul,2.26.0,false,
Maven,org.exist-db,exist-example,7.0.0-SNAPSHOT,org.apache.logging.log4j,log4j-slf4j2-impl,2.26.0,false,
Maven,org.exist-db,exist-example,7.0.0-SNAPSHOT,org.exist-db.thirdparty.xerces,xercesImpl,2.12.2,false,
Maven,org.exist-db,exist-example,7.0.0-SNAPSHOT,org.codelibs,nekohtml,2.1.3,false,
Maven,org.exist-db,exist-example,7.0.0-SNAPSHOT,org.apache.ws.commons.util,ws-commons-util,1.0.2,false,
Maven,org.exist-db,exist-example,7.0.0-SNAPSHOT,xml-resolver,xml-resolver,1.2,false,
Maven,org.exist-db,exist-example,7.0.0-SNAPSHOT,org.xmlresolver,xmlresolver,6.0.23,false,
Maven,org.exist-db,exist-example,7.0.0-SNAPSHOT,org.exist-db.thirdparty.org.eclipse.wst.xml,xpath2,1.2.0,false,
Maven,org.exist-db,exist-example,7.0.0-SNAPSHOT,edu.princeton.cup,java-cup,10k,false,
Maven,org.exist-db,exist-example,7.0.0-SNAPSHOT,net.sf.saxon,Saxon-HE,9.9.1-8,false,
Maven,org.exist-db,exist-example,7.0.0-SNAPSHOT,org.exist-db,exist-saxon-regex,9.4.0-9.e1,false,
Maven,org.exist-db,exist-example,7.0.0-SNAPSHOT,com.evolvedbinary.thirdparty.org.apache.xmlrpc,xmlrpc-common,5.0.0,false,
Maven,org.exist-db,exist-example,7.0.0-SNAPSHOT,com.evolvedbinary.thirdparty.org.apache.xmlrpc,xmlrpc-client,5.0.0,false,
Maven,org.exist-db,exist-example,7.0.0-SNAPSHOT,com.evolvedbinary.thirdparty.org.apache.xmlrpc,xmlrpc-server,5.0.0,false,
Maven,org.exist-db,exist-example,7.0.0-SNAPSHOT,org.aspectj,aspectjrt,1.9.25.1,false,
Maven,org.exist-db,exist-example,7.0.0-SNAPSHOT,org.eclipse.jetty,jetty-http,12.0.35,false,
Maven,org.exist-db,exist-example,7.0.0-SNAPSHOT,org.eclipse.jetty,jetty-io,12.0.35,false,
Maven,org.exist-db,exist-example,7.0.0-SNAPSHOT,org.eclipse.jetty,jetty-security,12.0.35,false,
Maven,org.exist-db,exist-example,7.0.0-SNAPSHOT,org.eclipse.jetty,jetty-server,12.0.35,false,
Maven,org.exist-db,exist-example,7.0.0-SNAPSHOT,org.eclipse.jetty,jetty-util,12.0.35,false,
Maven,org.exist-db,exist-example,7.0.0-SNAPSHOT,org.expath.packaging,pkg-java,2.0.1,false,
Maven,org.exist-db,exist-example,7.0.0-SNAPSHOT,com.fifesoft,rsyntaxtextarea,3.6.2,false,
Maven,org.exist-db,exist-example,7.0.0-SNAPSHOT,org.quartz-scheduler,quartz,2.5.2,false,
Maven,org.exist-db,exist-example,7.0.0-SNAPSHOT,net.sf.xmldb-org,xmldb-api,2.0.0,false,
Maven,org.exist-db,exist-example,7.0.0-SNAPSHOT,it.unimi.dsi,fastutil,8.5.18,false,
Maven,org.exist-db,exist-example,7.0.0-SNAPSHOT,io.lacuna,bifurcan,0.2.0-rc1,false,
Maven,org.exist-db,exist-example,7.0.0-SNAPSHOT,org.apache.ant,ant,1.10.17,false,
Maven,org.exist-db,exist-example,7.0.0-SNAPSHOT,org.apache.ant,ant-launcher,1.10.17,false,
Maven,org.exist-db,exist-example,7.0.0-SNAPSHOT,org.jgrapht,jgrapht-core,1.5.3,false,
Maven,org.exist-db,exist-example,7.0.0-SNAPSHOT,org.jheaps,jheaps,0.14,false,
Maven,org.exist-db,exist-example,7.0.0-SNAPSHOT,org.apfloat,apfloat,1.14.0,false,
Maven,org.exist-db,exist-example,7.0.0-SNAPSHOT,org.jgrapht,jgrapht-opt,1.5.3,false,
Maven,org.exist-db,exist-example,7.0.0-SNAPSHOT,junit,junit,4.13.2,false,
Maven,org.exist-db,exist-example,7.0.0-SNAPSHOT,org.hamcrest,hamcrest,3.0,false,
Maven,org.exist-db,exist-example,7.0.0-SNAPSHOT,org.xmlunit,xmlunit-core,2.11.0,false,
Maven,org.exist-db,exist-example,7.0.0-SNAPSHOT,org.eclipse.jetty.ee10,jetty-ee10-annotations,12.0.35,false,
Maven,org.exist-db,exist-example,7.0.0-SNAPSHOT,jakarta.annotation,jakarta.annotation-api,2.1.1,false,
Maven,org.exist-db,exist-example,7.0.0-SNAPSHOT,org.eclipse.jetty.ee10,jetty-ee10-plus,12.0.35,false,
Maven,org.exist-db,exist-example,7.0.0-SNAPSHOT,jakarta.enterprise,jakarta.enterprise.cdi-api,4.0.1,false,
Maven,org.exist-db,exist-example,7.0.0-SNAPSHOT,jakarta.el,jakarta.el-api,5.0.0,false,
Maven,org.exist-db,exist-example,7.0.0-SNAPSHOT,jakarta.inject,jakarta.inject-api,2.0.1,false,
Maven,org.exist-db,exist-example,7.0.0-SNAPSHOT,jakarta.enterprise,jakarta.enterprise.lang-model,4.0.1,false,
Maven,org.exist-db,exist-example,7.0.0-SNAPSHOT,jakarta.interceptor,jakarta.interceptor-api,2.1.0,false,
Maven,org.exist-db,exist-example,7.0.0-SNAPSHOT,jakarta.transaction,jakarta.transaction-api,2.0.1,false,
Maven,org.exist-db,exist-example,7.0.0-SNAPSHOT,org.eclipse.jetty,jetty-jndi,12.0.35,false,
Maven,org.exist-db,exist-example,7.0.0-SNAPSHOT,org.eclipse.jetty,jetty-plus,12.0.35,false,
Maven,org.exist-db,exist-example,7.0.0-SNAPSHOT,org.ow2.asm,asm,9.9.1,false,
Maven,org.exist-db,exist-example,7.0.0-SNAPSHOT,org.ow2.asm,asm-commons,9.9.1,false,
Maven,org.exist-db,exist-example,7.0.0-SNAPSHOT,org.ow2.asm,asm-tree,9.9.1,false,
Maven,org.exist-db,exist-example,7.0.0-SNAPSHOT,org.eclipse.jetty.ee10,jetty-ee10-servlet,12.0.35,false,
Maven,org.exist-db,exist-example,7.0.0-SNAPSHOT,org.eclipse.jetty,jetty-session,12.0.35,false,
Maven,org.exist-db,exist-example,7.0.0-SNAPSHOT,org.eclipse.jetty.ee10,jetty-ee10-webapp,12.0.35,false,
Maven,org.exist-db,exist-example,7.0.0-SNAPSHOT,org.eclipse.jetty,jetty-ee,12.0.35,false,
Maven,org.exist-db,exist-example,7.0.0-SNAPSHOT,org.eclipse.jetty,jetty-xml,12.0.35,false,
Maven,org.exist-db,exist-example,7.0.0-SNAPSHOT,org.eclipse.jetty.ee10.websocket,jetty-ee10-websocket-jakarta-server,12.0.35,false,
Maven,org.exist-db,exist-example,7.0.0-SNAPSHOT,jakarta.websocket,jakarta.websocket-api,2.2.0,false,
Maven,org.exist-db,exist-example,7.0.0-SNAPSHOT,org.eclipse.jetty.ee10.websocket,jetty-ee10-websocket-jakarta-client,12.0.35,false,
Maven,org.exist-db,exist-example,7.0.0-SNAPSHOT,jakarta.websocket,jakarta.websocket-client-api,2.2.0,false,
Maven,org.exist-db,exist-example,7.0.0-SNAPSHOT,org.eclipse.jetty,jetty-client,12.0.35,false,
Maven,org.exist-db,exist-example,7.0.0-SNAPSHOT,org.eclipse.jetty,jetty-alpn-client,12.0.35,false,
Maven,org.exist-db,exist-example,7.0.0-SNAPSHOT,org.eclipse.jetty.ee10.websocket,jetty-ee10-websocket-jakarta-common,12.0.35,false,
Maven,org.exist-db,exist-example,7.0.0-SNAPSHOT,org.eclipse.jetty.websocket,jetty-websocket-core-client,12.0.35,false,
Maven,org.exist-db,exist-example,7.0.0-SNAPSHOT,org.eclipse.jetty.websocket,jetty-websocket-core-common,12.0.35,false,
Maven,org.exist-db,exist-example,7.0.0-SNAPSHOT,org.eclipse.jetty.ee10.websocket,jetty-ee10-websocket-servlet,12.0.35,false,
Maven,org.exist-db,exist-example,7.0.0-SNAPSHOT,org.eclipse.jetty.websocket,jetty-websocket-core-server,12.0.35,false,
Maven,org.exist-db,exist-example,7.0.0-SNAPSHOT,org.apache.logging.log4j,log4j-api,2.26.0,true,
Maven,org.exist-db,exist-exi,7.0.0-SNAPSHOT,org.exist-db,exist-core,7.0.0-SNAPSHOT,true,
Maven,org.exist-db,exist-exi,7.0.0-SNAPSHOT,net.jcip,jcip-annotations,1.0,false,
Maven,org.exist-db,exist-exi,7.0.0-SNAPSHOT,antlr,antlr,2.7.7,false,
Maven,org.exist-db,exist-exi,7.0.0-SNAPSHOT,com.fasterxml.jackson.core,jackson-core,2.21.3,false,
Maven,org.exist-db,exist-exi,7.0.0-SNAPSHOT,com.evolvedbinary.multilock,multilock,1.0.1,false,
Maven,org.exist-db,exist-exi,7.0.0-SNAPSHOT,com.github.ben-manes.caffeine,caffeine,3.2.4,false,
Maven,org.exist-db,exist-exi,7.0.0-SNAPSHOT,org.jspecify,jspecify,1.0.0,false,
Maven,org.exist-db,exist-exi,7.0.0-SNAPSHOT,com.google.errorprone,error_prone_annotations,2.49.0,false,
Maven,org.exist-db,exist-exi,7.0.0-SNAPSHOT,com.github.krukow,clj-ds,0.0.4,false,
Maven,org.exist-db,exist-exi,7.0.0-SNAPSHOT,com.ibm.icu,icu4j,76.1,false,
Maven,org.exist-db,exist-exi,7.0.0-SNAPSHOT,com.google.code.findbugs,jsr305,3.0.2,false,
Maven,org.exist-db,exist-exi,7.0.0-SNAPSHOT,org.relaxng,jing,20241231,false,
Maven,org.exist-db,exist-exi,7.0.0-SNAPSHOT,isorelax,isorelax,20030108,false,
Maven,org.exist-db,exist-exi,7.0.0-SNAPSHOT,org.exist-db,exist-start,7.0.0-SNAPSHOT,false,
Maven,org.exist-db,exist-exi,7.0.0-SNAPSHOT,org.exquery,exquery-common,0.2.1,false,
Maven,org.exist-db,exist-exi,7.0.0-SNAPSHOT,org.bouncycastle,bcprov-jdk18on,1.84,false,
Maven,org.exist-db,exist-exi,7.0.0-SNAPSHOT,at.yawk.lz4,lz4-java,1.11.0,false,
Maven,org.exist-db,exist-exi,7.0.0-SNAPSHOT,com.fasterxml.uuid,java-uuid-generator,5.2.0,false,
Maven,org.exist-db,exist-exi,7.0.0-SNAPSHOT,jakarta.servlet,jakarta.servlet-api,6.0.0,false,
Maven,org.exist-db,exist-exi,7.0.0-SNAPSHOT,jakarta.xml.bind,jakarta.xml.bind-api,4.0.5,false,
Maven,org.exist-db,exist-exi,7.0.0-SNAPSHOT,jakarta.activation,jakarta.activation-api,2.1.4,false,
Maven,org.exist-db,exist-exi,7.0.0-SNAPSHOT,org.eclipse.angus,angus-activation,2.0.3,false,
Maven,org.exist-db,exist-exi,7.0.0-SNAPSHOT,org.glassfish.jaxb,jaxb-runtime,4.0.2,false,
Maven,org.exist-db,exist-exi,7.0.0-SNAPSHOT,org.glassfish.jaxb,jaxb-core,4.0.2,false,
Maven,org.exist-db,exist-exi,7.0.0-SNAPSHOT,org.glassfish.jaxb,txw2,4.0.2,false,
Maven,org.exist-db,exist-exi,7.0.0-SNAPSHOT,com.sun.istack,istack-commons-runtime,4.1.1,false,
Maven,org.exist-db,exist-exi,7.0.0-SNAPSHOT,org.exist-db.thirdparty.javax.xml.xquery,xqjri,20080114-133351,false,
Maven,org.exist-db,exist-exi,7.0.0-SNAPSHOT,org.jline,jline,4.1.0,false,
Maven,org.exist-db,exist-exi,7.0.0-SNAPSHOT,org.jline,jansi,4.1.0,false,
Maven,org.exist-db,exist-exi,7.0.0-SNAPSHOT,net.bytebuddy,byte-buddy,1.18.8,false,
Maven,org.exist-db,exist-exi,7.0.0-SNAPSHOT,se.softhouse,jargo,0.4.14,false,
Maven,org.exist-db,exist-exi,7.0.0-SNAPSHOT,commons-codec,commons-codec,1.22.0,false,
Maven,org.exist-db,exist-exi,7.0.0-SNAPSHOT,org.apache.commons,commons-lang3,3.20.0,false,
Maven,org.exist-db,exist-exi,7.0.0-SNAPSHOT,commons-logging,commons-logging,1.3.6,false,
Maven,org.exist-db,exist-exi,7.0.0-SNAPSHOT,org.apache.commons,commons-pool2,2.13.1,false,
Maven,org.exist-db,exist-exi,7.0.0-SNAPSHOT,org.apache.logging.log4j,log4j-core,2.26.0,false,
Maven,org.exist-db,exist-exi,7.0.0-SNAPSHOT,org.apache.logging.log4j,log4j-jcl,2.26.0,false,
Maven,org.exist-db,exist-exi,7.0.0-SNAPSHOT,org.apache.logging.log4j,log4j-jul,2.26.0,false,
Maven,org.exist-db,exist-exi,7.0.0-SNAPSHOT,org.apache.logging.log4j,log4j-slf4j2-impl,2.26.0,false,
Maven,org.exist-db,exist-exi,7.0.0-SNAPSHOT,org.exist-db.thirdparty.xerces,xercesImpl,2.12.2,false,
Maven,org.exist-db,exist-exi,7.0.0-SNAPSHOT,org.codelibs,nekohtml,2.1.3,false,
Maven,org.exist-db,exist-exi,7.0.0-SNAPSHOT,org.apache.ws.commons.util,ws-commons-util,1.0.2,false,
Maven,org.exist-db,exist-exi,7.0.0-SNAPSHOT,xml-resolver,xml-resolver,1.2,false,
Maven,org.exist-db,exist-exi,7.0.0-SNAPSHOT,org.xmlresolver,xmlresolver,6.0.23,false,
Maven,org.exist-db,exist-exi,7.0.0-SNAPSHOT,org.exist-db.thirdparty.org.eclipse.wst.xml,xpath2,1.2.0,false,
Maven,org.exist-db,exist-exi,7.0.0-SNAPSHOT,edu.princeton.cup,java-cup,10k,false,
Maven,org.exist-db,exist-exi,7.0.0-SNAPSHOT,net.sf.saxon,Saxon-HE,9.9.1-8,false,
Maven,org.exist-db,exist-exi,7.0.0-SNAPSHOT,org.exist-db,exist-saxon-regex,9.4.0-9.e1,false,
Maven,org.exist-db,exist-exi,7.0.0-SNAPSHOT,com.evolvedbinary.thirdparty.org.apache.xmlrpc,xmlrpc-common,5.0.0,false,
Maven,org.exist-db,exist-exi,7.0.0-SNAPSHOT,com.evolvedbinary.thirdparty.org.apache.xmlrpc,xmlrpc-client,5.0.0,false,
Maven,org.exist-db,exist-exi,7.0.0-SNAPSHOT,com.evolvedbinary.thirdparty.org.apache.xmlrpc,xmlrpc-server,5.0.0,false,
Maven,org.exist-db,exist-exi,7.0.0-SNAPSHOT,org.aspectj,aspectjrt,1.9.25.1,false,
Maven,org.exist-db,exist-exi,7.0.0-SNAPSHOT,org.eclipse.jetty,jetty-http,12.0.35,false,
Maven,org.exist-db,exist-exi,7.0.0-SNAPSHOT,org.eclipse.jetty,jetty-io,12.0.35,false,
Maven,org.exist-db,exist-exi,7.0.0-SNAPSHOT,org.eclipse.jetty,jetty-security,12.0.35,false,
Maven,org.exist-db,exist-exi,7.0.0-SNAPSHOT,org.eclipse.jetty,jetty-server,12.0.35,false,
Maven,org.exist-db,exist-exi,7.0.0-SNAPSHOT,org.eclipse.jetty,jetty-util,12.0.35,false,
Maven,org.exist-db,exist-exi,7.0.0-SNAPSHOT,org.expath.packaging,pkg-java,2.0.1,false,
Maven,org.exist-db,exist-exi,7.0.0-SNAPSHOT,com.fifesoft,rsyntaxtextarea,3.6.2,false,
Maven,org.exist-db,exist-exi,7.0.0-SNAPSHOT,org.quartz-scheduler,quartz,2.5.2,false,
Maven,org.exist-db,exist-exi,7.0.0-SNAPSHOT,net.sf.xmldb-org,xmldb-api,2.0.0,false,
Maven,org.exist-db,exist-exi,7.0.0-SNAPSHOT,it.unimi.dsi,fastutil,8.5.18,false,
Maven,org.exist-db,exist-exi,7.0.0-SNAPSHOT,io.lacuna,bifurcan,0.2.0-rc1,false,
Maven,org.exist-db,exist-exi,7.0.0-SNAPSHOT,org.apache.ant,ant,1.10.17,false,
Maven,org.exist-db,exist-exi,7.0.0-SNAPSHOT,org.apache.ant,ant-launcher,1.10.17,false,
Maven,org.exist-db,exist-exi,7.0.0-SNAPSHOT,org.jgrapht,jgrapht-core,1.5.3,false,
Maven,org.exist-db,exist-exi,7.0.0-SNAPSHOT,org.jheaps,jheaps,0.14,false,
Maven,org.exist-db,exist-exi,7.0.0-SNAPSHOT,org.apfloat,apfloat,1.14.0,false,
Maven,org.exist-db,exist-exi,7.0.0-SNAPSHOT,org.jgrapht,jgrapht-opt,1.5.3,false,
Maven,org.exist-db,exist-exi,7.0.0-SNAPSHOT,junit,junit,4.13.2,false,
Maven,org.exist-db,exist-exi,7.0.0-SNAPSHOT,org.hamcrest,hamcrest,3.0,false,
Maven,org.exist-db,exist-exi,7.0.0-SNAPSHOT,org.xmlunit,xmlunit-core,2.11.0,false,
Maven,org.exist-db,exist-exi,7.0.0-SNAPSHOT,org.eclipse.jetty.ee10,jetty-ee10-annotations,12.0.35,false,
Maven,org.exist-db,exist-exi,7.0.0-SNAPSHOT,jakarta.annotation,jakarta.annotation-api,2.1.1,false,
Maven,org.exist-db,exist-exi,7.0.0-SNAPSHOT,org.eclipse.jetty.ee10,jetty-ee10-plus,12.0.35,false,
Maven,org.exist-db,exist-exi,7.0.0-SNAPSHOT,jakarta.enterprise,jakarta.enterprise.cdi-api,4.0.1,false,
Maven,org.exist-db,exist-exi,7.0.0-SNAPSHOT,jakarta.el,jakarta.el-api,5.0.0,false,
Maven,org.exist-db,exist-exi,7.0.0-SNAPSHOT,jakarta.inject,jakarta.inject-api,2.0.1,false,
Maven,org.exist-db,exist-exi,7.0.0-SNAPSHOT,jakarta.enterprise,jakarta.enterprise.lang-model,4.0.1,false,
Maven,org.exist-db,exist-exi,7.0.0-SNAPSHOT,jakarta.interceptor,jakarta.interceptor-api,2.1.0,false,
Maven,org.exist-db,exist-exi,7.0.0-SNAPSHOT,jakarta.transaction,jakarta.transaction-api,2.0.1,false,
Maven,org.exist-db,exist-exi,7.0.0-SNAPSHOT,org.eclipse.jetty,jetty-jndi,12.0.35,false,
Maven,org.exist-db,exist-exi,7.0.0-SNAPSHOT,org.eclipse.jetty,jetty-plus,12.0.35,false,
Maven,org.exist-db,exist-exi,7.0.0-SNAPSHOT,org.ow2.asm,asm,9.9.1,false,
Maven,org.exist-db,exist-exi,7.0.0-SNAPSHOT,org.ow2.asm,asm-commons,9.9.1,false,
Maven,org.exist-db,exist-exi,7.0.0-SNAPSHOT,org.ow2.asm,asm-tree,9.9.1,false,
Maven,org.exist-db,exist-exi,7.0.0-SNAPSHOT,org.eclipse.jetty.ee10,jetty-ee10-servlet,12.0.35,false,
Maven,org.exist-db,exist-exi,7.0.0-SNAPSHOT,org.eclipse.jetty,jetty-session,12.0.35,false,
Maven,org.exist-db,exist-exi,7.0.0-SNAPSHOT,org.eclipse.jetty.ee10,jetty-ee10-webapp,12.0.35,false,
Maven,org.exist-db,exist-exi,7.0.0-SNAPSHOT,org.eclipse.jetty,jetty-ee,12.0.35,false,
Maven,org.exist-db,exist-exi,7.0.0-SNAPSHOT,org.eclipse.jetty,jetty-xml,12.0.35,false,
Maven,org.exist-db,exist-exi,7.0.0-SNAPSHOT,org.eclipse.jetty.ee10.websocket,jetty-ee10-websocket-jakarta-server,12.0.35,false,
Maven,org.exist-db,exist-exi,7.0.0-SNAPSHOT,jakarta.websocket,jakarta.websocket-api,2.2.0,false,
Maven,org.exist-db,exist-exi,7.0.0-SNAPSHOT,org.eclipse.jetty.ee10.websocket,jetty-ee10-websocket-jakarta-client,12.0.35,false,
Maven,org.exist-db,exist-exi,7.0.0-SNAPSHOT,jakarta.websocket,jakarta.websocket-client-api,2.2.0,false,
Maven,org.exist-db,exist-exi,7.0.0-SNAPSHOT,org.eclipse.jetty,jetty-client,12.0.35,false,
Maven,org.exist-db,exist-exi,7.0.0-SNAPSHOT,org.eclipse.jetty,jetty-alpn-client,12.0.35,false,
Maven,org.exist-db,exist-exi,7.0.0-SNAPSHOT,org.eclipse.jetty.ee10.websocket,jetty-ee10-websocket-jakarta-common,12.0.35,false,
Maven,org.exist-db,exist-exi,7.0.0-SNAPSHOT,org.eclipse.jetty.websocket,jetty-websocket-core-client,12.0.35,false,
Maven,org.exist-db,exist-exi,7.0.0-SNAPSHOT,org.eclipse.jetty.websocket,jetty-websocket-core-common,12.0.35,false,
Maven,org.exist-db,exist-exi,7.0.0-SNAPSHOT,org.eclipse.jetty.ee10.websocket,jetty-ee10-websocket-servlet,12.0.35,false,
Maven,org.exist-db,exist-exi,7.0.0-SNAPSHOT,org.eclipse.jetty.websocket,jetty-websocket-core-server,12.0.35,false,
Maven,org.exist-db,exist-exi,7.0.0-SNAPSHOT,com.siemens.ct.exi,exificient,1.0.7,true,
Maven,org.exist-db,exist-exi,7.0.0-SNAPSHOT,org.slf4j,slf4j-api,2.0.18,false,
Maven,org.exist-db,exist-exi,7.0.0-SNAPSHOT,xmlpull,xmlpull,1.1.3.1,false,
Maven,org.exist-db,exist-exi,7.0.0-SNAPSHOT,javax.activation,activation,1.1.1,false,
Maven,org.exist-db,exist-exi,7.0.0-SNAPSHOT,com.siemens.ct.exi,exificient-grammars,1.0.7,true,
Maven,org.exist-db,exist-exi,7.0.0-SNAPSHOT,com.siemens.ct.exi,exificient-core,1.0.7,true,
Maven,org.exist-db,exist-exi,7.0.0-SNAPSHOT,com.evolvedbinary.j8fu,j8fu,1.24.0,true,
Maven,org.exist-db,exist-exi,7.0.0-SNAPSHOT,org.apache.logging.log4j,log4j-api,2.26.0,true,
Maven,org.exist-db,exist-exi,7.0.0-SNAPSHOT,commons-io,commons-io,2.22.0,true,
Maven,org.exist-db,exist-sql-oracle,7.0.0-SNAPSHOT,org.exist-db,exist-core,7.0.0-SNAPSHOT,true,
Maven,org.exist-db,exist-sql-oracle,7.0.0-SNAPSHOT,net.jcip,jcip-annotations,1.0,false,
Maven,org.exist-db,exist-sql-oracle,7.0.0-SNAPSHOT,antlr,antlr,2.7.7,false,
Maven,org.exist-db,exist-sql-oracle,7.0.0-SNAPSHOT,com.fasterxml.jackson.core,jackson-core,2.21.3,false,
Maven,org.exist-db,exist-sql-oracle,7.0.0-SNAPSHOT,com.evolvedbinary.multilock,multilock,1.0.1,false,
Maven,org.exist-db,exist-sql-oracle,7.0.0-SNAPSHOT,com.github.ben-manes.caffeine,caffeine,3.2.4,false,
Maven,org.exist-db,exist-sql-oracle,7.0.0-SNAPSHOT,org.jspecify,jspecify,1.0.0,false,
Maven,org.exist-db,exist-sql-oracle,7.0.0-SNAPSHOT,com.google.errorprone,error_prone_annotations,2.49.0,false,
Maven,org.exist-db,exist-sql-oracle,7.0.0-SNAPSHOT,com.github.krukow,clj-ds,0.0.4,false,
Maven,org.exist-db,exist-sql-oracle,7.0.0-SNAPSHOT,com.siemens.ct.exi,exificient,1.0.7,false,
Maven,org.exist-db,exist-sql-oracle,7.0.0-SNAPSHOT,org.slf4j,slf4j-api,2.0.18,false,
Maven,org.exist-db,exist-sql-oracle,7.0.0-SNAPSHOT,xmlpull,xmlpull,1.1.3.1,false,
Maven,org.exist-db,exist-sql-oracle,7.0.0-SNAPSHOT,javax.activation,activation,1.1.1,false,
Maven,org.exist-db,exist-sql-oracle,7.0.0-SNAPSHOT,com.siemens.ct.exi,exificient-grammars,1.0.7,false,
Maven,org.exist-db,exist-sql-oracle,7.0.0-SNAPSHOT,com.siemens.ct.exi,exificient-core,1.0.7,false,
Maven,org.exist-db,exist-sql-oracle,7.0.0-SNAPSHOT,com.ibm.icu,icu4j,76.1,false,
Maven,org.exist-db,exist-sql-oracle,7.0.0-SNAPSHOT,com.google.code.findbugs,jsr305,3.0.2,false,
Maven,org.exist-db,exist-sql-oracle,7.0.0-SNAPSHOT,org.relaxng,jing,20241231,false,
Maven,org.exist-db,exist-sql-oracle,7.0.0-SNAPSHOT,isorelax,isorelax,20030108,false,
Maven,org.exist-db,exist-sql-oracle,7.0.0-SNAPSHOT,org.exist-db,exist-start,7.0.0-SNAPSHOT,false,
Maven,org.exist-db,exist-sql-oracle,7.0.0-SNAPSHOT,org.exquery,exquery-common,0.2.1,false,
Maven,org.exist-db,exist-sql-oracle,7.0.0-SNAPSHOT,org.bouncycastle,bcprov-jdk18on,1.84,false,
Maven,org.exist-db,exist-sql-oracle,7.0.0-SNAPSHOT,at.yawk.lz4,lz4-java,1.11.0,false,
Maven,org.exist-db,exist-sql-oracle,7.0.0-SNAPSHOT,com.evolvedbinary.j8fu,j8fu,1.24.0,false,
Maven,org.exist-db,exist-sql-oracle,7.0.0-SNAPSHOT,com.fasterxml.uuid,java-uuid-generator,5.2.0,false,
Maven,org.exist-db,exist-sql-oracle,7.0.0-SNAPSHOT,jakarta.servlet,jakarta.servlet-api,6.0.0,false,
Maven,org.exist-db,exist-sql-oracle,7.0.0-SNAPSHOT,jakarta.xml.bind,jakarta.xml.bind-api,4.0.5,false,
Maven,org.exist-db,exist-sql-oracle,7.0.0-SNAPSHOT,jakarta.activation,jakarta.activation-api,2.1.4,false,
Maven,org.exist-db,exist-sql-oracle,7.0.0-SNAPSHOT,org.eclipse.angus,angus-activation,2.0.3,false,
Maven,org.exist-db,exist-sql-oracle,7.0.0-SNAPSHOT,org.glassfish.jaxb,jaxb-runtime,4.0.2,false,
Maven,org.exist-db,exist-sql-oracle,7.0.0-SNAPSHOT,org.glassfish.jaxb,jaxb-core,4.0.2,false,
Maven,org.exist-db,exist-sql-oracle,7.0.0-SNAPSHOT,org.glassfish.jaxb,txw2,4.0.2,false,
Maven,org.exist-db,exist-sql-oracle,7.0.0-SNAPSHOT,com.sun.istack,istack-commons-runtime,4.1.1,false,
Maven,org.exist-db,exist-sql-oracle,7.0.0-SNAPSHOT,org.exist-db.thirdparty.javax.xml.xquery,xqjri,20080114-133351,false,
Maven,org.exist-db,exist-sql-oracle,7.0.0-SNAPSHOT,org.jline,jline,4.1.0,false,
Maven,org.exist-db,exist-sql-oracle,7.0.0-SNAPSHOT,org.jline,jansi,4.1.0,false,
Maven,org.exist-db,exist-sql-oracle,7.0.0-SNAPSHOT,net.bytebuddy,byte-buddy,1.18.8,false,
Maven,org.exist-db,exist-sql-oracle,7.0.0-SNAPSHOT,se.softhouse,jargo,0.4.14,false,
Maven,org.exist-db,exist-sql-oracle,7.0.0-SNAPSHOT,commons-codec,commons-codec,1.22.0,false,
Maven,org.exist-db,exist-sql-oracle,7.0.0-SNAPSHOT,org.apache.commons,commons-lang3,3.20.0,false,
Maven,org.exist-db,exist-sql-oracle,7.0.0-SNAPSHOT,commons-logging,commons-logging,1.3.6,false,
Maven,org.exist-db,exist-sql-oracle,7.0.0-SNAPSHOT,org.apache.commons,commons-pool2,2.13.1,false,
Maven,org.exist-db,exist-sql-oracle,7.0.0-SNAPSHOT,org.apache.logging.log4j,log4j-core,2.26.0,false,
Maven,org.exist-db,exist-sql-oracle,7.0.0-SNAPSHOT,org.apache.logging.log4j,log4j-jcl,2.26.0,false,
Maven,org.exist-db,exist-sql-oracle,7.0.0-SNAPSHOT,org.apache.logging.log4j,log4j-jul,2.26.0,false,
Maven,org.exist-db,exist-sql-oracle,7.0.0-SNAPSHOT,org.apache.logging.log4j,log4j-slf4j2-impl,2.26.0,false,
Maven,org.exist-db,exist-sql-oracle,7.0.0-SNAPSHOT,org.exist-db.thirdparty.xerces,xercesImpl,2.12.2,false,
Maven,org.exist-db,exist-sql-oracle,7.0.0-SNAPSHOT,org.codelibs,nekohtml,2.1.3,false,
Maven,org.exist-db,exist-sql-oracle,7.0.0-SNAPSHOT,org.apache.ws.commons.util,ws-commons-util,1.0.2,false,
Maven,org.exist-db,exist-sql-oracle,7.0.0-SNAPSHOT,xml-resolver,xml-resolver,1.2,false,
Maven,org.exist-db,exist-sql-oracle,7.0.0-SNAPSHOT,org.xmlresolver,xmlresolver,6.0.23,false,
Maven,org.exist-db,exist-sql-oracle,7.0.0-SNAPSHOT,org.exist-db.thirdparty.org.eclipse.wst.xml,xpath2,1.2.0,false,
Maven,org.exist-db,exist-sql-oracle,7.0.0-SNAPSHOT,edu.princeton.cup,java-cup,10k,false,
Maven,org.exist-db,exist-sql-oracle,7.0.0-SNAPSHOT,net.sf.saxon,Saxon-HE,9.9.1-8,false,
Maven,org.exist-db,exist-sql-oracle,7.0.0-SNAPSHOT,org.exist-db,exist-saxon-regex,9.4.0-9.e1,false,
Maven,org.exist-db,exist-sql-oracle,7.0.0-SNAPSHOT,com.evolvedbinary.thirdparty.org.apache.xmlrpc,xmlrpc-common,5.0.0,false,
Maven,org.exist-db,exist-sql-oracle,7.0.0-SNAPSHOT,com.evolvedbinary.thirdparty.org.apache.xmlrpc,xmlrpc-client,5.0.0,false,
Maven,org.exist-db,exist-sql-oracle,7.0.0-SNAPSHOT,com.evolvedbinary.thirdparty.org.apache.xmlrpc,xmlrpc-server,5.0.0,false,
Maven,org.exist-db,exist-sql-oracle,7.0.0-SNAPSHOT,org.aspectj,aspectjrt,1.9.25.1,false,
Maven,org.exist-db,exist-sql-oracle,7.0.0-SNAPSHOT,org.eclipse.jetty,jetty-http,12.0.35,false,
Maven,org.exist-db,exist-sql-oracle,7.0.0-SNAPSHOT,org.eclipse.jetty,jetty-io,12.0.35,false,
Maven,org.exist-db,exist-sql-oracle,7.0.0-SNAPSHOT,org.eclipse.jetty,jetty-security,12.0.35,false,
Maven,org.exist-db,exist-sql-oracle,7.0.0-SNAPSHOT,org.eclipse.jetty,jetty-server,12.0.35,false,
Maven,org.exist-db,exist-sql-oracle,7.0.0-SNAPSHOT,org.eclipse.jetty,jetty-util,12.0.35,false,
Maven,org.exist-db,exist-sql-oracle,7.0.0-SNAPSHOT,org.expath.packaging,pkg-java,2.0.1,false,
Maven,org.exist-db,exist-sql-oracle,7.0.0-SNAPSHOT,com.fifesoft,rsyntaxtextarea,3.6.2,false,
Maven,org.exist-db,exist-sql-oracle,7.0.0-SNAPSHOT,org.quartz-scheduler,quartz,2.5.2,false,
Maven,org.exist-db,exist-sql-oracle,7.0.0-SNAPSHOT,net.sf.xmldb-org,xmldb-api,2.0.0,false,
Maven,org.exist-db,exist-sql-oracle,7.0.0-SNAPSHOT,it.unimi.dsi,fastutil,8.5.18,false,
Maven,org.exist-db,exist-sql-oracle,7.0.0-SNAPSHOT,io.lacuna,bifurcan,0.2.0-rc1,false,
Maven,org.exist-db,exist-sql-oracle,7.0.0-SNAPSHOT,org.apache.ant,ant,1.10.17,false,
Maven,org.exist-db,exist-sql-oracle,7.0.0-SNAPSHOT,org.apache.ant,ant-launcher,1.10.17,false,
Maven,org.exist-db,exist-sql-oracle,7.0.0-SNAPSHOT,org.jgrapht,jgrapht-core,1.5.3,false,
Maven,org.exist-db,exist-sql-oracle,7.0.0-SNAPSHOT,org.jheaps,jheaps,0.14,false,
Maven,org.exist-db,exist-sql-oracle,7.0.0-SNAPSHOT,org.apfloat,apfloat,1.14.0,false,
Maven,org.exist-db,exist-sql-oracle,7.0.0-SNAPSHOT,org.jgrapht,jgrapht-opt,1.5.3,false,
Maven,org.exist-db,exist-sql-oracle,7.0.0-SNAPSHOT,junit,junit,4.13.2,false,
Maven,org.exist-db,exist-sql-oracle,7.0.0-SNAPSHOT,org.hamcrest,hamcrest,3.0,false,
Maven,org.exist-db,exist-sql-oracle,7.0.0-SNAPSHOT,org.xmlunit,xmlunit-core,2.11.0,false,
Maven,org.exist-db,exist-sql-oracle,7.0.0-SNAPSHOT,org.eclipse.jetty.ee10,jetty-ee10-annotations,12.0.35,false,
Maven,org.exist-db,exist-sql-oracle,7.0.0-SNAPSHOT,jakarta.annotation,jakarta.annotation-api,2.1.1,false,
Maven,org.exist-db,exist-sql-oracle,7.0.0-SNAPSHOT,org.eclipse.jetty.ee10,jetty-ee10-plus,12.0.35,false,
Maven,org.exist-db,exist-sql-oracle,7.0.0-SNAPSHOT,jakarta.enterprise,jakarta.enterprise.cdi-api,4.0.1,false,
Maven,org.exist-db,exist-sql-oracle,7.0.0-SNAPSHOT,jakarta.el,jakarta.el-api,5.0.0,false,
Maven,org.exist-db,exist-sql-oracle,7.0.0-SNAPSHOT,jakarta.inject,jakarta.inject-api,2.0.1,false,
Maven,org.exist-db,exist-sql-oracle,7.0.0-SNAPSHOT,jakarta.enterprise,jakarta.enterprise.lang-model,4.0.1,false,
Maven,org.exist-db,exist-sql-oracle,7.0.0-SNAPSHOT,jakarta.interceptor,jakarta.interceptor-api,2.1.0,false,
Maven,org.exist-db,exist-sql-oracle,7.0.0-SNAPSHOT,jakarta.transaction,jakarta.transaction-api,2.0.1,false,
Maven,org.exist-db,exist-sql-oracle,7.0.0-SNAPSHOT,org.eclipse.jetty,jetty-jndi,12.0.35,false,
Maven,org.exist-db,exist-sql-oracle,7.0.0-SNAPSHOT,org.eclipse.jetty,jetty-plus,12.0.35,false,
Maven,org.exist-db,exist-sql-oracle,7.0.0-SNAPSHOT,org.ow2.asm,asm,9.9.1,false,
Maven,org.exist-db,exist-sql-oracle,7.0.0-SNAPSHOT,org.ow2.asm,asm-commons,9.9.1,false,
Maven,org.exist-db,exist-sql-oracle,7.0.0-SNAPSHOT,org.ow2.asm,asm-tree,9.9.1,false,
Maven,org.exist-db,exist-sql-oracle,7.0.0-SNAPSHOT,org.eclipse.jetty.ee10,jetty-ee10-servlet,12.0.35,false,
Maven,org.exist-db,exist-sql-oracle,7.0.0-SNAPSHOT,org.eclipse.jetty,jetty-session,12.0.35,false,
Maven,org.exist-db,exist-sql-oracle,7.0.0-SNAPSHOT,org.eclipse.jetty.ee10,jetty-ee10-webapp,12.0.35,false,
Maven,org.exist-db,exist-sql-oracle,7.0.0-SNAPSHOT,org.eclipse.jetty,jetty-ee,12.0.35,false,
Maven,org.exist-db,exist-sql-oracle,7.0.0-SNAPSHOT,org.eclipse.jetty,jetty-xml,12.0.35,false,
Maven,org.exist-db,exist-sql-oracle,7.0.0-SNAPSHOT,org.eclipse.jetty.ee10.websocket,jetty-ee10-websocket-jakarta-server,12.0.35,false,
Maven,org.exist-db,exist-sql-oracle,7.0.0-SNAPSHOT,jakarta.websocket,jakarta.websocket-api,2.2.0,false,
Maven,org.exist-db,exist-sql-oracle,7.0.0-SNAPSHOT,org.eclipse.jetty.ee10.websocket,jetty-ee10-websocket-jakarta-client,12.0.35,false,
Maven,org.exist-db,exist-sql-oracle,7.0.0-SNAPSHOT,jakarta.websocket,jakarta.websocket-client-api,2.2.0,false,
Maven,org.exist-db,exist-sql-oracle,7.0.0-SNAPSHOT,org.eclipse.jetty,jetty-client,12.0.35,false,
Maven,org.exist-db,exist-sql-oracle,7.0.0-SNAPSHOT,org.eclipse.jetty,jetty-alpn-client,12.0.35,false,
Maven,org.exist-db,exist-sql-oracle,7.0.0-SNAPSHOT,org.eclipse.jetty.ee10.websocket,jetty-ee10-websocket-jakarta-common,12.0.35,false,
Maven,org.exist-db,exist-sql-oracle,7.0.0-SNAPSHOT,org.eclipse.jetty.websocket,jetty-websocket-core-client,12.0.35,false,
Maven,org.exist-db,exist-sql-oracle,7.0.0-SNAPSHOT,org.eclipse.jetty.websocket,jetty-websocket-core-common,12.0.35,false,
Maven,org.exist-db,exist-sql-oracle,7.0.0-SNAPSHOT,org.eclipse.jetty.ee10.websocket,jetty-ee10-websocket-servlet,12.0.35,false,
Maven,org.exist-db,exist-sql-oracle,7.0.0-SNAPSHOT,org.eclipse.jetty.websocket,jetty-websocket-core-server,12.0.35,false,
Maven,org.exist-db,exist-sql-oracle,7.0.0-SNAPSHOT,org.exist-db,exist-sql,7.0.0-SNAPSHOT,true,
Maven,org.exist-db,exist-sql-oracle,7.0.0-SNAPSHOT,com.zaxxer,HikariCP,7.0.2,false,
Maven,org.exist-db,exist-sql-oracle,7.0.0-SNAPSHOT,com.oracle.database.jdbc,ojdbc11,23.26.2.0.0,true,
Maven,org.exist-db,exist-sql-oracle,7.0.0-SNAPSHOT,org.apache.logging.log4j,log4j-api,2.26.0,true,
Maven,org.exist-db,exist-sql-oracle,7.0.0-SNAPSHOT,commons-io,commons-io,2.22.0,true,
Maven,org.exist-db,exist-security-iprange,7.0.0-SNAPSHOT,org.exist-db,exist-core,7.0.0-SNAPSHOT,true,
Maven,org.exist-db,exist-security-iprange,7.0.0-SNAPSHOT,net.jcip,jcip-annotations,1.0,false,
Maven,org.exist-db,exist-security-iprange,7.0.0-SNAPSHOT,antlr,antlr,2.7.7,false,
Maven,org.exist-db,exist-security-iprange,7.0.0-SNAPSHOT,com.fasterxml.jackson.core,jackson-core,2.21.3,false,
Maven,org.exist-db,exist-security-iprange,7.0.0-SNAPSHOT,com.evolvedbinary.multilock,multilock,1.0.1,false,
Maven,org.exist-db,exist-security-iprange,7.0.0-SNAPSHOT,com.github.ben-manes.caffeine,caffeine,3.2.4,false,
Maven,org.exist-db,exist-security-iprange,7.0.0-SNAPSHOT,org.jspecify,jspecify,1.0.0,false,
Maven,org.exist-db,exist-security-iprange,7.0.0-SNAPSHOT,com.google.errorprone,error_prone_annotations,2.49.0,false,
Maven,org.exist-db,exist-security-iprange,7.0.0-SNAPSHOT,com.github.krukow,clj-ds,0.0.4,false,
Maven,org.exist-db,exist-security-iprange,7.0.0-SNAPSHOT,com.siemens.ct.exi,exificient,1.0.7,false,
Maven,org.exist-db,exist-security-iprange,7.0.0-SNAPSHOT,org.slf4j,slf4j-api,2.0.18,false,
Maven,org.exist-db,exist-security-iprange,7.0.0-SNAPSHOT,xmlpull,xmlpull,1.1.3.1,false,
Maven,org.exist-db,exist-security-iprange,7.0.0-SNAPSHOT,javax.activation,activation,1.1.1,false,
Maven,org.exist-db,exist-security-iprange,7.0.0-SNAPSHOT,com.siemens.ct.exi,exificient-grammars,1.0.7,false,
Maven,org.exist-db,exist-security-iprange,7.0.0-SNAPSHOT,com.siemens.ct.exi,exificient-core,1.0.7,false,
Maven,org.exist-db,exist-security-iprange,7.0.0-SNAPSHOT,com.ibm.icu,icu4j,76.1,false,
Maven,org.exist-db,exist-security-iprange,7.0.0-SNAPSHOT,com.google.code.findbugs,jsr305,3.0.2,false,
Maven,org.exist-db,exist-security-iprange,7.0.0-SNAPSHOT,org.relaxng,jing,20241231,false,
Maven,org.exist-db,exist-security-iprange,7.0.0-SNAPSHOT,isorelax,isorelax,20030108,false,
Maven,org.exist-db,exist-security-iprange,7.0.0-SNAPSHOT,org.exist-db,exist-start,7.0.0-SNAPSHOT,false,
Maven,org.exist-db,exist-security-iprange,7.0.0-SNAPSHOT,org.exquery,exquery-common,0.2.1,false,
Maven,org.exist-db,exist-security-iprange,7.0.0-SNAPSHOT,org.bouncycastle,bcprov-jdk18on,1.84,false,
Maven,org.exist-db,exist-security-iprange,7.0.0-SNAPSHOT,at.yawk.lz4,lz4-java,1.11.0,false,
Maven,org.exist-db,exist-security-iprange,7.0.0-SNAPSHOT,com.evolvedbinary.j8fu,j8fu,1.24.0,false,
Maven,org.exist-db,exist-security-iprange,7.0.0-SNAPSHOT,com.fasterxml.uuid,java-uuid-generator,5.2.0,false,
Maven,org.exist-db,exist-security-iprange,7.0.0-SNAPSHOT,jakarta.servlet,jakarta.servlet-api,6.0.0,false,
Maven,org.exist-db,exist-security-iprange,7.0.0-SNAPSHOT,jakarta.xml.bind,jakarta.xml.bind-api,4.0.5,false,
Maven,org.exist-db,exist-security-iprange,7.0.0-SNAPSHOT,jakarta.activation,jakarta.activation-api,2.1.4,false,
Maven,org.exist-db,exist-security-iprange,7.0.0-SNAPSHOT,org.eclipse.angus,angus-activation,2.0.3,false,
Maven,org.exist-db,exist-security-iprange,7.0.0-SNAPSHOT,org.glassfish.jaxb,jaxb-runtime,4.0.2,false,
Maven,org.exist-db,exist-security-iprange,7.0.0-SNAPSHOT,org.glassfish.jaxb,jaxb-core,4.0.2,false,
Maven,org.exist-db,exist-security-iprange,7.0.0-SNAPSHOT,org.glassfish.jaxb,txw2,4.0.2,false,
Maven,org.exist-db,exist-security-iprange,7.0.0-SNAPSHOT,com.sun.istack,istack-commons-runtime,4.1.1,false,
Maven,org.exist-db,exist-security-iprange,7.0.0-SNAPSHOT,org.exist-db.thirdparty.javax.xml.xquery,xqjri,20080114-133351,false,
Maven,org.exist-db,exist-security-iprange,7.0.0-SNAPSHOT,org.jline,jline,4.1.0,false,
Maven,org.exist-db,exist-security-iprange,7.0.0-SNAPSHOT,org.jline,jansi,4.1.0,false,
Maven,org.exist-db,exist-security-iprange,7.0.0-SNAPSHOT,net.bytebuddy,byte-buddy,1.18.8,false,
Maven,org.exist-db,exist-security-iprange,7.0.0-SNAPSHOT,se.softhouse,jargo,0.4.14,false,
Maven,org.exist-db,exist-security-iprange,7.0.0-SNAPSHOT,commons-codec,commons-codec,1.22.0,false,
Maven,org.exist-db,exist-security-iprange,7.0.0-SNAPSHOT,commons-io,commons-io,2.22.0,false,
Maven,org.exist-db,exist-security-iprange,7.0.0-SNAPSHOT,org.apache.commons,commons-lang3,3.20.0,false,
Maven,org.exist-db,exist-security-iprange,7.0.0-SNAPSHOT,commons-logging,commons-logging,1.3.6,false,
Maven,org.exist-db,exist-security-iprange,7.0.0-SNAPSHOT,org.apache.commons,commons-pool2,2.13.1,false,
Maven,org.exist-db,exist-security-iprange,7.0.0-SNAPSHOT,org.apache.logging.log4j,log4j-core,2.26.0,false,
Maven,org.exist-db,exist-security-iprange,7.0.0-SNAPSHOT,org.apache.logging.log4j,log4j-jcl,2.26.0,false,
Maven,org.exist-db,exist-security-iprange,7.0.0-SNAPSHOT,org.apache.logging.log4j,log4j-jul,2.26.0,false,
Maven,org.exist-db,exist-security-iprange,7.0.0-SNAPSHOT,org.apache.logging.log4j,log4j-slf4j2-impl,2.26.0,false,
Maven,org.exist-db,exist-security-iprange,7.0.0-SNAPSHOT,org.exist-db.thirdparty.xerces,xercesImpl,2.12.2,false,
Maven,org.exist-db,exist-security-iprange,7.0.0-SNAPSHOT,org.codelibs,nekohtml,2.1.3,false,
Maven,org.exist-db,exist-security-iprange,7.0.0-SNAPSHOT,org.apache.ws.commons.util,ws-commons-util,1.0.2,false,
Maven,org.exist-db,exist-security-iprange,7.0.0-SNAPSHOT,xml-resolver,xml-resolver,1.2,false,
Maven,org.exist-db,exist-security-iprange,7.0.0-SNAPSHOT,org.xmlresolver,xmlresolver,6.0.23,false,
Maven,org.exist-db,exist-security-iprange,7.0.0-SNAPSHOT,org.exist-db.thirdparty.org.eclipse.wst.xml,xpath2,1.2.0,false,
Maven,org.exist-db,exist-security-iprange,7.0.0-SNAPSHOT,edu.princeton.cup,java-cup,10k,false,
Maven,org.exist-db,exist-security-iprange,7.0.0-SNAPSHOT,net.sf.saxon,Saxon-HE,9.9.1-8,false,
Maven,org.exist-db,exist-security-iprange,7.0.0-SNAPSHOT,org.exist-db,exist-saxon-regex,9.4.0-9.e1,false,
Maven,org.exist-db,exist-security-iprange,7.0.0-SNAPSHOT,com.evolvedbinary.thirdparty.org.apache.xmlrpc,xmlrpc-common,5.0.0,false,
Maven,org.exist-db,exist-security-iprange,7.0.0-SNAPSHOT,com.evolvedbinary.thirdparty.org.apache.xmlrpc,xmlrpc-client,5.0.0,false,
Maven,org.exist-db,exist-security-iprange,7.0.0-SNAPSHOT,com.evolvedbinary.thirdparty.org.apache.xmlrpc,xmlrpc-server,5.0.0,false,
Maven,org.exist-db,exist-security-iprange,7.0.0-SNAPSHOT,org.aspectj,aspectjrt,1.9.25.1,false,
Maven,org.exist-db,exist-security-iprange,7.0.0-SNAPSHOT,org.eclipse.jetty,jetty-http,12.0.35,false,
Maven,org.exist-db,exist-security-iprange,7.0.0-SNAPSHOT,org.eclipse.jetty,jetty-io,12.0.35,false,
Maven,org.exist-db,exist-security-iprange,7.0.0-SNAPSHOT,org.eclipse.jetty,jetty-security,12.0.35,false,
Maven,org.exist-db,exist-security-iprange,7.0.0-SNAPSHOT,org.eclipse.jetty,jetty-server,12.0.35,false,
Maven,org.exist-db,exist-security-iprange,7.0.0-SNAPSHOT,org.eclipse.jetty,jetty-util,12.0.35,false,
Maven,org.exist-db,exist-security-iprange,7.0.0-SNAPSHOT,org.expath.packaging,pkg-java,2.0.1,false,
Maven,org.exist-db,exist-security-iprange,7.0.0-SNAPSHOT,com.fifesoft,rsyntaxtextarea,3.6.2,false,
Maven,org.exist-db,exist-security-iprange,7.0.0-SNAPSHOT,org.quartz-scheduler,quartz,2.5.2,false,
Maven,org.exist-db,exist-security-iprange,7.0.0-SNAPSHOT,net.sf.xmldb-org,xmldb-api,2.0.0,false,
Maven,org.exist-db,exist-security-iprange,7.0.0-SNAPSHOT,it.unimi.dsi,fastutil,8.5.18,false,
Maven,org.exist-db,exist-security-iprange,7.0.0-SNAPSHOT,io.lacuna,bifurcan,0.2.0-rc1,false,
Maven,org.exist-db,exist-security-iprange,7.0.0-SNAPSHOT,org.apache.ant,ant,1.10.17,false,
Maven,org.exist-db,exist-security-iprange,7.0.0-SNAPSHOT,org.apache.ant,ant-launcher,1.10.17,false,
Maven,org.exist-db,exist-security-iprange,7.0.0-SNAPSHOT,org.jgrapht,jgrapht-core,1.5.3,false,
Maven,org.exist-db,exist-security-iprange,7.0.0-SNAPSHOT,org.jheaps,jheaps,0.14,false,
Maven,org.exist-db,exist-security-iprange,7.0.0-SNAPSHOT,org.apfloat,apfloat,1.14.0,false,
Maven,org.exist-db,exist-security-iprange,7.0.0-SNAPSHOT,org.jgrapht,jgrapht-opt,1.5.3,false,
Maven,org.exist-db,exist-security-iprange,7.0.0-SNAPSHOT,junit,junit,4.13.2,false,
Maven,org.exist-db,exist-security-iprange,7.0.0-SNAPSHOT,org.hamcrest,hamcrest,3.0,false,
Maven,org.exist-db,exist-security-iprange,7.0.0-SNAPSHOT,org.xmlunit,xmlunit-core,2.11.0,false,
Maven,org.exist-db,exist-security-iprange,7.0.0-SNAPSHOT,org.eclipse.jetty.ee10,jetty-ee10-annotations,12.0.35,false,
Maven,org.exist-db,exist-security-iprange,7.0.0-SNAPSHOT,jakarta.annotation,jakarta.annotation-api,2.1.1,false,
Maven,org.exist-db,exist-security-iprange,7.0.0-SNAPSHOT,org.eclipse.jetty.ee10,jetty-ee10-plus,12.0.35,false,
Maven,org.exist-db,exist-security-iprange,7.0.0-SNAPSHOT,jakarta.enterprise,jakarta.enterprise.cdi-api,4.0.1,false,
Maven,org.exist-db,exist-security-iprange,7.0.0-SNAPSHOT,jakarta.el,jakarta.el-api,5.0.0,false,
Maven,org.exist-db,exist-security-iprange,7.0.0-SNAPSHOT,jakarta.inject,jakarta.inject-api,2.0.1,false,
Maven,org.exist-db,exist-security-iprange,7.0.0-SNAPSHOT,jakarta.enterprise,jakarta.enterprise.lang-model,4.0.1,false,
Maven,org.exist-db,exist-security-iprange,7.0.0-SNAPSHOT,jakarta.interceptor,jakarta.interceptor-api,2.1.0,false,
Maven,org.exist-db,exist-security-iprange,7.0.0-SNAPSHOT,jakarta.transaction,jakarta.transaction-api,2.0.1,false,
Maven,org.exist-db,exist-security-iprange,7.0.0-SNAPSHOT,org.eclipse.jetty,jetty-jndi,12.0.35,false,
Maven,org.exist-db,exist-security-iprange,7.0.0-SNAPSHOT,org.eclipse.jetty,jetty-plus,12.0.35,false,
Maven,org.exist-db,exist-security-iprange,7.0.0-SNAPSHOT,org.ow2.asm,asm,9.9.1,false,
Maven,org.exist-db,exist-security-iprange,7.0.0-SNAPSHOT,org.ow2.asm,asm-commons,9.9.1,false,
Maven,org.exist-db,exist-security-iprange,7.0.0-SNAPSHOT,org.ow2.asm,asm-tree,9.9.1,false,
Maven,org.exist-db,exist-security-iprange,7.0.0-SNAPSHOT,org.eclipse.jetty.ee10,jetty-ee10-servlet,12.0.35,false,
Maven,org.exist-db,exist-security-iprange,7.0.0-SNAPSHOT,org.eclipse.jetty,jetty-session,12.0.35,false,
Maven,org.exist-db,exist-security-iprange,7.0.0-SNAPSHOT,org.eclipse.jetty.ee10,jetty-ee10-webapp,12.0.35,false,
Maven,org.exist-db,exist-security-iprange,7.0.0-SNAPSHOT,org.eclipse.jetty,jetty-ee,12.0.35,false,
Maven,org.exist-db,exist-security-iprange,7.0.0-SNAPSHOT,org.eclipse.jetty,jetty-xml,12.0.35,false,
Maven,org.exist-db,exist-security-iprange,7.0.0-SNAPSHOT,org.eclipse.jetty.ee10.websocket,jetty-ee10-websocket-jakarta-server,12.0.35,false,
Maven,org.exist-db,exist-security-iprange,7.0.0-SNAPSHOT,jakarta.websocket,jakarta.websocket-api,2.2.0,false,
Maven,org.exist-db,exist-security-iprange,7.0.0-SNAPSHOT,org.eclipse.jetty.ee10.websocket,jetty-ee10-websocket-jakarta-client,12.0.35,false,
Maven,org.exist-db,exist-security-iprange,7.0.0-SNAPSHOT,jakarta.websocket,jakarta.websocket-client-api,2.2.0,false,
Maven,org.exist-db,exist-security-iprange,7.0.0-SNAPSHOT,org.eclipse.jetty,jetty-client,12.0.35,false,
Maven,org.exist-db,exist-security-iprange,7.0.0-SNAPSHOT,org.eclipse.jetty,jetty-alpn-client,12.0.35,false,
Maven,org.exist-db,exist-security-iprange,7.0.0-SNAPSHOT,org.eclipse.jetty.ee10.websocket,jetty-ee10-websocket-jakarta-common,12.0.35,false,
Maven,org.exist-db,exist-security-iprange,7.0.0-SNAPSHOT,org.eclipse.jetty.websocket,jetty-websocket-core-client,12.0.35,false,
Maven,org.exist-db,exist-security-iprange,7.0.0-SNAPSHOT,org.eclipse.jetty.websocket,jetty-websocket-core-common,12.0.35,false,
Maven,org.exist-db,exist-security-iprange,7.0.0-SNAPSHOT,org.eclipse.jetty.ee10.websocket,jetty-ee10-websocket-servlet,12.0.35,false,
Maven,org.exist-db,exist-security-iprange,7.0.0-SNAPSHOT,org.eclipse.jetty.websocket,jetty-websocket-core-server,12.0.35,false,
Maven,org.exist-db,exist-security-iprange,7.0.0-SNAPSHOT,org.apache.logging.log4j,log4j-api,2.26.0,true,
Maven,org.exist-db,exist-xqts,7.0.0-SNAPSHOT,org.exist-db,exist-xqts-runner_2.13,2.0.0-SNAPSHOT,true,
Maven,org.exist-db,exist-xqts,7.0.0-SNAPSHOT,org.scala-lang,scala-library,2.13.17,false,
Maven,org.exist-db,exist-xqts,7.0.0-SNAPSHOT,org.apache.pekko,pekko-actor_2.13,1.3.0,false,
Maven,org.exist-db,exist-xqts,7.0.0-SNAPSHOT,com.typesafe,config,1.4.5,false,
Maven,org.exist-db,exist-xqts,7.0.0-SNAPSHOT,com.github.scopt,scopt_2.13,4.1.0,false,
Maven,org.exist-db,exist-xqts,7.0.0-SNAPSHOT,org.typelevel,cats-effect_2.13,3.6.3,false,
Maven,org.exist-db,exist-xqts,7.0.0-SNAPSHOT,org.typelevel,cats-effect-kernel_2.13,3.6.3,false,
Maven,org.exist-db,exist-xqts,7.0.0-SNAPSHOT,org.typelevel,cats-core_2.13,2.11.0,false,
Maven,org.exist-db,exist-xqts,7.0.0-SNAPSHOT,org.typelevel,cats-kernel_2.13,2.11.0,false,
Maven,org.exist-db,exist-xqts,7.0.0-SNAPSHOT,org.typelevel,cats-effect-std_2.13,3.6.3,false,
Maven,org.exist-db,exist-xqts,7.0.0-SNAPSHOT,org.typelevel,cats-mtl_2.13,1.3.1,false,
Maven,org.exist-db,exist-xqts,7.0.0-SNAPSHOT,org.exist-db.thirdparty.com.fasterxml,aalto-xml,1.1.0-20180330,false,
Maven,org.exist-db,exist-xqts,7.0.0-SNAPSHOT,org.codehaus.woodstox,stax2-api,4.1,false,
Maven,org.exist-db,exist-xqts,7.0.0-SNAPSHOT,org.parboiled,parboiled_2.13,2.5.1,false,
Maven,org.exist-db,exist-xqts,7.0.0-SNAPSHOT,org.apache.ant,ant-junit,1.10.15,false,
Maven,org.exist-db,exist-xqts,7.0.0-SNAPSHOT,net.sf.saxon,Saxon-HE,9.9.1-8,false,
Maven,org.exist-db,exist-xqts,7.0.0-SNAPSHOT,org.xmlunit,xmlunit-core,2.11.0,false,
Maven,org.exist-db,exist-xqts,7.0.0-SNAPSHOT,org.slf4j,slf4j-api,2.0.18,false,
Maven,org.exist-db,exist-xqts,7.0.0-SNAPSHOT,org.apache.logging.log4j,log4j-slf4j2-impl,2.26.0,false,
Maven,org.exist-db,exist-xqts,7.0.0-SNAPSHOT,org.exist-db,exist-core,7.0.0-SNAPSHOT,true,
Maven,org.exist-db,exist-xqts,7.0.0-SNAPSHOT,net.jcip,jcip-annotations,1.0,false,
Maven,org.exist-db,exist-xqts,7.0.0-SNAPSHOT,antlr,antlr,2.7.7,false,
Maven,org.exist-db,exist-xqts,7.0.0-SNAPSHOT,com.fasterxml.jackson.core,jackson-core,2.21.3,false,
Maven,org.exist-db,exist-xqts,7.0.0-SNAPSHOT,com.evolvedbinary.multilock,multilock,1.0.1,false,
Maven,org.exist-db,exist-xqts,7.0.0-SNAPSHOT,com.github.ben-manes.caffeine,caffeine,3.2.4,false,
Maven,org.exist-db,exist-xqts,7.0.0-SNAPSHOT,org.jspecify,jspecify,1.0.0,false,
Maven,org.exist-db,exist-xqts,7.0.0-SNAPSHOT,com.google.errorprone,error_prone_annotations,2.49.0,false,
Maven,org.exist-db,exist-xqts,7.0.0-SNAPSHOT,com.github.krukow,clj-ds,0.0.4,false,
Maven,org.exist-db,exist-xqts,7.0.0-SNAPSHOT,com.siemens.ct.exi,exificient,1.0.7,false,
Maven,org.exist-db,exist-xqts,7.0.0-SNAPSHOT,xmlpull,xmlpull,1.1.3.1,false,
Maven,org.exist-db,exist-xqts,7.0.0-SNAPSHOT,javax.activation,activation,1.1.1,false,
Maven,org.exist-db,exist-xqts,7.0.0-SNAPSHOT,com.siemens.ct.exi,exificient-grammars,1.0.7,false,
Maven,org.exist-db,exist-xqts,7.0.0-SNAPSHOT,com.siemens.ct.exi,exificient-core,1.0.7,false,
Maven,org.exist-db,exist-xqts,7.0.0-SNAPSHOT,com.ibm.icu,icu4j,76.1,false,
Maven,org.exist-db,exist-xqts,7.0.0-SNAPSHOT,com.google.code.findbugs,jsr305,3.0.2,false,
Maven,org.exist-db,exist-xqts,7.0.0-SNAPSHOT,org.relaxng,jing,20241231,false,
Maven,org.exist-db,exist-xqts,7.0.0-SNAPSHOT,isorelax,isorelax,20030108,false,
Maven,org.exist-db,exist-xqts,7.0.0-SNAPSHOT,org.exist-db,exist-start,7.0.0-SNAPSHOT,false,
Maven,org.exist-db,exist-xqts,7.0.0-SNAPSHOT,org.exquery,exquery-common,0.2.1,false,
Maven,org.exist-db,exist-xqts,7.0.0-SNAPSHOT,org.bouncycastle,bcprov-jdk18on,1.84,false,
Maven,org.exist-db,exist-xqts,7.0.0-SNAPSHOT,at.yawk.lz4,lz4-java,1.11.0,false,
Maven,org.exist-db,exist-xqts,7.0.0-SNAPSHOT,com.evolvedbinary.j8fu,j8fu,1.24.0,false,
Maven,org.exist-db,exist-xqts,7.0.0-SNAPSHOT,com.fasterxml.uuid,java-uuid-generator,5.2.0,false,
Maven,org.exist-db,exist-xqts,7.0.0-SNAPSHOT,jakarta.servlet,jakarta.servlet-api,6.0.0,false,
Maven,org.exist-db,exist-xqts,7.0.0-SNAPSHOT,jakarta.xml.bind,jakarta.xml.bind-api,4.0.5,false,
Maven,org.exist-db,exist-xqts,7.0.0-SNAPSHOT,jakarta.activation,jakarta.activation-api,2.1.4,false,
Maven,org.exist-db,exist-xqts,7.0.0-SNAPSHOT,org.eclipse.angus,angus-activation,2.0.3,false,
Maven,org.exist-db,exist-xqts,7.0.0-SNAPSHOT,org.glassfish.jaxb,jaxb-runtime,4.0.2,false,
Maven,org.exist-db,exist-xqts,7.0.0-SNAPSHOT,org.glassfish.jaxb,jaxb-core,4.0.2,false,
Maven,org.exist-db,exist-xqts,7.0.0-SNAPSHOT,org.glassfish.jaxb,txw2,4.0.2,false,
Maven,org.exist-db,exist-xqts,7.0.0-SNAPSHOT,com.sun.istack,istack-commons-runtime,4.1.1,false,
Maven,org.exist-db,exist-xqts,7.0.0-SNAPSHOT,org.exist-db.thirdparty.javax.xml.xquery,xqjri,20080114-133351,false,
Maven,org.exist-db,exist-xqts,7.0.0-SNAPSHOT,org.jline,jline,4.1.0,false,
Maven,org.exist-db,exist-xqts,7.0.0-SNAPSHOT,org.jline,jansi,4.1.0,false,
Maven,org.exist-db,exist-xqts,7.0.0-SNAPSHOT,net.bytebuddy,byte-buddy,1.18.8,false,
Maven,org.exist-db,exist-xqts,7.0.0-SNAPSHOT,se.softhouse,jargo,0.4.14,false,
Maven,org.exist-db,exist-xqts,7.0.0-SNAPSHOT,commons-codec,commons-codec,1.22.0,false,
Maven,org.exist-db,exist-xqts,7.0.0-SNAPSHOT,commons-io,commons-io,2.22.0,false,
Maven,org.exist-db,exist-xqts,7.0.0-SNAPSHOT,org.apache.commons,commons-lang3,3.20.0,false,
Maven,org.exist-db,exist-xqts,7.0.0-SNAPSHOT,commons-logging,commons-logging,1.3.6,false,
Maven,org.exist-db,exist-xqts,7.0.0-SNAPSHOT,org.apache.commons,commons-pool2,2.13.1,false,
Maven,org.exist-db,exist-xqts,7.0.0-SNAPSHOT,org.apache.logging.log4j,log4j-api,2.26.0,false,
Maven,org.exist-db,exist-xqts,7.0.0-SNAPSHOT,org.apache.logging.log4j,log4j-core,2.26.0,false,
Maven,org.exist-db,exist-xqts,7.0.0-SNAPSHOT,org.apache.logging.log4j,log4j-jcl,2.26.0,false,
Maven,org.exist-db,exist-xqts,7.0.0-SNAPSHOT,org.apache.logging.log4j,log4j-jul,2.26.0,false,
Maven,org.exist-db,exist-xqts,7.0.0-SNAPSHOT,org.exist-db.thirdparty.xerces,xercesImpl,2.12.2,false,
Maven,org.exist-db,exist-xqts,7.0.0-SNAPSHOT,org.codelibs,nekohtml,2.1.3,false,
Maven,org.exist-db,exist-xqts,7.0.0-SNAPSHOT,org.apache.ws.commons.util,ws-commons-util,1.0.2,false,
Maven,org.exist-db,exist-xqts,7.0.0-SNAPSHOT,xml-resolver,xml-resolver,1.2,false,
Maven,org.exist-db,exist-xqts,7.0.0-SNAPSHOT,org.xmlresolver,xmlresolver,6.0.23,false,
Maven,org.exist-db,exist-xqts,7.0.0-SNAPSHOT,org.exist-db.thirdparty.org.eclipse.wst.xml,xpath2,1.2.0,false,
Maven,org.exist-db,exist-xqts,7.0.0-SNAPSHOT,edu.princeton.cup,java-cup,10k,false,
Maven,org.exist-db,exist-xqts,7.0.0-SNAPSHOT,org.exist-db,exist-saxon-regex,9.4.0-9.e1,false,
Maven,org.exist-db,exist-xqts,7.0.0-SNAPSHOT,com.evolvedbinary.thirdparty.org.apache.xmlrpc,xmlrpc-common,5.0.0,false,
Maven,org.exist-db,exist-xqts,7.0.0-SNAPSHOT,com.evolvedbinary.thirdparty.org.apache.xmlrpc,xmlrpc-client,5.0.0,false,
Maven,org.exist-db,exist-xqts,7.0.0-SNAPSHOT,com.evolvedbinary.thirdparty.org.apache.xmlrpc,xmlrpc-server,5.0.0,false,
Maven,org.exist-db,exist-xqts,7.0.0-SNAPSHOT,org.aspectj,aspectjrt,1.9.25.1,false,
Maven,org.exist-db,exist-xqts,7.0.0-SNAPSHOT,org.eclipse.jetty,jetty-http,12.0.35,false,
Maven,org.exist-db,exist-xqts,7.0.0-SNAPSHOT,org.eclipse.jetty,jetty-io,12.0.35,false,
Maven,org.exist-db,exist-xqts,7.0.0-SNAPSHOT,org.eclipse.jetty,jetty-security,12.0.35,false,
Maven,org.exist-db,exist-xqts,7.0.0-SNAPSHOT,org.eclipse.jetty,jetty-server,12.0.35,false,
Maven,org.exist-db,exist-xqts,7.0.0-SNAPSHOT,org.eclipse.jetty,jetty-util,12.0.35,false,
Maven,org.exist-db,exist-xqts,7.0.0-SNAPSHOT,org.expath.packaging,pkg-java,2.0.1,false,
Maven,org.exist-db,exist-xqts,7.0.0-SNAPSHOT,com.fifesoft,rsyntaxtextarea,3.6.2,false,
Maven,org.exist-db,exist-xqts,7.0.0-SNAPSHOT,org.quartz-scheduler,quartz,2.5.2,false,
Maven,org.exist-db,exist-xqts,7.0.0-SNAPSHOT,net.sf.xmldb-org,xmldb-api,2.0.0,false,
Maven,org.exist-db,exist-xqts,7.0.0-SNAPSHOT,it.unimi.dsi,fastutil,8.5.18,false,
Maven,org.exist-db,exist-xqts,7.0.0-SNAPSHOT,io.lacuna,bifurcan,0.2.0-rc1,false,
Maven,org.exist-db,exist-xqts,7.0.0-SNAPSHOT,org.apache.ant,ant,1.10.17,false,
Maven,org.exist-db,exist-xqts,7.0.0-SNAPSHOT,org.apache.ant,ant-launcher,1.10.17,false,
Maven,org.exist-db,exist-xqts,7.0.0-SNAPSHOT,org.jgrapht,jgrapht-core,1.5.3,false,
Maven,org.exist-db,exist-xqts,7.0.0-SNAPSHOT,org.jheaps,jheaps,0.14,false,
Maven,org.exist-db,exist-xqts,7.0.0-SNAPSHOT,org.apfloat,apfloat,1.14.0,false,
Maven,org.exist-db,exist-xqts,7.0.0-SNAPSHOT,org.jgrapht,jgrapht-opt,1.5.3,false,
Maven,org.exist-db,exist-xqts,7.0.0-SNAPSHOT,junit,junit,4.13.2,false,
Maven,org.exist-db,exist-xqts,7.0.0-SNAPSHOT,org.hamcrest,hamcrest,3.0,false,
Maven,org.exist-db,exist-xqts,7.0.0-SNAPSHOT,org.eclipse.jetty.ee10,jetty-ee10-annotations,12.0.35,false,
Maven,org.exist-db,exist-xqts,7.0.0-SNAPSHOT,jakarta.annotation,jakarta.annotation-api,2.1.1,false,
Maven,org.exist-db,exist-xqts,7.0.0-SNAPSHOT,org.eclipse.jetty.ee10,jetty-ee10-plus,12.0.35,false,
Maven,org.exist-db,exist-xqts,7.0.0-SNAPSHOT,jakarta.enterprise,jakarta.enterprise.cdi-api,4.0.1,false,
Maven,org.exist-db,exist-xqts,7.0.0-SNAPSHOT,jakarta.el,jakarta.el-api,5.0.0,false,
Maven,org.exist-db,exist-xqts,7.0.0-SNAPSHOT,jakarta.inject,jakarta.inject-api,2.0.1,false,
Maven,org.exist-db,exist-xqts,7.0.0-SNAPSHOT,jakarta.enterprise,jakarta.enterprise.lang-model,4.0.1,false,
Maven,org.exist-db,exist-xqts,7.0.0-SNAPSHOT,jakarta.interceptor,jakarta.interceptor-api,2.1.0,false,
Maven,org.exist-db,exist-xqts,7.0.0-SNAPSHOT,jakarta.transaction,jakarta.transaction-api,2.0.1,false,
Maven,org.exist-db,exist-xqts,7.0.0-SNAPSHOT,org.eclipse.jetty,jetty-jndi,12.0.35,false,
Maven,org.exist-db,exist-xqts,7.0.0-SNAPSHOT,org.eclipse.jetty,jetty-plus,12.0.35,false,
Maven,org.exist-db,exist-xqts,7.0.0-SNAPSHOT,org.ow2.asm,asm,9.9.1,false,
Maven,org.exist-db,exist-xqts,7.0.0-SNAPSHOT,org.ow2.asm,asm-commons,9.9.1,false,
Maven,org.exist-db,exist-xqts,7.0.0-SNAPSHOT,org.ow2.asm,asm-tree,9.9.1,false,
Maven,org.exist-db,exist-xqts,7.0.0-SNAPSHOT,org.eclipse.jetty.ee10,jetty-ee10-servlet,12.0.35,false,
Maven,org.exist-db,exist-xqts,7.0.0-SNAPSHOT,org.eclipse.jetty,jetty-session,12.0.35,false,
Maven,org.exist-db,exist-xqts,7.0.0-SNAPSHOT,org.eclipse.jetty.ee10,jetty-ee10-webapp,12.0.35,false,
Maven,org.exist-db,exist-xqts,7.0.0-SNAPSHOT,org.eclipse.jetty,jetty-ee,12.0.35,false,
Maven,org.exist-db,exist-xqts,7.0.0-SNAPSHOT,org.eclipse.jetty,jetty-xml,12.0.35,false,
Maven,org.exist-db,exist-xqts,7.0.0-SNAPSHOT,org.eclipse.jetty.ee10.websocket,jetty-ee10-websocket-jakarta-server,12.0.35,false,
Maven,org.exist-db,exist-xqts,7.0.0-SNAPSHOT,jakarta.websocket,jakarta.websocket-api,2.2.0,false,
Maven,org.exist-db,exist-xqts,7.0.0-SNAPSHOT,org.eclipse.jetty.ee10.websocket,jetty-ee10-websocket-jakarta-client,12.0.35,false,
Maven,org.exist-db,exist-xqts,7.0.0-SNAPSHOT,jakarta.websocket,jakarta.websocket-client-api,2.2.0,false,
Maven,org.exist-db,exist-xqts,7.0.0-SNAPSHOT,org.eclipse.jetty,jetty-client,12.0.35,false,
Maven,org.exist-db,exist-xqts,7.0.0-SNAPSHOT,org.eclipse.jetty,jetty-alpn-client,12.0.35,false,
Maven,org.exist-db,exist-xqts,7.0.0-SNAPSHOT,org.eclipse.jetty.ee10.websocket,jetty-ee10-websocket-jakarta-common,12.0.35,false,
Maven,org.exist-db,exist-xqts,7.0.0-SNAPSHOT,org.eclipse.jetty.websocket,jetty-websocket-core-client,12.0.35,false,
Maven,org.exist-db,exist-xqts,7.0.0-SNAPSHOT,org.eclipse.jetty.websocket,jetty-websocket-core-common,12.0.35,false,
Maven,org.exist-db,exist-xqts,7.0.0-SNAPSHOT,org.eclipse.jetty.ee10.websocket,jetty-ee10-websocket-servlet,12.0.35,false,
Maven,org.exist-db,exist-xqts,7.0.0-SNAPSHOT,org.eclipse.jetty.websocket,jetty-websocket-core-server,12.0.35,false,
Maven,org.exist-db,exist-xqts,7.0.0-SNAPSHOT,org.codehaus.mojo.appassembler,appassembler-booter,2.1.0,true,
Maven,org.exist-db,exist-xqts,7.0.0-SNAPSHOT,org.codehaus.mojo.appassembler,appassembler-model,2.1.0,false,
Maven,org.exist-db,exist-xqts,7.0.0-SNAPSHOT,org.codehaus.plexus,plexus-utils,3.2.0,false,
Maven,org.exist-db,exist-xqts,7.0.0-SNAPSHOT,net.java.dev.stax-utils,stax-utils,20060502,false,
Maven,org.exist-db,exist-xqts,7.0.0-SNAPSHOT,stax,stax,1.1.1-dev,false,
Maven,org.exist-db,exist-xqts,7.0.0-SNAPSHOT,stax,stax-api,1.0.1,false,
Maven,org.exist-db,exist-installer,7.0.0-SNAPSHOT,org.exist-db,exist-distribution,7.0.0-SNAPSHOT,true,
Maven,org.exist-db,exist-installer,7.0.0-SNAPSHOT,org.exist-db,exist-core,7.0.0-SNAPSHOT,false,
Maven,org.exist-db,exist-installer,7.0.0-SNAPSHOT,net.jcip,jcip-annotations,1.0,false,
Maven,org.exist-db,exist-installer,7.0.0-SNAPSHOT,antlr,antlr,2.7.7,false,
Maven,org.exist-db,exist-installer,7.0.0-SNAPSHOT,com.fasterxml.jackson.core,jackson-core,2.21.3,false,
Maven,org.exist-db,exist-installer,7.0.0-SNAPSHOT,com.evolvedbinary.multilock,multilock,1.0.1,false,
Maven,org.exist-db,exist-installer,7.0.0-SNAPSHOT,com.github.ben-manes.caffeine,caffeine,3.2.4,false,
Maven,org.exist-db,exist-installer,7.0.0-SNAPSHOT,org.jspecify,jspecify,1.0.0,false,
Maven,org.exist-db,exist-installer,7.0.0-SNAPSHOT,com.google.errorprone,error_prone_annotations,2.49.0,false,
Maven,org.exist-db,exist-installer,7.0.0-SNAPSHOT,com.github.krukow,clj-ds,0.0.4,false,
Maven,org.exist-db,exist-installer,7.0.0-SNAPSHOT,com.siemens.ct.exi,exificient,1.0.7,false,
Maven,org.exist-db,exist-installer,7.0.0-SNAPSHOT,xmlpull,xmlpull,1.1.3.1,false,
Maven,org.exist-db,exist-installer,7.0.0-SNAPSHOT,javax.activation,activation,1.1.1,false,
Maven,org.exist-db,exist-installer,7.0.0-SNAPSHOT,com.siemens.ct.exi,exificient-grammars,1.0.7,false,
Maven,org.exist-db,exist-installer,7.0.0-SNAPSHOT,com.siemens.ct.exi,exificient-core,1.0.7,false,
Maven,org.exist-db,exist-installer,7.0.0-SNAPSHOT,com.ibm.icu,icu4j,76.1,false,
Maven,org.exist-db,exist-installer,7.0.0-SNAPSHOT,com.google.code.findbugs,jsr305,3.0.2,false,
Maven,org.exist-db,exist-installer,7.0.0-SNAPSHOT,org.relaxng,jing,20241231,false,
Maven,org.exist-db,exist-installer,7.0.0-SNAPSHOT,isorelax,isorelax,20030108,false,
Maven,org.exist-db,exist-installer,7.0.0-SNAPSHOT,org.exquery,exquery-common,0.2.1,false,
Maven,org.exist-db,exist-installer,7.0.0-SNAPSHOT,org.bouncycastle,bcprov-jdk18on,1.84,false,
Maven,org.exist-db,exist-installer,7.0.0-SNAPSHOT,at.yawk.lz4,lz4-java,1.11.0,false,
Maven,org.exist-db,exist-installer,7.0.0-SNAPSHOT,com.evolvedbinary.j8fu,j8fu,1.24.0,false,
Maven,org.exist-db,exist-installer,7.0.0-SNAPSHOT,com.fasterxml.uuid,java-uuid-generator,5.2.0,false,
Maven,org.exist-db,exist-installer,7.0.0-SNAPSHOT,jakarta.servlet,jakarta.servlet-api,6.0.0,false,
Maven,org.exist-db,exist-installer,7.0.0-SNAPSHOT,jakarta.xml.bind,jakarta.xml.bind-api,4.0.5,false,
Maven,org.exist-db,exist-installer,7.0.0-SNAPSHOT,org.eclipse.angus,angus-activation,2.0.3,false,
Maven,org.exist-db,exist-installer,7.0.0-SNAPSHOT,org.glassfish.jaxb,jaxb-runtime,4.0.2,false,
Maven,org.exist-db,exist-installer,7.0.0-SNAPSHOT,org.glassfish.jaxb,jaxb-core,4.0.2,false,
Maven,org.exist-db,exist-installer,7.0.0-SNAPSHOT,org.glassfish.jaxb,txw2,4.0.2,false,
Maven,org.exist-db,exist-installer,7.0.0-SNAPSHOT,com.sun.istack,istack-commons-runtime,4.1.1,false,
Maven,org.exist-db,exist-installer,7.0.0-SNAPSHOT,org.exist-db.thirdparty.javax.xml.xquery,xqjri,20080114-133351,false,
Maven,org.exist-db,exist-installer,7.0.0-SNAPSHOT,org.jline,jline,4.1.0,false,
Maven,org.exist-db,exist-installer,7.0.0-SNAPSHOT,org.jline,jansi,4.1.0,false,
Maven,org.exist-db,exist-installer,7.0.0-SNAPSHOT,net.bytebuddy,byte-buddy,1.18.8,false,
Maven,org.exist-db,exist-installer,7.0.0-SNAPSHOT,se.softhouse,jargo,0.4.14,false,
Maven,org.exist-db,exist-installer,7.0.0-SNAPSHOT,commons-codec,commons-codec,1.22.0,false,
Maven,org.exist-db,exist-installer,7.0.0-SNAPSHOT,commons-io,commons-io,2.22.0,false,
Maven,org.exist-db,exist-installer,7.0.0-SNAPSHOT,org.apache.commons,commons-lang3,3.20.0,false,
Maven,org.exist-db,exist-installer,7.0.0-SNAPSHOT,commons-logging,commons-logging,1.3.6,false,
Maven,org.exist-db,exist-installer,7.0.0-SNAPSHOT,org.apache.commons,commons-pool2,2.13.1,false,
Maven,org.exist-db,exist-installer,7.0.0-SNAPSHOT,org.apache.logging.log4j,log4j-api,2.26.0,false,
Maven,org.exist-db,exist-installer,7.0.0-SNAPSHOT,org.apache.logging.log4j,log4j-core,2.26.0,false,
Maven,org.exist-db,exist-installer,7.0.0-SNAPSHOT,org.apache.logging.log4j,log4j-jcl,2.26.0,false,
Maven,org.exist-db,exist-installer,7.0.0-SNAPSHOT,org.apache.logging.log4j,log4j-jul,2.26.0,false,
Maven,org.exist-db,exist-installer,7.0.0-SNAPSHOT,org.apache.logging.log4j,log4j-slf4j2-impl,2.26.0,false,
Maven,org.exist-db,exist-installer,7.0.0-SNAPSHOT,org.exist-db.thirdparty.xerces,xercesImpl,2.12.2,false,
Maven,org.exist-db,exist-installer,7.0.0-SNAPSHOT,org.codelibs,nekohtml,2.1.3,false,
Maven,org.exist-db,exist-installer,7.0.0-SNAPSHOT,org.apache.ws.commons.util,ws-commons-util,1.0.2,false,
Maven,org.exist-db,exist-installer,7.0.0-SNAPSHOT,xml-resolver,xml-resolver,1.2,false,
Maven,org.exist-db,exist-installer,7.0.0-SNAPSHOT,org.xmlresolver,xmlresolver,6.0.23,false,
Maven,org.exist-db,exist-installer,7.0.0-SNAPSHOT,org.exist-db.thirdparty.org.eclipse.wst.xml,xpath2,1.2.0,false,
Maven,org.exist-db,exist-installer,7.0.0-SNAPSHOT,edu.princeton.cup,java-cup,10k,false,
Maven,org.exist-db,exist-installer,7.0.0-SNAPSHOT,net.sf.saxon,Saxon-HE,9.9.1-8,false,
Maven,org.exist-db,exist-installer,7.0.0-SNAPSHOT,org.exist-db,exist-saxon-regex,9.4.0-9.e1,false,
Maven,org.exist-db,exist-installer,7.0.0-SNAPSHOT,com.evolvedbinary.thirdparty.org.apache.xmlrpc,xmlrpc-common,5.0.0,false,
Maven,org.exist-db,exist-installer,7.0.0-SNAPSHOT,com.evolvedbinary.thirdparty.org.apache.xmlrpc,xmlrpc-client,5.0.0,false,
Maven,org.exist-db,exist-installer,7.0.0-SNAPSHOT,com.evolvedbinary.thirdparty.org.apache.xmlrpc,xmlrpc-server,5.0.0,false,
Maven,org.exist-db,exist-installer,7.0.0-SNAPSHOT,org.aspectj,aspectjrt,1.9.25.1,false,
Maven,org.exist-db,exist-installer,7.0.0-SNAPSHOT,org.eclipse.jetty,jetty-http,12.0.35,false,
Maven,org.exist-db,exist-installer,7.0.0-SNAPSHOT,org.eclipse.jetty,jetty-io,12.0.35,false,
Maven,org.exist-db,exist-installer,7.0.0-SNAPSHOT,org.eclipse.jetty,jetty-security,12.0.35,false,
Maven,org.exist-db,exist-installer,7.0.0-SNAPSHOT,org.eclipse.jetty,jetty-server,12.0.35,false,
Maven,org.exist-db,exist-installer,7.0.0-SNAPSHOT,org.eclipse.jetty,jetty-util,12.0.35,false,
Maven,org.exist-db,exist-installer,7.0.0-SNAPSHOT,org.expath.packaging,pkg-java,2.0.1,false,
Maven,org.exist-db,exist-installer,7.0.0-SNAPSHOT,com.fifesoft,rsyntaxtextarea,3.6.2,false,
Maven,org.exist-db,exist-installer,7.0.0-SNAPSHOT,org.quartz-scheduler,quartz,2.5.2,false,
Maven,org.exist-db,exist-installer,7.0.0-SNAPSHOT,net.sf.xmldb-org,xmldb-api,2.0.0,false,
Maven,org.exist-db,exist-installer,7.0.0-SNAPSHOT,it.unimi.dsi,fastutil,8.5.18,false,
Maven,org.exist-db,exist-installer,7.0.0-SNAPSHOT,io.lacuna,bifurcan,0.2.0-rc1,false,
Maven,org.exist-db,exist-installer,7.0.0-SNAPSHOT,org.apache.ant,ant,1.10.17,false,
Maven,org.exist-db,exist-installer,7.0.0-SNAPSHOT,org.apache.ant,ant-launcher,1.10.17,false,
Maven,org.exist-db,exist-installer,7.0.0-SNAPSHOT,org.jgrapht,jgrapht-core,1.5.3,false,
Maven,org.exist-db,exist-installer,7.0.0-SNAPSHOT,org.jheaps,jheaps,0.14,false,
Maven,org.exist-db,exist-installer,7.0.0-SNAPSHOT,org.apfloat,apfloat,1.14.0,false,
Maven,org.exist-db,exist-installer,7.0.0-SNAPSHOT,org.jgrapht,jgrapht-opt,1.5.3,false,
Maven,org.exist-db,exist-installer,7.0.0-SNAPSHOT,junit,junit,4.13.2,false,
Maven,org.exist-db,exist-installer,7.0.0-SNAPSHOT,org.hamcrest,hamcrest,3.0,false,
Maven,org.exist-db,exist-installer,7.0.0-SNAPSHOT,org.xmlunit,xmlunit-core,2.11.0,false,
Maven,org.exist-db,exist-installer,7.0.0-SNAPSHOT,org.eclipse.jetty.ee10,jetty-ee10-annotations,12.0.35,false,
Maven,org.exist-db,exist-installer,7.0.0-SNAPSHOT,jakarta.annotation,jakarta.annotation-api,2.1.1,false,
Maven,org.exist-db,exist-installer,7.0.0-SNAPSHOT,org.eclipse.jetty.ee10,jetty-ee10-plus,12.0.35,false,
Maven,org.exist-db,exist-installer,7.0.0-SNAPSHOT,jakarta.enterprise,jakarta.enterprise.cdi-api,4.0.1,false,
Maven,org.exist-db,exist-installer,7.0.0-SNAPSHOT,jakarta.el,jakarta.el-api,5.0.0,false,
Maven,org.exist-db,exist-installer,7.0.0-SNAPSHOT,jakarta.enterprise,jakarta.enterprise.lang-model,4.0.1,false,
Maven,org.exist-db,exist-installer,7.0.0-SNAPSHOT,jakarta.interceptor,jakarta.interceptor-api,2.1.0,false,
Maven,org.exist-db,exist-installer,7.0.0-SNAPSHOT,jakarta.transaction,jakarta.transaction-api,2.0.1,false,
Maven,org.exist-db,exist-installer,7.0.0-SNAPSHOT,org.eclipse.jetty,jetty-jndi,12.0.35,false,
Maven,org.exist-db,exist-installer,7.0.0-SNAPSHOT,org.eclipse.jetty,jetty-plus,12.0.35,false,
Maven,org.exist-db,exist-installer,7.0.0-SNAPSHOT,org.ow2.asm,asm,9.9.1,false,
Maven,org.exist-db,exist-installer,7.0.0-SNAPSHOT,org.ow2.asm,asm-commons,9.9.1,false,
Maven,org.exist-db,exist-installer,7.0.0-SNAPSHOT,org.ow2.asm,asm-tree,9.9.1,false,
Maven,org.exist-db,exist-installer,7.0.0-SNAPSHOT,org.eclipse.jetty.ee10,jetty-ee10-servlet,12.0.35,false,
Maven,org.exist-db,exist-installer,7.0.0-SNAPSHOT,org.eclipse.jetty,jetty-session,12.0.35,false,
Maven,org.exist-db,exist-installer,7.0.0-SNAPSHOT,org.eclipse.jetty.ee10,jetty-ee10-webapp,12.0.35,false,
Maven,org.exist-db,exist-installer,7.0.0-SNAPSHOT,org.eclipse.jetty,jetty-ee,12.0.35,false,
Maven,org.exist-db,exist-installer,7.0.0-SNAPSHOT,org.eclipse.jetty,jetty-xml,12.0.35,false,
Maven,org.exist-db,exist-installer,7.0.0-SNAPSHOT,org.exist-db,exist-start,7.0.0-SNAPSHOT,false,
Maven,org.exist-db,exist-installer,7.0.0-SNAPSHOT,org.exist-db,exist-service,7.0.0-SNAPSHOT,false,
Maven,org.exist-db,exist-installer,7.0.0-SNAPSHOT,commons-daemon,commons-daemon,1.5.1,false,
Maven,org.exist-db,exist-installer,7.0.0-SNAPSHOT,org.exist-db,exist-contentextraction,7.0.0-SNAPSHOT,false,
Maven,org.exist-db,exist-installer,7.0.0-SNAPSHOT,org.apache.tika,tika-core,3.3.0,false,
Maven,org.exist-db,exist-installer,7.0.0-SNAPSHOT,org.apache.tika,tika-parsers-standard-package,3.3.0,false,
Maven,org.exist-db,exist-installer,7.0.0-SNAPSHOT,org.apache.tika,tika-parser-apple-module,3.3.0,false,
Maven,org.exist-db,exist-installer,7.0.0-SNAPSHOT,org.apache.tika,tika-parser-zip-commons,3.3.0,false,
Maven,org.exist-db,exist-installer,7.0.0-SNAPSHOT,com.googlecode.plist,dd-plist,1.29,false,
Maven,org.exist-db,exist-installer,7.0.0-SNAPSHOT,org.apache.tika,tika-parser-audiovideo-module,3.3.0,false,
Maven,org.exist-db,exist-installer,7.0.0-SNAPSHOT,com.drewnoakes,metadata-extractor,2.19.0,false,
Maven,org.exist-db,exist-installer,7.0.0-SNAPSHOT,com.adobe.xmp,xmpcore,6.1.11,false,
Maven,org.exist-db,exist-installer,7.0.0-SNAPSHOT,org.apache.tika,tika-parser-cad-module,3.3.0,false,
Maven,org.exist-db,exist-installer,7.0.0-SNAPSHOT,com.fasterxml.jackson.core,jackson-databind,2.21.1,false,
Maven,org.exist-db,exist-installer,7.0.0-SNAPSHOT,com.fasterxml.jackson.core,jackson-annotations,2.21,false,
Maven,org.exist-db,exist-installer,7.0.0-SNAPSHOT,org.apache.tika,tika-parser-code-module,3.3.0,false,
Maven,org.exist-db,exist-installer,7.0.0-SNAPSHOT,org.codelibs,jhighlight,1.1.1,false,
Maven,org.exist-db,exist-installer,7.0.0-SNAPSHOT,org.jsoup,jsoup,1.22.1,false,
Maven,org.exist-db,exist-installer,7.0.0-SNAPSHOT,com.epam,parso,2.0.14,false,
Maven,org.exist-db,exist-installer,7.0.0-SNAPSHOT,org.tallison,jmatio,1.5,false,
Maven,org.exist-db,exist-installer,7.0.0-SNAPSHOT,org.apache.tika,tika-parser-crypto-module,3.3.0,false,
Maven,org.exist-db,exist-installer,7.0.0-SNAPSHOT,org.bouncycastle,bcjmail-jdk18on,1.83,false,
Maven,org.exist-db,exist-installer,7.0.0-SNAPSHOT,org.bouncycastle,bcpkix-jdk18on,1.83,false,
Maven,org.exist-db,exist-installer,7.0.0-SNAPSHOT,org.bouncycastle,bcutil-jdk18on,1.83,false,
Maven,org.exist-db,exist-installer,7.0.0-SNAPSHOT,org.apache.tika,tika-parser-digest-commons,3.3.0,false,
Maven,org.exist-db,exist-installer,7.0.0-SNAPSHOT,org.apache.tika,tika-parser-font-module,3.3.0,false,
Maven,org.exist-db,exist-installer,7.0.0-SNAPSHOT,org.apache.tika,tika-parser-html-module,3.3.0,false,
Maven,org.exist-db,exist-installer,7.0.0-SNAPSHOT,org.apache.tika,tika-parser-image-module,3.3.0,false,
Maven,org.exist-db,exist-installer,7.0.0-SNAPSHOT,com.github.jai-imageio,jai-imageio-core,1.4.0,false,
Maven,org.exist-db,exist-installer,7.0.0-SNAPSHOT,org.apache.pdfbox,jbig2-imageio,3.0.4,false,
Maven,org.exist-db,exist-installer,7.0.0-SNAPSHOT,org.apache.tika,tika-parser-mail-module,3.3.0,false,
Maven,org.exist-db,exist-installer,7.0.0-SNAPSHOT,org.apache.tika,tika-parser-mail-commons,3.3.0,false,
Maven,org.exist-db,exist-installer,7.0.0-SNAPSHOT,org.apache.james,apache-mime4j-dom,0.8.13,false,
Maven,org.exist-db,exist-installer,7.0.0-SNAPSHOT,org.apache.tika,tika-parser-microsoft-module,3.3.0,false,
Maven,org.exist-db,exist-installer,7.0.0-SNAPSHOT,com.pff,java-libpst,0.9.3,false,
Maven,org.exist-db,exist-installer,7.0.0-SNAPSHOT,org.apache.poi,poi,5.5.1,false,
Maven,org.exist-db,exist-installer,7.0.0-SNAPSHOT,org.apache.commons,commons-math3,3.6.1,false,
Maven,org.exist-db,exist-installer,7.0.0-SNAPSHOT,com.zaxxer,SparseBitSet,1.3,false,
Maven,org.exist-db,exist-installer,7.0.0-SNAPSHOT,org.apache.poi,poi-scratchpad,5.5.1,false,
Maven,org.exist-db,exist-installer,7.0.0-SNAPSHOT,org.apache.poi,poi-ooxml,5.5.1,false,
Maven,org.exist-db,exist-installer,7.0.0-SNAPSHOT,org.apache.xmlbeans,xmlbeans,5.3.0,false,
Maven,org.exist-db,exist-installer,7.0.0-SNAPSHOT,com.github.virtuald,curvesapi,1.08,false,
Maven,org.exist-db,exist-installer,7.0.0-SNAPSHOT,org.apache.poi,poi-ooxml-full,5.5.1,false,
Maven,org.exist-db,exist-installer,7.0.0-SNAPSHOT,com.healthmarketscience.jackcess,jackcess,4.0.10,false,
Maven,org.exist-db,exist-installer,7.0.0-SNAPSHOT,com.healthmarketscience.jackcess,jackcess-encrypt,4.0.3,false,
Maven,org.exist-db,exist-installer,7.0.0-SNAPSHOT,org.slf4j,jcl-over-slf4j,2.0.17,false,
Maven,org.exist-db,exist-installer,7.0.0-SNAPSHOT,org.apache.tika,tika-parser-miscoffice-module,3.3.0,false,
Maven,org.exist-db,exist-installer,7.0.0-SNAPSHOT,org.apache.tika,tika-parser-news-module,3.3.0,false,
Maven,org.exist-db,exist-installer,7.0.0-SNAPSHOT,com.rometools,rome,2.1.0,false,
Maven,org.exist-db,exist-installer,7.0.0-SNAPSHOT,com.rometools,rome-utils,2.1.0,false,
Maven,org.exist-db,exist-installer,7.0.0-SNAPSHOT,org.jdom,jdom2,2.0.6.1,false,
Maven,org.exist-db,exist-installer,7.0.0-SNAPSHOT,org.apache.tika,tika-parser-ocr-module,3.3.0,false,
Maven,org.exist-db,exist-installer,7.0.0-SNAPSHOT,org.apache.commons,commons-exec,1.6.0,false,
Maven,org.exist-db,exist-installer,7.0.0-SNAPSHOT,org.apache.tika,tika-parser-pdf-module,3.3.0,false,
Maven,org.exist-db,exist-installer,7.0.0-SNAPSHOT,org.apache.pdfbox,pdfbox,3.0.7,false,
Maven,org.exist-db,exist-installer,7.0.0-SNAPSHOT,org.apache.pdfbox,pdfbox-tools,3.0.7,false,
Maven,org.exist-db,exist-installer,7.0.0-SNAPSHOT,info.picocli,picocli,4.7.7,false,
Maven,org.exist-db,exist-installer,7.0.0-SNAPSHOT,org.apache.pdfbox,jempbox,1.8.17,false,
Maven,org.exist-db,exist-installer,7.0.0-SNAPSHOT,org.apache.tika,tika-parser-pkg-module,3.3.0,false,
Maven,org.exist-db,exist-installer,7.0.0-SNAPSHOT,org.tukaani,xz,1.12,false,
Maven,org.exist-db,exist-installer,7.0.0-SNAPSHOT,org.brotli,dec,0.1.2,false,
Maven,org.exist-db,exist-installer,7.0.0-SNAPSHOT,com.github.junrar,junrar,7.5.8,false,
Maven,org.exist-db,exist-installer,7.0.0-SNAPSHOT,org.apache.tika,tika-parser-text-module,3.3.0,false,
Maven,org.exist-db,exist-installer,7.0.0-SNAPSHOT,com.github.albfernandez,juniversalchardet,2.5.0,false,
Maven,org.exist-db,exist-installer,7.0.0-SNAPSHOT,org.apache.commons,commons-csv,1.14.1,false,
Maven,org.exist-db,exist-installer,7.0.0-SNAPSHOT,org.apache.tika,tika-parser-webarchive-module,3.3.0,false,
Maven,org.exist-db,exist-installer,7.0.0-SNAPSHOT,org.netpreserve,jwarc,0.35.0,false,
Maven,org.exist-db,exist-installer,7.0.0-SNAPSHOT,com.github.luben,zstd-jni,1.5.7-4,false,
Maven,org.exist-db,exist-installer,7.0.0-SNAPSHOT,org.apache.tika,tika-parser-xml-module,3.3.0,false,
Maven,org.exist-db,exist-installer,7.0.0-SNAPSHOT,org.apache.tika,tika-parser-xmp-commons,3.3.0,false,
Maven,org.exist-db,exist-installer,7.0.0-SNAPSHOT,org.apache.pdfbox,xmpbox,3.0.7,false,
Maven,org.exist-db,exist-installer,7.0.0-SNAPSHOT,org.gagravarr,vorbis-java-tika,0.8,false,
Maven,org.exist-db,exist-installer,7.0.0-SNAPSHOT,org.gagravarr,vorbis-java-core,0.8,false,
Maven,org.exist-db,exist-installer,7.0.0-SNAPSHOT,org.exist-db,exist-exiftool,7.0.0-SNAPSHOT,false,
Maven,org.exist-db,exist-installer,7.0.0-SNAPSHOT,org.exist-db,exist-expath,7.0.0-SNAPSHOT,false,
Maven,org.exist-db,exist-installer,7.0.0-SNAPSHOT,org.apache.httpcomponents,httpcore,4.4.16,false,
Maven,org.exist-db,exist-installer,7.0.0-SNAPSHOT,org.apache.james,apache-mime4j-core,0.8.14,false,
Maven,org.exist-db,exist-installer,7.0.0-SNAPSHOT,org.expath.http.client,http-client-java,1.4.2,false,
Maven,org.exist-db,exist-installer,7.0.0-SNAPSHOT,org.apache.httpcomponents,httpclient,4.5.14,false,
Maven,org.exist-db,exist-installer,7.0.0-SNAPSHOT,org.ccil.cowan.tagsoup,tagsoup,1.2.1,false,
Maven,org.exist-db,exist-installer,7.0.0-SNAPSHOT,org.expath.tools,tools-java,0.7.0,false,
Maven,org.exist-db,exist-installer,7.0.0-SNAPSHOT,org.exist-db,exist-exquery-request-module,7.0.0-SNAPSHOT,false,
Maven,org.exist-db,exist-installer,7.0.0-SNAPSHOT,org.exist-db,exist-restxq,7.0.0-SNAPSHOT,false,
Maven,org.exist-db,exist-installer,7.0.0-SNAPSHOT,org.apache.commons,commons-collections4,4.5.0,false,
Maven,org.exist-db,exist-installer,7.0.0-SNAPSHOT,org.exquery,exquery-xquery,0.2.1,false,
Maven,org.exist-db,exist-installer,7.0.0-SNAPSHOT,org.exquery,exquery-xquery3,0.2.1,false,
Maven,org.exist-db,exist-installer,7.0.0-SNAPSHOT,org.exquery,exquery-annotations-common-api,0.2.1,false,
Maven,org.exist-db,exist-installer,7.0.0-SNAPSHOT,org.exquery,exquery-restxq-api,0.2.1,false,
Maven,org.exist-db,exist-installer,7.0.0-SNAPSHOT,org.exquery,exquery-restxq,0.2.1,false,
Maven,org.exist-db,exist-installer,7.0.0-SNAPSHOT,org.exquery,exquery-annotations-common,0.2.1,false,
Maven,org.exist-db,exist-installer,7.0.0-SNAPSHOT,org.exquery,exquery-serialization-annotations-api,0.2.1,false,
Maven,org.exist-db,exist-installer,7.0.0-SNAPSHOT,org.exquery,exquery-serialization-annotations,0.2.1,false,
Maven,org.exist-db,exist-installer,7.0.0-SNAPSHOT,org.jctools,jctools-core,4.0.6,false,
Maven,org.exist-db,exist-installer,7.0.0-SNAPSHOT,org.exist-db,exist-webdav,7.0.0-SNAPSHOT,false,
Maven,org.exist-db,exist-installer,7.0.0-SNAPSHOT,commons-beanutils,commons-beanutils,1.11.0,false,
Maven,org.exist-db,exist-installer,7.0.0-SNAPSHOT,commons-collections,commons-collections,3.2.2,false,
Maven,org.exist-db,exist-installer,7.0.0-SNAPSHOT,org.exist-db.thirdparty.com.ettrema,milton-api,1.8.1.3,false,
Maven,org.exist-db,exist-installer,7.0.0-SNAPSHOT,org.jdom,jdom,1.1.3,false,
Maven,org.exist-db,exist-installer,7.0.0-SNAPSHOT,com.evolvedbinary.thirdparty.com.ettrema,milton-servlet,1.8.1.3-jakarta-ee10,false,
Maven,org.exist-db,exist-installer,7.0.0-SNAPSHOT,eu.medsea.mimeutil,mime-util,2.1.3,false,
Maven,org.exist-db,exist-installer,7.0.0-SNAPSHOT,org.exist-db,exist-xqdoc,7.0.0-SNAPSHOT,false,
Maven,org.exist-db,exist-installer,7.0.0-SNAPSHOT,org.exist-db,exist-ant,7.0.0-SNAPSHOT,false,
Maven,org.exist-db,exist-installer,7.0.0-SNAPSHOT,org.xqdoc,xqdoc-conversion,1.6,false,
Maven,org.exist-db,exist-installer,7.0.0-SNAPSHOT,org.antlr,antlr,3.0,false,
Maven,org.exist-db,exist-installer,7.0.0-SNAPSHOT,org.antlr,stringtemplate,3.0,false,
Maven,org.exist-db,exist-installer,7.0.0-SNAPSHOT,org.exist-db,exist-index-lucene,7.0.0-SNAPSHOT,false,
Maven,org.exist-db,exist-installer,7.0.0-SNAPSHOT,org.apache.lucene,lucene-core,10.4.0,false,
Maven,org.exist-db,exist-installer,7.0.0-SNAPSHOT,org.apache.lucene,lucene-analysis-common,10.4.0,false,
Maven,org.exist-db,exist-installer,7.0.0-SNAPSHOT,org.apache.lucene,lucene-analysis-icu,10.4.0,false,
Maven,org.exist-db,exist-installer,7.0.0-SNAPSHOT,org.apache.lucene,lucene-facet,10.4.0,false,
Maven,org.exist-db,exist-installer,7.0.0-SNAPSHOT,org.apache.lucene,lucene-queries,10.4.0,false,
Maven,org.exist-db,exist-installer,7.0.0-SNAPSHOT,org.exist-db,exist-index-ngram,7.0.0-SNAPSHOT,false,
Maven,org.exist-db,exist-installer,7.0.0-SNAPSHOT,org.exist-db,exist-index-range,7.0.0-SNAPSHOT,false,
Maven,org.exist-db,exist-installer,7.0.0-SNAPSHOT,org.apache.lucene,lucene-queryparser,10.4.0,false,
Maven,org.exist-db,exist-installer,7.0.0-SNAPSHOT,org.apache.lucene,lucene-sandbox,10.4.0,false,
Maven,org.exist-db,exist-installer,7.0.0-SNAPSHOT,org.exist-db,exist-index-sort,7.0.0-SNAPSHOT,false,
Maven,org.exist-db,exist-installer,7.0.0-SNAPSHOT,org.exist-db,exist-index-spatial,7.0.0-SNAPSHOT,false,
Maven,org.exist-db,exist-installer,7.0.0-SNAPSHOT,org.geotools,gt-api,34.3,false,
Maven,org.exist-db,exist-installer,7.0.0-SNAPSHOT,commons-pool,commons-pool,1.5.4,false,
Maven,org.exist-db,exist-installer,7.0.0-SNAPSHOT,systems.uom,systems-common,2.1,false,
Maven,org.exist-db,exist-installer,7.0.0-SNAPSHOT,si.uom,si-quantity,2.1,false,
Maven,org.exist-db,exist-installer,7.0.0-SNAPSHOT,si.uom,si-units,2.1,false,
Maven,org.exist-db,exist-installer,7.0.0-SNAPSHOT,tech.units,indriya,2.2,false,
Maven,org.exist-db,exist-installer,7.0.0-SNAPSHOT,tech.uom.lib,uom-lib-common,2.2,false,
Maven,org.exist-db,exist-installer,7.0.0-SNAPSHOT,jakarta.inject,jakarta.inject-api,2.0.1,false,
Maven,org.exist-db,exist-installer,7.0.0-SNAPSHOT,org.apiguardian,apiguardian-api,1.1.2,false,
Maven,org.exist-db,exist-installer,7.0.0-SNAPSHOT,javax.measure,unit-api,2.2,false,
Maven,org.exist-db,exist-installer,7.0.0-SNAPSHOT,org.eclipse.imagen,imagen-core,0.9.1,false,
Maven,org.exist-db,exist-installer,7.0.0-SNAPSHOT,org.geotools,gt-main,34.3,false,
Maven,org.exist-db,exist-installer,7.0.0-SNAPSHOT,org.geotools,gt-http,34.3,false,
Maven,org.exist-db,exist-installer,7.0.0-SNAPSHOT,org.apache.commons,commons-text,1.13.0,false,
Maven,org.exist-db,exist-installer,7.0.0-SNAPSHOT,com.google.re2j,re2j,1.8,false,
Maven,org.exist-db,exist-installer,7.0.0-SNAPSHOT,org.ejml,ejml-ddense,0.41,false,
Maven,org.exist-db,exist-installer,7.0.0-SNAPSHOT,org.ejml,ejml-core,0.41,false,
Maven,org.exist-db,exist-installer,7.0.0-SNAPSHOT,org.eclipse.imagen,utilities,0.9.1,false,
Maven,org.exist-db,exist-installer,7.0.0-SNAPSHOT,org.eclipse.imagen,iterators,0.9.1,false,
Maven,org.exist-db,exist-installer,7.0.0-SNAPSHOT,org.geotools,gt-referencing,34.3,false,
Maven,org.exist-db,exist-installer,7.0.0-SNAPSHOT,org.geotools,gt-metadata,34.3,false,
Maven,org.exist-db,exist-installer,7.0.0-SNAPSHOT,org.geotools.ogc,net.opengis.ows,34.3,false,
Maven,org.exist-db,exist-installer,7.0.0-SNAPSHOT,org.geotools.ogc,org.w3.xlink,34.3,false,
Maven,org.exist-db,exist-installer,7.0.0-SNAPSHOT,org.eclipse.emf,org.eclipse.emf.common,2.15.0,false,
Maven,org.exist-db,exist-installer,7.0.0-SNAPSHOT,org.eclipse.emf,org.eclipse.emf.ecore,2.15.0,false,
Maven,org.exist-db,exist-installer,7.0.0-SNAPSHOT,org.eclipse.emf,org.eclipse.emf.ecore.xmi,2.15.0,false,
Maven,org.exist-db,exist-installer,7.0.0-SNAPSHOT,it.geosolutions.jgridshift,jgridshift-core,1.3,false,
Maven,org.exist-db,exist-installer,7.0.0-SNAPSHOT,net.sf.geographiclib,GeographicLib-Java,1.49,false,
Maven,org.exist-db,exist-installer,7.0.0-SNAPSHOT,org.geotools,gt-xml,34.3,false,
Maven,org.exist-db,exist-installer,7.0.0-SNAPSHOT,org.apache.xml,xml-commons-resolver,1.2,false,
Maven,org.exist-db,exist-installer,7.0.0-SNAPSHOT,org.hsqldb,hsqldb,2.7.1,false,
Maven,org.exist-db,exist-installer,7.0.0-SNAPSHOT,org.locationtech.jts,jts-core,1.20.0,false,
Maven,org.exist-db,exist-installer,7.0.0-SNAPSHOT,org.geotools,gt-epsg-wkt,34.3,false,
Maven,org.exist-db,exist-installer,7.0.0-SNAPSHOT,java3d,vecmath,1.5.2,false,
Maven,org.exist-db,exist-installer,7.0.0-SNAPSHOT,javax.media,jai_core,1.1.3,false,
Maven,org.exist-db,exist-installer,7.0.0-SNAPSHOT,org.exist-db,exist-cache,7.0.0-SNAPSHOT,false,
Maven,org.exist-db,exist-installer,7.0.0-SNAPSHOT,org.exist-db,exist-compression,7.0.0-SNAPSHOT,false,
Maven,org.exist-db,exist-installer,7.0.0-SNAPSHOT,org.apache.commons,commons-compress,1.28.0,false,
Maven,org.exist-db,exist-installer,7.0.0-SNAPSHOT,org.exist-db,exist-counter,7.0.0-SNAPSHOT,false,
Maven,org.exist-db,exist-installer,7.0.0-SNAPSHOT,org.exist-db,exist-cqlparser,7.0.0-SNAPSHOT,false,
Maven,org.exist-db,exist-installer,7.0.0-SNAPSHOT,org.z3950.zing,cql-java,1.13,false,
Maven,org.exist-db,exist-installer,7.0.0-SNAPSHOT,org.exist-db,exist-expathrepo,7.0.0-SNAPSHOT,false,
Maven,org.exist-db,exist-installer,7.0.0-SNAPSHOT,org.exist-db,exist-file,7.0.0-SNAPSHOT,false,
Maven,org.exist-db,exist-installer,7.0.0-SNAPSHOT,org.exist-db,exist-image,7.0.0-SNAPSHOT,false,
Maven,org.exist-db,exist-installer,7.0.0-SNAPSHOT,org.exist-db,exist-jndi,7.0.0-SNAPSHOT,false,
Maven,org.exist-db,exist-installer,7.0.0-SNAPSHOT,org.exist-db,exist-mail,7.0.0-SNAPSHOT,false,
Maven,org.exist-db,exist-installer,7.0.0-SNAPSHOT,jakarta.activation,jakarta.activation-api,2.1.4,false,
Maven,org.exist-db,exist-installer,7.0.0-SNAPSHOT,jakarta.mail,jakarta.mail-api,2.1.5,false,
Maven,org.exist-db,exist-installer,7.0.0-SNAPSHOT,org.eclipse.angus,angus-mail,2.0.5,false,
Maven,org.exist-db,exist-installer,7.0.0-SNAPSHOT,org.exist-db,exist-persistentlogin,7.0.0-SNAPSHOT,false,
Maven,org.exist-db,exist-installer,7.0.0-SNAPSHOT,org.exist-db,exist-process,7.0.0-SNAPSHOT,false,
Maven,org.exist-db,exist-installer,7.0.0-SNAPSHOT,org.exist-db,exist-scheduler,7.0.0-SNAPSHOT,false,
Maven,org.exist-db,exist-installer,7.0.0-SNAPSHOT,org.exist-db,exist-simpleql,7.0.0-SNAPSHOT,false,
Maven,org.exist-db,exist-installer,7.0.0-SNAPSHOT,org.exist-db,exist-sql,7.0.0-SNAPSHOT,false,
Maven,org.exist-db,exist-installer,7.0.0-SNAPSHOT,com.zaxxer,HikariCP,7.0.2,false,
Maven,org.exist-db,exist-installer,7.0.0-SNAPSHOT,org.exist-db,exist-xmldiff,7.0.0-SNAPSHOT,false,
Maven,org.exist-db,exist-installer,7.0.0-SNAPSHOT,org.exist-db,exist-xslfo,7.0.0-SNAPSHOT,false,
Maven,org.exist-db,exist-installer,7.0.0-SNAPSHOT,org.apache.avalon.framework,avalon-framework-api,4.3.1,false,
Maven,org.exist-db,exist-installer,7.0.0-SNAPSHOT,org.apache.avalon.framework,avalon-framework-impl,4.3.1,false,
Maven,org.exist-db,exist-installer,7.0.0-SNAPSHOT,org.apache.xmlgraphics,fop-core,2.11,false,
Maven,org.exist-db,exist-installer,7.0.0-SNAPSHOT,org.apache.xmlgraphics,batik-anim,1.19,false,
Maven,org.exist-db,exist-installer,7.0.0-SNAPSHOT,org.apache.xmlgraphics,batik-css,1.19,false,
Maven,org.exist-db,exist-installer,7.0.0-SNAPSHOT,org.apache.xmlgraphics,batik-dom,1.19,false,
Maven,org.exist-db,exist-installer,7.0.0-SNAPSHOT,xml-apis,xml-apis,1.4.01,false,
Maven,org.exist-db,exist-installer,7.0.0-SNAPSHOT,org.apache.xmlgraphics,batik-ext,1.19,false,
Maven,org.exist-db,exist-installer,7.0.0-SNAPSHOT,org.apache.xmlgraphics,batik-parser,1.19,false,
Maven,org.exist-db,exist-installer,7.0.0-SNAPSHOT,org.apache.xmlgraphics,batik-shared-resources,1.19,false,
Maven,org.exist-db,exist-installer,7.0.0-SNAPSHOT,org.apache.xmlgraphics,batik-svg-dom,1.19,false,
Maven,org.exist-db,exist-installer,7.0.0-SNAPSHOT,org.apache.xmlgraphics,batik-util,1.19,false,
Maven,org.exist-db,exist-installer,7.0.0-SNAPSHOT,org.apache.xmlgraphics,batik-constants,1.19,false,
Maven,org.exist-db,exist-installer,7.0.0-SNAPSHOT,org.apache.xmlgraphics,batik-i18n,1.19,false,
Maven,org.exist-db,exist-installer,7.0.0-SNAPSHOT,xml-apis,xml-apis-ext,1.3.04,false,
Maven,org.exist-db,exist-installer,7.0.0-SNAPSHOT,org.apache.xmlgraphics,batik-awt-util,1.19,false,
Maven,org.exist-db,exist-installer,7.0.0-SNAPSHOT,org.apache.xmlgraphics,batik-bridge,1.19,false,
Maven,org.exist-db,exist-installer,7.0.0-SNAPSHOT,org.apache.xmlgraphics,batik-script,1.19,false,
Maven,org.exist-db,exist-installer,7.0.0-SNAPSHOT,org.apache.xmlgraphics,batik-xml,1.19,false,
Maven,org.exist-db,exist-installer,7.0.0-SNAPSHOT,org.apache.xmlgraphics,batik-extension,1.19,false,
Maven,org.exist-db,exist-installer,7.0.0-SNAPSHOT,org.apache.xmlgraphics,batik-gvt,1.19,false,
Maven,org.exist-db,exist-installer,7.0.0-SNAPSHOT,org.apache.xmlgraphics,batik-transcoder,1.19,false,
Maven,org.exist-db,exist-installer,7.0.0-SNAPSHOT,org.apache.xmlgraphics,batik-svggen,1.19,false,
Maven,org.exist-db,exist-installer,7.0.0-SNAPSHOT,org.apache.xmlgraphics,batik-codec,1.19,false,
Maven,org.exist-db,exist-installer,7.0.0-SNAPSHOT,org.apache.xmlgraphics,fop-util,2.11,false,
Maven,org.exist-db,exist-installer,7.0.0-SNAPSHOT,org.apache.pdfbox,fontbox,3.0.3,false,
Maven,org.exist-db,exist-installer,7.0.0-SNAPSHOT,org.apache.pdfbox,pdfbox-io,3.0.3,false,
Maven,org.exist-db,exist-installer,7.0.0-SNAPSHOT,org.apache.xmlgraphics,fop-events,2.11,false,
Maven,org.exist-db,exist-installer,7.0.0-SNAPSHOT,com.thoughtworks.qdox,qdox,1.12,false,
Maven,org.exist-db,exist-installer,7.0.0-SNAPSHOT,org.apache.xmlgraphics,xmlgraphics-commons,2.11,false,
Maven,org.exist-db,exist-installer,7.0.0-SNAPSHOT,org.exist-db,exist-security-activedirectory,7.0.0-SNAPSHOT,false,
Maven,org.exist-db,exist-installer,7.0.0-SNAPSHOT,org.exist-db,exist-security-ldap,7.0.0-SNAPSHOT,false,
Maven,org.exist-db,exist-installer,7.0.0-SNAPSHOT,org.eclipse.jetty,jetty-deploy,12.0.35,false,
Maven,org.exist-db,exist-installer,7.0.0-SNAPSHOT,org.slf4j,slf4j-api,2.0.18,false,
Maven,org.exist-db,exist-installer,7.0.0-SNAPSHOT,org.eclipse.jetty,jetty-jmx,12.0.35,false,
Maven,org.exist-db,exist-installer,7.0.0-SNAPSHOT,org.eclipse.jetty.ee10.websocket,jetty-ee10-websocket-jetty-server,12.0.35,false,
Maven,org.exist-db,exist-installer,7.0.0-SNAPSHOT,org.eclipse.jetty.ee10.websocket,jetty-ee10-websocket-servlet,12.0.35,false,
Maven,org.exist-db,exist-installer,7.0.0-SNAPSHOT,org.eclipse.jetty.websocket,jetty-websocket-core-server,12.0.35,false,
Maven,org.exist-db,exist-installer,7.0.0-SNAPSHOT,org.eclipse.jetty.websocket,jetty-websocket-jetty-api,12.0.35,false,
Maven,org.exist-db,exist-installer,7.0.0-SNAPSHOT,org.eclipse.jetty.websocket,jetty-websocket-jetty-common,12.0.35,false,
Maven,org.exist-db,exist-installer,7.0.0-SNAPSHOT,org.eclipse.jetty.websocket,jetty-websocket-core-common,12.0.35,false,
Maven,org.exist-db,exist-installer,7.0.0-SNAPSHOT,org.eclipse.jetty.ee10.websocket,jetty-ee10-websocket-jakarta-server,12.0.35,false,
Maven,org.exist-db,exist-installer,7.0.0-SNAPSHOT,jakarta.websocket,jakarta.websocket-api,2.2.0,false,
Maven,org.exist-db,exist-installer,7.0.0-SNAPSHOT,org.eclipse.jetty.ee10.websocket,jetty-ee10-websocket-jakarta-client,12.0.35,false,
Maven,org.exist-db,exist-installer,7.0.0-SNAPSHOT,jakarta.websocket,jakarta.websocket-client-api,2.2.0,false,
Maven,org.exist-db,exist-installer,7.0.0-SNAPSHOT,org.eclipse.jetty,jetty-client,12.0.35,false,
Maven,org.exist-db,exist-installer,7.0.0-SNAPSHOT,org.eclipse.jetty,jetty-alpn-client,12.0.35,false,
Maven,org.exist-db,exist-installer,7.0.0-SNAPSHOT,org.eclipse.jetty.ee10.websocket,jetty-ee10-websocket-jakarta-common,12.0.35,false,
Maven,org.exist-db,exist-installer,7.0.0-SNAPSHOT,org.eclipse.jetty.websocket,jetty-websocket-core-client,12.0.35,false,
Maven,org.exist-db,exist-installer,7.0.0-SNAPSHOT,org.codehaus.mojo.appassembler,appassembler-booter,2.1.0,false,
Maven,org.exist-db,exist-installer,7.0.0-SNAPSHOT,org.codehaus.mojo.appassembler,appassembler-model,2.1.0,false,
Maven,org.exist-db,exist-installer,7.0.0-SNAPSHOT,org.codehaus.plexus,plexus-utils,3.2.0,false,
Maven,org.exist-db,exist-installer,7.0.0-SNAPSHOT,net.java.dev.stax-utils,stax-utils,20060502,false,
Maven,org.exist-db,exist-installer,7.0.0-SNAPSHOT,stax,stax,1.1.1-dev,false,
Maven,org.exist-db,exist-installer,7.0.0-SNAPSHOT,stax,stax-api,1.0.1,false,
Maven,org.exist-db,exist-core-jcstress,7.0.0-SNAPSHOT,org.openjdk.jcstress,jcstress-core,0.16,true,
Maven,org.exist-db,exist-core-jcstress,7.0.0-SNAPSHOT,net.sf.jopt-simple,jopt-simple,4.6,false,
Maven,org.exist-db,exist-core-jcstress,7.0.0-SNAPSHOT,net.java.dev.jna,jna,5.8.0,false,
Maven,org.exist-db,exist-core-jcstress,7.0.0-SNAPSHOT,net.java.dev.jna,jna-platform,5.8.0,false,
Maven,org.exist-db,exist-core-jcstress,7.0.0-SNAPSHOT,org.exist-db,exist-core,7.0.0-SNAPSHOT,true,
Maven,org.exist-db,exist-core-jcstress,7.0.0-SNAPSHOT,net.jcip,jcip-annotations,1.0,false,
Maven,org.exist-db,exist-core-jcstress,7.0.0-SNAPSHOT,antlr,antlr,2.7.7,false,
Maven,org.exist-db,exist-core-jcstress,7.0.0-SNAPSHOT,com.fasterxml.jackson.core,jackson-core,2.21.3,false,
Maven,org.exist-db,exist-core-jcstress,7.0.0-SNAPSHOT,com.evolvedbinary.multilock,multilock,1.0.1,false,
Maven,org.exist-db,exist-core-jcstress,7.0.0-SNAPSHOT,com.github.ben-manes.caffeine,caffeine,3.2.4,false,
Maven,org.exist-db,exist-core-jcstress,7.0.0-SNAPSHOT,org.jspecify,jspecify,1.0.0,false,
Maven,org.exist-db,exist-core-jcstress,7.0.0-SNAPSHOT,com.google.errorprone,error_prone_annotations,2.49.0,false,
Maven,org.exist-db,exist-core-jcstress,7.0.0-SNAPSHOT,com.github.krukow,clj-ds,0.0.4,false,
Maven,org.exist-db,exist-core-jcstress,7.0.0-SNAPSHOT,com.siemens.ct.exi,exificient,1.0.7,false,
Maven,org.exist-db,exist-core-jcstress,7.0.0-SNAPSHOT,org.slf4j,slf4j-api,2.0.18,false,
Maven,org.exist-db,exist-core-jcstress,7.0.0-SNAPSHOT,xmlpull,xmlpull,1.1.3.1,false,
Maven,org.exist-db,exist-core-jcstress,7.0.0-SNAPSHOT,javax.activation,activation,1.1.1,false,
Maven,org.exist-db,exist-core-jcstress,7.0.0-SNAPSHOT,com.siemens.ct.exi,exificient-grammars,1.0.7,false,
Maven,org.exist-db,exist-core-jcstress,7.0.0-SNAPSHOT,com.siemens.ct.exi,exificient-core,1.0.7,false,
Maven,org.exist-db,exist-core-jcstress,7.0.0-SNAPSHOT,com.ibm.icu,icu4j,76.1,false,
Maven,org.exist-db,exist-core-jcstress,7.0.0-SNAPSHOT,com.google.code.findbugs,jsr305,3.0.2,false,
Maven,org.exist-db,exist-core-jcstress,7.0.0-SNAPSHOT,org.relaxng,jing,20241231,false,
Maven,org.exist-db,exist-core-jcstress,7.0.0-SNAPSHOT,isorelax,isorelax,20030108,false,
Maven,org.exist-db,exist-core-jcstress,7.0.0-SNAPSHOT,org.exist-db,exist-start,7.0.0-SNAPSHOT,false,
Maven,org.exist-db,exist-core-jcstress,7.0.0-SNAPSHOT,org.exquery,exquery-common,0.2.1,false,
Maven,org.exist-db,exist-core-jcstress,7.0.0-SNAPSHOT,org.bouncycastle,bcprov-jdk18on,1.84,false,
Maven,org.exist-db,exist-core-jcstress,7.0.0-SNAPSHOT,at.yawk.lz4,lz4-java,1.11.0,false,
Maven,org.exist-db,exist-core-jcstress,7.0.0-SNAPSHOT,com.evolvedbinary.j8fu,j8fu,1.24.0,false,
Maven,org.exist-db,exist-core-jcstress,7.0.0-SNAPSHOT,com.fasterxml.uuid,java-uuid-generator,5.2.0,false,
Maven,org.exist-db,exist-core-jcstress,7.0.0-SNAPSHOT,jakarta.servlet,jakarta.servlet-api,6.0.0,false,
Maven,org.exist-db,exist-core-jcstress,7.0.0-SNAPSHOT,jakarta.xml.bind,jakarta.xml.bind-api,4.0.5,false,
Maven,org.exist-db,exist-core-jcstress,7.0.0-SNAPSHOT,jakarta.activation,jakarta.activation-api,2.1.4,false,
Maven,org.exist-db,exist-core-jcstress,7.0.0-SNAPSHOT,org.eclipse.angus,angus-activation,2.0.3,false,
Maven,org.exist-db,exist-core-jcstress,7.0.0-SNAPSHOT,org.glassfish.jaxb,jaxb-runtime,4.0.2,false,
Maven,org.exist-db,exist-core-jcstress,7.0.0-SNAPSHOT,org.glassfish.jaxb,jaxb-core,4.0.2,false,
Maven,org.exist-db,exist-core-jcstress,7.0.0-SNAPSHOT,org.glassfish.jaxb,txw2,4.0.2,false,
Maven,org.exist-db,exist-core-jcstress,7.0.0-SNAPSHOT,com.sun.istack,istack-commons-runtime,4.1.1,false,
Maven,org.exist-db,exist-core-jcstress,7.0.0-SNAPSHOT,org.exist-db.thirdparty.javax.xml.xquery,xqjri,20080114-133351,false,
Maven,org.exist-db,exist-core-jcstress,7.0.0-SNAPSHOT,org.jline,jline,4.1.0,false,
Maven,org.exist-db,exist-core-jcstress,7.0.0-SNAPSHOT,org.jline,jansi,4.1.0,false,
Maven,org.exist-db,exist-core-jcstress,7.0.0-SNAPSHOT,net.bytebuddy,byte-buddy,1.18.8,false,
Maven,org.exist-db,exist-core-jcstress,7.0.0-SNAPSHOT,se.softhouse,jargo,0.4.14,false,
Maven,org.exist-db,exist-core-jcstress,7.0.0-SNAPSHOT,commons-codec,commons-codec,1.22.0,false,
Maven,org.exist-db,exist-core-jcstress,7.0.0-SNAPSHOT,commons-io,commons-io,2.22.0,false,
Maven,org.exist-db,exist-core-jcstress,7.0.0-SNAPSHOT,org.apache.commons,commons-lang3,3.20.0,false,
Maven,org.exist-db,exist-core-jcstress,7.0.0-SNAPSHOT,commons-logging,commons-logging,1.3.6,false,
Maven,org.exist-db,exist-core-jcstress,7.0.0-SNAPSHOT,org.apache.commons,commons-pool2,2.13.1,false,
Maven,org.exist-db,exist-core-jcstress,7.0.0-SNAPSHOT,org.apache.logging.log4j,log4j-api,2.26.0,false,
Maven,org.exist-db,exist-core-jcstress,7.0.0-SNAPSHOT,org.apache.logging.log4j,log4j-core,2.26.0,false,
Maven,org.exist-db,exist-core-jcstress,7.0.0-SNAPSHOT,org.apache.logging.log4j,log4j-jcl,2.26.0,false,
Maven,org.exist-db,exist-core-jcstress,7.0.0-SNAPSHOT,org.apache.logging.log4j,log4j-jul,2.26.0,false,
Maven,org.exist-db,exist-core-jcstress,7.0.0-SNAPSHOT,org.apache.logging.log4j,log4j-slf4j2-impl,2.26.0,false,
Maven,org.exist-db,exist-core-jcstress,7.0.0-SNAPSHOT,org.exist-db.thirdparty.xerces,xercesImpl,2.12.2,false,
Maven,org.exist-db,exist-core-jcstress,7.0.0-SNAPSHOT,org.codelibs,nekohtml,2.1.3,false,
Maven,org.exist-db,exist-core-jcstress,7.0.0-SNAPSHOT,org.apache.ws.commons.util,ws-commons-util,1.0.2,false,
Maven,org.exist-db,exist-core-jcstress,7.0.0-SNAPSHOT,xml-resolver,xml-resolver,1.2,false,
Maven,org.exist-db,exist-core-jcstress,7.0.0-SNAPSHOT,org.xmlresolver,xmlresolver,6.0.23,false,
Maven,org.exist-db,exist-core-jcstress,7.0.0-SNAPSHOT,org.exist-db.thirdparty.org.eclipse.wst.xml,xpath2,1.2.0,false,
Maven,org.exist-db,exist-core-jcstress,7.0.0-SNAPSHOT,edu.princeton.cup,java-cup,10k,false,
Maven,org.exist-db,exist-core-jcstress,7.0.0-SNAPSHOT,net.sf.saxon,Saxon-HE,9.9.1-8,false,
Maven,org.exist-db,exist-core-jcstress,7.0.0-SNAPSHOT,org.exist-db,exist-saxon-regex,9.4.0-9.e1,false,
Maven,org.exist-db,exist-core-jcstress,7.0.0-SNAPSHOT,com.evolvedbinary.thirdparty.org.apache.xmlrpc,xmlrpc-common,5.0.0,false,
Maven,org.exist-db,exist-core-jcstress,7.0.0-SNAPSHOT,com.evolvedbinary.thirdparty.org.apache.xmlrpc,xmlrpc-client,5.0.0,false,
Maven,org.exist-db,exist-core-jcstress,7.0.0-SNAPSHOT,com.evolvedbinary.thirdparty.org.apache.xmlrpc,xmlrpc-server,5.0.0,false,
Maven,org.exist-db,exist-core-jcstress,7.0.0-SNAPSHOT,org.aspectj,aspectjrt,1.9.25.1,false,
Maven,org.exist-db,exist-core-jcstress,7.0.0-SNAPSHOT,org.eclipse.jetty,jetty-http,12.0.35,false,
Maven,org.exist-db,exist-core-jcstress,7.0.0-SNAPSHOT,org.eclipse.jetty,jetty-io,12.0.35,false,
Maven,org.exist-db,exist-core-jcstress,7.0.0-SNAPSHOT,org.eclipse.jetty,jetty-security,12.0.35,false,
Maven,org.exist-db,exist-core-jcstress,7.0.0-SNAPSHOT,org.eclipse.jetty,jetty-server,12.0.35,false,
Maven,org.exist-db,exist-core-jcstress,7.0.0-SNAPSHOT,org.eclipse.jetty,jetty-util,12.0.35,false,
Maven,org.exist-db,exist-core-jcstress,7.0.0-SNAPSHOT,org.expath.packaging,pkg-java,2.0.1,false,
Maven,org.exist-db,exist-core-jcstress,7.0.0-SNAPSHOT,com.fifesoft,rsyntaxtextarea,3.6.2,false,
Maven,org.exist-db,exist-core-jcstress,7.0.0-SNAPSHOT,org.quartz-scheduler,quartz,2.5.2,false,
Maven,org.exist-db,exist-core-jcstress,7.0.0-SNAPSHOT,net.sf.xmldb-org,xmldb-api,2.0.0,false,
Maven,org.exist-db,exist-core-jcstress,7.0.0-SNAPSHOT,it.unimi.dsi,fastutil,8.5.18,false,
Maven,org.exist-db,exist-core-jcstress,7.0.0-SNAPSHOT,io.lacuna,bifurcan,0.2.0-rc1,false,
Maven,org.exist-db,exist-core-jcstress,7.0.0-SNAPSHOT,org.apache.ant,ant,1.10.17,false,
Maven,org.exist-db,exist-core-jcstress,7.0.0-SNAPSHOT,org.apache.ant,ant-launcher,1.10.17,false,
Maven,org.exist-db,exist-core-jcstress,7.0.0-SNAPSHOT,org.jgrapht,jgrapht-core,1.5.3,false,
Maven,org.exist-db,exist-core-jcstress,7.0.0-SNAPSHOT,org.jheaps,jheaps,0.14,false,
Maven,org.exist-db,exist-core-jcstress,7.0.0-SNAPSHOT,org.apfloat,apfloat,1.14.0,false,
Maven,org.exist-db,exist-core-jcstress,7.0.0-SNAPSHOT,org.jgrapht,jgrapht-opt,1.5.3,false,
Maven,org.exist-db,exist-core-jcstress,7.0.0-SNAPSHOT,junit,junit,4.13.2,false,
Maven,org.exist-db,exist-core-jcstress,7.0.0-SNAPSHOT,org.hamcrest,hamcrest,3.0,false,
Maven,org.exist-db,exist-core-jcstress,7.0.0-SNAPSHOT,org.xmlunit,xmlunit-core,2.11.0,false,
Maven,org.exist-db,exist-core-jcstress,7.0.0-SNAPSHOT,org.eclipse.jetty.ee10,jetty-ee10-annotations,12.0.35,false,
Maven,org.exist-db,exist-core-jcstress,7.0.0-SNAPSHOT,jakarta.annotation,jakarta.annotation-api,2.1.1,false,
Maven,org.exist-db,exist-core-jcstress,7.0.0-SNAPSHOT,org.eclipse.jetty.ee10,jetty-ee10-plus,12.0.35,false,
Maven,org.exist-db,exist-core-jcstress,7.0.0-SNAPSHOT,jakarta.enterprise,jakarta.enterprise.cdi-api,4.0.1,false,
Maven,org.exist-db,exist-core-jcstress,7.0.0-SNAPSHOT,jakarta.el,jakarta.el-api,5.0.0,false,
Maven,org.exist-db,exist-core-jcstress,7.0.0-SNAPSHOT,jakarta.inject,jakarta.inject-api,2.0.1,false,
Maven,org.exist-db,exist-core-jcstress,7.0.0-SNAPSHOT,jakarta.enterprise,jakarta.enterprise.lang-model,4.0.1,false,
Maven,org.exist-db,exist-core-jcstress,7.0.0-SNAPSHOT,jakarta.interceptor,jakarta.interceptor-api,2.1.0,false,
Maven,org.exist-db,exist-core-jcstress,7.0.0-SNAPSHOT,jakarta.transaction,jakarta.transaction-api,2.0.1,false,
Maven,org.exist-db,exist-core-jcstress,7.0.0-SNAPSHOT,org.eclipse.jetty,jetty-jndi,12.0.35,false,
Maven,org.exist-db,exist-core-jcstress,7.0.0-SNAPSHOT,org.eclipse.jetty,jetty-plus,12.0.35,false,
Maven,org.exist-db,exist-core-jcstress,7.0.0-SNAPSHOT,org.ow2.asm,asm,9.9.1,false,
Maven,org.exist-db,exist-core-jcstress,7.0.0-SNAPSHOT,org.ow2.asm,asm-commons,9.9.1,false,
Maven,org.exist-db,exist-core-jcstress,7.0.0-SNAPSHOT,org.ow2.asm,asm-tree,9.9.1,false,
Maven,org.exist-db,exist-core-jcstress,7.0.0-SNAPSHOT,org.eclipse.jetty.ee10,jetty-ee10-servlet,12.0.35,false,
Maven,org.exist-db,exist-core-jcstress,7.0.0-SNAPSHOT,org.eclipse.jetty,jetty-session,12.0.35,false,
Maven,org.exist-db,exist-core-jcstress,7.0.0-SNAPSHOT,org.eclipse.jetty.ee10,jetty-ee10-webapp,12.0.35,false,
Maven,org.exist-db,exist-core-jcstress,7.0.0-SNAPSHOT,org.eclipse.jetty,jetty-ee,12.0.35,false,
Maven,org.exist-db,exist-core-jcstress,7.0.0-SNAPSHOT,org.eclipse.jetty,jetty-xml,12.0.35,false,
Maven,org.exist-db,exist-core-jcstress,7.0.0-SNAPSHOT,org.eclipse.jetty.ee10.websocket,jetty-ee10-websocket-jakarta-server,12.0.35,false,
Maven,org.exist-db,exist-core-jcstress,7.0.0-SNAPSHOT,jakarta.websocket,jakarta.websocket-api,2.2.0,false,
Maven,org.exist-db,exist-core-jcstress,7.0.0-SNAPSHOT,org.eclipse.jetty.ee10.websocket,jetty-ee10-websocket-jakarta-client,12.0.35,false,
Maven,org.exist-db,exist-core-jcstress,7.0.0-SNAPSHOT,jakarta.websocket,jakarta.websocket-client-api,2.2.0,false,
Maven,org.exist-db,exist-core-jcstress,7.0.0-SNAPSHOT,org.eclipse.jetty,jetty-client,12.0.35,false,
Maven,org.exist-db,exist-core-jcstress,7.0.0-SNAPSHOT,org.eclipse.jetty,jetty-alpn-client,12.0.35,false,
Maven,org.exist-db,exist-core-jcstress,7.0.0-SNAPSHOT,org.eclipse.jetty.ee10.websocket,jetty-ee10-websocket-jakarta-common,12.0.35,false,
Maven,org.exist-db,exist-core-jcstress,7.0.0-SNAPSHOT,org.eclipse.jetty.websocket,jetty-websocket-core-client,12.0.35,false,
Maven,org.exist-db,exist-core-jcstress,7.0.0-SNAPSHOT,org.eclipse.jetty.websocket,jetty-websocket-core-common,12.0.35,false,
Maven,org.exist-db,exist-core-jcstress,7.0.0-SNAPSHOT,org.eclipse.jetty.ee10.websocket,jetty-ee10-websocket-servlet,12.0.35,false,
Maven,org.exist-db,exist-core-jcstress,7.0.0-SNAPSHOT,org.eclipse.jetty.websocket,jetty-websocket-core-server,12.0.35,false,
Maven,org.exist-db,exist-core-jmh,7.0.0-SNAPSHOT,org.exist-db,exist-core,7.0.0-SNAPSHOT,true,
Maven,org.exist-db,exist-core-jmh,7.0.0-SNAPSHOT,net.jcip,jcip-annotations,1.0,false,
Maven,org.exist-db,exist-core-jmh,7.0.0-SNAPSHOT,antlr,antlr,2.7.7,false,
Maven,org.exist-db,exist-core-jmh,7.0.0-SNAPSHOT,com.fasterxml.jackson.core,jackson-core,2.21.3,false,
Maven,org.exist-db,exist-core-jmh,7.0.0-SNAPSHOT,com.evolvedbinary.multilock,multilock,1.0.1,false,
Maven,org.exist-db,exist-core-jmh,7.0.0-SNAPSHOT,com.github.ben-manes.caffeine,caffeine,3.2.4,false,
Maven,org.exist-db,exist-core-jmh,7.0.0-SNAPSHOT,com.google.errorprone,error_prone_annotations,2.49.0,false,
Maven,org.exist-db,exist-core-jmh,7.0.0-SNAPSHOT,com.github.krukow,clj-ds,0.0.4,false,
Maven,org.exist-db,exist-core-jmh,7.0.0-SNAPSHOT,com.siemens.ct.exi,exificient,1.0.7,false,
Maven,org.exist-db,exist-core-jmh,7.0.0-SNAPSHOT,org.slf4j,slf4j-api,2.0.18,false,
Maven,org.exist-db,exist-core-jmh,7.0.0-SNAPSHOT,xmlpull,xmlpull,1.1.3.1,false,
Maven,org.exist-db,exist-core-jmh,7.0.0-SNAPSHOT,javax.activation,activation,1.1.1,false,
Maven,org.exist-db,exist-core-jmh,7.0.0-SNAPSHOT,com.siemens.ct.exi,exificient-grammars,1.0.7,false,
Maven,org.exist-db,exist-core-jmh,7.0.0-SNAPSHOT,com.siemens.ct.exi,exificient-core,1.0.7,false,
Maven,org.exist-db,exist-core-jmh,7.0.0-SNAPSHOT,com.ibm.icu,icu4j,76.1,false,
Maven,org.exist-db,exist-core-jmh,7.0.0-SNAPSHOT,com.google.code.findbugs,jsr305,3.0.2,false,
Maven,org.exist-db,exist-core-jmh,7.0.0-SNAPSHOT,org.relaxng,jing,20241231,false,
Maven,org.exist-db,exist-core-jmh,7.0.0-SNAPSHOT,isorelax,isorelax,20030108,false,
Maven,org.exist-db,exist-core-jmh,7.0.0-SNAPSHOT,org.exist-db,exist-start,7.0.0-SNAPSHOT,false,
Maven,org.exist-db,exist-core-jmh,7.0.0-SNAPSHOT,org.exquery,exquery-common,0.2.1,false,
Maven,org.exist-db,exist-core-jmh,7.0.0-SNAPSHOT,org.bouncycastle,bcprov-jdk18on,1.84,false,
Maven,org.exist-db,exist-core-jmh,7.0.0-SNAPSHOT,at.yawk.lz4,lz4-java,1.11.0,false,
Maven,org.exist-db,exist-core-jmh,7.0.0-SNAPSHOT,com.evolvedbinary.j8fu,j8fu,1.24.0,false,
Maven,org.exist-db,exist-core-jmh,7.0.0-SNAPSHOT,com.fasterxml.uuid,java-uuid-generator,5.2.0,false,
Maven,org.exist-db,exist-core-jmh,7.0.0-SNAPSHOT,jakarta.servlet,jakarta.servlet-api,6.0.0,false,
Maven,org.exist-db,exist-core-jmh,7.0.0-SNAPSHOT,jakarta.xml.bind,jakarta.xml.bind-api,4.0.5,false,
Maven,org.exist-db,exist-core-jmh,7.0.0-SNAPSHOT,jakarta.activation,jakarta.activation-api,2.1.4,false,
Maven,org.exist-db,exist-core-jmh,7.0.0-SNAPSHOT,org.eclipse.angus,angus-activation,2.0.3,false,
Maven,org.exist-db,exist-core-jmh,7.0.0-SNAPSHOT,org.glassfish.jaxb,jaxb-runtime,4.0.2,false,
Maven,org.exist-db,exist-core-jmh,7.0.0-SNAPSHOT,org.glassfish.jaxb,jaxb-core,4.0.2,false,
Maven,org.exist-db,exist-core-jmh,7.0.0-SNAPSHOT,org.glassfish.jaxb,txw2,4.0.2,false,
Maven,org.exist-db,exist-core-jmh,7.0.0-SNAPSHOT,com.sun.istack,istack-commons-runtime,4.1.1,false,
Maven,org.exist-db,exist-core-jmh,7.0.0-SNAPSHOT,org.exist-db.thirdparty.javax.xml.xquery,xqjri,20080114-133351,false,
Maven,org.exist-db,exist-core-jmh,7.0.0-SNAPSHOT,org.jline,jline,4.1.0,false,
Maven,org.exist-db,exist-core-jmh,7.0.0-SNAPSHOT,org.jline,jansi,4.1.0,false,
Maven,org.exist-db,exist-core-jmh,7.0.0-SNAPSHOT,net.bytebuddy,byte-buddy,1.18.8,false,
Maven,org.exist-db,exist-core-jmh,7.0.0-SNAPSHOT,se.softhouse,jargo,0.4.14,false,
Maven,org.exist-db,exist-core-jmh,7.0.0-SNAPSHOT,commons-codec,commons-codec,1.22.0,false,
Maven,org.exist-db,exist-core-jmh,7.0.0-SNAPSHOT,commons-io,commons-io,2.22.0,false,
Maven,org.exist-db,exist-core-jmh,7.0.0-SNAPSHOT,org.apache.commons,commons-lang3,3.20.0,false,
Maven,org.exist-db,exist-core-jmh,7.0.0-SNAPSHOT,commons-logging,commons-logging,1.3.6,false,
Maven,org.exist-db,exist-core-jmh,7.0.0-SNAPSHOT,org.apache.commons,commons-pool2,2.13.1,false,
Maven,org.exist-db,exist-core-jmh,7.0.0-SNAPSHOT,org.apache.logging.log4j,log4j-api,2.26.0,false,
Maven,org.exist-db,exist-core-jmh,7.0.0-SNAPSHOT,org.apache.logging.log4j,log4j-core,2.26.0,false,
Maven,org.exist-db,exist-core-jmh,7.0.0-SNAPSHOT,org.apache.logging.log4j,log4j-jcl,2.26.0,false,
Maven,org.exist-db,exist-core-jmh,7.0.0-SNAPSHOT,org.apache.logging.log4j,log4j-jul,2.26.0,false,
Maven,org.exist-db,exist-core-jmh,7.0.0-SNAPSHOT,org.apache.logging.log4j,log4j-slf4j2-impl,2.26.0,false,
Maven,org.exist-db,exist-core-jmh,7.0.0-SNAPSHOT,org.exist-db.thirdparty.xerces,xercesImpl,2.12.2,false,
Maven,org.exist-db,exist-core-jmh,7.0.0-SNAPSHOT,org.codelibs,nekohtml,2.1.3,false,
Maven,org.exist-db,exist-core-jmh,7.0.0-SNAPSHOT,org.apache.ws.commons.util,ws-commons-util,1.0.2,false,
Maven,org.exist-db,exist-core-jmh,7.0.0-SNAPSHOT,xml-resolver,xml-resolver,1.2,false,
Maven,org.exist-db,exist-core-jmh,7.0.0-SNAPSHOT,org.xmlresolver,xmlresolver,6.0.23,false,
Maven,org.exist-db,exist-core-jmh,7.0.0-SNAPSHOT,org.exist-db.thirdparty.org.eclipse.wst.xml,xpath2,1.2.0,false,
Maven,org.exist-db,exist-core-jmh,7.0.0-SNAPSHOT,edu.princeton.cup,java-cup,10k,false,
Maven,org.exist-db,exist-core-jmh,7.0.0-SNAPSHOT,net.sf.saxon,Saxon-HE,9.9.1-8,false,
Maven,org.exist-db,exist-core-jmh,7.0.0-SNAPSHOT,org.exist-db,exist-saxon-regex,9.4.0-9.e1,false,
Maven,org.exist-db,exist-core-jmh,7.0.0-SNAPSHOT,com.evolvedbinary.thirdparty.org.apache.xmlrpc,xmlrpc-common,5.0.0,false,
Maven,org.exist-db,exist-core-jmh,7.0.0-SNAPSHOT,com.evolvedbinary.thirdparty.org.apache.xmlrpc,xmlrpc-client,5.0.0,false,
Maven,org.exist-db,exist-core-jmh,7.0.0-SNAPSHOT,com.evolvedbinary.thirdparty.org.apache.xmlrpc,xmlrpc-server,5.0.0,false,
Maven,org.exist-db,exist-core-jmh,7.0.0-SNAPSHOT,org.aspectj,aspectjrt,1.9.25.1,false,
Maven,org.exist-db,exist-core-jmh,7.0.0-SNAPSHOT,org.eclipse.jetty,jetty-http,12.0.35,false,
Maven,org.exist-db,exist-core-jmh,7.0.0-SNAPSHOT,org.eclipse.jetty,jetty-io,12.0.35,false,
Maven,org.exist-db,exist-core-jmh,7.0.0-SNAPSHOT,org.eclipse.jetty,jetty-security,12.0.35,false,
Maven,org.exist-db,exist-core-jmh,7.0.0-SNAPSHOT,org.eclipse.jetty,jetty-server,12.0.35,false,
Maven,org.exist-db,exist-core-jmh,7.0.0-SNAPSHOT,org.eclipse.jetty,jetty-util,12.0.35,false,
Maven,org.exist-db,exist-core-jmh,7.0.0-SNAPSHOT,org.expath.packaging,pkg-java,2.0.1,false,
Maven,org.exist-db,exist-core-jmh,7.0.0-SNAPSHOT,com.fifesoft,rsyntaxtextarea,3.6.2,false,
Maven,org.exist-db,exist-core-jmh,7.0.0-SNAPSHOT,org.quartz-scheduler,quartz,2.5.2,false,
Maven,org.exist-db,exist-core-jmh,7.0.0-SNAPSHOT,net.sf.xmldb-org,xmldb-api,2.0.0,false,
Maven,org.exist-db,exist-core-jmh,7.0.0-SNAPSHOT,it.unimi.dsi,fastutil,8.5.18,false,
Maven,org.exist-db,exist-core-jmh,7.0.0-SNAPSHOT,io.lacuna,bifurcan,0.2.0-rc1,false,
Maven,org.exist-db,exist-core-jmh,7.0.0-SNAPSHOT,org.apache.ant,ant,1.10.17,false,
Maven,org.exist-db,exist-core-jmh,7.0.0-SNAPSHOT,org.apache.ant,ant-launcher,1.10.17,false,
Maven,org.exist-db,exist-core-jmh,7.0.0-SNAPSHOT,org.jgrapht,jgrapht-core,1.5.3,false,
Maven,org.exist-db,exist-core-jmh,7.0.0-SNAPSHOT,org.jheaps,jheaps,0.14,false,
Maven,org.exist-db,exist-core-jmh,7.0.0-SNAPSHOT,org.apfloat,apfloat,1.14.0,false,
Maven,org.exist-db,exist-core-jmh,7.0.0-SNAPSHOT,org.jgrapht,jgrapht-opt,1.5.3,false,
Maven,org.exist-db,exist-core-jmh,7.0.0-SNAPSHOT,junit,junit,4.13.2,false,
Maven,org.exist-db,exist-core-jmh,7.0.0-SNAPSHOT,org.hamcrest,hamcrest,3.0,false,
Maven,org.exist-db,exist-core-jmh,7.0.0-SNAPSHOT,org.xmlunit,xmlunit-core,2.11.0,false,
Maven,org.exist-db,exist-core-jmh,7.0.0-SNAPSHOT,org.eclipse.jetty.ee10,jetty-ee10-annotations,12.0.35,false,
Maven,org.exist-db,exist-core-jmh,7.0.0-SNAPSHOT,jakarta.annotation,jakarta.annotation-api,2.1.1,false,
Maven,org.exist-db,exist-core-jmh,7.0.0-SNAPSHOT,org.eclipse.jetty.ee10,jetty-ee10-plus,12.0.35,false,
Maven,org.exist-db,exist-core-jmh,7.0.0-SNAPSHOT,jakarta.enterprise,jakarta.enterprise.cdi-api,4.0.1,false,
Maven,org.exist-db,exist-core-jmh,7.0.0-SNAPSHOT,jakarta.el,jakarta.el-api,5.0.0,false,
Maven,org.exist-db,exist-core-jmh,7.0.0-SNAPSHOT,jakarta.inject,jakarta.inject-api,2.0.1,false,
Maven,org.exist-db,exist-core-jmh,7.0.0-SNAPSHOT,jakarta.enterprise,jakarta.enterprise.lang-model,4.0.1,false,
Maven,org.exist-db,exist-core-jmh,7.0.0-SNAPSHOT,jakarta.interceptor,jakarta.interceptor-api,2.1.0,false,
Maven,org.exist-db,exist-core-jmh,7.0.0-SNAPSHOT,jakarta.transaction,jakarta.transaction-api,2.0.1,false,
Maven,org.exist-db,exist-core-jmh,7.0.0-SNAPSHOT,org.eclipse.jetty,jetty-jndi,12.0.35,false,
Maven,org.exist-db,exist-core-jmh,7.0.0-SNAPSHOT,org.eclipse.jetty,jetty-plus,12.0.35,false,
Maven,org.exist-db,exist-core-jmh,7.0.0-SNAPSHOT,org.ow2.asm,asm,9.9.1,false,
Maven,org.exist-db,exist-core-jmh,7.0.0-SNAPSHOT,org.ow2.asm,asm-commons,9.9.1,false,
Maven,org.exist-db,exist-core-jmh,7.0.0-SNAPSHOT,org.ow2.asm,asm-tree,9.9.1,false,
Maven,org.exist-db,exist-core-jmh,7.0.0-SNAPSHOT,org.eclipse.jetty.ee10,jetty-ee10-servlet,12.0.35,false,
Maven,org.exist-db,exist-core-jmh,7.0.0-SNAPSHOT,org.eclipse.jetty,jetty-session,12.0.35,false,
Maven,org.exist-db,exist-core-jmh,7.0.0-SNAPSHOT,org.eclipse.jetty.ee10,jetty-ee10-webapp,12.0.35,false,
Maven,org.exist-db,exist-core-jmh,7.0.0-SNAPSHOT,org.eclipse.jetty,jetty-ee,12.0.35,false,
Maven,org.exist-db,exist-core-jmh,7.0.0-SNAPSHOT,org.eclipse.jetty,jetty-xml,12.0.35,false,
Maven,org.exist-db,exist-core-jmh,7.0.0-SNAPSHOT,org.eclipse.jetty.ee10.websocket,jetty-ee10-websocket-jakarta-server,12.0.35,false,
Maven,org.exist-db,exist-core-jmh,7.0.0-SNAPSHOT,jakarta.websocket,jakarta.websocket-api,2.2.0,false,
Maven,org.exist-db,exist-core-jmh,7.0.0-SNAPSHOT,org.eclipse.jetty.ee10.websocket,jetty-ee10-websocket-jakarta-client,12.0.35,false,
Maven,org.exist-db,exist-core-jmh,7.0.0-SNAPSHOT,jakarta.websocket,jakarta.websocket-client-api,2.2.0,false,
Maven,org.exist-db,exist-core-jmh,7.0.0-SNAPSHOT,org.eclipse.jetty,jetty-client,12.0.35,false,
Maven,org.exist-db,exist-core-jmh,7.0.0-SNAPSHOT,org.eclipse.jetty,jetty-alpn-client,12.0.35,false,
Maven,org.exist-db,exist-core-jmh,7.0.0-SNAPSHOT,org.eclipse.jetty.ee10.websocket,jetty-ee10-websocket-jakarta-common,12.0.35,false,
Maven,org.exist-db,exist-core-jmh,7.0.0-SNAPSHOT,org.eclipse.jetty.websocket,jetty-websocket-core-client,12.0.35,false,
Maven,org.exist-db,exist-core-jmh,7.0.0-SNAPSHOT,org.eclipse.jetty.websocket,jetty-websocket-core-common,12.0.35,false,
Maven,org.exist-db,exist-core-jmh,7.0.0-SNAPSHOT,org.eclipse.jetty.ee10.websocket,jetty-ee10-websocket-servlet,12.0.35,false,
Maven,org.exist-db,exist-core-jmh,7.0.0-SNAPSHOT,org.eclipse.jetty.websocket,jetty-websocket-core-server,12.0.35,false,
Maven,org.exist-db,exist-core-jmh,7.0.0-SNAPSHOT,org.exist-db,exist-index-lucene,7.0.0-SNAPSHOT,true,
Maven,org.exist-db,exist-core-jmh,7.0.0-SNAPSHOT,org.apache.commons,commons-collections4,4.5.0,false,
Maven,org.exist-db,exist-core-jmh,7.0.0-SNAPSHOT,org.apache.lucene,lucene-analysis-common,10.4.0,false,
Maven,org.exist-db,exist-core-jmh,7.0.0-SNAPSHOT,org.apache.lucene,lucene-analysis-icu,10.4.0,false,
Maven,org.exist-db,exist-core-jmh,7.0.0-SNAPSHOT,org.apache.lucene,lucene-facet,10.4.0,false,
Maven,org.exist-db,exist-core-jmh,7.0.0-SNAPSHOT,org.apache.lucene,lucene-queries,10.4.0,false,
Maven,org.exist-db,exist-core-jmh,7.0.0-SNAPSHOT,org.apache.lucene,lucene-queryparser,10.4.0,false,
Maven,org.exist-db,exist-core-jmh,7.0.0-SNAPSHOT,org.apache.lucene,lucene-sandbox,10.4.0,false,
Maven,org.exist-db,exist-core-jmh,7.0.0-SNAPSHOT,org.apache.lucene,lucene-core,10.4.0,true,
Maven,org.exist-db,exist-core-jmh,7.0.0-SNAPSHOT,org.openjdk.jmh,jmh-core,1.37,true,
Maven,org.exist-db,exist-core-jmh,7.0.0-SNAPSHOT,net.sf.jopt-simple,jopt-simple,5.0.4,false,
Maven,org.exist-db,exist-core-jmh,7.0.0-SNAPSHOT,org.apache.commons,commons-math3,3.6.1,false,
Maven,org.exist-db,exist-core-jmh,7.0.0-SNAPSHOT,org.junit.jupiter,junit-jupiter-api,6.0.3,true,
Maven,org.exist-db,exist-core-jmh,7.0.0-SNAPSHOT,org.opentest4j,opentest4j,1.3.0,false,
Maven,org.exist-db,exist-core-jmh,7.0.0-SNAPSHOT,org.junit.platform,junit-platform-commons,6.0.3,false,
Maven,org.exist-db,exist-core-jmh,7.0.0-SNAPSHOT,org.apiguardian,apiguardian-api,1.1.2,false,
Maven,org.exist-db,exist-core-jmh,7.0.0-SNAPSHOT,org.jspecify,jspecify,1.0.0,false,
Maven,org.exist-db,exist-indexes-jmh,7.0.0-SNAPSHOT,org.exist-db,exist-core,7.0.0-SNAPSHOT,true,
Maven,org.exist-db,exist-indexes-jmh,7.0.0-SNAPSHOT,net.jcip,jcip-annotations,1.0,false,
Maven,org.exist-db,exist-indexes-jmh,7.0.0-SNAPSHOT,antlr,antlr,2.7.7,false,
Maven,org.exist-db,exist-indexes-jmh,7.0.0-SNAPSHOT,com.fasterxml.jackson.core,jackson-core,2.21.3,false,
Maven,org.exist-db,exist-indexes-jmh,7.0.0-SNAPSHOT,com.evolvedbinary.multilock,multilock,1.0.1,false,
Maven,org.exist-db,exist-indexes-jmh,7.0.0-SNAPSHOT,com.github.ben-manes.caffeine,caffeine,3.2.4,false,
Maven,org.exist-db,exist-indexes-jmh,7.0.0-SNAPSHOT,org.jspecify,jspecify,1.0.0,false,
Maven,org.exist-db,exist-indexes-jmh,7.0.0-SNAPSHOT,com.google.errorprone,error_prone_annotations,2.49.0,false,
Maven,org.exist-db,exist-indexes-jmh,7.0.0-SNAPSHOT,com.github.krukow,clj-ds,0.0.4,false,
Maven,org.exist-db,exist-indexes-jmh,7.0.0-SNAPSHOT,com.siemens.ct.exi,exificient,1.0.7,false,
Maven,org.exist-db,exist-indexes-jmh,7.0.0-SNAPSHOT,org.slf4j,slf4j-api,2.0.18,false,
Maven,org.exist-db,exist-indexes-jmh,7.0.0-SNAPSHOT,xmlpull,xmlpull,1.1.3.1,false,
Maven,org.exist-db,exist-indexes-jmh,7.0.0-SNAPSHOT,javax.activation,activation,1.1.1,false,
Maven,org.exist-db,exist-indexes-jmh,7.0.0-SNAPSHOT,com.siemens.ct.exi,exificient-grammars,1.0.7,false,
Maven,org.exist-db,exist-indexes-jmh,7.0.0-SNAPSHOT,com.siemens.ct.exi,exificient-core,1.0.7,false,
Maven,org.exist-db,exist-indexes-jmh,7.0.0-SNAPSHOT,com.ibm.icu,icu4j,76.1,false,
Maven,org.exist-db,exist-indexes-jmh,7.0.0-SNAPSHOT,com.google.code.findbugs,jsr305,3.0.2,false,
Maven,org.exist-db,exist-indexes-jmh,7.0.0-SNAPSHOT,org.relaxng,jing,20241231,false,
Maven,org.exist-db,exist-indexes-jmh,7.0.0-SNAPSHOT,isorelax,isorelax,20030108,false,
Maven,org.exist-db,exist-indexes-jmh,7.0.0-SNAPSHOT,org.exist-db,exist-start,7.0.0-SNAPSHOT,false,
Maven,org.exist-db,exist-indexes-jmh,7.0.0-SNAPSHOT,org.exquery,exquery-common,0.2.1,false,
Maven,org.exist-db,exist-indexes-jmh,7.0.0-SNAPSHOT,org.bouncycastle,bcprov-jdk18on,1.84,false,
Maven,org.exist-db,exist-indexes-jmh,7.0.0-SNAPSHOT,at.yawk.lz4,lz4-java,1.11.0,false,
Maven,org.exist-db,exist-indexes-jmh,7.0.0-SNAPSHOT,com.evolvedbinary.j8fu,j8fu,1.24.0,false,
Maven,org.exist-db,exist-indexes-jmh,7.0.0-SNAPSHOT,com.fasterxml.uuid,java-uuid-generator,5.2.0,false,
Maven,org.exist-db,exist-indexes-jmh,7.0.0-SNAPSHOT,jakarta.servlet,jakarta.servlet-api,6.0.0,false,
Maven,org.exist-db,exist-indexes-jmh,7.0.0-SNAPSHOT,jakarta.xml.bind,jakarta.xml.bind-api,4.0.5,false,
Maven,org.exist-db,exist-indexes-jmh,7.0.0-SNAPSHOT,jakarta.activation,jakarta.activation-api,2.1.4,false,
Maven,org.exist-db,exist-indexes-jmh,7.0.0-SNAPSHOT,org.eclipse.angus,angus-activation,2.0.3,false,
Maven,org.exist-db,exist-indexes-jmh,7.0.0-SNAPSHOT,org.glassfish.jaxb,jaxb-runtime,4.0.2,false,
Maven,org.exist-db,exist-indexes-jmh,7.0.0-SNAPSHOT,org.glassfish.jaxb,jaxb-core,4.0.2,false,
Maven,org.exist-db,exist-indexes-jmh,7.0.0-SNAPSHOT,org.glassfish.jaxb,txw2,4.0.2,false,
Maven,org.exist-db,exist-indexes-jmh,7.0.0-SNAPSHOT,com.sun.istack,istack-commons-runtime,4.1.1,false,
Maven,org.exist-db,exist-indexes-jmh,7.0.0-SNAPSHOT,org.exist-db.thirdparty.javax.xml.xquery,xqjri,20080114-133351,false,
Maven,org.exist-db,exist-indexes-jmh,7.0.0-SNAPSHOT,org.jline,jline,4.1.0,false,
Maven,org.exist-db,exist-indexes-jmh,7.0.0-SNAPSHOT,org.jline,jansi,4.1.0,false,
Maven,org.exist-db,exist-indexes-jmh,7.0.0-SNAPSHOT,net.bytebuddy,byte-buddy,1.18.8,false,
Maven,org.exist-db,exist-indexes-jmh,7.0.0-SNAPSHOT,se.softhouse,jargo,0.4.14,false,
Maven,org.exist-db,exist-indexes-jmh,7.0.0-SNAPSHOT,commons-codec,commons-codec,1.22.0,false,
Maven,org.exist-db,exist-indexes-jmh,7.0.0-SNAPSHOT,commons-io,commons-io,2.22.0,false,
Maven,org.exist-db,exist-indexes-jmh,7.0.0-SNAPSHOT,org.apache.commons,commons-lang3,3.20.0,false,
Maven,org.exist-db,exist-indexes-jmh,7.0.0-SNAPSHOT,commons-logging,commons-logging,1.3.6,false,
Maven,org.exist-db,exist-indexes-jmh,7.0.0-SNAPSHOT,org.apache.commons,commons-pool2,2.13.1,false,
Maven,org.exist-db,exist-indexes-jmh,7.0.0-SNAPSHOT,org.apache.logging.log4j,log4j-api,2.26.0,false,
Maven,org.exist-db,exist-indexes-jmh,7.0.0-SNAPSHOT,org.apache.logging.log4j,log4j-core,2.26.0,false,
Maven,org.exist-db,exist-indexes-jmh,7.0.0-SNAPSHOT,org.apache.logging.log4j,log4j-jcl,2.26.0,false,
Maven,org.exist-db,exist-indexes-jmh,7.0.0-SNAPSHOT,org.apache.logging.log4j,log4j-jul,2.26.0,false,
Maven,org.exist-db,exist-indexes-jmh,7.0.0-SNAPSHOT,org.apache.logging.log4j,log4j-slf4j2-impl,2.26.0,false,
Maven,org.exist-db,exist-indexes-jmh,7.0.0-SNAPSHOT,org.exist-db.thirdparty.xerces,xercesImpl,2.12.2,false,
Maven,org.exist-db,exist-indexes-jmh,7.0.0-SNAPSHOT,org.codelibs,nekohtml,2.1.3,false,
Maven,org.exist-db,exist-indexes-jmh,7.0.0-SNAPSHOT,org.apache.ws.commons.util,ws-commons-util,1.0.2,false,
Maven,org.exist-db,exist-indexes-jmh,7.0.0-SNAPSHOT,xml-resolver,xml-resolver,1.2,false,
Maven,org.exist-db,exist-indexes-jmh,7.0.0-SNAPSHOT,org.xmlresolver,xmlresolver,6.0.23,false,
Maven,org.exist-db,exist-indexes-jmh,7.0.0-SNAPSHOT,org.exist-db.thirdparty.org.eclipse.wst.xml,xpath2,1.2.0,false,
Maven,org.exist-db,exist-indexes-jmh,7.0.0-SNAPSHOT,edu.princeton.cup,java-cup,10k,false,
Maven,org.exist-db,exist-indexes-jmh,7.0.0-SNAPSHOT,net.sf.saxon,Saxon-HE,9.9.1-8,false,
Maven,org.exist-db,exist-indexes-jmh,7.0.0-SNAPSHOT,org.exist-db,exist-saxon-regex,9.4.0-9.e1,false,
Maven,org.exist-db,exist-indexes-jmh,7.0.0-SNAPSHOT,com.evolvedbinary.thirdparty.org.apache.xmlrpc,xmlrpc-common,5.0.0,false,
Maven,org.exist-db,exist-indexes-jmh,7.0.0-SNAPSHOT,com.evolvedbinary.thirdparty.org.apache.xmlrpc,xmlrpc-client,5.0.0,false,
Maven,org.exist-db,exist-indexes-jmh,7.0.0-SNAPSHOT,com.evolvedbinary.thirdparty.org.apache.xmlrpc,xmlrpc-server,5.0.0,false,
Maven,org.exist-db,exist-indexes-jmh,7.0.0-SNAPSHOT,org.aspectj,aspectjrt,1.9.25.1,false,
Maven,org.exist-db,exist-indexes-jmh,7.0.0-SNAPSHOT,org.eclipse.jetty,jetty-http,12.0.35,false,
Maven,org.exist-db,exist-indexes-jmh,7.0.0-SNAPSHOT,org.eclipse.jetty,jetty-io,12.0.35,false,
Maven,org.exist-db,exist-indexes-jmh,7.0.0-SNAPSHOT,org.eclipse.jetty,jetty-security,12.0.35,false,
Maven,org.exist-db,exist-indexes-jmh,7.0.0-SNAPSHOT,org.eclipse.jetty,jetty-server,12.0.35,false,
Maven,org.exist-db,exist-indexes-jmh,7.0.0-SNAPSHOT,org.eclipse.jetty,jetty-util,12.0.35,false,
Maven,org.exist-db,exist-indexes-jmh,7.0.0-SNAPSHOT,org.expath.packaging,pkg-java,2.0.1,false,
Maven,org.exist-db,exist-indexes-jmh,7.0.0-SNAPSHOT,com.fifesoft,rsyntaxtextarea,3.6.2,false,
Maven,org.exist-db,exist-indexes-jmh,7.0.0-SNAPSHOT,org.quartz-scheduler,quartz,2.5.2,false,
Maven,org.exist-db,exist-indexes-jmh,7.0.0-SNAPSHOT,net.sf.xmldb-org,xmldb-api,2.0.0,false,
Maven,org.exist-db,exist-indexes-jmh,7.0.0-SNAPSHOT,it.unimi.dsi,fastutil,8.5.18,false,
Maven,org.exist-db,exist-indexes-jmh,7.0.0-SNAPSHOT,io.lacuna,bifurcan,0.2.0-rc1,false,
Maven,org.exist-db,exist-indexes-jmh,7.0.0-SNAPSHOT,org.apache.ant,ant,1.10.17,false,
Maven,org.exist-db,exist-indexes-jmh,7.0.0-SNAPSHOT,org.apache.ant,ant-launcher,1.10.17,false,
Maven,org.exist-db,exist-indexes-jmh,7.0.0-SNAPSHOT,org.jgrapht,jgrapht-core,1.5.3,false,
Maven,org.exist-db,exist-indexes-jmh,7.0.0-SNAPSHOT,org.jheaps,jheaps,0.14,false,
Maven,org.exist-db,exist-indexes-jmh,7.0.0-SNAPSHOT,org.apfloat,apfloat,1.14.0,false,
Maven,org.exist-db,exist-indexes-jmh,7.0.0-SNAPSHOT,org.jgrapht,jgrapht-opt,1.5.3,false,
Maven,org.exist-db,exist-indexes-jmh,7.0.0-SNAPSHOT,junit,junit,4.13.2,false,
Maven,org.exist-db,exist-indexes-jmh,7.0.0-SNAPSHOT,org.hamcrest,hamcrest,3.0,false,
Maven,org.exist-db,exist-indexes-jmh,7.0.0-SNAPSHOT,org.xmlunit,xmlunit-core,2.11.0,false,
Maven,org.exist-db,exist-indexes-jmh,7.0.0-SNAPSHOT,org.eclipse.jetty.ee10,jetty-ee10-annotations,12.0.35,false,
Maven,org.exist-db,exist-indexes-jmh,7.0.0-SNAPSHOT,jakarta.annotation,jakarta.annotation-api,2.1.1,false,
Maven,org.exist-db,exist-indexes-jmh,7.0.0-SNAPSHOT,org.eclipse.jetty.ee10,jetty-ee10-plus,12.0.35,false,
Maven,org.exist-db,exist-indexes-jmh,7.0.0-SNAPSHOT,jakarta.enterprise,jakarta.enterprise.cdi-api,4.0.1,false,
Maven,org.exist-db,exist-indexes-jmh,7.0.0-SNAPSHOT,jakarta.el,jakarta.el-api,5.0.0,false,
Maven,org.exist-db,exist-indexes-jmh,7.0.0-SNAPSHOT,jakarta.inject,jakarta.inject-api,2.0.1,false,
Maven,org.exist-db,exist-indexes-jmh,7.0.0-SNAPSHOT,jakarta.enterprise,jakarta.enterprise.lang-model,4.0.1,false,
Maven,org.exist-db,exist-indexes-jmh,7.0.0-SNAPSHOT,jakarta.interceptor,jakarta.interceptor-api,2.1.0,false,
Maven,org.exist-db,exist-indexes-jmh,7.0.0-SNAPSHOT,jakarta.transaction,jakarta.transaction-api,2.0.1,false,
Maven,org.exist-db,exist-indexes-jmh,7.0.0-SNAPSHOT,org.eclipse.jetty,jetty-jndi,12.0.35,false,
Maven,org.exist-db,exist-indexes-jmh,7.0.0-SNAPSHOT,org.eclipse.jetty,jetty-plus,12.0.35,false,
Maven,org.exist-db,exist-indexes-jmh,7.0.0-SNAPSHOT,org.ow2.asm,asm,9.9.1,false,
Maven,org.exist-db,exist-indexes-jmh,7.0.0-SNAPSHOT,org.ow2.asm,asm-commons,9.9.1,false,
Maven,org.exist-db,exist-indexes-jmh,7.0.0-SNAPSHOT,org.ow2.asm,asm-tree,9.9.1,false,
Maven,org.exist-db,exist-indexes-jmh,7.0.0-SNAPSHOT,org.eclipse.jetty.ee10,jetty-ee10-servlet,12.0.35,false,
Maven,org.exist-db,exist-indexes-jmh,7.0.0-SNAPSHOT,org.eclipse.jetty,jetty-session,12.0.35,false,
Maven,org.exist-db,exist-indexes-jmh,7.0.0-SNAPSHOT,org.eclipse.jetty.ee10,jetty-ee10-webapp,12.0.35,false,
Maven,org.exist-db,exist-indexes-jmh,7.0.0-SNAPSHOT,org.eclipse.jetty,jetty-ee,12.0.35,false,
Maven,org.exist-db,exist-indexes-jmh,7.0.0-SNAPSHOT,org.eclipse.jetty,jetty-xml,12.0.35,false,
Maven,org.exist-db,exist-indexes-jmh,7.0.0-SNAPSHOT,org.eclipse.jetty.ee10.websocket,jetty-ee10-websocket-jakarta-server,12.0.35,false,
Maven,org.exist-db,exist-indexes-jmh,7.0.0-SNAPSHOT,jakarta.websocket,jakarta.websocket-api,2.2.0,false,
Maven,org.exist-db,exist-indexes-jmh,7.0.0-SNAPSHOT,org.eclipse.jetty.ee10.websocket,jetty-ee10-websocket-jakarta-client,12.0.35,false,
Maven,org.exist-db,exist-indexes-jmh,7.0.0-SNAPSHOT,jakarta.websocket,jakarta.websocket-client-api,2.2.0,false,
Maven,org.exist-db,exist-indexes-jmh,7.0.0-SNAPSHOT,org.eclipse.jetty,jetty-client,12.0.35,false,
Maven,org.exist-db,exist-indexes-jmh,7.0.0-SNAPSHOT,org.eclipse.jetty,jetty-alpn-client,12.0.35,false,
Maven,org.exist-db,exist-indexes-jmh,7.0.0-SNAPSHOT,org.eclipse.jetty.ee10.websocket,jetty-ee10-websocket-jakarta-common,12.0.35,false,
Maven,org.exist-db,exist-indexes-jmh,7.0.0-SNAPSHOT,org.eclipse.jetty.websocket,jetty-websocket-core-client,12.0.35,false,
Maven,org.exist-db,exist-indexes-jmh,7.0.0-SNAPSHOT,org.eclipse.jetty.websocket,jetty-websocket-core-common,12.0.35,false,
Maven,org.exist-db,exist-indexes-jmh,7.0.0-SNAPSHOT,org.eclipse.jetty.ee10.websocket,jetty-ee10-websocket-servlet,12.0.35,false,
Maven,org.exist-db,exist-indexes-jmh,7.0.0-SNAPSHOT,org.eclipse.jetty.websocket,jetty-websocket-core-server,12.0.35,false,
Maven,org.exist-db,exist-indexes-jmh,7.0.0-SNAPSHOT,org.exist-db,exist-index-ngram,7.0.0-SNAPSHOT,true,
Maven,org.exist-db,exist-indexes-jmh,7.0.0-SNAPSHOT,org.exist-db,exist-index-range,7.0.0-SNAPSHOT,true,
Maven,org.exist-db,exist-indexes-jmh,7.0.0-SNAPSHOT,org.apache.lucene,lucene-core,10.4.0,false,
Maven,org.exist-db,exist-indexes-jmh,7.0.0-SNAPSHOT,org.apache.lucene,lucene-analysis-common,10.4.0,false,
Maven,org.exist-db,exist-indexes-jmh,7.0.0-SNAPSHOT,org.apache.lucene,lucene-analysis-icu,10.4.0,false,
Maven,org.exist-db,exist-indexes-jmh,7.0.0-SNAPSHOT,org.apache.lucene,lucene-facet,10.4.0,false,
Maven,org.exist-db,exist-indexes-jmh,7.0.0-SNAPSHOT,org.apache.lucene,lucene-queryparser,10.4.0,false,
Maven,org.exist-db,exist-indexes-jmh,7.0.0-SNAPSHOT,org.apache.lucene,lucene-sandbox,10.4.0,false,
Maven,org.exist-db,exist-indexes-jmh,7.0.0-SNAPSHOT,org.exist-db,exist-index-lucene,7.0.0-SNAPSHOT,true,
Maven,org.exist-db,exist-indexes-jmh,7.0.0-SNAPSHOT,org.apache.commons,commons-collections4,4.5.0,false,
Maven,org.exist-db,exist-indexes-jmh,7.0.0-SNAPSHOT,org.apache.lucene,lucene-queries,10.4.0,false,
Maven,org.exist-db,exist-indexes-jmh,7.0.0-SNAPSHOT,org.openjdk.jmh,jmh-core,1.37,true,
Maven,org.exist-db,exist-indexes-jmh,7.0.0-SNAPSHOT,net.sf.jopt-simple,jopt-simple,5.0.4,false,
Maven,org.exist-db,exist-indexes-jmh,7.0.0-SNAPSHOT,org.apache.commons,commons-math3,3.6.1,false,
