Package name,Afferent coupling (Ca),Efferent coupling (Ce),Instability,Abstractness,Distance from main sequence,In cycle,Cycle members
xquery.modules.cache,0,0,0.0,0.0,1.0,false,
org.exist.xquery.modules.expathrepo,0,15,1.0,0.0,0.0,false,
xquery.arrays,0,0,0.0,0.0,1.0,false,
xquery.xqsuite,0,0,0.0,0.0,1.0,false,
org.exist.storage.io,14,1,0.06666666666666667,0.25,0.6833333333333333,true,"org.exist,org.exist.backup,org.exist.backup.restore,org.exist.client,org.exist.client.security,org.exist.collections,org.exist.collections.triggers,org.exist.config,org.exist.config.mapper,org.exist.debuggee,org.exist.debugger,org.exist.dom,org.exist.dom.memtree,org.exist.dom.persistent,org.exist.http,org.exist.http.servlets,org.exist.http.urlrewrite,org.exist.http.ws,org.exist.indexing,org.exist.jetty,org.exist.management,org.exist.management.client,org.exist.management.impl,org.exist.numbering,org.exist.protocolhandler.embedded,org.exist.protocolhandler.xmldb,org.exist.protocolhandler.xmlrpc,org.exist.repo,org.exist.resolver,org.exist.scheduler,org.exist.scheduler.impl,org.exist.security,org.exist.security.internal,org.exist.security.internal.aider,org.exist.security.internal.web,org.exist.security.management,org.exist.security.realm,org.exist.security.utils,org.exist.source,org.exist.stax,org.exist.storage,org.exist.storage.blob,org.exist.storage.btree,org.exist.storage.cache,org.exist.storage.dom,org.exist.storage.index,org.exist.storage.io,org.exist.storage.journal,org.exist.storage.lock,org.exist.storage.recovery,org.exist.storage.report,org.exist.storage.serializers,org.exist.storage.structural,org.exist.storage.sync,org.exist.storage.txn,org.exist.storage.vector,org.exist.test,org.exist.util,org.exist.util.crypto.digest,org.exist.util.hashtable,org.exist.util.io,org.exist.util.pool,org.exist.util.serializer,org.exist.util.serializer.json,org.exist.validation,org.exist.validation.internal,org.exist.validation.resolver,org.exist.vector,org.exist.xmldb,org.exist.xmldb.concurrent,org.exist.xmldb.concurrent.action,org.exist.xmldb.function,org.exist.xmldb.txn.bridge,org.exist.xmlrpc,org.exist.xmlrpc.function,org.exist.xqj,org.exist.xquery,org.exist.xquery.functions.array,org.exist.xquery.functions.fn,org.exist.xquery.functions.fn.transform,org.exist.xquery.functions.integer,org.exist.xquery.functions.map,org.exist.xquery.functions.math,org.exist.xquery.functions.request,org.exist.xquery.functions.websocket,org.exist.xquery.functions.xmldb,org.exist.xquery.pragmas,org.exist.xquery.regex,org.exist.xquery.update,org.exist.xquery.util,org.exist.xquery.value,org.exist.xslt,org.exist.xupdate"
org.exist.http.urlrewrite,4,19,0.8260869565217391,0.09090909090909091,0.08300395256916993,true,"org.exist,org.exist.backup,org.exist.backup.restore,org.exist.client,org.exist.client.security,org.exist.collections,org.exist.collections.triggers,org.exist.config,org.exist.config.mapper,org.exist.debuggee,org.exist.debugger,org.exist.dom,org.exist.dom.memtree,org.exist.dom.persistent,org.exist.http,org.exist.http.servlets,org.exist.http.urlrewrite,org.exist.http.ws,org.exist.indexing,org.exist.jetty,org.exist.management,org.exist.management.client,org.exist.management.impl,org.exist.numbering,org.exist.protocolhandler.embedded,org.exist.protocolhandler.xmldb,org.exist.protocolhandler.xmlrpc,org.exist.repo,org.exist.resolver,org.exist.scheduler,org.exist.scheduler.impl,org.exist.security,org.exist.security.internal,org.exist.security.internal.aider,org.exist.security.internal.web,org.exist.security.management,org.exist.security.realm,org.exist.security.utils,org.exist.source,org.exist.stax,org.exist.storage,org.exist.storage.blob,org.exist.storage.btree,org.exist.storage.cache,org.exist.storage.dom,org.exist.storage.index,org.exist.storage.io,org.exist.storage.journal,org.exist.storage.lock,org.exist.storage.recovery,org.exist.storage.report,org.exist.storage.serializers,org.exist.storage.structural,org.exist.storage.sync,org.exist.storage.txn,org.exist.storage.vector,org.exist.test,org.exist.util,org.exist.util.crypto.digest,org.exist.util.hashtable,org.exist.util.io,org.exist.util.pool,org.exist.util.serializer,org.exist.util.serializer.json,org.exist.validation,org.exist.validation.internal,org.exist.validation.resolver,org.exist.vector,org.exist.xmldb,org.exist.xmldb.concurrent,org.exist.xmldb.concurrent.action,org.exist.xmldb.function,org.exist.xmldb.txn.bridge,org.exist.xmlrpc,org.exist.xmlrpc.function,org.exist.xqj,org.exist.xquery,org.exist.xquery.functions.array,org.exist.xquery.functions.fn,org.exist.xquery.functions.fn.transform,org.exist.xquery.functions.integer,org.exist.xquery.functions.map,org.exist.xquery.functions.math,org.exist.xquery.functions.request,org.exist.xquery.functions.websocket,org.exist.xquery.functions.xmldb,org.exist.xquery.pragmas,org.exist.xquery.regex,org.exist.xquery.update,org.exist.xquery.util,org.exist.xquery.value,org.exist.xslt,org.exist.xupdate"
org.exist.service,0,1,1.0,0.0,0.0,false,
org.exist.security,95,20,0.17391304347826086,0.3508771929824561,0.475209763539283,true,"org.exist,org.exist.backup,org.exist.backup.restore,org.exist.client,org.exist.client.security,org.exist.collections,org.exist.collections.triggers,org.exist.config,org.exist.config.mapper,org.exist.debuggee,org.exist.debugger,org.exist.dom,org.exist.dom.memtree,org.exist.dom.persistent,org.exist.http,org.exist.http.servlets,org.exist.http.urlrewrite,org.exist.http.ws,org.exist.indexing,org.exist.jetty,org.exist.management,org.exist.management.client,org.exist.management.impl,org.exist.numbering,org.exist.protocolhandler.embedded,org.exist.protocolhandler.xmldb,org.exist.protocolhandler.xmlrpc,org.exist.repo,org.exist.resolver,org.exist.scheduler,org.exist.scheduler.impl,org.exist.security,org.exist.security.internal,org.exist.security.internal.aider,org.exist.security.internal.web,org.exist.security.management,org.exist.security.realm,org.exist.security.utils,org.exist.source,org.exist.stax,org.exist.storage,org.exist.storage.blob,org.exist.storage.btree,org.exist.storage.cache,org.exist.storage.dom,org.exist.storage.index,org.exist.storage.io,org.exist.storage.journal,org.exist.storage.lock,org.exist.storage.recovery,org.exist.storage.report,org.exist.storage.serializers,org.exist.storage.structural,org.exist.storage.sync,org.exist.storage.txn,org.exist.storage.vector,org.exist.test,org.exist.util,org.exist.util.crypto.digest,org.exist.util.hashtable,org.exist.util.io,org.exist.util.pool,org.exist.util.serializer,org.exist.util.serializer.json,org.exist.validation,org.exist.validation.internal,org.exist.validation.resolver,org.exist.vector,org.exist.xmldb,org.exist.xmldb.concurrent,org.exist.xmldb.concurrent.action,org.exist.xmldb.function,org.exist.xmldb.txn.bridge,org.exist.xmlrpc,org.exist.xmlrpc.function,org.exist.xqj,org.exist.xquery,org.exist.xquery.functions.array,org.exist.xquery.functions.fn,org.exist.xquery.functions.fn.transform,org.exist.xquery.functions.integer,org.exist.xquery.functions.map,org.exist.xquery.functions.math,org.exist.xquery.functions.request,org.exist.xquery.functions.websocket,org.exist.xquery.functions.xmldb,org.exist.xquery.pragmas,org.exist.xquery.regex,org.exist.xquery.update,org.exist.xquery.util,org.exist.xquery.value,org.exist.xslt,org.exist.xupdate"
xquery.maps,0,0,0.0,0.0,1.0,false,
org.exist.xquery.functions.integer,1,1,0.5,0.07142857142857142,0.4285714285714286,true,"org.exist,org.exist.backup,org.exist.backup.restore,org.exist.client,org.exist.client.security,org.exist.collections,org.exist.collections.triggers,org.exist.config,org.exist.config.mapper,org.exist.debuggee,org.exist.debugger,org.exist.dom,org.exist.dom.memtree,org.exist.dom.persistent,org.exist.http,org.exist.http.servlets,org.exist.http.urlrewrite,org.exist.http.ws,org.exist.indexing,org.exist.jetty,org.exist.management,org.exist.management.client,org.exist.management.impl,org.exist.numbering,org.exist.protocolhandler.embedded,org.exist.protocolhandler.xmldb,org.exist.protocolhandler.xmlrpc,org.exist.repo,org.exist.resolver,org.exist.scheduler,org.exist.scheduler.impl,org.exist.security,org.exist.security.internal,org.exist.security.internal.aider,org.exist.security.internal.web,org.exist.security.management,org.exist.security.realm,org.exist.security.utils,org.exist.source,org.exist.stax,org.exist.storage,org.exist.storage.blob,org.exist.storage.btree,org.exist.storage.cache,org.exist.storage.dom,org.exist.storage.index,org.exist.storage.io,org.exist.storage.journal,org.exist.storage.lock,org.exist.storage.recovery,org.exist.storage.report,org.exist.storage.serializers,org.exist.storage.structural,org.exist.storage.sync,org.exist.storage.txn,org.exist.storage.vector,org.exist.test,org.exist.util,org.exist.util.crypto.digest,org.exist.util.hashtable,org.exist.util.io,org.exist.util.pool,org.exist.util.serializer,org.exist.util.serializer.json,org.exist.validation,org.exist.validation.internal,org.exist.validation.resolver,org.exist.vector,org.exist.xmldb,org.exist.xmldb.concurrent,org.exist.xmldb.concurrent.action,org.exist.xmldb.function,org.exist.xmldb.txn.bridge,org.exist.xmlrpc,org.exist.xmlrpc.function,org.exist.xqj,org.exist.xquery,org.exist.xquery.functions.array,org.exist.xquery.functions.fn,org.exist.xquery.functions.fn.transform,org.exist.xquery.functions.integer,org.exist.xquery.functions.map,org.exist.xquery.functions.math,org.exist.xquery.functions.request,org.exist.xquery.functions.websocket,org.exist.xquery.functions.xmldb,org.exist.xquery.pragmas,org.exist.xquery.regex,org.exist.xquery.update,org.exist.xquery.util,org.exist.xquery.value,org.exist.xslt,org.exist.xupdate"
xquery.modules.xmldiff,0,0,0.0,0.0,1.0,false,
org.exist.xquery.functions.securitymanager,0,16,1.0,0.0,0.0,false,
org.exist.xquery.functions.xmldb,2,25,0.9259259259259259,0.06451612903225806,0.009557945041815952,true,"org.exist,org.exist.backup,org.exist.backup.restore,org.exist.client,org.exist.client.security,org.exist.collections,org.exist.collections.triggers,org.exist.config,org.exist.config.mapper,org.exist.debuggee,org.exist.debugger,org.exist.dom,org.exist.dom.memtree,org.exist.dom.persistent,org.exist.http,org.exist.http.servlets,org.exist.http.urlrewrite,org.exist.http.ws,org.exist.indexing,org.exist.jetty,org.exist.management,org.exist.management.client,org.exist.management.impl,org.exist.numbering,org.exist.protocolhandler.embedded,org.exist.protocolhandler.xmldb,org.exist.protocolhandler.xmlrpc,org.exist.repo,org.exist.resolver,org.exist.scheduler,org.exist.scheduler.impl,org.exist.security,org.exist.security.internal,org.exist.security.internal.aider,org.exist.security.internal.web,org.exist.security.management,org.exist.security.realm,org.exist.security.utils,org.exist.source,org.exist.stax,org.exist.storage,org.exist.storage.blob,org.exist.storage.btree,org.exist.storage.cache,org.exist.storage.dom,org.exist.storage.index,org.exist.storage.io,org.exist.storage.journal,org.exist.storage.lock,org.exist.storage.recovery,org.exist.storage.report,org.exist.storage.serializers,org.exist.storage.structural,org.exist.storage.sync,org.exist.storage.txn,org.exist.storage.vector,org.exist.test,org.exist.util,org.exist.util.crypto.digest,org.exist.util.hashtable,org.exist.util.io,org.exist.util.pool,org.exist.util.serializer,org.exist.util.serializer.json,org.exist.validation,org.exist.validation.internal,org.exist.validation.resolver,org.exist.vector,org.exist.xmldb,org.exist.xmldb.concurrent,org.exist.xmldb.concurrent.action,org.exist.xmldb.function,org.exist.xmldb.txn.bridge,org.exist.xmlrpc,org.exist.xmlrpc.function,org.exist.xqj,org.exist.xquery,org.exist.xquery.functions.array,org.exist.xquery.functions.fn,org.exist.xquery.functions.fn.transform,org.exist.xquery.functions.integer,org.exist.xquery.functions.map,org.exist.xquery.functions.math,org.exist.xquery.functions.request,org.exist.xquery.functions.websocket,org.exist.xquery.functions.xmldb,org.exist.xquery.pragmas,org.exist.xquery.regex,org.exist.xquery.update,org.exist.xquery.util,org.exist.xquery.value,org.exist.xslt,org.exist.xupdate"
org.exist.xquery.util,26,18,0.4090909090909091,0.10526315789473684,0.4856459330143541,true,"org.exist,org.exist.backup,org.exist.backup.restore,org.exist.client,org.exist.client.security,org.exist.collections,org.exist.collections.triggers,org.exist.config,org.exist.config.mapper,org.exist.debuggee,org.exist.debugger,org.exist.dom,org.exist.dom.memtree,org.exist.dom.persistent,org.exist.http,org.exist.http.servlets,org.exist.http.urlrewrite,org.exist.http.ws,org.exist.indexing,org.exist.jetty,org.exist.management,org.exist.management.client,org.exist.management.impl,org.exist.numbering,org.exist.protocolhandler.embedded,org.exist.protocolhandler.xmldb,org.exist.protocolhandler.xmlrpc,org.exist.repo,org.exist.resolver,org.exist.scheduler,org.exist.scheduler.impl,org.exist.security,org.exist.security.internal,org.exist.security.internal.aider,org.exist.security.internal.web,org.exist.security.management,org.exist.security.realm,org.exist.security.utils,org.exist.source,org.exist.stax,org.exist.storage,org.exist.storage.blob,org.exist.storage.btree,org.exist.storage.cache,org.exist.storage.dom,org.exist.storage.index,org.exist.storage.io,org.exist.storage.journal,org.exist.storage.lock,org.exist.storage.recovery,org.exist.storage.report,org.exist.storage.serializers,org.exist.storage.structural,org.exist.storage.sync,org.exist.storage.txn,org.exist.storage.vector,org.exist.test,org.exist.util,org.exist.util.crypto.digest,org.exist.util.hashtable,org.exist.util.io,org.exist.util.pool,org.exist.util.serializer,org.exist.util.serializer.json,org.exist.validation,org.exist.validation.internal,org.exist.validation.resolver,org.exist.vector,org.exist.xmldb,org.exist.xmldb.concurrent,org.exist.xmldb.concurrent.action,org.exist.xmldb.function,org.exist.xmldb.txn.bridge,org.exist.xmlrpc,org.exist.xmlrpc.function,org.exist.xqj,org.exist.xquery,org.exist.xquery.functions.array,org.exist.xquery.functions.fn,org.exist.xquery.functions.fn.transform,org.exist.xquery.functions.integer,org.exist.xquery.functions.map,org.exist.xquery.functions.math,org.exist.xquery.functions.request,org.exist.xquery.functions.websocket,org.exist.xquery.functions.xmldb,org.exist.xquery.pragmas,org.exist.xquery.regex,org.exist.xquery.update,org.exist.xquery.util,org.exist.xquery.value,org.exist.xslt,org.exist.xupdate"
org.exist.client,3,15,0.8333333333333334,0.09090909090909091,0.07575757575757569,true,"org.exist,org.exist.backup,org.exist.backup.restore,org.exist.client,org.exist.client.security,org.exist.collections,org.exist.collections.triggers,org.exist.config,org.exist.config.mapper,org.exist.debuggee,org.exist.debugger,org.exist.dom,org.exist.dom.memtree,org.exist.dom.persistent,org.exist.http,org.exist.http.servlets,org.exist.http.urlrewrite,org.exist.http.ws,org.exist.indexing,org.exist.jetty,org.exist.management,org.exist.management.client,org.exist.management.impl,org.exist.numbering,org.exist.protocolhandler.embedded,org.exist.protocolhandler.xmldb,org.exist.protocolhandler.xmlrpc,org.exist.repo,org.exist.resolver,org.exist.scheduler,org.exist.scheduler.impl,org.exist.security,org.exist.security.internal,org.exist.security.internal.aider,org.exist.security.internal.web,org.exist.security.management,org.exist.security.realm,org.exist.security.utils,org.exist.source,org.exist.stax,org.exist.storage,org.exist.storage.blob,org.exist.storage.btree,org.exist.storage.cache,org.exist.storage.dom,org.exist.storage.index,org.exist.storage.io,org.exist.storage.journal,org.exist.storage.lock,org.exist.storage.recovery,org.exist.storage.report,org.exist.storage.serializers,org.exist.storage.structural,org.exist.storage.sync,org.exist.storage.txn,org.exist.storage.vector,org.exist.test,org.exist.util,org.exist.util.crypto.digest,org.exist.util.hashtable,org.exist.util.io,org.exist.util.pool,org.exist.util.serializer,org.exist.util.serializer.json,org.exist.validation,org.exist.validation.internal,org.exist.validation.resolver,org.exist.vector,org.exist.xmldb,org.exist.xmldb.concurrent,org.exist.xmldb.concurrent.action,org.exist.xmldb.function,org.exist.xmldb.txn.bridge,org.exist.xmlrpc,org.exist.xmlrpc.function,org.exist.xqj,org.exist.xquery,org.exist.xquery.functions.array,org.exist.xquery.functions.fn,org.exist.xquery.functions.fn.transform,org.exist.xquery.functions.integer,org.exist.xquery.functions.map,org.exist.xquery.functions.math,org.exist.xquery.functions.request,org.exist.xquery.functions.websocket,org.exist.xquery.functions.xmldb,org.exist.xquery.pragmas,org.exist.xquery.regex,org.exist.xquery.update,org.exist.xquery.util,org.exist.xquery.value,org.exist.xslt,org.exist.xupdate"
org.exist.storage.sync,6,4,0.4,0.0,0.6,true,"org.exist,org.exist.backup,org.exist.backup.restore,org.exist.client,org.exist.client.security,org.exist.collections,org.exist.collections.triggers,org.exist.config,org.exist.config.mapper,org.exist.debuggee,org.exist.debugger,org.exist.dom,org.exist.dom.memtree,org.exist.dom.persistent,org.exist.http,org.exist.http.servlets,org.exist.http.urlrewrite,org.exist.http.ws,org.exist.indexing,org.exist.jetty,org.exist.management,org.exist.management.client,org.exist.management.impl,org.exist.numbering,org.exist.protocolhandler.embedded,org.exist.protocolhandler.xmldb,org.exist.protocolhandler.xmlrpc,org.exist.repo,org.exist.resolver,org.exist.scheduler,org.exist.scheduler.impl,org.exist.security,org.exist.security.internal,org.exist.security.internal.aider,org.exist.security.internal.web,org.exist.security.management,org.exist.security.realm,org.exist.security.utils,org.exist.source,org.exist.stax,org.exist.storage,org.exist.storage.blob,org.exist.storage.btree,org.exist.storage.cache,org.exist.storage.dom,org.exist.storage.index,org.exist.storage.io,org.exist.storage.journal,org.exist.storage.lock,org.exist.storage.recovery,org.exist.storage.report,org.exist.storage.serializers,org.exist.storage.structural,org.exist.storage.sync,org.exist.storage.txn,org.exist.storage.vector,org.exist.test,org.exist.util,org.exist.util.crypto.digest,org.exist.util.hashtable,org.exist.util.io,org.exist.util.pool,org.exist.util.serializer,org.exist.util.serializer.json,org.exist.validation,org.exist.validation.internal,org.exist.validation.resolver,org.exist.vector,org.exist.xmldb,org.exist.xmldb.concurrent,org.exist.xmldb.concurrent.action,org.exist.xmldb.function,org.exist.xmldb.txn.bridge,org.exist.xmlrpc,org.exist.xmlrpc.function,org.exist.xqj,org.exist.xquery,org.exist.xquery.functions.array,org.exist.xquery.functions.fn,org.exist.xquery.functions.fn.transform,org.exist.xquery.functions.integer,org.exist.xquery.functions.map,org.exist.xquery.functions.math,org.exist.xquery.functions.request,org.exist.xquery.functions.websocket,org.exist.xquery.functions.xmldb,org.exist.xquery.pragmas,org.exist.xquery.regex,org.exist.xquery.update,org.exist.xquery.util,org.exist.xquery.value,org.exist.xslt,org.exist.xupdate"
org.exist.protocolhandler,1,3,0.75,0.0,0.25,true,"org.exist.protocolhandler,org.exist.protocolhandler.protocols.xmldb"
xquery.modules.expathrepo,0,0,0.0,0.0,1.0,false,
xquery.securitymanager,0,0,0.0,0.0,1.0,false,
org.exist.xslt,6,11,0.6470588235294118,0.16666666666666666,0.18627450980392157,true,"org.exist,org.exist.backup,org.exist.backup.restore,org.exist.client,org.exist.client.security,org.exist.collections,org.exist.collections.triggers,org.exist.config,org.exist.config.mapper,org.exist.debuggee,org.exist.debugger,org.exist.dom,org.exist.dom.memtree,org.exist.dom.persistent,org.exist.http,org.exist.http.servlets,org.exist.http.urlrewrite,org.exist.http.ws,org.exist.indexing,org.exist.jetty,org.exist.management,org.exist.management.client,org.exist.management.impl,org.exist.numbering,org.exist.protocolhandler.embedded,org.exist.protocolhandler.xmldb,org.exist.protocolhandler.xmlrpc,org.exist.repo,org.exist.resolver,org.exist.scheduler,org.exist.scheduler.impl,org.exist.security,org.exist.security.internal,org.exist.security.internal.aider,org.exist.security.internal.web,org.exist.security.management,org.exist.security.realm,org.exist.security.utils,org.exist.source,org.exist.stax,org.exist.storage,org.exist.storage.blob,org.exist.storage.btree,org.exist.storage.cache,org.exist.storage.dom,org.exist.storage.index,org.exist.storage.io,org.exist.storage.journal,org.exist.storage.lock,org.exist.storage.recovery,org.exist.storage.report,org.exist.storage.serializers,org.exist.storage.structural,org.exist.storage.sync,org.exist.storage.txn,org.exist.storage.vector,org.exist.test,org.exist.util,org.exist.util.crypto.digest,org.exist.util.hashtable,org.exist.util.io,org.exist.util.pool,org.exist.util.serializer,org.exist.util.serializer.json,org.exist.validation,org.exist.validation.internal,org.exist.validation.resolver,org.exist.vector,org.exist.xmldb,org.exist.xmldb.concurrent,org.exist.xmldb.concurrent.action,org.exist.xmldb.function,org.exist.xmldb.txn.bridge,org.exist.xmlrpc,org.exist.xmlrpc.function,org.exist.xqj,org.exist.xquery,org.exist.xquery.functions.array,org.exist.xquery.functions.fn,org.exist.xquery.functions.fn.transform,org.exist.xquery.functions.integer,org.exist.xquery.functions.map,org.exist.xquery.functions.math,org.exist.xquery.functions.request,org.exist.xquery.functions.websocket,org.exist.xquery.functions.xmldb,org.exist.xquery.pragmas,org.exist.xquery.regex,org.exist.xquery.update,org.exist.xquery.util,org.exist.xquery.value,org.exist.xslt,org.exist.xupdate"
org.exist.indexing.ngram,2,22,0.9166666666666666,0.0625,0.02083333333333337,false,
xquery.system,0,0,0.0,0.0,1.0,false,
org.exist.storage.journal,13,20,0.6060606060606061,0.25,0.14393939393939392,true,"org.exist,org.exist.backup,org.exist.backup.restore,org.exist.client,org.exist.client.security,org.exist.collections,org.exist.collections.triggers,org.exist.config,org.exist.config.mapper,org.exist.debuggee,org.exist.debugger,org.exist.dom,org.exist.dom.memtree,org.exist.dom.persistent,org.exist.http,org.exist.http.servlets,org.exist.http.urlrewrite,org.exist.http.ws,org.exist.indexing,org.exist.jetty,org.exist.management,org.exist.management.client,org.exist.management.impl,org.exist.numbering,org.exist.protocolhandler.embedded,org.exist.protocolhandler.xmldb,org.exist.protocolhandler.xmlrpc,org.exist.repo,org.exist.resolver,org.exist.scheduler,org.exist.scheduler.impl,org.exist.security,org.exist.security.internal,org.exist.security.internal.aider,org.exist.security.internal.web,org.exist.security.management,org.exist.security.realm,org.exist.security.utils,org.exist.source,org.exist.stax,org.exist.storage,org.exist.storage.blob,org.exist.storage.btree,org.exist.storage.cache,org.exist.storage.dom,org.exist.storage.index,org.exist.storage.io,org.exist.storage.journal,org.exist.storage.lock,org.exist.storage.recovery,org.exist.storage.report,org.exist.storage.serializers,org.exist.storage.structural,org.exist.storage.sync,org.exist.storage.txn,org.exist.storage.vector,org.exist.test,org.exist.util,org.exist.util.crypto.digest,org.exist.util.hashtable,org.exist.util.io,org.exist.util.pool,org.exist.util.serializer,org.exist.util.serializer.json,org.exist.validation,org.exist.validation.internal,org.exist.validation.resolver,org.exist.vector,org.exist.xmldb,org.exist.xmldb.concurrent,org.exist.xmldb.concurrent.action,org.exist.xmldb.function,org.exist.xmldb.txn.bridge,org.exist.xmlrpc,org.exist.xmlrpc.function,org.exist.xqj,org.exist.xquery,org.exist.xquery.functions.array,org.exist.xquery.functions.fn,org.exist.xquery.functions.fn.transform,org.exist.xquery.functions.integer,org.exist.xquery.functions.map,org.exist.xquery.functions.math,org.exist.xquery.functions.request,org.exist.xquery.functions.websocket,org.exist.xquery.functions.xmldb,org.exist.xquery.pragmas,org.exist.xquery.regex,org.exist.xquery.update,org.exist.xquery.util,org.exist.xquery.value,org.exist.xslt,org.exist.xupdate"
org.exist.xmldb.concurrent,4,7,0.6363636363636364,0.058823529411764705,0.3048128342245989,true,"org.exist,org.exist.backup,org.exist.backup.restore,org.exist.client,org.exist.client.security,org.exist.collections,org.exist.collections.triggers,org.exist.config,org.exist.config.mapper,org.exist.debuggee,org.exist.debugger,org.exist.dom,org.exist.dom.memtree,org.exist.dom.persistent,org.exist.http,org.exist.http.servlets,org.exist.http.urlrewrite,org.exist.http.ws,org.exist.indexing,org.exist.jetty,org.exist.management,org.exist.management.client,org.exist.management.impl,org.exist.numbering,org.exist.protocolhandler.embedded,org.exist.protocolhandler.xmldb,org.exist.protocolhandler.xmlrpc,org.exist.repo,org.exist.resolver,org.exist.scheduler,org.exist.scheduler.impl,org.exist.security,org.exist.security.internal,org.exist.security.internal.aider,org.exist.security.internal.web,org.exist.security.management,org.exist.security.realm,org.exist.security.utils,org.exist.source,org.exist.stax,org.exist.storage,org.exist.storage.blob,org.exist.storage.btree,org.exist.storage.cache,org.exist.storage.dom,org.exist.storage.index,org.exist.storage.io,org.exist.storage.journal,org.exist.storage.lock,org.exist.storage.recovery,org.exist.storage.report,org.exist.storage.serializers,org.exist.storage.structural,org.exist.storage.sync,org.exist.storage.txn,org.exist.storage.vector,org.exist.test,org.exist.util,org.exist.util.crypto.digest,org.exist.util.hashtable,org.exist.util.io,org.exist.util.pool,org.exist.util.serializer,org.exist.util.serializer.json,org.exist.validation,org.exist.validation.internal,org.exist.validation.resolver,org.exist.vector,org.exist.xmldb,org.exist.xmldb.concurrent,org.exist.xmldb.concurrent.action,org.exist.xmldb.function,org.exist.xmldb.txn.bridge,org.exist.xmlrpc,org.exist.xmlrpc.function,org.exist.xqj,org.exist.xquery,org.exist.xquery.functions.array,org.exist.xquery.functions.fn,org.exist.xquery.functions.fn.transform,org.exist.xquery.functions.integer,org.exist.xquery.functions.map,org.exist.xquery.functions.math,org.exist.xquery.functions.request,org.exist.xquery.functions.websocket,org.exist.xquery.functions.xmldb,org.exist.xquery.pragmas,org.exist.xquery.regex,org.exist.xquery.update,org.exist.xquery.util,org.exist.xquery.value,org.exist.xslt,org.exist.xupdate"
org.exist.xquery.functions.session,0,10,1.0,0.15,0.1499999999999999,false,
org.exist.xquery.modules.ngram,1,15,0.9375,0.0,0.0625,true,"org.exist.xquery.modules.ngram,org.exist.xquery.modules.ngram.query"
org.exist.xquery.functions.fn.transform,1,14,0.9333333333333333,0.07692307692307693,0.01025641025641022,true,"org.exist,org.exist.backup,org.exist.backup.restore,org.exist.client,org.exist.client.security,org.exist.collections,org.exist.collections.triggers,org.exist.config,org.exist.config.mapper,org.exist.debuggee,org.exist.debugger,org.exist.dom,org.exist.dom.memtree,org.exist.dom.persistent,org.exist.http,org.exist.http.servlets,org.exist.http.urlrewrite,org.exist.http.ws,org.exist.indexing,org.exist.jetty,org.exist.management,org.exist.management.client,org.exist.management.impl,org.exist.numbering,org.exist.protocolhandler.embedded,org.exist.protocolhandler.xmldb,org.exist.protocolhandler.xmlrpc,org.exist.repo,org.exist.resolver,org.exist.scheduler,org.exist.scheduler.impl,org.exist.security,org.exist.security.internal,org.exist.security.internal.aider,org.exist.security.internal.web,org.exist.security.management,org.exist.security.realm,org.exist.security.utils,org.exist.source,org.exist.stax,org.exist.storage,org.exist.storage.blob,org.exist.storage.btree,org.exist.storage.cache,org.exist.storage.dom,org.exist.storage.index,org.exist.storage.io,org.exist.storage.journal,org.exist.storage.lock,org.exist.storage.recovery,org.exist.storage.report,org.exist.storage.serializers,org.exist.storage.structural,org.exist.storage.sync,org.exist.storage.txn,org.exist.storage.vector,org.exist.test,org.exist.util,org.exist.util.crypto.digest,org.exist.util.hashtable,org.exist.util.io,org.exist.util.pool,org.exist.util.serializer,org.exist.util.serializer.json,org.exist.validation,org.exist.validation.internal,org.exist.validation.resolver,org.exist.vector,org.exist.xmldb,org.exist.xmldb.concurrent,org.exist.xmldb.concurrent.action,org.exist.xmldb.function,org.exist.xmldb.txn.bridge,org.exist.xmlrpc,org.exist.xmlrpc.function,org.exist.xqj,org.exist.xquery,org.exist.xquery.functions.array,org.exist.xquery.functions.fn,org.exist.xquery.functions.fn.transform,org.exist.xquery.functions.integer,org.exist.xquery.functions.map,org.exist.xquery.functions.math,org.exist.xquery.functions.request,org.exist.xquery.functions.websocket,org.exist.xquery.functions.xmldb,org.exist.xquery.pragmas,org.exist.xquery.regex,org.exist.xquery.update,org.exist.xquery.util,org.exist.xquery.value,org.exist.xslt,org.exist.xupdate"
org.exist.xqj,1,14,0.9333333333333333,0.0,0.06666666666666665,true,"org.exist,org.exist.backup,org.exist.backup.restore,org.exist.client,org.exist.client.security,org.exist.collections,org.exist.collections.triggers,org.exist.config,org.exist.config.mapper,org.exist.debuggee,org.exist.debugger,org.exist.dom,org.exist.dom.memtree,org.exist.dom.persistent,org.exist.http,org.exist.http.servlets,org.exist.http.urlrewrite,org.exist.http.ws,org.exist.indexing,org.exist.jetty,org.exist.management,org.exist.management.client,org.exist.management.impl,org.exist.numbering,org.exist.protocolhandler.embedded,org.exist.protocolhandler.xmldb,org.exist.protocolhandler.xmlrpc,org.exist.repo,org.exist.resolver,org.exist.scheduler,org.exist.scheduler.impl,org.exist.security,org.exist.security.internal,org.exist.security.internal.aider,org.exist.security.internal.web,org.exist.security.management,org.exist.security.realm,org.exist.security.utils,org.exist.source,org.exist.stax,org.exist.storage,org.exist.storage.blob,org.exist.storage.btree,org.exist.storage.cache,org.exist.storage.dom,org.exist.storage.index,org.exist.storage.io,org.exist.storage.journal,org.exist.storage.lock,org.exist.storage.recovery,org.exist.storage.report,org.exist.storage.serializers,org.exist.storage.structural,org.exist.storage.sync,org.exist.storage.txn,org.exist.storage.vector,org.exist.test,org.exist.util,org.exist.util.crypto.digest,org.exist.util.hashtable,org.exist.util.io,org.exist.util.pool,org.exist.util.serializer,org.exist.util.serializer.json,org.exist.validation,org.exist.validation.internal,org.exist.validation.resolver,org.exist.vector,org.exist.xmldb,org.exist.xmldb.concurrent,org.exist.xmldb.concurrent.action,org.exist.xmldb.function,org.exist.xmldb.txn.bridge,org.exist.xmlrpc,org.exist.xmlrpc.function,org.exist.xqj,org.exist.xquery,org.exist.xquery.functions.array,org.exist.xquery.functions.fn,org.exist.xquery.functions.fn.transform,org.exist.xquery.functions.integer,org.exist.xquery.functions.map,org.exist.xquery.functions.math,org.exist.xquery.functions.request,org.exist.xquery.functions.websocket,org.exist.xquery.functions.xmldb,org.exist.xquery.pragmas,org.exist.xquery.regex,org.exist.xquery.update,org.exist.xquery.util,org.exist.xquery.value,org.exist.xslt,org.exist.xupdate"
org.exist.xquery.modules.spatial,0,7,1.0,0.0,0.0,false,
org.expath.exist,0,13,1.0,0.2,0.19999999999999996,false,
org.exist.xquery.pragmas,2,11,0.8461538461538461,0.0,0.15384615384615385,true,"org.exist,org.exist.backup,org.exist.backup.restore,org.exist.client,org.exist.client.security,org.exist.collections,org.exist.collections.triggers,org.exist.config,org.exist.config.mapper,org.exist.debuggee,org.exist.debugger,org.exist.dom,org.exist.dom.memtree,org.exist.dom.persistent,org.exist.http,org.exist.http.servlets,org.exist.http.urlrewrite,org.exist.http.ws,org.exist.indexing,org.exist.jetty,org.exist.management,org.exist.management.client,org.exist.management.impl,org.exist.numbering,org.exist.protocolhandler.embedded,org.exist.protocolhandler.xmldb,org.exist.protocolhandler.xmlrpc,org.exist.repo,org.exist.resolver,org.exist.scheduler,org.exist.scheduler.impl,org.exist.security,org.exist.security.internal,org.exist.security.internal.aider,org.exist.security.internal.web,org.exist.security.management,org.exist.security.realm,org.exist.security.utils,org.exist.source,org.exist.stax,org.exist.storage,org.exist.storage.blob,org.exist.storage.btree,org.exist.storage.cache,org.exist.storage.dom,org.exist.storage.index,org.exist.storage.io,org.exist.storage.journal,org.exist.storage.lock,org.exist.storage.recovery,org.exist.storage.report,org.exist.storage.serializers,org.exist.storage.structural,org.exist.storage.sync,org.exist.storage.txn,org.exist.storage.vector,org.exist.test,org.exist.util,org.exist.util.crypto.digest,org.exist.util.hashtable,org.exist.util.io,org.exist.util.pool,org.exist.util.serializer,org.exist.util.serializer.json,org.exist.validation,org.exist.validation.internal,org.exist.validation.resolver,org.exist.vector,org.exist.xmldb,org.exist.xmldb.concurrent,org.exist.xmldb.concurrent.action,org.exist.xmldb.function,org.exist.xmldb.txn.bridge,org.exist.xmlrpc,org.exist.xmlrpc.function,org.exist.xqj,org.exist.xquery,org.exist.xquery.functions.array,org.exist.xquery.functions.fn,org.exist.xquery.functions.fn.transform,org.exist.xquery.functions.integer,org.exist.xquery.functions.map,org.exist.xquery.functions.math,org.exist.xquery.functions.request,org.exist.xquery.functions.websocket,org.exist.xquery.functions.xmldb,org.exist.xquery.pragmas,org.exist.xquery.regex,org.exist.xquery.update,org.exist.xquery.util,org.exist.xquery.value,org.exist.xslt,org.exist.xupdate"
org.exist.indexing.lucene.analyzers,1,0,0.0,0.0,1.0,false,
org.exist.xquery.regex,1,2,0.6666666666666666,0.0,0.33333333333333337,true,"org.exist,org.exist.backup,org.exist.backup.restore,org.exist.client,org.exist.client.security,org.exist.collections,org.exist.collections.triggers,org.exist.config,org.exist.config.mapper,org.exist.debuggee,org.exist.debugger,org.exist.dom,org.exist.dom.memtree,org.exist.dom.persistent,org.exist.http,org.exist.http.servlets,org.exist.http.urlrewrite,org.exist.http.ws,org.exist.indexing,org.exist.jetty,org.exist.management,org.exist.management.client,org.exist.management.impl,org.exist.numbering,org.exist.protocolhandler.embedded,org.exist.protocolhandler.xmldb,org.exist.protocolhandler.xmlrpc,org.exist.repo,org.exist.resolver,org.exist.scheduler,org.exist.scheduler.impl,org.exist.security,org.exist.security.internal,org.exist.security.internal.aider,org.exist.security.internal.web,org.exist.security.management,org.exist.security.realm,org.exist.security.utils,org.exist.source,org.exist.stax,org.exist.storage,org.exist.storage.blob,org.exist.storage.btree,org.exist.storage.cache,org.exist.storage.dom,org.exist.storage.index,org.exist.storage.io,org.exist.storage.journal,org.exist.storage.lock,org.exist.storage.recovery,org.exist.storage.report,org.exist.storage.serializers,org.exist.storage.structural,org.exist.storage.sync,org.exist.storage.txn,org.exist.storage.vector,org.exist.test,org.exist.util,org.exist.util.crypto.digest,org.exist.util.hashtable,org.exist.util.io,org.exist.util.pool,org.exist.util.serializer,org.exist.util.serializer.json,org.exist.validation,org.exist.validation.internal,org.exist.validation.resolver,org.exist.vector,org.exist.xmldb,org.exist.xmldb.concurrent,org.exist.xmldb.concurrent.action,org.exist.xmldb.function,org.exist.xmldb.txn.bridge,org.exist.xmlrpc,org.exist.xmlrpc.function,org.exist.xqj,org.exist.xquery,org.exist.xquery.functions.array,org.exist.xquery.functions.fn,org.exist.xquery.functions.fn.transform,org.exist.xquery.functions.integer,org.exist.xquery.functions.map,org.exist.xquery.functions.math,org.exist.xquery.functions.request,org.exist.xquery.functions.websocket,org.exist.xquery.functions.xmldb,org.exist.xquery.pragmas,org.exist.xquery.regex,org.exist.xquery.update,org.exist.xquery.util,org.exist.xquery.value,org.exist.xslt,org.exist.xupdate"
org.exist.xquery.modules.process,0,9,1.0,0.0,0.0,false,
org.exist.storage,128,46,0.26436781609195403,0.08426966292134831,0.6513625209866977,true,"org.exist,org.exist.backup,org.exist.backup.restore,org.exist.client,org.exist.client.security,org.exist.collections,org.exist.collections.triggers,org.exist.config,org.exist.config.mapper,org.exist.debuggee,org.exist.debugger,org.exist.dom,org.exist.dom.memtree,org.exist.dom.persistent,org.exist.http,org.exist.http.servlets,org.exist.http.urlrewrite,org.exist.http.ws,org.exist.indexing,org.exist.jetty,org.exist.management,org.exist.management.client,org.exist.management.impl,org.exist.numbering,org.exist.protocolhandler.embedded,org.exist.protocolhandler.xmldb,org.exist.protocolhandler.xmlrpc,org.exist.repo,org.exist.resolver,org.exist.scheduler,org.exist.scheduler.impl,org.exist.security,org.exist.security.internal,org.exist.security.internal.aider,org.exist.security.internal.web,org.exist.security.management,org.exist.security.realm,org.exist.security.utils,org.exist.source,org.exist.stax,org.exist.storage,org.exist.storage.blob,org.exist.storage.btree,org.exist.storage.cache,org.exist.storage.dom,org.exist.storage.index,org.exist.storage.io,org.exist.storage.journal,org.exist.storage.lock,org.exist.storage.recovery,org.exist.storage.report,org.exist.storage.serializers,org.exist.storage.structural,org.exist.storage.sync,org.exist.storage.txn,org.exist.storage.vector,org.exist.test,org.exist.util,org.exist.util.crypto.digest,org.exist.util.hashtable,org.exist.util.io,org.exist.util.pool,org.exist.util.serializer,org.exist.util.serializer.json,org.exist.validation,org.exist.validation.internal,org.exist.validation.resolver,org.exist.vector,org.exist.xmldb,org.exist.xmldb.concurrent,org.exist.xmldb.concurrent.action,org.exist.xmldb.function,org.exist.xmldb.txn.bridge,org.exist.xmlrpc,org.exist.xmlrpc.function,org.exist.xqj,org.exist.xquery,org.exist.xquery.functions.array,org.exist.xquery.functions.fn,org.exist.xquery.functions.fn.transform,org.exist.xquery.functions.integer,org.exist.xquery.functions.map,org.exist.xquery.functions.math,org.exist.xquery.functions.request,org.exist.xquery.functions.websocket,org.exist.xquery.functions.xmldb,org.exist.xquery.pragmas,org.exist.xquery.regex,org.exist.xquery.update,org.exist.xquery.util,org.exist.xquery.value,org.exist.xslt,org.exist.xupdate"
org.exist.extensions.exquery.restxq.impl.xquery.exist,0,10,1.0,0.0,0.0,false,
org.exist.jetty,2,10,0.8333333333333334,0.09090909090909091,0.07575757575757569,true,"org.exist,org.exist.backup,org.exist.backup.restore,org.exist.client,org.exist.client.security,org.exist.collections,org.exist.collections.triggers,org.exist.config,org.exist.config.mapper,org.exist.debuggee,org.exist.debugger,org.exist.dom,org.exist.dom.memtree,org.exist.dom.persistent,org.exist.http,org.exist.http.servlets,org.exist.http.urlrewrite,org.exist.http.ws,org.exist.indexing,org.exist.jetty,org.exist.management,org.exist.management.client,org.exist.management.impl,org.exist.numbering,org.exist.protocolhandler.embedded,org.exist.protocolhandler.xmldb,org.exist.protocolhandler.xmlrpc,org.exist.repo,org.exist.resolver,org.exist.scheduler,org.exist.scheduler.impl,org.exist.security,org.exist.security.internal,org.exist.security.internal.aider,org.exist.security.internal.web,org.exist.security.management,org.exist.security.realm,org.exist.security.utils,org.exist.source,org.exist.stax,org.exist.storage,org.exist.storage.blob,org.exist.storage.btree,org.exist.storage.cache,org.exist.storage.dom,org.exist.storage.index,org.exist.storage.io,org.exist.storage.journal,org.exist.storage.lock,org.exist.storage.recovery,org.exist.storage.report,org.exist.storage.serializers,org.exist.storage.structural,org.exist.storage.sync,org.exist.storage.txn,org.exist.storage.vector,org.exist.test,org.exist.util,org.exist.util.crypto.digest,org.exist.util.hashtable,org.exist.util.io,org.exist.util.pool,org.exist.util.serializer,org.exist.util.serializer.json,org.exist.validation,org.exist.validation.internal,org.exist.validation.resolver,org.exist.vector,org.exist.xmldb,org.exist.xmldb.concurrent,org.exist.xmldb.concurrent.action,org.exist.xmldb.function,org.exist.xmldb.txn.bridge,org.exist.xmlrpc,org.exist.xmlrpc.function,org.exist.xqj,org.exist.xquery,org.exist.xquery.functions.array,org.exist.xquery.functions.fn,org.exist.xquery.functions.fn.transform,org.exist.xquery.functions.integer,org.exist.xquery.functions.map,org.exist.xquery.functions.math,org.exist.xquery.functions.request,org.exist.xquery.functions.websocket,org.exist.xquery.functions.xmldb,org.exist.xquery.pragmas,org.exist.xquery.regex,org.exist.xquery.update,org.exist.xquery.util,org.exist.xquery.value,org.exist.xslt,org.exist.xupdate"
org.exist.xmldb.function,2,6,0.75,1.0,0.75,true,"org.exist,org.exist.backup,org.exist.backup.restore,org.exist.client,org.exist.client.security,org.exist.collections,org.exist.collections.triggers,org.exist.config,org.exist.config.mapper,org.exist.debuggee,org.exist.debugger,org.exist.dom,org.exist.dom.memtree,org.exist.dom.persistent,org.exist.http,org.exist.http.servlets,org.exist.http.urlrewrite,org.exist.http.ws,org.exist.indexing,org.exist.jetty,org.exist.management,org.exist.management.client,org.exist.management.impl,org.exist.numbering,org.exist.protocolhandler.embedded,org.exist.protocolhandler.xmldb,org.exist.protocolhandler.xmlrpc,org.exist.repo,org.exist.resolver,org.exist.scheduler,org.exist.scheduler.impl,org.exist.security,org.exist.security.internal,org.exist.security.internal.aider,org.exist.security.internal.web,org.exist.security.management,org.exist.security.realm,org.exist.security.utils,org.exist.source,org.exist.stax,org.exist.storage,org.exist.storage.blob,org.exist.storage.btree,org.exist.storage.cache,org.exist.storage.dom,org.exist.storage.index,org.exist.storage.io,org.exist.storage.journal,org.exist.storage.lock,org.exist.storage.recovery,org.exist.storage.report,org.exist.storage.serializers,org.exist.storage.structural,org.exist.storage.sync,org.exist.storage.txn,org.exist.storage.vector,org.exist.test,org.exist.util,org.exist.util.crypto.digest,org.exist.util.hashtable,org.exist.util.io,org.exist.util.pool,org.exist.util.serializer,org.exist.util.serializer.json,org.exist.validation,org.exist.validation.internal,org.exist.validation.resolver,org.exist.vector,org.exist.xmldb,org.exist.xmldb.concurrent,org.exist.xmldb.concurrent.action,org.exist.xmldb.function,org.exist.xmldb.txn.bridge,org.exist.xmlrpc,org.exist.xmlrpc.function,org.exist.xqj,org.exist.xquery,org.exist.xquery.functions.array,org.exist.xquery.functions.fn,org.exist.xquery.functions.fn.transform,org.exist.xquery.functions.integer,org.exist.xquery.functions.map,org.exist.xquery.functions.math,org.exist.xquery.functions.request,org.exist.xquery.functions.websocket,org.exist.xquery.functions.xmldb,org.exist.xquery.pragmas,org.exist.xquery.regex,org.exist.xquery.update,org.exist.xquery.util,org.exist.xquery.value,org.exist.xslt,org.exist.xupdate"
org.exist.deadlocks,0,5,1.0,0.0,0.0,false,
org.exist.collections,71,19,0.2111111111111111,0.12,0.6688888888888889,true,"org.exist,org.exist.backup,org.exist.backup.restore,org.exist.client,org.exist.client.security,org.exist.collections,org.exist.collections.triggers,org.exist.config,org.exist.config.mapper,org.exist.debuggee,org.exist.debugger,org.exist.dom,org.exist.dom.memtree,org.exist.dom.persistent,org.exist.http,org.exist.http.servlets,org.exist.http.urlrewrite,org.exist.http.ws,org.exist.indexing,org.exist.jetty,org.exist.management,org.exist.management.client,org.exist.management.impl,org.exist.numbering,org.exist.protocolhandler.embedded,org.exist.protocolhandler.xmldb,org.exist.protocolhandler.xmlrpc,org.exist.repo,org.exist.resolver,org.exist.scheduler,org.exist.scheduler.impl,org.exist.security,org.exist.security.internal,org.exist.security.internal.aider,org.exist.security.internal.web,org.exist.security.management,org.exist.security.realm,org.exist.security.utils,org.exist.source,org.exist.stax,org.exist.storage,org.exist.storage.blob,org.exist.storage.btree,org.exist.storage.cache,org.exist.storage.dom,org.exist.storage.index,org.exist.storage.io,org.exist.storage.journal,org.exist.storage.lock,org.exist.storage.recovery,org.exist.storage.report,org.exist.storage.serializers,org.exist.storage.structural,org.exist.storage.sync,org.exist.storage.txn,org.exist.storage.vector,org.exist.test,org.exist.util,org.exist.util.crypto.digest,org.exist.util.hashtable,org.exist.util.io,org.exist.util.pool,org.exist.util.serializer,org.exist.util.serializer.json,org.exist.validation,org.exist.validation.internal,org.exist.validation.resolver,org.exist.vector,org.exist.xmldb,org.exist.xmldb.concurrent,org.exist.xmldb.concurrent.action,org.exist.xmldb.function,org.exist.xmldb.txn.bridge,org.exist.xmlrpc,org.exist.xmlrpc.function,org.exist.xqj,org.exist.xquery,org.exist.xquery.functions.array,org.exist.xquery.functions.fn,org.exist.xquery.functions.fn.transform,org.exist.xquery.functions.integer,org.exist.xquery.functions.map,org.exist.xquery.functions.math,org.exist.xquery.functions.request,org.exist.xquery.functions.websocket,org.exist.xquery.functions.xmldb,org.exist.xquery.pragmas,org.exist.xquery.regex,org.exist.xquery.update,org.exist.xquery.util,org.exist.xquery.value,org.exist.xslt,org.exist.xupdate"
org.exist.storage.txn,71,11,0.13414634146341464,0.058823529411764705,0.8070301291248206,true,"org.exist,org.exist.backup,org.exist.backup.restore,org.exist.client,org.exist.client.security,org.exist.collections,org.exist.collections.triggers,org.exist.config,org.exist.config.mapper,org.exist.debuggee,org.exist.debugger,org.exist.dom,org.exist.dom.memtree,org.exist.dom.persistent,org.exist.http,org.exist.http.servlets,org.exist.http.urlrewrite,org.exist.http.ws,org.exist.indexing,org.exist.jetty,org.exist.management,org.exist.management.client,org.exist.management.impl,org.exist.numbering,org.exist.protocolhandler.embedded,org.exist.protocolhandler.xmldb,org.exist.protocolhandler.xmlrpc,org.exist.repo,org.exist.resolver,org.exist.scheduler,org.exist.scheduler.impl,org.exist.security,org.exist.security.internal,org.exist.security.internal.aider,org.exist.security.internal.web,org.exist.security.management,org.exist.security.realm,org.exist.security.utils,org.exist.source,org.exist.stax,org.exist.storage,org.exist.storage.blob,org.exist.storage.btree,org.exist.storage.cache,org.exist.storage.dom,org.exist.storage.index,org.exist.storage.io,org.exist.storage.journal,org.exist.storage.lock,org.exist.storage.recovery,org.exist.storage.report,org.exist.storage.serializers,org.exist.storage.structural,org.exist.storage.sync,org.exist.storage.txn,org.exist.storage.vector,org.exist.test,org.exist.util,org.exist.util.crypto.digest,org.exist.util.hashtable,org.exist.util.io,org.exist.util.pool,org.exist.util.serializer,org.exist.util.serializer.json,org.exist.validation,org.exist.validation.internal,org.exist.validation.resolver,org.exist.vector,org.exist.xmldb,org.exist.xmldb.concurrent,org.exist.xmldb.concurrent.action,org.exist.xmldb.function,org.exist.xmldb.txn.bridge,org.exist.xmlrpc,org.exist.xmlrpc.function,org.exist.xqj,org.exist.xquery,org.exist.xquery.functions.array,org.exist.xquery.functions.fn,org.exist.xquery.functions.fn.transform,org.exist.xquery.functions.integer,org.exist.xquery.functions.map,org.exist.xquery.functions.math,org.exist.xquery.functions.request,org.exist.xquery.functions.websocket,org.exist.xquery.functions.xmldb,org.exist.xquery.pragmas,org.exist.xquery.regex,org.exist.xquery.update,org.exist.xquery.util,org.exist.xquery.value,org.exist.xslt,org.exist.xupdate"
org.exist.xquery.functions.map,13,7,0.35,0.07692307692307693,0.573076923076923,true,"org.exist,org.exist.backup,org.exist.backup.restore,org.exist.client,org.exist.client.security,org.exist.collections,org.exist.collections.triggers,org.exist.config,org.exist.config.mapper,org.exist.debuggee,org.exist.debugger,org.exist.dom,org.exist.dom.memtree,org.exist.dom.persistent,org.exist.http,org.exist.http.servlets,org.exist.http.urlrewrite,org.exist.http.ws,org.exist.indexing,org.exist.jetty,org.exist.management,org.exist.management.client,org.exist.management.impl,org.exist.numbering,org.exist.protocolhandler.embedded,org.exist.protocolhandler.xmldb,org.exist.protocolhandler.xmlrpc,org.exist.repo,org.exist.resolver,org.exist.scheduler,org.exist.scheduler.impl,org.exist.security,org.exist.security.internal,org.exist.security.internal.aider,org.exist.security.internal.web,org.exist.security.management,org.exist.security.realm,org.exist.security.utils,org.exist.source,org.exist.stax,org.exist.storage,org.exist.storage.blob,org.exist.storage.btree,org.exist.storage.cache,org.exist.storage.dom,org.exist.storage.index,org.exist.storage.io,org.exist.storage.journal,org.exist.storage.lock,org.exist.storage.recovery,org.exist.storage.report,org.exist.storage.serializers,org.exist.storage.structural,org.exist.storage.sync,org.exist.storage.txn,org.exist.storage.vector,org.exist.test,org.exist.util,org.exist.util.crypto.digest,org.exist.util.hashtable,org.exist.util.io,org.exist.util.pool,org.exist.util.serializer,org.exist.util.serializer.json,org.exist.validation,org.exist.validation.internal,org.exist.validation.resolver,org.exist.vector,org.exist.xmldb,org.exist.xmldb.concurrent,org.exist.xmldb.concurrent.action,org.exist.xmldb.function,org.exist.xmldb.txn.bridge,org.exist.xmlrpc,org.exist.xmlrpc.function,org.exist.xqj,org.exist.xquery,org.exist.xquery.functions.array,org.exist.xquery.functions.fn,org.exist.xquery.functions.fn.transform,org.exist.xquery.functions.integer,org.exist.xquery.functions.map,org.exist.xquery.functions.math,org.exist.xquery.functions.request,org.exist.xquery.functions.websocket,org.exist.xquery.functions.xmldb,org.exist.xquery.pragmas,org.exist.xquery.regex,org.exist.xquery.update,org.exist.xquery.util,org.exist.xquery.value,org.exist.xslt,org.exist.xupdate"
xquery,0,0,0.0,0.0,1.0,false,
org.exist.xquery.modules.persistentlogin,0,8,1.0,0.0,0.0,false,
xquery.numericOp,0,0,0.0,0.0,1.0,false,
org.exist.backup,22,31,0.5849056603773585,0.11538461538461539,0.2997097242380261,true,"org.exist,org.exist.backup,org.exist.backup.restore,org.exist.client,org.exist.client.security,org.exist.collections,org.exist.collections.triggers,org.exist.config,org.exist.config.mapper,org.exist.debuggee,org.exist.debugger,org.exist.dom,org.exist.dom.memtree,org.exist.dom.persistent,org.exist.http,org.exist.http.servlets,org.exist.http.urlrewrite,org.exist.http.ws,org.exist.indexing,org.exist.jetty,org.exist.management,org.exist.management.client,org.exist.management.impl,org.exist.numbering,org.exist.protocolhandler.embedded,org.exist.protocolhandler.xmldb,org.exist.protocolhandler.xmlrpc,org.exist.repo,org.exist.resolver,org.exist.scheduler,org.exist.scheduler.impl,org.exist.security,org.exist.security.internal,org.exist.security.internal.aider,org.exist.security.internal.web,org.exist.security.management,org.exist.security.realm,org.exist.security.utils,org.exist.source,org.exist.stax,org.exist.storage,org.exist.storage.blob,org.exist.storage.btree,org.exist.storage.cache,org.exist.storage.dom,org.exist.storage.index,org.exist.storage.io,org.exist.storage.journal,org.exist.storage.lock,org.exist.storage.recovery,org.exist.storage.report,org.exist.storage.serializers,org.exist.storage.structural,org.exist.storage.sync,org.exist.storage.txn,org.exist.storage.vector,org.exist.test,org.exist.util,org.exist.util.crypto.digest,org.exist.util.hashtable,org.exist.util.io,org.exist.util.pool,org.exist.util.serializer,org.exist.util.serializer.json,org.exist.validation,org.exist.validation.internal,org.exist.validation.resolver,org.exist.vector,org.exist.xmldb,org.exist.xmldb.concurrent,org.exist.xmldb.concurrent.action,org.exist.xmldb.function,org.exist.xmldb.txn.bridge,org.exist.xmlrpc,org.exist.xmlrpc.function,org.exist.xqj,org.exist.xquery,org.exist.xquery.functions.array,org.exist.xquery.functions.fn,org.exist.xquery.functions.fn.transform,org.exist.xquery.functions.integer,org.exist.xquery.functions.map,org.exist.xquery.functions.math,org.exist.xquery.functions.request,org.exist.xquery.functions.websocket,org.exist.xquery.functions.xmldb,org.exist.xquery.pragmas,org.exist.xquery.regex,org.exist.xquery.update,org.exist.xquery.util,org.exist.xquery.value,org.exist.xslt,org.exist.xupdate"
org.exist.w3c.tests,0,11,1.0,1.0,1.0,false,
xquery.dates,0,0,0.0,0.0,1.0,false,
com.ettrema.cache,0,0,0.0,0.5,0.5,false,
org.exist.xquery.functions.transform,0,18,1.0,0.0,0.0,false,
org.exist.xquery.modules.scheduler,0,7,1.0,0.0,0.0,false,
org.exist.util,112,29,0.20567375886524822,0.08943089430894309,0.7048953468258087,true,"org.exist,org.exist.backup,org.exist.backup.restore,org.exist.client,org.exist.client.security,org.exist.collections,org.exist.collections.triggers,org.exist.config,org.exist.config.mapper,org.exist.debuggee,org.exist.debugger,org.exist.dom,org.exist.dom.memtree,org.exist.dom.persistent,org.exist.http,org.exist.http.servlets,org.exist.http.urlrewrite,org.exist.http.ws,org.exist.indexing,org.exist.jetty,org.exist.management,org.exist.management.client,org.exist.management.impl,org.exist.numbering,org.exist.protocolhandler.embedded,org.exist.protocolhandler.xmldb,org.exist.protocolhandler.xmlrpc,org.exist.repo,org.exist.resolver,org.exist.scheduler,org.exist.scheduler.impl,org.exist.security,org.exist.security.internal,org.exist.security.internal.aider,org.exist.security.internal.web,org.exist.security.management,org.exist.security.realm,org.exist.security.utils,org.exist.source,org.exist.stax,org.exist.storage,org.exist.storage.blob,org.exist.storage.btree,org.exist.storage.cache,org.exist.storage.dom,org.exist.storage.index,org.exist.storage.io,org.exist.storage.journal,org.exist.storage.lock,org.exist.storage.recovery,org.exist.storage.report,org.exist.storage.serializers,org.exist.storage.structural,org.exist.storage.sync,org.exist.storage.txn,org.exist.storage.vector,org.exist.test,org.exist.util,org.exist.util.crypto.digest,org.exist.util.hashtable,org.exist.util.io,org.exist.util.pool,org.exist.util.serializer,org.exist.util.serializer.json,org.exist.validation,org.exist.validation.internal,org.exist.validation.resolver,org.exist.vector,org.exist.xmldb,org.exist.xmldb.concurrent,org.exist.xmldb.concurrent.action,org.exist.xmldb.function,org.exist.xmldb.txn.bridge,org.exist.xmlrpc,org.exist.xmlrpc.function,org.exist.xqj,org.exist.xquery,org.exist.xquery.functions.array,org.exist.xquery.functions.fn,org.exist.xquery.functions.fn.transform,org.exist.xquery.functions.integer,org.exist.xquery.functions.map,org.exist.xquery.functions.math,org.exist.xquery.functions.request,org.exist.xquery.functions.websocket,org.exist.xquery.functions.xmldb,org.exist.xquery.pragmas,org.exist.xquery.regex,org.exist.xquery.update,org.exist.xquery.util,org.exist.xquery.value,org.exist.xslt,org.exist.xupdate"
org.exist.util.hashtable,4,3,0.42857142857142855,0.2222222222222222,0.3492063492063493,true,"org.exist,org.exist.backup,org.exist.backup.restore,org.exist.client,org.exist.client.security,org.exist.collections,org.exist.collections.triggers,org.exist.config,org.exist.config.mapper,org.exist.debuggee,org.exist.debugger,org.exist.dom,org.exist.dom.memtree,org.exist.dom.persistent,org.exist.http,org.exist.http.servlets,org.exist.http.urlrewrite,org.exist.http.ws,org.exist.indexing,org.exist.jetty,org.exist.management,org.exist.management.client,org.exist.management.impl,org.exist.numbering,org.exist.protocolhandler.embedded,org.exist.protocolhandler.xmldb,org.exist.protocolhandler.xmlrpc,org.exist.repo,org.exist.resolver,org.exist.scheduler,org.exist.scheduler.impl,org.exist.security,org.exist.security.internal,org.exist.security.internal.aider,org.exist.security.internal.web,org.exist.security.management,org.exist.security.realm,org.exist.security.utils,org.exist.source,org.exist.stax,org.exist.storage,org.exist.storage.blob,org.exist.storage.btree,org.exist.storage.cache,org.exist.storage.dom,org.exist.storage.index,org.exist.storage.io,org.exist.storage.journal,org.exist.storage.lock,org.exist.storage.recovery,org.exist.storage.report,org.exist.storage.serializers,org.exist.storage.structural,org.exist.storage.sync,org.exist.storage.txn,org.exist.storage.vector,org.exist.test,org.exist.util,org.exist.util.crypto.digest,org.exist.util.hashtable,org.exist.util.io,org.exist.util.pool,org.exist.util.serializer,org.exist.util.serializer.json,org.exist.validation,org.exist.validation.internal,org.exist.validation.resolver,org.exist.vector,org.exist.xmldb,org.exist.xmldb.concurrent,org.exist.xmldb.concurrent.action,org.exist.xmldb.function,org.exist.xmldb.txn.bridge,org.exist.xmlrpc,org.exist.xmlrpc.function,org.exist.xqj,org.exist.xquery,org.exist.xquery.functions.array,org.exist.xquery.functions.fn,org.exist.xquery.functions.fn.transform,org.exist.xquery.functions.integer,org.exist.xquery.functions.map,org.exist.xquery.functions.math,org.exist.xquery.functions.request,org.exist.xquery.functions.websocket,org.exist.xquery.functions.xmldb,org.exist.xquery.pragmas,org.exist.xquery.regex,org.exist.xquery.update,org.exist.xquery.util,org.exist.xquery.value,org.exist.xslt,org.exist.xupdate"
org.exist.xquery.modules.counter,0,9,1.0,0.0,0.0,false,
org.exist.storage.btree,19,13,0.40625,0.16666666666666666,0.42708333333333337,true,"org.exist,org.exist.backup,org.exist.backup.restore,org.exist.client,org.exist.client.security,org.exist.collections,org.exist.collections.triggers,org.exist.config,org.exist.config.mapper,org.exist.debuggee,org.exist.debugger,org.exist.dom,org.exist.dom.memtree,org.exist.dom.persistent,org.exist.http,org.exist.http.servlets,org.exist.http.urlrewrite,org.exist.http.ws,org.exist.indexing,org.exist.jetty,org.exist.management,org.exist.management.client,org.exist.management.impl,org.exist.numbering,org.exist.protocolhandler.embedded,org.exist.protocolhandler.xmldb,org.exist.protocolhandler.xmlrpc,org.exist.repo,org.exist.resolver,org.exist.scheduler,org.exist.scheduler.impl,org.exist.security,org.exist.security.internal,org.exist.security.internal.aider,org.exist.security.internal.web,org.exist.security.management,org.exist.security.realm,org.exist.security.utils,org.exist.source,org.exist.stax,org.exist.storage,org.exist.storage.blob,org.exist.storage.btree,org.exist.storage.cache,org.exist.storage.dom,org.exist.storage.index,org.exist.storage.io,org.exist.storage.journal,org.exist.storage.lock,org.exist.storage.recovery,org.exist.storage.report,org.exist.storage.serializers,org.exist.storage.structural,org.exist.storage.sync,org.exist.storage.txn,org.exist.storage.vector,org.exist.test,org.exist.util,org.exist.util.crypto.digest,org.exist.util.hashtable,org.exist.util.io,org.exist.util.pool,org.exist.util.serializer,org.exist.util.serializer.json,org.exist.validation,org.exist.validation.internal,org.exist.validation.resolver,org.exist.vector,org.exist.xmldb,org.exist.xmldb.concurrent,org.exist.xmldb.concurrent.action,org.exist.xmldb.function,org.exist.xmldb.txn.bridge,org.exist.xmlrpc,org.exist.xmlrpc.function,org.exist.xqj,org.exist.xquery,org.exist.xquery.functions.array,org.exist.xquery.functions.fn,org.exist.xquery.functions.fn.transform,org.exist.xquery.functions.integer,org.exist.xquery.functions.map,org.exist.xquery.functions.math,org.exist.xquery.functions.request,org.exist.xquery.functions.websocket,org.exist.xquery.functions.xmldb,org.exist.xquery.pragmas,org.exist.xquery.regex,org.exist.xquery.update,org.exist.xquery.util,org.exist.xquery.value,org.exist.xslt,org.exist.xupdate"
org.exist.webdav,0,15,1.0,0.07142857142857142,0.0714285714285714,false,
org.exist.security.realm.ldap,2,9,0.8181818181818182,0.16666666666666666,0.015151515151515138,false,
org.exist.validation.internal.node,2,6,0.75,0.0,0.25,false,
xquery.optimizer,0,0,0.0,0.0,1.0,false,
xquery.indexing.tests,0,0,0.0,0.0,1.0,false,
org.exist.security.realm,5,3,0.375,1.0,0.375,true,"org.exist,org.exist.backup,org.exist.backup.restore,org.exist.client,org.exist.client.security,org.exist.collections,org.exist.collections.triggers,org.exist.config,org.exist.config.mapper,org.exist.debuggee,org.exist.debugger,org.exist.dom,org.exist.dom.memtree,org.exist.dom.persistent,org.exist.http,org.exist.http.servlets,org.exist.http.urlrewrite,org.exist.http.ws,org.exist.indexing,org.exist.jetty,org.exist.management,org.exist.management.client,org.exist.management.impl,org.exist.numbering,org.exist.protocolhandler.embedded,org.exist.protocolhandler.xmldb,org.exist.protocolhandler.xmlrpc,org.exist.repo,org.exist.resolver,org.exist.scheduler,org.exist.scheduler.impl,org.exist.security,org.exist.security.internal,org.exist.security.internal.aider,org.exist.security.internal.web,org.exist.security.management,org.exist.security.realm,org.exist.security.utils,org.exist.source,org.exist.stax,org.exist.storage,org.exist.storage.blob,org.exist.storage.btree,org.exist.storage.cache,org.exist.storage.dom,org.exist.storage.index,org.exist.storage.io,org.exist.storage.journal,org.exist.storage.lock,org.exist.storage.recovery,org.exist.storage.report,org.exist.storage.serializers,org.exist.storage.structural,org.exist.storage.sync,org.exist.storage.txn,org.exist.storage.vector,org.exist.test,org.exist.util,org.exist.util.crypto.digest,org.exist.util.hashtable,org.exist.util.io,org.exist.util.pool,org.exist.util.serializer,org.exist.util.serializer.json,org.exist.validation,org.exist.validation.internal,org.exist.validation.resolver,org.exist.vector,org.exist.xmldb,org.exist.xmldb.concurrent,org.exist.xmldb.concurrent.action,org.exist.xmldb.function,org.exist.xmldb.txn.bridge,org.exist.xmlrpc,org.exist.xmlrpc.function,org.exist.xqj,org.exist.xquery,org.exist.xquery.functions.array,org.exist.xquery.functions.fn,org.exist.xquery.functions.fn.transform,org.exist.xquery.functions.integer,org.exist.xquery.functions.map,org.exist.xquery.functions.math,org.exist.xquery.functions.request,org.exist.xquery.functions.websocket,org.exist.xquery.functions.xmldb,org.exist.xquery.pragmas,org.exist.xquery.regex,org.exist.xquery.update,org.exist.xquery.util,org.exist.xquery.value,org.exist.xslt,org.exist.xupdate"
org.exist.webstart,0,2,1.0,0.0,0.0,false,
org.exist.xquery.modules.cqlparser,0,5,1.0,0.0,0.0,false,
xquery.modules.image,0,0,0.0,0.0,1.0,false,
org.exist.dom.memtree,55,18,0.2465753424657534,0.06060606060606061,0.6928185969281859,true,"org.exist,org.exist.backup,org.exist.backup.restore,org.exist.client,org.exist.client.security,org.exist.collections,org.exist.collections.triggers,org.exist.config,org.exist.config.mapper,org.exist.debuggee,org.exist.debugger,org.exist.dom,org.exist.dom.memtree,org.exist.dom.persistent,org.exist.http,org.exist.http.servlets,org.exist.http.urlrewrite,org.exist.http.ws,org.exist.indexing,org.exist.jetty,org.exist.management,org.exist.management.client,org.exist.management.impl,org.exist.numbering,org.exist.protocolhandler.embedded,org.exist.protocolhandler.xmldb,org.exist.protocolhandler.xmlrpc,org.exist.repo,org.exist.resolver,org.exist.scheduler,org.exist.scheduler.impl,org.exist.security,org.exist.security.internal,org.exist.security.internal.aider,org.exist.security.internal.web,org.exist.security.management,org.exist.security.realm,org.exist.security.utils,org.exist.source,org.exist.stax,org.exist.storage,org.exist.storage.blob,org.exist.storage.btree,org.exist.storage.cache,org.exist.storage.dom,org.exist.storage.index,org.exist.storage.io,org.exist.storage.journal,org.exist.storage.lock,org.exist.storage.recovery,org.exist.storage.report,org.exist.storage.serializers,org.exist.storage.structural,org.exist.storage.sync,org.exist.storage.txn,org.exist.storage.vector,org.exist.test,org.exist.util,org.exist.util.crypto.digest,org.exist.util.hashtable,org.exist.util.io,org.exist.util.pool,org.exist.util.serializer,org.exist.util.serializer.json,org.exist.validation,org.exist.validation.internal,org.exist.validation.resolver,org.exist.vector,org.exist.xmldb,org.exist.xmldb.concurrent,org.exist.xmldb.concurrent.action,org.exist.xmldb.function,org.exist.xmldb.txn.bridge,org.exist.xmlrpc,org.exist.xmlrpc.function,org.exist.xqj,org.exist.xquery,org.exist.xquery.functions.array,org.exist.xquery.functions.fn,org.exist.xquery.functions.fn.transform,org.exist.xquery.functions.integer,org.exist.xquery.functions.map,org.exist.xquery.functions.math,org.exist.xquery.functions.request,org.exist.xquery.functions.websocket,org.exist.xquery.functions.xmldb,org.exist.xquery.pragmas,org.exist.xquery.regex,org.exist.xquery.update,org.exist.xquery.util,org.exist.xquery.value,org.exist.xslt,org.exist.xupdate"
org.exist.samples,11,0,0.0,0.0,1.0,false,
org.exist.xquery.modules.vector,0,7,1.0,0.0,0.0,false,
org.exist.xquery.modules.ngram.utils,2,2,0.5,0.0,0.5,false,
org.exist.webdav.exceptions,1,0,0.0,0.0,1.0,false,
org.exist.backup.restore,1,17,0.9444444444444444,0.2727272727272727,0.21717171717171713,true,"org.exist,org.exist.backup,org.exist.backup.restore,org.exist.client,org.exist.client.security,org.exist.collections,org.exist.collections.triggers,org.exist.config,org.exist.config.mapper,org.exist.debuggee,org.exist.debugger,org.exist.dom,org.exist.dom.memtree,org.exist.dom.persistent,org.exist.http,org.exist.http.servlets,org.exist.http.urlrewrite,org.exist.http.ws,org.exist.indexing,org.exist.jetty,org.exist.management,org.exist.management.client,org.exist.management.impl,org.exist.numbering,org.exist.protocolhandler.embedded,org.exist.protocolhandler.xmldb,org.exist.protocolhandler.xmlrpc,org.exist.repo,org.exist.resolver,org.exist.scheduler,org.exist.scheduler.impl,org.exist.security,org.exist.security.internal,org.exist.security.internal.aider,org.exist.security.internal.web,org.exist.security.management,org.exist.security.realm,org.exist.security.utils,org.exist.source,org.exist.stax,org.exist.storage,org.exist.storage.blob,org.exist.storage.btree,org.exist.storage.cache,org.exist.storage.dom,org.exist.storage.index,org.exist.storage.io,org.exist.storage.journal,org.exist.storage.lock,org.exist.storage.recovery,org.exist.storage.report,org.exist.storage.serializers,org.exist.storage.structural,org.exist.storage.sync,org.exist.storage.txn,org.exist.storage.vector,org.exist.test,org.exist.util,org.exist.util.crypto.digest,org.exist.util.hashtable,org.exist.util.io,org.exist.util.pool,org.exist.util.serializer,org.exist.util.serializer.json,org.exist.validation,org.exist.validation.internal,org.exist.validation.resolver,org.exist.vector,org.exist.xmldb,org.exist.xmldb.concurrent,org.exist.xmldb.concurrent.action,org.exist.xmldb.function,org.exist.xmldb.txn.bridge,org.exist.xmlrpc,org.exist.xmlrpc.function,org.exist.xqj,org.exist.xquery,org.exist.xquery.functions.array,org.exist.xquery.functions.fn,org.exist.xquery.functions.fn.transform,org.exist.xquery.functions.integer,org.exist.xquery.functions.map,org.exist.xquery.functions.math,org.exist.xquery.functions.request,org.exist.xquery.functions.websocket,org.exist.xquery.functions.xmldb,org.exist.xquery.pragmas,org.exist.xquery.regex,org.exist.xquery.update,org.exist.xquery.util,org.exist.xquery.value,org.exist.xslt,org.exist.xupdate"
org.exist.resolver,4,1,0.2,0.5,0.30000000000000004,true,"org.exist,org.exist.backup,org.exist.backup.restore,org.exist.client,org.exist.client.security,org.exist.collections,org.exist.collections.triggers,org.exist.config,org.exist.config.mapper,org.exist.debuggee,org.exist.debugger,org.exist.dom,org.exist.dom.memtree,org.exist.dom.persistent,org.exist.http,org.exist.http.servlets,org.exist.http.urlrewrite,org.exist.http.ws,org.exist.indexing,org.exist.jetty,org.exist.management,org.exist.management.client,org.exist.management.impl,org.exist.numbering,org.exist.protocolhandler.embedded,org.exist.protocolhandler.xmldb,org.exist.protocolhandler.xmlrpc,org.exist.repo,org.exist.resolver,org.exist.scheduler,org.exist.scheduler.impl,org.exist.security,org.exist.security.internal,org.exist.security.internal.aider,org.exist.security.internal.web,org.exist.security.management,org.exist.security.realm,org.exist.security.utils,org.exist.source,org.exist.stax,org.exist.storage,org.exist.storage.blob,org.exist.storage.btree,org.exist.storage.cache,org.exist.storage.dom,org.exist.storage.index,org.exist.storage.io,org.exist.storage.journal,org.exist.storage.lock,org.exist.storage.recovery,org.exist.storage.report,org.exist.storage.serializers,org.exist.storage.structural,org.exist.storage.sync,org.exist.storage.txn,org.exist.storage.vector,org.exist.test,org.exist.util,org.exist.util.crypto.digest,org.exist.util.hashtable,org.exist.util.io,org.exist.util.pool,org.exist.util.serializer,org.exist.util.serializer.json,org.exist.validation,org.exist.validation.internal,org.exist.validation.resolver,org.exist.vector,org.exist.xmldb,org.exist.xmldb.concurrent,org.exist.xmldb.concurrent.action,org.exist.xmldb.function,org.exist.xmldb.txn.bridge,org.exist.xmlrpc,org.exist.xmlrpc.function,org.exist.xqj,org.exist.xquery,org.exist.xquery.functions.array,org.exist.xquery.functions.fn,org.exist.xquery.functions.fn.transform,org.exist.xquery.functions.integer,org.exist.xquery.functions.map,org.exist.xquery.functions.math,org.exist.xquery.functions.request,org.exist.xquery.functions.websocket,org.exist.xquery.functions.xmldb,org.exist.xquery.pragmas,org.exist.xquery.regex,org.exist.xquery.update,org.exist.xquery.util,org.exist.xquery.value,org.exist.xslt,org.exist.xupdate"
org.exist.storage.lock,59,11,0.15714285714285714,0.0851063829787234,0.7577507598784194,true,"org.exist,org.exist.backup,org.exist.backup.restore,org.exist.client,org.exist.client.security,org.exist.collections,org.exist.collections.triggers,org.exist.config,org.exist.config.mapper,org.exist.debuggee,org.exist.debugger,org.exist.dom,org.exist.dom.memtree,org.exist.dom.persistent,org.exist.http,org.exist.http.servlets,org.exist.http.urlrewrite,org.exist.http.ws,org.exist.indexing,org.exist.jetty,org.exist.management,org.exist.management.client,org.exist.management.impl,org.exist.numbering,org.exist.protocolhandler.embedded,org.exist.protocolhandler.xmldb,org.exist.protocolhandler.xmlrpc,org.exist.repo,org.exist.resolver,org.exist.scheduler,org.exist.scheduler.impl,org.exist.security,org.exist.security.internal,org.exist.security.internal.aider,org.exist.security.internal.web,org.exist.security.management,org.exist.security.realm,org.exist.security.utils,org.exist.source,org.exist.stax,org.exist.storage,org.exist.storage.blob,org.exist.storage.btree,org.exist.storage.cache,org.exist.storage.dom,org.exist.storage.index,org.exist.storage.io,org.exist.storage.journal,org.exist.storage.lock,org.exist.storage.recovery,org.exist.storage.report,org.exist.storage.serializers,org.exist.storage.structural,org.exist.storage.sync,org.exist.storage.txn,org.exist.storage.vector,org.exist.test,org.exist.util,org.exist.util.crypto.digest,org.exist.util.hashtable,org.exist.util.io,org.exist.util.pool,org.exist.util.serializer,org.exist.util.serializer.json,org.exist.validation,org.exist.validation.internal,org.exist.validation.resolver,org.exist.vector,org.exist.xmldb,org.exist.xmldb.concurrent,org.exist.xmldb.concurrent.action,org.exist.xmldb.function,org.exist.xmldb.txn.bridge,org.exist.xmlrpc,org.exist.xmlrpc.function,org.exist.xqj,org.exist.xquery,org.exist.xquery.functions.array,org.exist.xquery.functions.fn,org.exist.xquery.functions.fn.transform,org.exist.xquery.functions.integer,org.exist.xquery.functions.map,org.exist.xquery.functions.math,org.exist.xquery.functions.request,org.exist.xquery.functions.websocket,org.exist.xquery.functions.xmldb,org.exist.xquery.pragmas,org.exist.xquery.regex,org.exist.xquery.update,org.exist.xquery.util,org.exist.xquery.value,org.exist.xslt,org.exist.xupdate"
org.exist.security.realm.iprange,0,8,1.0,0.0,0.0,false,
xquery.xqdoc,0,0,0.0,0.0,1.0,false,
org.exist.xquery.modules.ngram.query,1,6,0.8571428571428571,0.2727272727272727,0.1298701298701297,true,"org.exist.xquery.modules.ngram,org.exist.xquery.modules.ngram.query"
org.exist.xmldb.txn.bridge,1,8,0.8888888888888888,0.0,0.11111111111111116,true,"org.exist,org.exist.backup,org.exist.backup.restore,org.exist.client,org.exist.client.security,org.exist.collections,org.exist.collections.triggers,org.exist.config,org.exist.config.mapper,org.exist.debuggee,org.exist.debugger,org.exist.dom,org.exist.dom.memtree,org.exist.dom.persistent,org.exist.http,org.exist.http.servlets,org.exist.http.urlrewrite,org.exist.http.ws,org.exist.indexing,org.exist.jetty,org.exist.management,org.exist.management.client,org.exist.management.impl,org.exist.numbering,org.exist.protocolhandler.embedded,org.exist.protocolhandler.xmldb,org.exist.protocolhandler.xmlrpc,org.exist.repo,org.exist.resolver,org.exist.scheduler,org.exist.scheduler.impl,org.exist.security,org.exist.security.internal,org.exist.security.internal.aider,org.exist.security.internal.web,org.exist.security.management,org.exist.security.realm,org.exist.security.utils,org.exist.source,org.exist.stax,org.exist.storage,org.exist.storage.blob,org.exist.storage.btree,org.exist.storage.cache,org.exist.storage.dom,org.exist.storage.index,org.exist.storage.io,org.exist.storage.journal,org.exist.storage.lock,org.exist.storage.recovery,org.exist.storage.report,org.exist.storage.serializers,org.exist.storage.structural,org.exist.storage.sync,org.exist.storage.txn,org.exist.storage.vector,org.exist.test,org.exist.util,org.exist.util.crypto.digest,org.exist.util.hashtable,org.exist.util.io,org.exist.util.pool,org.exist.util.serializer,org.exist.util.serializer.json,org.exist.validation,org.exist.validation.internal,org.exist.validation.resolver,org.exist.vector,org.exist.xmldb,org.exist.xmldb.concurrent,org.exist.xmldb.concurrent.action,org.exist.xmldb.function,org.exist.xmldb.txn.bridge,org.exist.xmlrpc,org.exist.xmlrpc.function,org.exist.xqj,org.exist.xquery,org.exist.xquery.functions.array,org.exist.xquery.functions.fn,org.exist.xquery.functions.fn.transform,org.exist.xquery.functions.integer,org.exist.xquery.functions.map,org.exist.xquery.functions.math,org.exist.xquery.functions.request,org.exist.xquery.functions.websocket,org.exist.xquery.functions.xmldb,org.exist.xquery.pragmas,org.exist.xquery.regex,org.exist.xquery.update,org.exist.xquery.util,org.exist.xquery.value,org.exist.xslt,org.exist.xupdate"
org.exist.xquery.modules.jndi,0,5,1.0,0.0,0.0,false,
org.expath.tools.model.exist,1,5,0.8333333333333334,0.0,0.16666666666666663,false,
org.exist.repo,11,22,0.6666666666666666,0.047619047619047616,0.2857142857142858,true,"org.exist,org.exist.backup,org.exist.backup.restore,org.exist.client,org.exist.client.security,org.exist.collections,org.exist.collections.triggers,org.exist.config,org.exist.config.mapper,org.exist.debuggee,org.exist.debugger,org.exist.dom,org.exist.dom.memtree,org.exist.dom.persistent,org.exist.http,org.exist.http.servlets,org.exist.http.urlrewrite,org.exist.http.ws,org.exist.indexing,org.exist.jetty,org.exist.management,org.exist.management.client,org.exist.management.impl,org.exist.numbering,org.exist.protocolhandler.embedded,org.exist.protocolhandler.xmldb,org.exist.protocolhandler.xmlrpc,org.exist.repo,org.exist.resolver,org.exist.scheduler,org.exist.scheduler.impl,org.exist.security,org.exist.security.internal,org.exist.security.internal.aider,org.exist.security.internal.web,org.exist.security.management,org.exist.security.realm,org.exist.security.utils,org.exist.source,org.exist.stax,org.exist.storage,org.exist.storage.blob,org.exist.storage.btree,org.exist.storage.cache,org.exist.storage.dom,org.exist.storage.index,org.exist.storage.io,org.exist.storage.journal,org.exist.storage.lock,org.exist.storage.recovery,org.exist.storage.report,org.exist.storage.serializers,org.exist.storage.structural,org.exist.storage.sync,org.exist.storage.txn,org.exist.storage.vector,org.exist.test,org.exist.util,org.exist.util.crypto.digest,org.exist.util.hashtable,org.exist.util.io,org.exist.util.pool,org.exist.util.serializer,org.exist.util.serializer.json,org.exist.validation,org.exist.validation.internal,org.exist.validation.resolver,org.exist.vector,org.exist.xmldb,org.exist.xmldb.concurrent,org.exist.xmldb.concurrent.action,org.exist.xmldb.function,org.exist.xmldb.txn.bridge,org.exist.xmlrpc,org.exist.xmlrpc.function,org.exist.xqj,org.exist.xquery,org.exist.xquery.functions.array,org.exist.xquery.functions.fn,org.exist.xquery.functions.fn.transform,org.exist.xquery.functions.integer,org.exist.xquery.functions.map,org.exist.xquery.functions.math,org.exist.xquery.functions.request,org.exist.xquery.functions.websocket,org.exist.xquery.functions.xmldb,org.exist.xquery.pragmas,org.exist.xquery.regex,org.exist.xquery.update,org.exist.xquery.util,org.exist.xquery.value,org.exist.xslt,org.exist.xupdate"
org.exist.scheduler,14,10,0.4166666666666667,0.4166666666666667,0.16666666666666663,true,"org.exist,org.exist.backup,org.exist.backup.restore,org.exist.client,org.exist.client.security,org.exist.collections,org.exist.collections.triggers,org.exist.config,org.exist.config.mapper,org.exist.debuggee,org.exist.debugger,org.exist.dom,org.exist.dom.memtree,org.exist.dom.persistent,org.exist.http,org.exist.http.servlets,org.exist.http.urlrewrite,org.exist.http.ws,org.exist.indexing,org.exist.jetty,org.exist.management,org.exist.management.client,org.exist.management.impl,org.exist.numbering,org.exist.protocolhandler.embedded,org.exist.protocolhandler.xmldb,org.exist.protocolhandler.xmlrpc,org.exist.repo,org.exist.resolver,org.exist.scheduler,org.exist.scheduler.impl,org.exist.security,org.exist.security.internal,org.exist.security.internal.aider,org.exist.security.internal.web,org.exist.security.management,org.exist.security.realm,org.exist.security.utils,org.exist.source,org.exist.stax,org.exist.storage,org.exist.storage.blob,org.exist.storage.btree,org.exist.storage.cache,org.exist.storage.dom,org.exist.storage.index,org.exist.storage.io,org.exist.storage.journal,org.exist.storage.lock,org.exist.storage.recovery,org.exist.storage.report,org.exist.storage.serializers,org.exist.storage.structural,org.exist.storage.sync,org.exist.storage.txn,org.exist.storage.vector,org.exist.test,org.exist.util,org.exist.util.crypto.digest,org.exist.util.hashtable,org.exist.util.io,org.exist.util.pool,org.exist.util.serializer,org.exist.util.serializer.json,org.exist.validation,org.exist.validation.internal,org.exist.validation.resolver,org.exist.vector,org.exist.xmldb,org.exist.xmldb.concurrent,org.exist.xmldb.concurrent.action,org.exist.xmldb.function,org.exist.xmldb.txn.bridge,org.exist.xmlrpc,org.exist.xmlrpc.function,org.exist.xqj,org.exist.xquery,org.exist.xquery.functions.array,org.exist.xquery.functions.fn,org.exist.xquery.functions.fn.transform,org.exist.xquery.functions.integer,org.exist.xquery.functions.map,org.exist.xquery.functions.math,org.exist.xquery.functions.request,org.exist.xquery.functions.websocket,org.exist.xquery.functions.xmldb,org.exist.xquery.pragmas,org.exist.xquery.regex,org.exist.xquery.update,org.exist.xquery.util,org.exist.xquery.value,org.exist.xslt,org.exist.xupdate"
org.exist.xqdoc.xquery,0,13,1.0,0.0,0.0,false,
org.exist.debugger.model,2,0,0.0,1.0,0.0,false,
org.exist.protocolhandler.xmlrpc,3,4,0.5714285714285714,0.0,0.4285714285714286,true,"org.exist,org.exist.backup,org.exist.backup.restore,org.exist.client,org.exist.client.security,org.exist.collections,org.exist.collections.triggers,org.exist.config,org.exist.config.mapper,org.exist.debuggee,org.exist.debugger,org.exist.dom,org.exist.dom.memtree,org.exist.dom.persistent,org.exist.http,org.exist.http.servlets,org.exist.http.urlrewrite,org.exist.http.ws,org.exist.indexing,org.exist.jetty,org.exist.management,org.exist.management.client,org.exist.management.impl,org.exist.numbering,org.exist.protocolhandler.embedded,org.exist.protocolhandler.xmldb,org.exist.protocolhandler.xmlrpc,org.exist.repo,org.exist.resolver,org.exist.scheduler,org.exist.scheduler.impl,org.exist.security,org.exist.security.internal,org.exist.security.internal.aider,org.exist.security.internal.web,org.exist.security.management,org.exist.security.realm,org.exist.security.utils,org.exist.source,org.exist.stax,org.exist.storage,org.exist.storage.blob,org.exist.storage.btree,org.exist.storage.cache,org.exist.storage.dom,org.exist.storage.index,org.exist.storage.io,org.exist.storage.journal,org.exist.storage.lock,org.exist.storage.recovery,org.exist.storage.report,org.exist.storage.serializers,org.exist.storage.structural,org.exist.storage.sync,org.exist.storage.txn,org.exist.storage.vector,org.exist.test,org.exist.util,org.exist.util.crypto.digest,org.exist.util.hashtable,org.exist.util.io,org.exist.util.pool,org.exist.util.serializer,org.exist.util.serializer.json,org.exist.validation,org.exist.validation.internal,org.exist.validation.resolver,org.exist.vector,org.exist.xmldb,org.exist.xmldb.concurrent,org.exist.xmldb.concurrent.action,org.exist.xmldb.function,org.exist.xmldb.txn.bridge,org.exist.xmlrpc,org.exist.xmlrpc.function,org.exist.xqj,org.exist.xquery,org.exist.xquery.functions.array,org.exist.xquery.functions.fn,org.exist.xquery.functions.fn.transform,org.exist.xquery.functions.integer,org.exist.xquery.functions.map,org.exist.xquery.functions.math,org.exist.xquery.functions.request,org.exist.xquery.functions.websocket,org.exist.xquery.functions.xmldb,org.exist.xquery.pragmas,org.exist.xquery.regex,org.exist.xquery.update,org.exist.xquery.util,org.exist.xquery.value,org.exist.xslt,org.exist.xupdate"
org.exist.xquery.xqsuite,0,1,1.0,0.0,0.0,false,
org.exist.xquery.modules,8,7,0.4666666666666667,0.6666666666666666,0.1333333333333333,false,
org.exist.validation,6,14,0.7,0.0,0.30000000000000004,true,"org.exist,org.exist.backup,org.exist.backup.restore,org.exist.client,org.exist.client.security,org.exist.collections,org.exist.collections.triggers,org.exist.config,org.exist.config.mapper,org.exist.debuggee,org.exist.debugger,org.exist.dom,org.exist.dom.memtree,org.exist.dom.persistent,org.exist.http,org.exist.http.servlets,org.exist.http.urlrewrite,org.exist.http.ws,org.exist.indexing,org.exist.jetty,org.exist.management,org.exist.management.client,org.exist.management.impl,org.exist.numbering,org.exist.protocolhandler.embedded,org.exist.protocolhandler.xmldb,org.exist.protocolhandler.xmlrpc,org.exist.repo,org.exist.resolver,org.exist.scheduler,org.exist.scheduler.impl,org.exist.security,org.exist.security.internal,org.exist.security.internal.aider,org.exist.security.internal.web,org.exist.security.management,org.exist.security.realm,org.exist.security.utils,org.exist.source,org.exist.stax,org.exist.storage,org.exist.storage.blob,org.exist.storage.btree,org.exist.storage.cache,org.exist.storage.dom,org.exist.storage.index,org.exist.storage.io,org.exist.storage.journal,org.exist.storage.lock,org.exist.storage.recovery,org.exist.storage.report,org.exist.storage.serializers,org.exist.storage.structural,org.exist.storage.sync,org.exist.storage.txn,org.exist.storage.vector,org.exist.test,org.exist.util,org.exist.util.crypto.digest,org.exist.util.hashtable,org.exist.util.io,org.exist.util.pool,org.exist.util.serializer,org.exist.util.serializer.json,org.exist.validation,org.exist.validation.internal,org.exist.validation.resolver,org.exist.vector,org.exist.xmldb,org.exist.xmldb.concurrent,org.exist.xmldb.concurrent.action,org.exist.xmldb.function,org.exist.xmldb.txn.bridge,org.exist.xmlrpc,org.exist.xmlrpc.function,org.exist.xqj,org.exist.xquery,org.exist.xquery.functions.array,org.exist.xquery.functions.fn,org.exist.xquery.functions.fn.transform,org.exist.xquery.functions.integer,org.exist.xquery.functions.map,org.exist.xquery.functions.math,org.exist.xquery.functions.request,org.exist.xquery.functions.websocket,org.exist.xquery.functions.xmldb,org.exist.xquery.pragmas,org.exist.xquery.regex,org.exist.xquery.update,org.exist.xquery.util,org.exist.xquery.value,org.exist.xslt,org.exist.xupdate"
org.exist.util.serializer.encodings,1,0,0.0,0.16666666666666666,0.8333333333333334,false,
org.exist.xquery.modules.xmldiff,0,5,1.0,0.0,0.0,false,
org.exist.security.utils,1,5,0.8333333333333334,0.0,0.16666666666666663,true,"org.exist,org.exist.backup,org.exist.backup.restore,org.exist.client,org.exist.client.security,org.exist.collections,org.exist.collections.triggers,org.exist.config,org.exist.config.mapper,org.exist.debuggee,org.exist.debugger,org.exist.dom,org.exist.dom.memtree,org.exist.dom.persistent,org.exist.http,org.exist.http.servlets,org.exist.http.urlrewrite,org.exist.http.ws,org.exist.indexing,org.exist.jetty,org.exist.management,org.exist.management.client,org.exist.management.impl,org.exist.numbering,org.exist.protocolhandler.embedded,org.exist.protocolhandler.xmldb,org.exist.protocolhandler.xmlrpc,org.exist.repo,org.exist.resolver,org.exist.scheduler,org.exist.scheduler.impl,org.exist.security,org.exist.security.internal,org.exist.security.internal.aider,org.exist.security.internal.web,org.exist.security.management,org.exist.security.realm,org.exist.security.utils,org.exist.source,org.exist.stax,org.exist.storage,org.exist.storage.blob,org.exist.storage.btree,org.exist.storage.cache,org.exist.storage.dom,org.exist.storage.index,org.exist.storage.io,org.exist.storage.journal,org.exist.storage.lock,org.exist.storage.recovery,org.exist.storage.report,org.exist.storage.serializers,org.exist.storage.structural,org.exist.storage.sync,org.exist.storage.txn,org.exist.storage.vector,org.exist.test,org.exist.util,org.exist.util.crypto.digest,org.exist.util.hashtable,org.exist.util.io,org.exist.util.pool,org.exist.util.serializer,org.exist.util.serializer.json,org.exist.validation,org.exist.validation.internal,org.exist.validation.resolver,org.exist.vector,org.exist.xmldb,org.exist.xmldb.concurrent,org.exist.xmldb.concurrent.action,org.exist.xmldb.function,org.exist.xmldb.txn.bridge,org.exist.xmlrpc,org.exist.xmlrpc.function,org.exist.xqj,org.exist.xquery,org.exist.xquery.functions.array,org.exist.xquery.functions.fn,org.exist.xquery.functions.fn.transform,org.exist.xquery.functions.integer,org.exist.xquery.functions.map,org.exist.xquery.functions.math,org.exist.xquery.functions.request,org.exist.xquery.functions.websocket,org.exist.xquery.functions.xmldb,org.exist.xquery.pragmas,org.exist.xquery.regex,org.exist.xquery.update,org.exist.xquery.util,org.exist.xquery.value,org.exist.xslt,org.exist.xupdate"
xquery.xinclude,0,0,0.0,0.0,1.0,false,
org.exist.exiftool.xquery,0,11,1.0,0.0,0.0,false,
xquery.indexing,0,0,0.0,0.0,1.0,false,
org.exist.util.sax.event.contenthandler,2,1,0.3333333333333333,0.21428571428571427,0.45238095238095244,false,
org.exist.extensions.exquery.xdm.type.impl,1,4,0.8,0.0,0.19999999999999996,false,
org.exist.config.annotation,3,0,0.0,0.0,1.0,false,
org.exist.xquery.functions.response,1,9,0.9,0.16666666666666666,0.06666666666666665,false,
org.exist.xquery.modules.example,0,3,1.0,0.0,0.0,false,
org.exist.storage.structural,1,13,0.9285714285714286,0.0,0.0714285714285714,true,"org.exist,org.exist.backup,org.exist.backup.restore,org.exist.client,org.exist.client.security,org.exist.collections,org.exist.collections.triggers,org.exist.config,org.exist.config.mapper,org.exist.debuggee,org.exist.debugger,org.exist.dom,org.exist.dom.memtree,org.exist.dom.persistent,org.exist.http,org.exist.http.servlets,org.exist.http.urlrewrite,org.exist.http.ws,org.exist.indexing,org.exist.jetty,org.exist.management,org.exist.management.client,org.exist.management.impl,org.exist.numbering,org.exist.protocolhandler.embedded,org.exist.protocolhandler.xmldb,org.exist.protocolhandler.xmlrpc,org.exist.repo,org.exist.resolver,org.exist.scheduler,org.exist.scheduler.impl,org.exist.security,org.exist.security.internal,org.exist.security.internal.aider,org.exist.security.internal.web,org.exist.security.management,org.exist.security.realm,org.exist.security.utils,org.exist.source,org.exist.stax,org.exist.storage,org.exist.storage.blob,org.exist.storage.btree,org.exist.storage.cache,org.exist.storage.dom,org.exist.storage.index,org.exist.storage.io,org.exist.storage.journal,org.exist.storage.lock,org.exist.storage.recovery,org.exist.storage.report,org.exist.storage.serializers,org.exist.storage.structural,org.exist.storage.sync,org.exist.storage.txn,org.exist.storage.vector,org.exist.test,org.exist.util,org.exist.util.crypto.digest,org.exist.util.hashtable,org.exist.util.io,org.exist.util.pool,org.exist.util.serializer,org.exist.util.serializer.json,org.exist.validation,org.exist.validation.internal,org.exist.validation.resolver,org.exist.vector,org.exist.xmldb,org.exist.xmldb.concurrent,org.exist.xmldb.concurrent.action,org.exist.xmldb.function,org.exist.xmldb.txn.bridge,org.exist.xmlrpc,org.exist.xmlrpc.function,org.exist.xqj,org.exist.xquery,org.exist.xquery.functions.array,org.exist.xquery.functions.fn,org.exist.xquery.functions.fn.transform,org.exist.xquery.functions.integer,org.exist.xquery.functions.map,org.exist.xquery.functions.math,org.exist.xquery.functions.request,org.exist.xquery.functions.websocket,org.exist.xquery.functions.xmldb,org.exist.xquery.pragmas,org.exist.xquery.regex,org.exist.xquery.update,org.exist.xquery.util,org.exist.xquery.value,org.exist.xslt,org.exist.xupdate"
org.exist.util.sorters,0,4,1.0,0.16666666666666666,0.16666666666666674,false,
org.exist.storage.cache,5,2,0.2857142857142857,0.3333333333333333,0.38095238095238093,true,"org.exist,org.exist.backup,org.exist.backup.restore,org.exist.client,org.exist.client.security,org.exist.collections,org.exist.collections.triggers,org.exist.config,org.exist.config.mapper,org.exist.debuggee,org.exist.debugger,org.exist.dom,org.exist.dom.memtree,org.exist.dom.persistent,org.exist.http,org.exist.http.servlets,org.exist.http.urlrewrite,org.exist.http.ws,org.exist.indexing,org.exist.jetty,org.exist.management,org.exist.management.client,org.exist.management.impl,org.exist.numbering,org.exist.protocolhandler.embedded,org.exist.protocolhandler.xmldb,org.exist.protocolhandler.xmlrpc,org.exist.repo,org.exist.resolver,org.exist.scheduler,org.exist.scheduler.impl,org.exist.security,org.exist.security.internal,org.exist.security.internal.aider,org.exist.security.internal.web,org.exist.security.management,org.exist.security.realm,org.exist.security.utils,org.exist.source,org.exist.stax,org.exist.storage,org.exist.storage.blob,org.exist.storage.btree,org.exist.storage.cache,org.exist.storage.dom,org.exist.storage.index,org.exist.storage.io,org.exist.storage.journal,org.exist.storage.lock,org.exist.storage.recovery,org.exist.storage.report,org.exist.storage.serializers,org.exist.storage.structural,org.exist.storage.sync,org.exist.storage.txn,org.exist.storage.vector,org.exist.test,org.exist.util,org.exist.util.crypto.digest,org.exist.util.hashtable,org.exist.util.io,org.exist.util.pool,org.exist.util.serializer,org.exist.util.serializer.json,org.exist.validation,org.exist.validation.internal,org.exist.validation.resolver,org.exist.vector,org.exist.xmldb,org.exist.xmldb.concurrent,org.exist.xmldb.concurrent.action,org.exist.xmldb.function,org.exist.xmldb.txn.bridge,org.exist.xmlrpc,org.exist.xmlrpc.function,org.exist.xqj,org.exist.xquery,org.exist.xquery.functions.array,org.exist.xquery.functions.fn,org.exist.xquery.functions.fn.transform,org.exist.xquery.functions.integer,org.exist.xquery.functions.map,org.exist.xquery.functions.math,org.exist.xquery.functions.request,org.exist.xquery.functions.websocket,org.exist.xquery.functions.xmldb,org.exist.xquery.pragmas,org.exist.xquery.regex,org.exist.xquery.update,org.exist.xquery.util,org.exist.xquery.value,org.exist.xslt,org.exist.xupdate"
org.exist.xquery.functions.math,1,3,0.75,0.0,0.25,true,"org.exist,org.exist.backup,org.exist.backup.restore,org.exist.client,org.exist.client.security,org.exist.collections,org.exist.collections.triggers,org.exist.config,org.exist.config.mapper,org.exist.debuggee,org.exist.debugger,org.exist.dom,org.exist.dom.memtree,org.exist.dom.persistent,org.exist.http,org.exist.http.servlets,org.exist.http.urlrewrite,org.exist.http.ws,org.exist.indexing,org.exist.jetty,org.exist.management,org.exist.management.client,org.exist.management.impl,org.exist.numbering,org.exist.protocolhandler.embedded,org.exist.protocolhandler.xmldb,org.exist.protocolhandler.xmlrpc,org.exist.repo,org.exist.resolver,org.exist.scheduler,org.exist.scheduler.impl,org.exist.security,org.exist.security.internal,org.exist.security.internal.aider,org.exist.security.internal.web,org.exist.security.management,org.exist.security.realm,org.exist.security.utils,org.exist.source,org.exist.stax,org.exist.storage,org.exist.storage.blob,org.exist.storage.btree,org.exist.storage.cache,org.exist.storage.dom,org.exist.storage.index,org.exist.storage.io,org.exist.storage.journal,org.exist.storage.lock,org.exist.storage.recovery,org.exist.storage.report,org.exist.storage.serializers,org.exist.storage.structural,org.exist.storage.sync,org.exist.storage.txn,org.exist.storage.vector,org.exist.test,org.exist.util,org.exist.util.crypto.digest,org.exist.util.hashtable,org.exist.util.io,org.exist.util.pool,org.exist.util.serializer,org.exist.util.serializer.json,org.exist.validation,org.exist.validation.internal,org.exist.validation.resolver,org.exist.vector,org.exist.xmldb,org.exist.xmldb.concurrent,org.exist.xmldb.concurrent.action,org.exist.xmldb.function,org.exist.xmldb.txn.bridge,org.exist.xmlrpc,org.exist.xmlrpc.function,org.exist.xqj,org.exist.xquery,org.exist.xquery.functions.array,org.exist.xquery.functions.fn,org.exist.xquery.functions.fn.transform,org.exist.xquery.functions.integer,org.exist.xquery.functions.map,org.exist.xquery.functions.math,org.exist.xquery.functions.request,org.exist.xquery.functions.websocket,org.exist.xquery.functions.xmldb,org.exist.xquery.pragmas,org.exist.xquery.regex,org.exist.xquery.update,org.exist.xquery.util,org.exist.xquery.value,org.exist.xslt,org.exist.xupdate"
org.exist.xquery.modules.simpleql,0,3,1.0,0.0,0.0,false,
xquery.sort,0,0,0.0,0.0,1.0,false,
org.exist.xquery.modules.lucene,1,19,0.95,0.043478260869565216,0.006521739130434856,true,"org.exist.indexing.lucene,org.exist.xquery.modules.lucene"
org.exist.http.filter,0,1,1.0,0.0,0.0,false,
org.exist.xquery.modules.compression,0,14,1.0,0.23809523809523808,0.23809523809523814,false,
org.exist.util.io,26,4,0.13333333333333333,0.16666666666666666,0.7,true,"org.exist,org.exist.backup,org.exist.backup.restore,org.exist.client,org.exist.client.security,org.exist.collections,org.exist.collections.triggers,org.exist.config,org.exist.config.mapper,org.exist.debuggee,org.exist.debugger,org.exist.dom,org.exist.dom.memtree,org.exist.dom.persistent,org.exist.http,org.exist.http.servlets,org.exist.http.urlrewrite,org.exist.http.ws,org.exist.indexing,org.exist.jetty,org.exist.management,org.exist.management.client,org.exist.management.impl,org.exist.numbering,org.exist.protocolhandler.embedded,org.exist.protocolhandler.xmldb,org.exist.protocolhandler.xmlrpc,org.exist.repo,org.exist.resolver,org.exist.scheduler,org.exist.scheduler.impl,org.exist.security,org.exist.security.internal,org.exist.security.internal.aider,org.exist.security.internal.web,org.exist.security.management,org.exist.security.realm,org.exist.security.utils,org.exist.source,org.exist.stax,org.exist.storage,org.exist.storage.blob,org.exist.storage.btree,org.exist.storage.cache,org.exist.storage.dom,org.exist.storage.index,org.exist.storage.io,org.exist.storage.journal,org.exist.storage.lock,org.exist.storage.recovery,org.exist.storage.report,org.exist.storage.serializers,org.exist.storage.structural,org.exist.storage.sync,org.exist.storage.txn,org.exist.storage.vector,org.exist.test,org.exist.util,org.exist.util.crypto.digest,org.exist.util.hashtable,org.exist.util.io,org.exist.util.pool,org.exist.util.serializer,org.exist.util.serializer.json,org.exist.validation,org.exist.validation.internal,org.exist.validation.resolver,org.exist.vector,org.exist.xmldb,org.exist.xmldb.concurrent,org.exist.xmldb.concurrent.action,org.exist.xmldb.function,org.exist.xmldb.txn.bridge,org.exist.xmlrpc,org.exist.xmlrpc.function,org.exist.xqj,org.exist.xquery,org.exist.xquery.functions.array,org.exist.xquery.functions.fn,org.exist.xquery.functions.fn.transform,org.exist.xquery.functions.integer,org.exist.xquery.functions.map,org.exist.xquery.functions.math,org.exist.xquery.functions.request,org.exist.xquery.functions.websocket,org.exist.xquery.functions.xmldb,org.exist.xquery.pragmas,org.exist.xquery.regex,org.exist.xquery.update,org.exist.xquery.util,org.exist.xquery.value,org.exist.xslt,org.exist.xupdate"
org.exist.http.servlets,15,21,0.5833333333333334,0.2727272727272727,0.14393939393939392,true,"org.exist,org.exist.backup,org.exist.backup.restore,org.exist.client,org.exist.client.security,org.exist.collections,org.exist.collections.triggers,org.exist.config,org.exist.config.mapper,org.exist.debuggee,org.exist.debugger,org.exist.dom,org.exist.dom.memtree,org.exist.dom.persistent,org.exist.http,org.exist.http.servlets,org.exist.http.urlrewrite,org.exist.http.ws,org.exist.indexing,org.exist.jetty,org.exist.management,org.exist.management.client,org.exist.management.impl,org.exist.numbering,org.exist.protocolhandler.embedded,org.exist.protocolhandler.xmldb,org.exist.protocolhandler.xmlrpc,org.exist.repo,org.exist.resolver,org.exist.scheduler,org.exist.scheduler.impl,org.exist.security,org.exist.security.internal,org.exist.security.internal.aider,org.exist.security.internal.web,org.exist.security.management,org.exist.security.realm,org.exist.security.utils,org.exist.source,org.exist.stax,org.exist.storage,org.exist.storage.blob,org.exist.storage.btree,org.exist.storage.cache,org.exist.storage.dom,org.exist.storage.index,org.exist.storage.io,org.exist.storage.journal,org.exist.storage.lock,org.exist.storage.recovery,org.exist.storage.report,org.exist.storage.serializers,org.exist.storage.structural,org.exist.storage.sync,org.exist.storage.txn,org.exist.storage.vector,org.exist.test,org.exist.util,org.exist.util.crypto.digest,org.exist.util.hashtable,org.exist.util.io,org.exist.util.pool,org.exist.util.serializer,org.exist.util.serializer.json,org.exist.validation,org.exist.validation.internal,org.exist.validation.resolver,org.exist.vector,org.exist.xmldb,org.exist.xmldb.concurrent,org.exist.xmldb.concurrent.action,org.exist.xmldb.function,org.exist.xmldb.txn.bridge,org.exist.xmlrpc,org.exist.xmlrpc.function,org.exist.xqj,org.exist.xquery,org.exist.xquery.functions.array,org.exist.xquery.functions.fn,org.exist.xquery.functions.fn.transform,org.exist.xquery.functions.integer,org.exist.xquery.functions.map,org.exist.xquery.functions.math,org.exist.xquery.functions.request,org.exist.xquery.functions.websocket,org.exist.xquery.functions.xmldb,org.exist.xquery.pragmas,org.exist.xquery.regex,org.exist.xquery.update,org.exist.xquery.util,org.exist.xquery.value,org.exist.xslt,org.exist.xupdate"
org.exist.storage.index,9,12,0.5714285714285714,0.13333333333333333,0.2952380952380953,true,"org.exist,org.exist.backup,org.exist.backup.restore,org.exist.client,org.exist.client.security,org.exist.collections,org.exist.collections.triggers,org.exist.config,org.exist.config.mapper,org.exist.debuggee,org.exist.debugger,org.exist.dom,org.exist.dom.memtree,org.exist.dom.persistent,org.exist.http,org.exist.http.servlets,org.exist.http.urlrewrite,org.exist.http.ws,org.exist.indexing,org.exist.jetty,org.exist.management,org.exist.management.client,org.exist.management.impl,org.exist.numbering,org.exist.protocolhandler.embedded,org.exist.protocolhandler.xmldb,org.exist.protocolhandler.xmlrpc,org.exist.repo,org.exist.resolver,org.exist.scheduler,org.exist.scheduler.impl,org.exist.security,org.exist.security.internal,org.exist.security.internal.aider,org.exist.security.internal.web,org.exist.security.management,org.exist.security.realm,org.exist.security.utils,org.exist.source,org.exist.stax,org.exist.storage,org.exist.storage.blob,org.exist.storage.btree,org.exist.storage.cache,org.exist.storage.dom,org.exist.storage.index,org.exist.storage.io,org.exist.storage.journal,org.exist.storage.lock,org.exist.storage.recovery,org.exist.storage.report,org.exist.storage.serializers,org.exist.storage.structural,org.exist.storage.sync,org.exist.storage.txn,org.exist.storage.vector,org.exist.test,org.exist.util,org.exist.util.crypto.digest,org.exist.util.hashtable,org.exist.util.io,org.exist.util.pool,org.exist.util.serializer,org.exist.util.serializer.json,org.exist.validation,org.exist.validation.internal,org.exist.validation.resolver,org.exist.vector,org.exist.xmldb,org.exist.xmldb.concurrent,org.exist.xmldb.concurrent.action,org.exist.xmldb.function,org.exist.xmldb.txn.bridge,org.exist.xmlrpc,org.exist.xmlrpc.function,org.exist.xqj,org.exist.xquery,org.exist.xquery.functions.array,org.exist.xquery.functions.fn,org.exist.xquery.functions.fn.transform,org.exist.xquery.functions.integer,org.exist.xquery.functions.map,org.exist.xquery.functions.math,org.exist.xquery.functions.request,org.exist.xquery.functions.websocket,org.exist.xquery.functions.xmldb,org.exist.xquery.pragmas,org.exist.xquery.regex,org.exist.xquery.update,org.exist.xquery.util,org.exist.xquery.value,org.exist.xslt,org.exist.xupdate"
org.exist.xquery.functions.system,0,16,1.0,0.0,0.0,false,
xquery.inspect,0,0,0.0,0.0,1.0,false,
org.exist.xquery.functions.validate,0,4,1.0,0.0,0.0,false,
org.exist.xquery.functions.inspect,1,15,0.9375,0.0,0.0625,false,
org.exist.xquery.modules.xslfo,0,8,1.0,0.1,0.10000000000000009,false,
org.exist.xquery.functions.xquery3,0,3,1.0,0.0,0.0,false,
org.exist.numbering,35,11,0.2391304347826087,0.2222222222222222,0.538647342995169,true,"org.exist,org.exist.backup,org.exist.backup.restore,org.exist.client,org.exist.client.security,org.exist.collections,org.exist.collections.triggers,org.exist.config,org.exist.config.mapper,org.exist.debuggee,org.exist.debugger,org.exist.dom,org.exist.dom.memtree,org.exist.dom.persistent,org.exist.http,org.exist.http.servlets,org.exist.http.urlrewrite,org.exist.http.ws,org.exist.indexing,org.exist.jetty,org.exist.management,org.exist.management.client,org.exist.management.impl,org.exist.numbering,org.exist.protocolhandler.embedded,org.exist.protocolhandler.xmldb,org.exist.protocolhandler.xmlrpc,org.exist.repo,org.exist.resolver,org.exist.scheduler,org.exist.scheduler.impl,org.exist.security,org.exist.security.internal,org.exist.security.internal.aider,org.exist.security.internal.web,org.exist.security.management,org.exist.security.realm,org.exist.security.utils,org.exist.source,org.exist.stax,org.exist.storage,org.exist.storage.blob,org.exist.storage.btree,org.exist.storage.cache,org.exist.storage.dom,org.exist.storage.index,org.exist.storage.io,org.exist.storage.journal,org.exist.storage.lock,org.exist.storage.recovery,org.exist.storage.report,org.exist.storage.serializers,org.exist.storage.structural,org.exist.storage.sync,org.exist.storage.txn,org.exist.storage.vector,org.exist.test,org.exist.util,org.exist.util.crypto.digest,org.exist.util.hashtable,org.exist.util.io,org.exist.util.pool,org.exist.util.serializer,org.exist.util.serializer.json,org.exist.validation,org.exist.validation.internal,org.exist.validation.resolver,org.exist.vector,org.exist.xmldb,org.exist.xmldb.concurrent,org.exist.xmldb.concurrent.action,org.exist.xmldb.function,org.exist.xmldb.txn.bridge,org.exist.xmlrpc,org.exist.xmlrpc.function,org.exist.xqj,org.exist.xquery,org.exist.xquery.functions.array,org.exist.xquery.functions.fn,org.exist.xquery.functions.fn.transform,org.exist.xquery.functions.integer,org.exist.xquery.functions.map,org.exist.xquery.functions.math,org.exist.xquery.functions.request,org.exist.xquery.functions.websocket,org.exist.xquery.functions.xmldb,org.exist.xquery.pragmas,org.exist.xquery.regex,org.exist.xquery.update,org.exist.xquery.util,org.exist.xquery.value,org.exist.xslt,org.exist.xupdate"
org.exist.xmldb,82,36,0.3050847457627119,0.25510204081632654,0.4398132134209616,true,"org.exist,org.exist.backup,org.exist.backup.restore,org.exist.client,org.exist.client.security,org.exist.collections,org.exist.collections.triggers,org.exist.config,org.exist.config.mapper,org.exist.debuggee,org.exist.debugger,org.exist.dom,org.exist.dom.memtree,org.exist.dom.persistent,org.exist.http,org.exist.http.servlets,org.exist.http.urlrewrite,org.exist.http.ws,org.exist.indexing,org.exist.jetty,org.exist.management,org.exist.management.client,org.exist.management.impl,org.exist.numbering,org.exist.protocolhandler.embedded,org.exist.protocolhandler.xmldb,org.exist.protocolhandler.xmlrpc,org.exist.repo,org.exist.resolver,org.exist.scheduler,org.exist.scheduler.impl,org.exist.security,org.exist.security.internal,org.exist.security.internal.aider,org.exist.security.internal.web,org.exist.security.management,org.exist.security.realm,org.exist.security.utils,org.exist.source,org.exist.stax,org.exist.storage,org.exist.storage.blob,org.exist.storage.btree,org.exist.storage.cache,org.exist.storage.dom,org.exist.storage.index,org.exist.storage.io,org.exist.storage.journal,org.exist.storage.lock,org.exist.storage.recovery,org.exist.storage.report,org.exist.storage.serializers,org.exist.storage.structural,org.exist.storage.sync,org.exist.storage.txn,org.exist.storage.vector,org.exist.test,org.exist.util,org.exist.util.crypto.digest,org.exist.util.hashtable,org.exist.util.io,org.exist.util.pool,org.exist.util.serializer,org.exist.util.serializer.json,org.exist.validation,org.exist.validation.internal,org.exist.validation.resolver,org.exist.vector,org.exist.xmldb,org.exist.xmldb.concurrent,org.exist.xmldb.concurrent.action,org.exist.xmldb.function,org.exist.xmldb.txn.bridge,org.exist.xmlrpc,org.exist.xmlrpc.function,org.exist.xqj,org.exist.xquery,org.exist.xquery.functions.array,org.exist.xquery.functions.fn,org.exist.xquery.functions.fn.transform,org.exist.xquery.functions.integer,org.exist.xquery.functions.map,org.exist.xquery.functions.math,org.exist.xquery.functions.request,org.exist.xquery.functions.websocket,org.exist.xquery.functions.xmldb,org.exist.xquery.pragmas,org.exist.xquery.regex,org.exist.xquery.update,org.exist.xquery.util,org.exist.xquery.value,org.exist.xslt,org.exist.xupdate"
org.exist.xquery.functions.fn,10,26,0.7222222222222222,0.013513513513513514,0.2642642642642643,true,"org.exist,org.exist.backup,org.exist.backup.restore,org.exist.client,org.exist.client.security,org.exist.collections,org.exist.collections.triggers,org.exist.config,org.exist.config.mapper,org.exist.debuggee,org.exist.debugger,org.exist.dom,org.exist.dom.memtree,org.exist.dom.persistent,org.exist.http,org.exist.http.servlets,org.exist.http.urlrewrite,org.exist.http.ws,org.exist.indexing,org.exist.jetty,org.exist.management,org.exist.management.client,org.exist.management.impl,org.exist.numbering,org.exist.protocolhandler.embedded,org.exist.protocolhandler.xmldb,org.exist.protocolhandler.xmlrpc,org.exist.repo,org.exist.resolver,org.exist.scheduler,org.exist.scheduler.impl,org.exist.security,org.exist.security.internal,org.exist.security.internal.aider,org.exist.security.internal.web,org.exist.security.management,org.exist.security.realm,org.exist.security.utils,org.exist.source,org.exist.stax,org.exist.storage,org.exist.storage.blob,org.exist.storage.btree,org.exist.storage.cache,org.exist.storage.dom,org.exist.storage.index,org.exist.storage.io,org.exist.storage.journal,org.exist.storage.lock,org.exist.storage.recovery,org.exist.storage.report,org.exist.storage.serializers,org.exist.storage.structural,org.exist.storage.sync,org.exist.storage.txn,org.exist.storage.vector,org.exist.test,org.exist.util,org.exist.util.crypto.digest,org.exist.util.hashtable,org.exist.util.io,org.exist.util.pool,org.exist.util.serializer,org.exist.util.serializer.json,org.exist.validation,org.exist.validation.internal,org.exist.validation.resolver,org.exist.vector,org.exist.xmldb,org.exist.xmldb.concurrent,org.exist.xmldb.concurrent.action,org.exist.xmldb.function,org.exist.xmldb.txn.bridge,org.exist.xmlrpc,org.exist.xmlrpc.function,org.exist.xqj,org.exist.xquery,org.exist.xquery.functions.array,org.exist.xquery.functions.fn,org.exist.xquery.functions.fn.transform,org.exist.xquery.functions.integer,org.exist.xquery.functions.map,org.exist.xquery.functions.math,org.exist.xquery.functions.request,org.exist.xquery.functions.websocket,org.exist.xquery.functions.xmldb,org.exist.xquery.pragmas,org.exist.xquery.regex,org.exist.xquery.update,org.exist.xquery.util,org.exist.xquery.value,org.exist.xslt,org.exist.xupdate"
org.exist.xupdate,7,16,0.6956521739130435,0.08333333333333333,0.22101449275362317,true,"org.exist,org.exist.backup,org.exist.backup.restore,org.exist.client,org.exist.client.security,org.exist.collections,org.exist.collections.triggers,org.exist.config,org.exist.config.mapper,org.exist.debuggee,org.exist.debugger,org.exist.dom,org.exist.dom.memtree,org.exist.dom.persistent,org.exist.http,org.exist.http.servlets,org.exist.http.urlrewrite,org.exist.http.ws,org.exist.indexing,org.exist.jetty,org.exist.management,org.exist.management.client,org.exist.management.impl,org.exist.numbering,org.exist.protocolhandler.embedded,org.exist.protocolhandler.xmldb,org.exist.protocolhandler.xmlrpc,org.exist.repo,org.exist.resolver,org.exist.scheduler,org.exist.scheduler.impl,org.exist.security,org.exist.security.internal,org.exist.security.internal.aider,org.exist.security.internal.web,org.exist.security.management,org.exist.security.realm,org.exist.security.utils,org.exist.source,org.exist.stax,org.exist.storage,org.exist.storage.blob,org.exist.storage.btree,org.exist.storage.cache,org.exist.storage.dom,org.exist.storage.index,org.exist.storage.io,org.exist.storage.journal,org.exist.storage.lock,org.exist.storage.recovery,org.exist.storage.report,org.exist.storage.serializers,org.exist.storage.structural,org.exist.storage.sync,org.exist.storage.txn,org.exist.storage.vector,org.exist.test,org.exist.util,org.exist.util.crypto.digest,org.exist.util.hashtable,org.exist.util.io,org.exist.util.pool,org.exist.util.serializer,org.exist.util.serializer.json,org.exist.validation,org.exist.validation.internal,org.exist.validation.resolver,org.exist.vector,org.exist.xmldb,org.exist.xmldb.concurrent,org.exist.xmldb.concurrent.action,org.exist.xmldb.function,org.exist.xmldb.txn.bridge,org.exist.xmlrpc,org.exist.xmlrpc.function,org.exist.xqj,org.exist.xquery,org.exist.xquery.functions.array,org.exist.xquery.functions.fn,org.exist.xquery.functions.fn.transform,org.exist.xquery.functions.integer,org.exist.xquery.functions.map,org.exist.xquery.functions.math,org.exist.xquery.functions.request,org.exist.xquery.functions.websocket,org.exist.xquery.functions.xmldb,org.exist.xquery.pragmas,org.exist.xquery.regex,org.exist.xquery.update,org.exist.xquery.util,org.exist.xquery.value,org.exist.xslt,org.exist.xupdate"
org.exist.storage.blob,11,12,0.5217391304347826,0.24,0.23826086956521741,true,"org.exist,org.exist.backup,org.exist.backup.restore,org.exist.client,org.exist.client.security,org.exist.collections,org.exist.collections.triggers,org.exist.config,org.exist.config.mapper,org.exist.debuggee,org.exist.debugger,org.exist.dom,org.exist.dom.memtree,org.exist.dom.persistent,org.exist.http,org.exist.http.servlets,org.exist.http.urlrewrite,org.exist.http.ws,org.exist.indexing,org.exist.jetty,org.exist.management,org.exist.management.client,org.exist.management.impl,org.exist.numbering,org.exist.protocolhandler.embedded,org.exist.protocolhandler.xmldb,org.exist.protocolhandler.xmlrpc,org.exist.repo,org.exist.resolver,org.exist.scheduler,org.exist.scheduler.impl,org.exist.security,org.exist.security.internal,org.exist.security.internal.aider,org.exist.security.internal.web,org.exist.security.management,org.exist.security.realm,org.exist.security.utils,org.exist.source,org.exist.stax,org.exist.storage,org.exist.storage.blob,org.exist.storage.btree,org.exist.storage.cache,org.exist.storage.dom,org.exist.storage.index,org.exist.storage.io,org.exist.storage.journal,org.exist.storage.lock,org.exist.storage.recovery,org.exist.storage.report,org.exist.storage.serializers,org.exist.storage.structural,org.exist.storage.sync,org.exist.storage.txn,org.exist.storage.vector,org.exist.test,org.exist.util,org.exist.util.crypto.digest,org.exist.util.hashtable,org.exist.util.io,org.exist.util.pool,org.exist.util.serializer,org.exist.util.serializer.json,org.exist.validation,org.exist.validation.internal,org.exist.validation.resolver,org.exist.vector,org.exist.xmldb,org.exist.xmldb.concurrent,org.exist.xmldb.concurrent.action,org.exist.xmldb.function,org.exist.xmldb.txn.bridge,org.exist.xmlrpc,org.exist.xmlrpc.function,org.exist.xqj,org.exist.xquery,org.exist.xquery.functions.array,org.exist.xquery.functions.fn,org.exist.xquery.functions.fn.transform,org.exist.xquery.functions.integer,org.exist.xquery.functions.map,org.exist.xquery.functions.math,org.exist.xquery.functions.request,org.exist.xquery.functions.websocket,org.exist.xquery.functions.xmldb,org.exist.xquery.pragmas,org.exist.xquery.regex,org.exist.xquery.update,org.exist.xquery.util,org.exist.xquery.value,org.exist.xslt,org.exist.xupdate"
org.exist.security.internal.web,2,1,0.3333333333333333,0.0,0.6666666666666667,true,"org.exist,org.exist.backup,org.exist.backup.restore,org.exist.client,org.exist.client.security,org.exist.collections,org.exist.collections.triggers,org.exist.config,org.exist.config.mapper,org.exist.debuggee,org.exist.debugger,org.exist.dom,org.exist.dom.memtree,org.exist.dom.persistent,org.exist.http,org.exist.http.servlets,org.exist.http.urlrewrite,org.exist.http.ws,org.exist.indexing,org.exist.jetty,org.exist.management,org.exist.management.client,org.exist.management.impl,org.exist.numbering,org.exist.protocolhandler.embedded,org.exist.protocolhandler.xmldb,org.exist.protocolhandler.xmlrpc,org.exist.repo,org.exist.resolver,org.exist.scheduler,org.exist.scheduler.impl,org.exist.security,org.exist.security.internal,org.exist.security.internal.aider,org.exist.security.internal.web,org.exist.security.management,org.exist.security.realm,org.exist.security.utils,org.exist.source,org.exist.stax,org.exist.storage,org.exist.storage.blob,org.exist.storage.btree,org.exist.storage.cache,org.exist.storage.dom,org.exist.storage.index,org.exist.storage.io,org.exist.storage.journal,org.exist.storage.lock,org.exist.storage.recovery,org.exist.storage.report,org.exist.storage.serializers,org.exist.storage.structural,org.exist.storage.sync,org.exist.storage.txn,org.exist.storage.vector,org.exist.test,org.exist.util,org.exist.util.crypto.digest,org.exist.util.hashtable,org.exist.util.io,org.exist.util.pool,org.exist.util.serializer,org.exist.util.serializer.json,org.exist.validation,org.exist.validation.internal,org.exist.validation.resolver,org.exist.vector,org.exist.xmldb,org.exist.xmldb.concurrent,org.exist.xmldb.concurrent.action,org.exist.xmldb.function,org.exist.xmldb.txn.bridge,org.exist.xmlrpc,org.exist.xmlrpc.function,org.exist.xqj,org.exist.xquery,org.exist.xquery.functions.array,org.exist.xquery.functions.fn,org.exist.xquery.functions.fn.transform,org.exist.xquery.functions.integer,org.exist.xquery.functions.map,org.exist.xquery.functions.math,org.exist.xquery.functions.request,org.exist.xquery.functions.websocket,org.exist.xquery.functions.xmldb,org.exist.xquery.pragmas,org.exist.xquery.regex,org.exist.xquery.update,org.exist.xquery.util,org.exist.xquery.value,org.exist.xslt,org.exist.xupdate"
org.exist.extensions.exquery.modules.request,0,3,1.0,0.125,0.125,false,
org.exist.management.client,1,8,0.8888888888888888,0.0,0.11111111111111116,true,"org.exist,org.exist.backup,org.exist.backup.restore,org.exist.client,org.exist.client.security,org.exist.collections,org.exist.collections.triggers,org.exist.config,org.exist.config.mapper,org.exist.debuggee,org.exist.debugger,org.exist.dom,org.exist.dom.memtree,org.exist.dom.persistent,org.exist.http,org.exist.http.servlets,org.exist.http.urlrewrite,org.exist.http.ws,org.exist.indexing,org.exist.jetty,org.exist.management,org.exist.management.client,org.exist.management.impl,org.exist.numbering,org.exist.protocolhandler.embedded,org.exist.protocolhandler.xmldb,org.exist.protocolhandler.xmlrpc,org.exist.repo,org.exist.resolver,org.exist.scheduler,org.exist.scheduler.impl,org.exist.security,org.exist.security.internal,org.exist.security.internal.aider,org.exist.security.internal.web,org.exist.security.management,org.exist.security.realm,org.exist.security.utils,org.exist.source,org.exist.stax,org.exist.storage,org.exist.storage.blob,org.exist.storage.btree,org.exist.storage.cache,org.exist.storage.dom,org.exist.storage.index,org.exist.storage.io,org.exist.storage.journal,org.exist.storage.lock,org.exist.storage.recovery,org.exist.storage.report,org.exist.storage.serializers,org.exist.storage.structural,org.exist.storage.sync,org.exist.storage.txn,org.exist.storage.vector,org.exist.test,org.exist.util,org.exist.util.crypto.digest,org.exist.util.hashtable,org.exist.util.io,org.exist.util.pool,org.exist.util.serializer,org.exist.util.serializer.json,org.exist.validation,org.exist.validation.internal,org.exist.validation.resolver,org.exist.vector,org.exist.xmldb,org.exist.xmldb.concurrent,org.exist.xmldb.concurrent.action,org.exist.xmldb.function,org.exist.xmldb.txn.bridge,org.exist.xmlrpc,org.exist.xmlrpc.function,org.exist.xqj,org.exist.xquery,org.exist.xquery.functions.array,org.exist.xquery.functions.fn,org.exist.xquery.functions.fn.transform,org.exist.xquery.functions.integer,org.exist.xquery.functions.map,org.exist.xquery.functions.math,org.exist.xquery.functions.request,org.exist.xquery.functions.websocket,org.exist.xquery.functions.xmldb,org.exist.xquery.pragmas,org.exist.xquery.regex,org.exist.xquery.update,org.exist.xquery.util,org.exist.xquery.value,org.exist.xslt,org.exist.xupdate"
org.exist.util.serializer,44,17,0.2786885245901639,0.08571428571428572,0.6355971896955503,true,"org.exist,org.exist.backup,org.exist.backup.restore,org.exist.client,org.exist.client.security,org.exist.collections,org.exist.collections.triggers,org.exist.config,org.exist.config.mapper,org.exist.debuggee,org.exist.debugger,org.exist.dom,org.exist.dom.memtree,org.exist.dom.persistent,org.exist.http,org.exist.http.servlets,org.exist.http.urlrewrite,org.exist.http.ws,org.exist.indexing,org.exist.jetty,org.exist.management,org.exist.management.client,org.exist.management.impl,org.exist.numbering,org.exist.protocolhandler.embedded,org.exist.protocolhandler.xmldb,org.exist.protocolhandler.xmlrpc,org.exist.repo,org.exist.resolver,org.exist.scheduler,org.exist.scheduler.impl,org.exist.security,org.exist.security.internal,org.exist.security.internal.aider,org.exist.security.internal.web,org.exist.security.management,org.exist.security.realm,org.exist.security.utils,org.exist.source,org.exist.stax,org.exist.storage,org.exist.storage.blob,org.exist.storage.btree,org.exist.storage.cache,org.exist.storage.dom,org.exist.storage.index,org.exist.storage.io,org.exist.storage.journal,org.exist.storage.lock,org.exist.storage.recovery,org.exist.storage.report,org.exist.storage.serializers,org.exist.storage.structural,org.exist.storage.sync,org.exist.storage.txn,org.exist.storage.vector,org.exist.test,org.exist.util,org.exist.util.crypto.digest,org.exist.util.hashtable,org.exist.util.io,org.exist.util.pool,org.exist.util.serializer,org.exist.util.serializer.json,org.exist.validation,org.exist.validation.internal,org.exist.validation.resolver,org.exist.vector,org.exist.xmldb,org.exist.xmldb.concurrent,org.exist.xmldb.concurrent.action,org.exist.xmldb.function,org.exist.xmldb.txn.bridge,org.exist.xmlrpc,org.exist.xmlrpc.function,org.exist.xqj,org.exist.xquery,org.exist.xquery.functions.array,org.exist.xquery.functions.fn,org.exist.xquery.functions.fn.transform,org.exist.xquery.functions.integer,org.exist.xquery.functions.map,org.exist.xquery.functions.math,org.exist.xquery.functions.request,org.exist.xquery.functions.websocket,org.exist.xquery.functions.xmldb,org.exist.xquery.pragmas,org.exist.xquery.regex,org.exist.xquery.update,org.exist.xquery.util,org.exist.xquery.value,org.exist.xslt,org.exist.xupdate"
org.exist.protocolhandler.protocols.xmldb,1,4,0.8,0.0,0.19999999999999996,true,"org.exist.protocolhandler,org.exist.protocolhandler.protocols.xmldb"
org.exist.collections.triggers,10,19,0.6551724137931034,0.22,0.1248275862068966,true,"org.exist,org.exist.backup,org.exist.backup.restore,org.exist.client,org.exist.client.security,org.exist.collections,org.exist.collections.triggers,org.exist.config,org.exist.config.mapper,org.exist.debuggee,org.exist.debugger,org.exist.dom,org.exist.dom.memtree,org.exist.dom.persistent,org.exist.http,org.exist.http.servlets,org.exist.http.urlrewrite,org.exist.http.ws,org.exist.indexing,org.exist.jetty,org.exist.management,org.exist.management.client,org.exist.management.impl,org.exist.numbering,org.exist.protocolhandler.embedded,org.exist.protocolhandler.xmldb,org.exist.protocolhandler.xmlrpc,org.exist.repo,org.exist.resolver,org.exist.scheduler,org.exist.scheduler.impl,org.exist.security,org.exist.security.internal,org.exist.security.internal.aider,org.exist.security.internal.web,org.exist.security.management,org.exist.security.realm,org.exist.security.utils,org.exist.source,org.exist.stax,org.exist.storage,org.exist.storage.blob,org.exist.storage.btree,org.exist.storage.cache,org.exist.storage.dom,org.exist.storage.index,org.exist.storage.io,org.exist.storage.journal,org.exist.storage.lock,org.exist.storage.recovery,org.exist.storage.report,org.exist.storage.serializers,org.exist.storage.structural,org.exist.storage.sync,org.exist.storage.txn,org.exist.storage.vector,org.exist.test,org.exist.util,org.exist.util.crypto.digest,org.exist.util.hashtable,org.exist.util.io,org.exist.util.pool,org.exist.util.serializer,org.exist.util.serializer.json,org.exist.validation,org.exist.validation.internal,org.exist.validation.resolver,org.exist.vector,org.exist.xmldb,org.exist.xmldb.concurrent,org.exist.xmldb.concurrent.action,org.exist.xmldb.function,org.exist.xmldb.txn.bridge,org.exist.xmlrpc,org.exist.xmlrpc.function,org.exist.xqj,org.exist.xquery,org.exist.xquery.functions.array,org.exist.xquery.functions.fn,org.exist.xquery.functions.fn.transform,org.exist.xquery.functions.integer,org.exist.xquery.functions.map,org.exist.xquery.functions.math,org.exist.xquery.functions.request,org.exist.xquery.functions.websocket,org.exist.xquery.functions.xmldb,org.exist.xquery.pragmas,org.exist.xquery.regex,org.exist.xquery.update,org.exist.xquery.util,org.exist.xquery.value,org.exist.xslt,org.exist.xupdate"
xquery.logicalOp,0,0,0.0,0.0,1.0,false,
org.exist.extensions.exquery.restxq.impl.xquery,1,7,0.875,0.0,0.125,false,
org.exist.validation.resolver,2,12,0.8571428571428571,0.0,0.1428571428571429,true,"org.exist,org.exist.backup,org.exist.backup.restore,org.exist.client,org.exist.client.security,org.exist.collections,org.exist.collections.triggers,org.exist.config,org.exist.config.mapper,org.exist.debuggee,org.exist.debugger,org.exist.dom,org.exist.dom.memtree,org.exist.dom.persistent,org.exist.http,org.exist.http.servlets,org.exist.http.urlrewrite,org.exist.http.ws,org.exist.indexing,org.exist.jetty,org.exist.management,org.exist.management.client,org.exist.management.impl,org.exist.numbering,org.exist.protocolhandler.embedded,org.exist.protocolhandler.xmldb,org.exist.protocolhandler.xmlrpc,org.exist.repo,org.exist.resolver,org.exist.scheduler,org.exist.scheduler.impl,org.exist.security,org.exist.security.internal,org.exist.security.internal.aider,org.exist.security.internal.web,org.exist.security.management,org.exist.security.realm,org.exist.security.utils,org.exist.source,org.exist.stax,org.exist.storage,org.exist.storage.blob,org.exist.storage.btree,org.exist.storage.cache,org.exist.storage.dom,org.exist.storage.index,org.exist.storage.io,org.exist.storage.journal,org.exist.storage.lock,org.exist.storage.recovery,org.exist.storage.report,org.exist.storage.serializers,org.exist.storage.structural,org.exist.storage.sync,org.exist.storage.txn,org.exist.storage.vector,org.exist.test,org.exist.util,org.exist.util.crypto.digest,org.exist.util.hashtable,org.exist.util.io,org.exist.util.pool,org.exist.util.serializer,org.exist.util.serializer.json,org.exist.validation,org.exist.validation.internal,org.exist.validation.resolver,org.exist.vector,org.exist.xmldb,org.exist.xmldb.concurrent,org.exist.xmldb.concurrent.action,org.exist.xmldb.function,org.exist.xmldb.txn.bridge,org.exist.xmlrpc,org.exist.xmlrpc.function,org.exist.xqj,org.exist.xquery,org.exist.xquery.functions.array,org.exist.xquery.functions.fn,org.exist.xquery.functions.fn.transform,org.exist.xquery.functions.integer,org.exist.xquery.functions.map,org.exist.xquery.functions.math,org.exist.xquery.functions.request,org.exist.xquery.functions.websocket,org.exist.xquery.functions.xmldb,org.exist.xquery.pragmas,org.exist.xquery.regex,org.exist.xquery.update,org.exist.xquery.util,org.exist.xquery.value,org.exist.xslt,org.exist.xupdate"
org.exist.ant,1,12,0.9230769230769231,0.09090909090909091,0.013986013986013957,false,
org.exist.contentextraction,1,6,0.8571428571428571,0.0,0.1428571428571429,false,
org.exist.indexing.spatial,1,18,0.9473684210526315,0.23076923076923078,0.17813765182186225,false,
org.exist.security.realm.ldap.xquery,0,7,1.0,0.0,0.0,false,
xquery.ngram,0,0,0.0,0.0,1.0,false,
org.exist.client.tristatecheckbox,1,0,0.0,0.0,1.0,false,
org.exist.scheduler.impl,3,5,0.625,0.0,0.375,true,"org.exist,org.exist.backup,org.exist.backup.restore,org.exist.client,org.exist.client.security,org.exist.collections,org.exist.collections.triggers,org.exist.config,org.exist.config.mapper,org.exist.debuggee,org.exist.debugger,org.exist.dom,org.exist.dom.memtree,org.exist.dom.persistent,org.exist.http,org.exist.http.servlets,org.exist.http.urlrewrite,org.exist.http.ws,org.exist.indexing,org.exist.jetty,org.exist.management,org.exist.management.client,org.exist.management.impl,org.exist.numbering,org.exist.protocolhandler.embedded,org.exist.protocolhandler.xmldb,org.exist.protocolhandler.xmlrpc,org.exist.repo,org.exist.resolver,org.exist.scheduler,org.exist.scheduler.impl,org.exist.security,org.exist.security.internal,org.exist.security.internal.aider,org.exist.security.internal.web,org.exist.security.management,org.exist.security.realm,org.exist.security.utils,org.exist.source,org.exist.stax,org.exist.storage,org.exist.storage.blob,org.exist.storage.btree,org.exist.storage.cache,org.exist.storage.dom,org.exist.storage.index,org.exist.storage.io,org.exist.storage.journal,org.exist.storage.lock,org.exist.storage.recovery,org.exist.storage.report,org.exist.storage.serializers,org.exist.storage.structural,org.exist.storage.sync,org.exist.storage.txn,org.exist.storage.vector,org.exist.test,org.exist.util,org.exist.util.crypto.digest,org.exist.util.hashtable,org.exist.util.io,org.exist.util.pool,org.exist.util.serializer,org.exist.util.serializer.json,org.exist.validation,org.exist.validation.internal,org.exist.validation.resolver,org.exist.vector,org.exist.xmldb,org.exist.xmldb.concurrent,org.exist.xmldb.concurrent.action,org.exist.xmldb.function,org.exist.xmldb.txn.bridge,org.exist.xmlrpc,org.exist.xmlrpc.function,org.exist.xqj,org.exist.xquery,org.exist.xquery.functions.array,org.exist.xquery.functions.fn,org.exist.xquery.functions.fn.transform,org.exist.xquery.functions.integer,org.exist.xquery.functions.map,org.exist.xquery.functions.math,org.exist.xquery.functions.request,org.exist.xquery.functions.websocket,org.exist.xquery.functions.xmldb,org.exist.xquery.pragmas,org.exist.xquery.regex,org.exist.xquery.update,org.exist.xquery.util,org.exist.xquery.value,org.exist.xslt,org.exist.xupdate"
org.exist.xquery.update,2,19,0.9047619047619048,0.13333333333333333,0.03809523809523818,true,"org.exist,org.exist.backup,org.exist.backup.restore,org.exist.client,org.exist.client.security,org.exist.collections,org.exist.collections.triggers,org.exist.config,org.exist.config.mapper,org.exist.debuggee,org.exist.debugger,org.exist.dom,org.exist.dom.memtree,org.exist.dom.persistent,org.exist.http,org.exist.http.servlets,org.exist.http.urlrewrite,org.exist.http.ws,org.exist.indexing,org.exist.jetty,org.exist.management,org.exist.management.client,org.exist.management.impl,org.exist.numbering,org.exist.protocolhandler.embedded,org.exist.protocolhandler.xmldb,org.exist.protocolhandler.xmlrpc,org.exist.repo,org.exist.resolver,org.exist.scheduler,org.exist.scheduler.impl,org.exist.security,org.exist.security.internal,org.exist.security.internal.aider,org.exist.security.internal.web,org.exist.security.management,org.exist.security.realm,org.exist.security.utils,org.exist.source,org.exist.stax,org.exist.storage,org.exist.storage.blob,org.exist.storage.btree,org.exist.storage.cache,org.exist.storage.dom,org.exist.storage.index,org.exist.storage.io,org.exist.storage.journal,org.exist.storage.lock,org.exist.storage.recovery,org.exist.storage.report,org.exist.storage.serializers,org.exist.storage.structural,org.exist.storage.sync,org.exist.storage.txn,org.exist.storage.vector,org.exist.test,org.exist.util,org.exist.util.crypto.digest,org.exist.util.hashtable,org.exist.util.io,org.exist.util.pool,org.exist.util.serializer,org.exist.util.serializer.json,org.exist.validation,org.exist.validation.internal,org.exist.validation.resolver,org.exist.vector,org.exist.xmldb,org.exist.xmldb.concurrent,org.exist.xmldb.concurrent.action,org.exist.xmldb.function,org.exist.xmldb.txn.bridge,org.exist.xmlrpc,org.exist.xmlrpc.function,org.exist.xqj,org.exist.xquery,org.exist.xquery.functions.array,org.exist.xquery.functions.fn,org.exist.xquery.functions.fn.transform,org.exist.xquery.functions.integer,org.exist.xquery.functions.map,org.exist.xquery.functions.math,org.exist.xquery.functions.request,org.exist.xquery.functions.websocket,org.exist.xquery.functions.xmldb,org.exist.xquery.pragmas,org.exist.xquery.regex,org.exist.xquery.update,org.exist.xquery.util,org.exist.xquery.value,org.exist.xslt,org.exist.xupdate"
org.exist.indexing.sort,1,13,0.9285714285714286,0.25,0.1785714285714286,false,
org.exist.launcher,0,10,1.0,0.14285714285714285,0.1428571428571428,false,
org.exist.config.mapper,1,2,0.6666666666666666,0.0,0.33333333333333337,true,"org.exist,org.exist.backup,org.exist.backup.restore,org.exist.client,org.exist.client.security,org.exist.collections,org.exist.collections.triggers,org.exist.config,org.exist.config.mapper,org.exist.debuggee,org.exist.debugger,org.exist.dom,org.exist.dom.memtree,org.exist.dom.persistent,org.exist.http,org.exist.http.servlets,org.exist.http.urlrewrite,org.exist.http.ws,org.exist.indexing,org.exist.jetty,org.exist.management,org.exist.management.client,org.exist.management.impl,org.exist.numbering,org.exist.protocolhandler.embedded,org.exist.protocolhandler.xmldb,org.exist.protocolhandler.xmlrpc,org.exist.repo,org.exist.resolver,org.exist.scheduler,org.exist.scheduler.impl,org.exist.security,org.exist.security.internal,org.exist.security.internal.aider,org.exist.security.internal.web,org.exist.security.management,org.exist.security.realm,org.exist.security.utils,org.exist.source,org.exist.stax,org.exist.storage,org.exist.storage.blob,org.exist.storage.btree,org.exist.storage.cache,org.exist.storage.dom,org.exist.storage.index,org.exist.storage.io,org.exist.storage.journal,org.exist.storage.lock,org.exist.storage.recovery,org.exist.storage.report,org.exist.storage.serializers,org.exist.storage.structural,org.exist.storage.sync,org.exist.storage.txn,org.exist.storage.vector,org.exist.test,org.exist.util,org.exist.util.crypto.digest,org.exist.util.hashtable,org.exist.util.io,org.exist.util.pool,org.exist.util.serializer,org.exist.util.serializer.json,org.exist.validation,org.exist.validation.internal,org.exist.validation.resolver,org.exist.vector,org.exist.xmldb,org.exist.xmldb.concurrent,org.exist.xmldb.concurrent.action,org.exist.xmldb.function,org.exist.xmldb.txn.bridge,org.exist.xmlrpc,org.exist.xmlrpc.function,org.exist.xqj,org.exist.xquery,org.exist.xquery.functions.array,org.exist.xquery.functions.fn,org.exist.xquery.functions.fn.transform,org.exist.xquery.functions.integer,org.exist.xquery.functions.map,org.exist.xquery.functions.math,org.exist.xquery.functions.request,org.exist.xquery.functions.websocket,org.exist.xquery.functions.xmldb,org.exist.xquery.pragmas,org.exist.xquery.regex,org.exist.xquery.update,org.exist.xquery.util,org.exist.xquery.value,org.exist.xslt,org.exist.xupdate"
org.exist.debugger,1,2,0.6666666666666666,0.8,0.4666666666666668,true,"org.exist,org.exist.backup,org.exist.backup.restore,org.exist.client,org.exist.client.security,org.exist.collections,org.exist.collections.triggers,org.exist.config,org.exist.config.mapper,org.exist.debuggee,org.exist.debugger,org.exist.dom,org.exist.dom.memtree,org.exist.dom.persistent,org.exist.http,org.exist.http.servlets,org.exist.http.urlrewrite,org.exist.http.ws,org.exist.indexing,org.exist.jetty,org.exist.management,org.exist.management.client,org.exist.management.impl,org.exist.numbering,org.exist.protocolhandler.embedded,org.exist.protocolhandler.xmldb,org.exist.protocolhandler.xmlrpc,org.exist.repo,org.exist.resolver,org.exist.scheduler,org.exist.scheduler.impl,org.exist.security,org.exist.security.internal,org.exist.security.internal.aider,org.exist.security.internal.web,org.exist.security.management,org.exist.security.realm,org.exist.security.utils,org.exist.source,org.exist.stax,org.exist.storage,org.exist.storage.blob,org.exist.storage.btree,org.exist.storage.cache,org.exist.storage.dom,org.exist.storage.index,org.exist.storage.io,org.exist.storage.journal,org.exist.storage.lock,org.exist.storage.recovery,org.exist.storage.report,org.exist.storage.serializers,org.exist.storage.structural,org.exist.storage.sync,org.exist.storage.txn,org.exist.storage.vector,org.exist.test,org.exist.util,org.exist.util.crypto.digest,org.exist.util.hashtable,org.exist.util.io,org.exist.util.pool,org.exist.util.serializer,org.exist.util.serializer.json,org.exist.validation,org.exist.validation.internal,org.exist.validation.resolver,org.exist.vector,org.exist.xmldb,org.exist.xmldb.concurrent,org.exist.xmldb.concurrent.action,org.exist.xmldb.function,org.exist.xmldb.txn.bridge,org.exist.xmlrpc,org.exist.xmlrpc.function,org.exist.xqj,org.exist.xquery,org.exist.xquery.functions.array,org.exist.xquery.functions.fn,org.exist.xquery.functions.fn.transform,org.exist.xquery.functions.integer,org.exist.xquery.functions.map,org.exist.xquery.functions.math,org.exist.xquery.functions.request,org.exist.xquery.functions.websocket,org.exist.xquery.functions.xmldb,org.exist.xquery.pragmas,org.exist.xquery.regex,org.exist.xquery.update,org.exist.xquery.util,org.exist.xquery.value,org.exist.xslt,org.exist.xupdate"
org.exist.security.realm.activedirectory,0,7,1.0,0.0,0.0,false,
org.exist.config.mapping,0,1,1.0,0.0,0.0,false,
org.exist.util.sanity,5,0,0.0,0.0,1.0,false,
org.exist.protocolhandler.embedded,4,11,0.7333333333333333,0.0,0.2666666666666667,true,"org.exist,org.exist.backup,org.exist.backup.restore,org.exist.client,org.exist.client.security,org.exist.collections,org.exist.collections.triggers,org.exist.config,org.exist.config.mapper,org.exist.debuggee,org.exist.debugger,org.exist.dom,org.exist.dom.memtree,org.exist.dom.persistent,org.exist.http,org.exist.http.servlets,org.exist.http.urlrewrite,org.exist.http.ws,org.exist.indexing,org.exist.jetty,org.exist.management,org.exist.management.client,org.exist.management.impl,org.exist.numbering,org.exist.protocolhandler.embedded,org.exist.protocolhandler.xmldb,org.exist.protocolhandler.xmlrpc,org.exist.repo,org.exist.resolver,org.exist.scheduler,org.exist.scheduler.impl,org.exist.security,org.exist.security.internal,org.exist.security.internal.aider,org.exist.security.internal.web,org.exist.security.management,org.exist.security.realm,org.exist.security.utils,org.exist.source,org.exist.stax,org.exist.storage,org.exist.storage.blob,org.exist.storage.btree,org.exist.storage.cache,org.exist.storage.dom,org.exist.storage.index,org.exist.storage.io,org.exist.storage.journal,org.exist.storage.lock,org.exist.storage.recovery,org.exist.storage.report,org.exist.storage.serializers,org.exist.storage.structural,org.exist.storage.sync,org.exist.storage.txn,org.exist.storage.vector,org.exist.test,org.exist.util,org.exist.util.crypto.digest,org.exist.util.hashtable,org.exist.util.io,org.exist.util.pool,org.exist.util.serializer,org.exist.util.serializer.json,org.exist.validation,org.exist.validation.internal,org.exist.validation.resolver,org.exist.vector,org.exist.xmldb,org.exist.xmldb.concurrent,org.exist.xmldb.concurrent.action,org.exist.xmldb.function,org.exist.xmldb.txn.bridge,org.exist.xmlrpc,org.exist.xmlrpc.function,org.exist.xqj,org.exist.xquery,org.exist.xquery.functions.array,org.exist.xquery.functions.fn,org.exist.xquery.functions.fn.transform,org.exist.xquery.functions.integer,org.exist.xquery.functions.map,org.exist.xquery.functions.math,org.exist.xquery.functions.request,org.exist.xquery.functions.websocket,org.exist.xquery.functions.xmldb,org.exist.xquery.pragmas,org.exist.xquery.regex,org.exist.xquery.update,org.exist.xquery.util,org.exist.xquery.value,org.exist.xslt,org.exist.xupdate"
org.exist.xquery.value,113,17,0.13076923076923078,0.125,0.7442307692307693,true,"org.exist,org.exist.backup,org.exist.backup.restore,org.exist.client,org.exist.client.security,org.exist.collections,org.exist.collections.triggers,org.exist.config,org.exist.config.mapper,org.exist.debuggee,org.exist.debugger,org.exist.dom,org.exist.dom.memtree,org.exist.dom.persistent,org.exist.http,org.exist.http.servlets,org.exist.http.urlrewrite,org.exist.http.ws,org.exist.indexing,org.exist.jetty,org.exist.management,org.exist.management.client,org.exist.management.impl,org.exist.numbering,org.exist.protocolhandler.embedded,org.exist.protocolhandler.xmldb,org.exist.protocolhandler.xmlrpc,org.exist.repo,org.exist.resolver,org.exist.scheduler,org.exist.scheduler.impl,org.exist.security,org.exist.security.internal,org.exist.security.internal.aider,org.exist.security.internal.web,org.exist.security.management,org.exist.security.realm,org.exist.security.utils,org.exist.source,org.exist.stax,org.exist.storage,org.exist.storage.blob,org.exist.storage.btree,org.exist.storage.cache,org.exist.storage.dom,org.exist.storage.index,org.exist.storage.io,org.exist.storage.journal,org.exist.storage.lock,org.exist.storage.recovery,org.exist.storage.report,org.exist.storage.serializers,org.exist.storage.structural,org.exist.storage.sync,org.exist.storage.txn,org.exist.storage.vector,org.exist.test,org.exist.util,org.exist.util.crypto.digest,org.exist.util.hashtable,org.exist.util.io,org.exist.util.pool,org.exist.util.serializer,org.exist.util.serializer.json,org.exist.validation,org.exist.validation.internal,org.exist.validation.resolver,org.exist.vector,org.exist.xmldb,org.exist.xmldb.concurrent,org.exist.xmldb.concurrent.action,org.exist.xmldb.function,org.exist.xmldb.txn.bridge,org.exist.xmlrpc,org.exist.xmlrpc.function,org.exist.xqj,org.exist.xquery,org.exist.xquery.functions.array,org.exist.xquery.functions.fn,org.exist.xquery.functions.fn.transform,org.exist.xquery.functions.integer,org.exist.xquery.functions.map,org.exist.xquery.functions.math,org.exist.xquery.functions.request,org.exist.xquery.functions.websocket,org.exist.xquery.functions.xmldb,org.exist.xquery.pragmas,org.exist.xquery.regex,org.exist.xquery.update,org.exist.xquery.util,org.exist.xquery.value,org.exist.xslt,org.exist.xupdate"
org.exist.storage.util,0,3,1.0,0.0,0.0,false,
org.exist.xquery.modules.range,1,16,0.9411764705882353,0.0,0.05882352941176472,true,"org.exist.indexing.range,org.exist.indexing.range.conversion,org.exist.xquery.modules.range"
org.exist.dom.persistent,78,29,0.27102803738317754,0.19047619047619047,0.538495772140632,true,"org.exist,org.exist.backup,org.exist.backup.restore,org.exist.client,org.exist.client.security,org.exist.collections,org.exist.collections.triggers,org.exist.config,org.exist.config.mapper,org.exist.debuggee,org.exist.debugger,org.exist.dom,org.exist.dom.memtree,org.exist.dom.persistent,org.exist.http,org.exist.http.servlets,org.exist.http.urlrewrite,org.exist.http.ws,org.exist.indexing,org.exist.jetty,org.exist.management,org.exist.management.client,org.exist.management.impl,org.exist.numbering,org.exist.protocolhandler.embedded,org.exist.protocolhandler.xmldb,org.exist.protocolhandler.xmlrpc,org.exist.repo,org.exist.resolver,org.exist.scheduler,org.exist.scheduler.impl,org.exist.security,org.exist.security.internal,org.exist.security.internal.aider,org.exist.security.internal.web,org.exist.security.management,org.exist.security.realm,org.exist.security.utils,org.exist.source,org.exist.stax,org.exist.storage,org.exist.storage.blob,org.exist.storage.btree,org.exist.storage.cache,org.exist.storage.dom,org.exist.storage.index,org.exist.storage.io,org.exist.storage.journal,org.exist.storage.lock,org.exist.storage.recovery,org.exist.storage.report,org.exist.storage.serializers,org.exist.storage.structural,org.exist.storage.sync,org.exist.storage.txn,org.exist.storage.vector,org.exist.test,org.exist.util,org.exist.util.crypto.digest,org.exist.util.hashtable,org.exist.util.io,org.exist.util.pool,org.exist.util.serializer,org.exist.util.serializer.json,org.exist.validation,org.exist.validation.internal,org.exist.validation.resolver,org.exist.vector,org.exist.xmldb,org.exist.xmldb.concurrent,org.exist.xmldb.concurrent.action,org.exist.xmldb.function,org.exist.xmldb.txn.bridge,org.exist.xmlrpc,org.exist.xmlrpc.function,org.exist.xqj,org.exist.xquery,org.exist.xquery.functions.array,org.exist.xquery.functions.fn,org.exist.xquery.functions.fn.transform,org.exist.xquery.functions.integer,org.exist.xquery.functions.map,org.exist.xquery.functions.math,org.exist.xquery.functions.request,org.exist.xquery.functions.websocket,org.exist.xquery.functions.xmldb,org.exist.xquery.pragmas,org.exist.xquery.regex,org.exist.xquery.update,org.exist.xquery.util,org.exist.xquery.value,org.exist.xslt,org.exist.xupdate"
org.exist.xmlrpc,1,37,0.9736842105263158,0.06451612903225806,0.03820033955857394,true,"org.exist,org.exist.backup,org.exist.backup.restore,org.exist.client,org.exist.client.security,org.exist.collections,org.exist.collections.triggers,org.exist.config,org.exist.config.mapper,org.exist.debuggee,org.exist.debugger,org.exist.dom,org.exist.dom.memtree,org.exist.dom.persistent,org.exist.http,org.exist.http.servlets,org.exist.http.urlrewrite,org.exist.http.ws,org.exist.indexing,org.exist.jetty,org.exist.management,org.exist.management.client,org.exist.management.impl,org.exist.numbering,org.exist.protocolhandler.embedded,org.exist.protocolhandler.xmldb,org.exist.protocolhandler.xmlrpc,org.exist.repo,org.exist.resolver,org.exist.scheduler,org.exist.scheduler.impl,org.exist.security,org.exist.security.internal,org.exist.security.internal.aider,org.exist.security.internal.web,org.exist.security.management,org.exist.security.realm,org.exist.security.utils,org.exist.source,org.exist.stax,org.exist.storage,org.exist.storage.blob,org.exist.storage.btree,org.exist.storage.cache,org.exist.storage.dom,org.exist.storage.index,org.exist.storage.io,org.exist.storage.journal,org.exist.storage.lock,org.exist.storage.recovery,org.exist.storage.report,org.exist.storage.serializers,org.exist.storage.structural,org.exist.storage.sync,org.exist.storage.txn,org.exist.storage.vector,org.exist.test,org.exist.util,org.exist.util.crypto.digest,org.exist.util.hashtable,org.exist.util.io,org.exist.util.pool,org.exist.util.serializer,org.exist.util.serializer.json,org.exist.validation,org.exist.validation.internal,org.exist.validation.resolver,org.exist.vector,org.exist.xmldb,org.exist.xmldb.concurrent,org.exist.xmldb.concurrent.action,org.exist.xmldb.function,org.exist.xmldb.txn.bridge,org.exist.xmlrpc,org.exist.xmlrpc.function,org.exist.xqj,org.exist.xquery,org.exist.xquery.functions.array,org.exist.xquery.functions.fn,org.exist.xquery.functions.fn.transform,org.exist.xquery.functions.integer,org.exist.xquery.functions.map,org.exist.xquery.functions.math,org.exist.xquery.functions.request,org.exist.xquery.functions.websocket,org.exist.xquery.functions.xmldb,org.exist.xquery.pragmas,org.exist.xquery.regex,org.exist.xquery.update,org.exist.xquery.util,org.exist.xquery.value,org.exist.xslt,org.exist.xupdate"
xquery.validation,0,0,0.0,0.0,1.0,false,
org.exist.storage.vector,6,11,0.6470588235294118,0.375,0.022058823529411686,true,"org.exist,org.exist.backup,org.exist.backup.restore,org.exist.client,org.exist.client.security,org.exist.collections,org.exist.collections.triggers,org.exist.config,org.exist.config.mapper,org.exist.debuggee,org.exist.debugger,org.exist.dom,org.exist.dom.memtree,org.exist.dom.persistent,org.exist.http,org.exist.http.servlets,org.exist.http.urlrewrite,org.exist.http.ws,org.exist.indexing,org.exist.jetty,org.exist.management,org.exist.management.client,org.exist.management.impl,org.exist.numbering,org.exist.protocolhandler.embedded,org.exist.protocolhandler.xmldb,org.exist.protocolhandler.xmlrpc,org.exist.repo,org.exist.resolver,org.exist.scheduler,org.exist.scheduler.impl,org.exist.security,org.exist.security.internal,org.exist.security.internal.aider,org.exist.security.internal.web,org.exist.security.management,org.exist.security.realm,org.exist.security.utils,org.exist.source,org.exist.stax,org.exist.storage,org.exist.storage.blob,org.exist.storage.btree,org.exist.storage.cache,org.exist.storage.dom,org.exist.storage.index,org.exist.storage.io,org.exist.storage.journal,org.exist.storage.lock,org.exist.storage.recovery,org.exist.storage.report,org.exist.storage.serializers,org.exist.storage.structural,org.exist.storage.sync,org.exist.storage.txn,org.exist.storage.vector,org.exist.test,org.exist.util,org.exist.util.crypto.digest,org.exist.util.hashtable,org.exist.util.io,org.exist.util.pool,org.exist.util.serializer,org.exist.util.serializer.json,org.exist.validation,org.exist.validation.internal,org.exist.validation.resolver,org.exist.vector,org.exist.xmldb,org.exist.xmldb.concurrent,org.exist.xmldb.concurrent.action,org.exist.xmldb.function,org.exist.xmldb.txn.bridge,org.exist.xmlrpc,org.exist.xmlrpc.function,org.exist.xqj,org.exist.xquery,org.exist.xquery.functions.array,org.exist.xquery.functions.fn,org.exist.xquery.functions.fn.transform,org.exist.xquery.functions.integer,org.exist.xquery.functions.map,org.exist.xquery.functions.math,org.exist.xquery.functions.request,org.exist.xquery.functions.websocket,org.exist.xquery.functions.xmldb,org.exist.xquery.pragmas,org.exist.xquery.regex,org.exist.xquery.update,org.exist.xquery.util,org.exist.xquery.value,org.exist.xslt,org.exist.xupdate"
org.exist.util.pool,4,1,0.2,0.0,0.8,true,"org.exist,org.exist.backup,org.exist.backup.restore,org.exist.client,org.exist.client.security,org.exist.collections,org.exist.collections.triggers,org.exist.config,org.exist.config.mapper,org.exist.debuggee,org.exist.debugger,org.exist.dom,org.exist.dom.memtree,org.exist.dom.persistent,org.exist.http,org.exist.http.servlets,org.exist.http.urlrewrite,org.exist.http.ws,org.exist.indexing,org.exist.jetty,org.exist.management,org.exist.management.client,org.exist.management.impl,org.exist.numbering,org.exist.protocolhandler.embedded,org.exist.protocolhandler.xmldb,org.exist.protocolhandler.xmlrpc,org.exist.repo,org.exist.resolver,org.exist.scheduler,org.exist.scheduler.impl,org.exist.security,org.exist.security.internal,org.exist.security.internal.aider,org.exist.security.internal.web,org.exist.security.management,org.exist.security.realm,org.exist.security.utils,org.exist.source,org.exist.stax,org.exist.storage,org.exist.storage.blob,org.exist.storage.btree,org.exist.storage.cache,org.exist.storage.dom,org.exist.storage.index,org.exist.storage.io,org.exist.storage.journal,org.exist.storage.lock,org.exist.storage.recovery,org.exist.storage.report,org.exist.storage.serializers,org.exist.storage.structural,org.exist.storage.sync,org.exist.storage.txn,org.exist.storage.vector,org.exist.test,org.exist.util,org.exist.util.crypto.digest,org.exist.util.hashtable,org.exist.util.io,org.exist.util.pool,org.exist.util.serializer,org.exist.util.serializer.json,org.exist.validation,org.exist.validation.internal,org.exist.validation.resolver,org.exist.vector,org.exist.xmldb,org.exist.xmldb.concurrent,org.exist.xmldb.concurrent.action,org.exist.xmldb.function,org.exist.xmldb.txn.bridge,org.exist.xmlrpc,org.exist.xmlrpc.function,org.exist.xqj,org.exist.xquery,org.exist.xquery.functions.array,org.exist.xquery.functions.fn,org.exist.xquery.functions.fn.transform,org.exist.xquery.functions.integer,org.exist.xquery.functions.map,org.exist.xquery.functions.math,org.exist.xquery.functions.request,org.exist.xquery.functions.websocket,org.exist.xquery.functions.xmldb,org.exist.xquery.pragmas,org.exist.xquery.regex,org.exist.xquery.update,org.exist.xquery.util,org.exist.xquery.value,org.exist.xslt,org.exist.xupdate"
org.exist.xquery.modules.sql,1,17,0.9444444444444444,0.0,0.05555555555555558,false,
org.exist.storage.dom,8,13,0.6190476190476191,0.11538461538461539,0.2655677655677655,true,"org.exist,org.exist.backup,org.exist.backup.restore,org.exist.client,org.exist.client.security,org.exist.collections,org.exist.collections.triggers,org.exist.config,org.exist.config.mapper,org.exist.debuggee,org.exist.debugger,org.exist.dom,org.exist.dom.memtree,org.exist.dom.persistent,org.exist.http,org.exist.http.servlets,org.exist.http.urlrewrite,org.exist.http.ws,org.exist.indexing,org.exist.jetty,org.exist.management,org.exist.management.client,org.exist.management.impl,org.exist.numbering,org.exist.protocolhandler.embedded,org.exist.protocolhandler.xmldb,org.exist.protocolhandler.xmlrpc,org.exist.repo,org.exist.resolver,org.exist.scheduler,org.exist.scheduler.impl,org.exist.security,org.exist.security.internal,org.exist.security.internal.aider,org.exist.security.internal.web,org.exist.security.management,org.exist.security.realm,org.exist.security.utils,org.exist.source,org.exist.stax,org.exist.storage,org.exist.storage.blob,org.exist.storage.btree,org.exist.storage.cache,org.exist.storage.dom,org.exist.storage.index,org.exist.storage.io,org.exist.storage.journal,org.exist.storage.lock,org.exist.storage.recovery,org.exist.storage.report,org.exist.storage.serializers,org.exist.storage.structural,org.exist.storage.sync,org.exist.storage.txn,org.exist.storage.vector,org.exist.test,org.exist.util,org.exist.util.crypto.digest,org.exist.util.hashtable,org.exist.util.io,org.exist.util.pool,org.exist.util.serializer,org.exist.util.serializer.json,org.exist.validation,org.exist.validation.internal,org.exist.validation.resolver,org.exist.vector,org.exist.xmldb,org.exist.xmldb.concurrent,org.exist.xmldb.concurrent.action,org.exist.xmldb.function,org.exist.xmldb.txn.bridge,org.exist.xmlrpc,org.exist.xmlrpc.function,org.exist.xqj,org.exist.xquery,org.exist.xquery.functions.array,org.exist.xquery.functions.fn,org.exist.xquery.functions.fn.transform,org.exist.xquery.functions.integer,org.exist.xquery.functions.map,org.exist.xquery.functions.math,org.exist.xquery.functions.request,org.exist.xquery.functions.websocket,org.exist.xquery.functions.xmldb,org.exist.xquery.pragmas,org.exist.xquery.regex,org.exist.xquery.update,org.exist.xquery.util,org.exist.xquery.value,org.exist.xslt,org.exist.xupdate"
xquery.xquery3,0,0,0.0,0.0,1.0,false,
org.exist.extensions.exquery.restxq.impl.adapters,3,14,0.8235294117647058,0.0,0.17647058823529416,false,
org.exist.storage.serializers,44,18,0.2903225806451613,0.17647058823529413,0.5332068311195446,true,"org.exist,org.exist.backup,org.exist.backup.restore,org.exist.client,org.exist.client.security,org.exist.collections,org.exist.collections.triggers,org.exist.config,org.exist.config.mapper,org.exist.debuggee,org.exist.debugger,org.exist.dom,org.exist.dom.memtree,org.exist.dom.persistent,org.exist.http,org.exist.http.servlets,org.exist.http.urlrewrite,org.exist.http.ws,org.exist.indexing,org.exist.jetty,org.exist.management,org.exist.management.client,org.exist.management.impl,org.exist.numbering,org.exist.protocolhandler.embedded,org.exist.protocolhandler.xmldb,org.exist.protocolhandler.xmlrpc,org.exist.repo,org.exist.resolver,org.exist.scheduler,org.exist.scheduler.impl,org.exist.security,org.exist.security.internal,org.exist.security.internal.aider,org.exist.security.internal.web,org.exist.security.management,org.exist.security.realm,org.exist.security.utils,org.exist.source,org.exist.stax,org.exist.storage,org.exist.storage.blob,org.exist.storage.btree,org.exist.storage.cache,org.exist.storage.dom,org.exist.storage.index,org.exist.storage.io,org.exist.storage.journal,org.exist.storage.lock,org.exist.storage.recovery,org.exist.storage.report,org.exist.storage.serializers,org.exist.storage.structural,org.exist.storage.sync,org.exist.storage.txn,org.exist.storage.vector,org.exist.test,org.exist.util,org.exist.util.crypto.digest,org.exist.util.hashtable,org.exist.util.io,org.exist.util.pool,org.exist.util.serializer,org.exist.util.serializer.json,org.exist.validation,org.exist.validation.internal,org.exist.validation.resolver,org.exist.vector,org.exist.xmldb,org.exist.xmldb.concurrent,org.exist.xmldb.concurrent.action,org.exist.xmldb.function,org.exist.xmldb.txn.bridge,org.exist.xmlrpc,org.exist.xmlrpc.function,org.exist.xqj,org.exist.xquery,org.exist.xquery.functions.array,org.exist.xquery.functions.fn,org.exist.xquery.functions.fn.transform,org.exist.xquery.functions.integer,org.exist.xquery.functions.map,org.exist.xquery.functions.math,org.exist.xquery.functions.request,org.exist.xquery.functions.websocket,org.exist.xquery.functions.xmldb,org.exist.xquery.pragmas,org.exist.xquery.regex,org.exist.xquery.update,org.exist.xquery.util,org.exist.xquery.value,org.exist.xslt,org.exist.xupdate"
org.exist.start.classloader,3,0,0.0,0.0,1.0,false,
org.exist.indexing.lucene,2,30,0.9375,0.10810810810810811,0.045608108108108114,true,"org.exist.indexing.lucene,org.exist.xquery.modules.lucene"
org.exist.source,37,11,0.22916666666666666,0.18181818181818182,0.5890151515151515,true,"org.exist,org.exist.backup,org.exist.backup.restore,org.exist.client,org.exist.client.security,org.exist.collections,org.exist.collections.triggers,org.exist.config,org.exist.config.mapper,org.exist.debuggee,org.exist.debugger,org.exist.dom,org.exist.dom.memtree,org.exist.dom.persistent,org.exist.http,org.exist.http.servlets,org.exist.http.urlrewrite,org.exist.http.ws,org.exist.indexing,org.exist.jetty,org.exist.management,org.exist.management.client,org.exist.management.impl,org.exist.numbering,org.exist.protocolhandler.embedded,org.exist.protocolhandler.xmldb,org.exist.protocolhandler.xmlrpc,org.exist.repo,org.exist.resolver,org.exist.scheduler,org.exist.scheduler.impl,org.exist.security,org.exist.security.internal,org.exist.security.internal.aider,org.exist.security.internal.web,org.exist.security.management,org.exist.security.realm,org.exist.security.utils,org.exist.source,org.exist.stax,org.exist.storage,org.exist.storage.blob,org.exist.storage.btree,org.exist.storage.cache,org.exist.storage.dom,org.exist.storage.index,org.exist.storage.io,org.exist.storage.journal,org.exist.storage.lock,org.exist.storage.recovery,org.exist.storage.report,org.exist.storage.serializers,org.exist.storage.structural,org.exist.storage.sync,org.exist.storage.txn,org.exist.storage.vector,org.exist.test,org.exist.util,org.exist.util.crypto.digest,org.exist.util.hashtable,org.exist.util.io,org.exist.util.pool,org.exist.util.serializer,org.exist.util.serializer.json,org.exist.validation,org.exist.validation.internal,org.exist.validation.resolver,org.exist.vector,org.exist.xmldb,org.exist.xmldb.concurrent,org.exist.xmldb.concurrent.action,org.exist.xmldb.function,org.exist.xmldb.txn.bridge,org.exist.xmlrpc,org.exist.xmlrpc.function,org.exist.xqj,org.exist.xquery,org.exist.xquery.functions.array,org.exist.xquery.functions.fn,org.exist.xquery.functions.fn.transform,org.exist.xquery.functions.integer,org.exist.xquery.functions.map,org.exist.xquery.functions.math,org.exist.xquery.functions.request,org.exist.xquery.functions.websocket,org.exist.xquery.functions.xmldb,org.exist.xquery.pragmas,org.exist.xquery.regex,org.exist.xquery.update,org.exist.xquery.util,org.exist.xquery.value,org.exist.xslt,org.exist.xupdate"
org.exist.start,10,1,0.09090909090909091,0.0,0.9090909090909091,false,
org.exist.indexing.range,2,14,0.875,0.08695652173913043,0.03804347826086962,true,"org.exist.indexing.range,org.exist.indexing.range.conversion,org.exist.xquery.modules.range"
org.exist.test.runner,0,13,1.0,0.0625,0.0625,false,
org.exist.config,9,20,0.6896551724137931,0.14285714285714285,0.16748768472906406,true,"org.exist,org.exist.backup,org.exist.backup.restore,org.exist.client,org.exist.client.security,org.exist.collections,org.exist.collections.triggers,org.exist.config,org.exist.config.mapper,org.exist.debuggee,org.exist.debugger,org.exist.dom,org.exist.dom.memtree,org.exist.dom.persistent,org.exist.http,org.exist.http.servlets,org.exist.http.urlrewrite,org.exist.http.ws,org.exist.indexing,org.exist.jetty,org.exist.management,org.exist.management.client,org.exist.management.impl,org.exist.numbering,org.exist.protocolhandler.embedded,org.exist.protocolhandler.xmldb,org.exist.protocolhandler.xmlrpc,org.exist.repo,org.exist.resolver,org.exist.scheduler,org.exist.scheduler.impl,org.exist.security,org.exist.security.internal,org.exist.security.internal.aider,org.exist.security.internal.web,org.exist.security.management,org.exist.security.realm,org.exist.security.utils,org.exist.source,org.exist.stax,org.exist.storage,org.exist.storage.blob,org.exist.storage.btree,org.exist.storage.cache,org.exist.storage.dom,org.exist.storage.index,org.exist.storage.io,org.exist.storage.journal,org.exist.storage.lock,org.exist.storage.recovery,org.exist.storage.report,org.exist.storage.serializers,org.exist.storage.structural,org.exist.storage.sync,org.exist.storage.txn,org.exist.storage.vector,org.exist.test,org.exist.util,org.exist.util.crypto.digest,org.exist.util.hashtable,org.exist.util.io,org.exist.util.pool,org.exist.util.serializer,org.exist.util.serializer.json,org.exist.validation,org.exist.validation.internal,org.exist.validation.resolver,org.exist.vector,org.exist.xmldb,org.exist.xmldb.concurrent,org.exist.xmldb.concurrent.action,org.exist.xmldb.function,org.exist.xmldb.txn.bridge,org.exist.xmlrpc,org.exist.xmlrpc.function,org.exist.xqj,org.exist.xquery,org.exist.xquery.functions.array,org.exist.xquery.functions.fn,org.exist.xquery.functions.fn.transform,org.exist.xquery.functions.integer,org.exist.xquery.functions.map,org.exist.xquery.functions.math,org.exist.xquery.functions.request,org.exist.xquery.functions.websocket,org.exist.xquery.functions.xmldb,org.exist.xquery.pragmas,org.exist.xquery.regex,org.exist.xquery.update,org.exist.xquery.util,org.exist.xquery.value,org.exist.xslt,org.exist.xupdate"
org.exist.storage.statistics,1,16,0.9411764705882353,0.0,0.05882352941176472,false,
org.exist.security.internal.aider,16,7,0.30434782608695654,0.1111111111111111,0.5845410628019323,true,"org.exist,org.exist.backup,org.exist.backup.restore,org.exist.client,org.exist.client.security,org.exist.collections,org.exist.collections.triggers,org.exist.config,org.exist.config.mapper,org.exist.debuggee,org.exist.debugger,org.exist.dom,org.exist.dom.memtree,org.exist.dom.persistent,org.exist.http,org.exist.http.servlets,org.exist.http.urlrewrite,org.exist.http.ws,org.exist.indexing,org.exist.jetty,org.exist.management,org.exist.management.client,org.exist.management.impl,org.exist.numbering,org.exist.protocolhandler.embedded,org.exist.protocolhandler.xmldb,org.exist.protocolhandler.xmlrpc,org.exist.repo,org.exist.resolver,org.exist.scheduler,org.exist.scheduler.impl,org.exist.security,org.exist.security.internal,org.exist.security.internal.aider,org.exist.security.internal.web,org.exist.security.management,org.exist.security.realm,org.exist.security.utils,org.exist.source,org.exist.stax,org.exist.storage,org.exist.storage.blob,org.exist.storage.btree,org.exist.storage.cache,org.exist.storage.dom,org.exist.storage.index,org.exist.storage.io,org.exist.storage.journal,org.exist.storage.lock,org.exist.storage.recovery,org.exist.storage.report,org.exist.storage.serializers,org.exist.storage.structural,org.exist.storage.sync,org.exist.storage.txn,org.exist.storage.vector,org.exist.test,org.exist.util,org.exist.util.crypto.digest,org.exist.util.hashtable,org.exist.util.io,org.exist.util.pool,org.exist.util.serializer,org.exist.util.serializer.json,org.exist.validation,org.exist.validation.internal,org.exist.validation.resolver,org.exist.vector,org.exist.xmldb,org.exist.xmldb.concurrent,org.exist.xmldb.concurrent.action,org.exist.xmldb.function,org.exist.xmldb.txn.bridge,org.exist.xmlrpc,org.exist.xmlrpc.function,org.exist.xqj,org.exist.xquery,org.exist.xquery.functions.array,org.exist.xquery.functions.fn,org.exist.xquery.functions.fn.transform,org.exist.xquery.functions.integer,org.exist.xquery.functions.map,org.exist.xquery.functions.math,org.exist.xquery.functions.request,org.exist.xquery.functions.websocket,org.exist.xquery.functions.xmldb,org.exist.xquery.pragmas,org.exist.xquery.regex,org.exist.xquery.update,org.exist.xquery.util,org.exist.xquery.value,org.exist.xslt,org.exist.xupdate"
org.exist.xquery.modules.file,0,21,1.0,0.08333333333333333,0.08333333333333326,false,
org.exist.xqdoc.ant,0,5,1.0,0.0,0.0,false,
org.exist.xquery.functions.websocket,2,10,0.8333333333333334,0.125,0.04166666666666663,true,"org.exist,org.exist.backup,org.exist.backup.restore,org.exist.client,org.exist.client.security,org.exist.collections,org.exist.collections.triggers,org.exist.config,org.exist.config.mapper,org.exist.debuggee,org.exist.debugger,org.exist.dom,org.exist.dom.memtree,org.exist.dom.persistent,org.exist.http,org.exist.http.servlets,org.exist.http.urlrewrite,org.exist.http.ws,org.exist.indexing,org.exist.jetty,org.exist.management,org.exist.management.client,org.exist.management.impl,org.exist.numbering,org.exist.protocolhandler.embedded,org.exist.protocolhandler.xmldb,org.exist.protocolhandler.xmlrpc,org.exist.repo,org.exist.resolver,org.exist.scheduler,org.exist.scheduler.impl,org.exist.security,org.exist.security.internal,org.exist.security.internal.aider,org.exist.security.internal.web,org.exist.security.management,org.exist.security.realm,org.exist.security.utils,org.exist.source,org.exist.stax,org.exist.storage,org.exist.storage.blob,org.exist.storage.btree,org.exist.storage.cache,org.exist.storage.dom,org.exist.storage.index,org.exist.storage.io,org.exist.storage.journal,org.exist.storage.lock,org.exist.storage.recovery,org.exist.storage.report,org.exist.storage.serializers,org.exist.storage.structural,org.exist.storage.sync,org.exist.storage.txn,org.exist.storage.vector,org.exist.test,org.exist.util,org.exist.util.crypto.digest,org.exist.util.hashtable,org.exist.util.io,org.exist.util.pool,org.exist.util.serializer,org.exist.util.serializer.json,org.exist.validation,org.exist.validation.internal,org.exist.validation.resolver,org.exist.vector,org.exist.xmldb,org.exist.xmldb.concurrent,org.exist.xmldb.concurrent.action,org.exist.xmldb.function,org.exist.xmldb.txn.bridge,org.exist.xmlrpc,org.exist.xmlrpc.function,org.exist.xqj,org.exist.xquery,org.exist.xquery.functions.array,org.exist.xquery.functions.fn,org.exist.xquery.functions.fn.transform,org.exist.xquery.functions.integer,org.exist.xquery.functions.map,org.exist.xquery.functions.math,org.exist.xquery.functions.request,org.exist.xquery.functions.websocket,org.exist.xquery.functions.xmldb,org.exist.xquery.pragmas,org.exist.xquery.regex,org.exist.xquery.update,org.exist.xquery.util,org.exist.xquery.value,org.exist.xslt,org.exist.xupdate"
xquery.modules.file,0,0,0.0,0.0,1.0,false,
org.exist.util.crypto.digest,8,1,0.1111111111111111,0.0625,0.8263888888888888,true,"org.exist,org.exist.backup,org.exist.backup.restore,org.exist.client,org.exist.client.security,org.exist.collections,org.exist.collections.triggers,org.exist.config,org.exist.config.mapper,org.exist.debuggee,org.exist.debugger,org.exist.dom,org.exist.dom.memtree,org.exist.dom.persistent,org.exist.http,org.exist.http.servlets,org.exist.http.urlrewrite,org.exist.http.ws,org.exist.indexing,org.exist.jetty,org.exist.management,org.exist.management.client,org.exist.management.impl,org.exist.numbering,org.exist.protocolhandler.embedded,org.exist.protocolhandler.xmldb,org.exist.protocolhandler.xmlrpc,org.exist.repo,org.exist.resolver,org.exist.scheduler,org.exist.scheduler.impl,org.exist.security,org.exist.security.internal,org.exist.security.internal.aider,org.exist.security.internal.web,org.exist.security.management,org.exist.security.realm,org.exist.security.utils,org.exist.source,org.exist.stax,org.exist.storage,org.exist.storage.blob,org.exist.storage.btree,org.exist.storage.cache,org.exist.storage.dom,org.exist.storage.index,org.exist.storage.io,org.exist.storage.journal,org.exist.storage.lock,org.exist.storage.recovery,org.exist.storage.report,org.exist.storage.serializers,org.exist.storage.structural,org.exist.storage.sync,org.exist.storage.txn,org.exist.storage.vector,org.exist.test,org.exist.util,org.exist.util.crypto.digest,org.exist.util.hashtable,org.exist.util.io,org.exist.util.pool,org.exist.util.serializer,org.exist.util.serializer.json,org.exist.validation,org.exist.validation.internal,org.exist.validation.resolver,org.exist.vector,org.exist.xmldb,org.exist.xmldb.concurrent,org.exist.xmldb.concurrent.action,org.exist.xmldb.function,org.exist.xmldb.txn.bridge,org.exist.xmlrpc,org.exist.xmlrpc.function,org.exist.xqj,org.exist.xquery,org.exist.xquery.functions.array,org.exist.xquery.functions.fn,org.exist.xquery.functions.fn.transform,org.exist.xquery.functions.integer,org.exist.xquery.functions.map,org.exist.xquery.functions.math,org.exist.xquery.functions.request,org.exist.xquery.functions.websocket,org.exist.xquery.functions.xmldb,org.exist.xquery.pragmas,org.exist.xquery.regex,org.exist.xquery.update,org.exist.xquery.util,org.exist.xquery.value,org.exist.xslt,org.exist.xupdate"
org.exist.management.impl,4,16,0.8,0.375,0.17500000000000004,true,"org.exist,org.exist.backup,org.exist.backup.restore,org.exist.client,org.exist.client.security,org.exist.collections,org.exist.collections.triggers,org.exist.config,org.exist.config.mapper,org.exist.debuggee,org.exist.debugger,org.exist.dom,org.exist.dom.memtree,org.exist.dom.persistent,org.exist.http,org.exist.http.servlets,org.exist.http.urlrewrite,org.exist.http.ws,org.exist.indexing,org.exist.jetty,org.exist.management,org.exist.management.client,org.exist.management.impl,org.exist.numbering,org.exist.protocolhandler.embedded,org.exist.protocolhandler.xmldb,org.exist.protocolhandler.xmlrpc,org.exist.repo,org.exist.resolver,org.exist.scheduler,org.exist.scheduler.impl,org.exist.security,org.exist.security.internal,org.exist.security.internal.aider,org.exist.security.internal.web,org.exist.security.management,org.exist.security.realm,org.exist.security.utils,org.exist.source,org.exist.stax,org.exist.storage,org.exist.storage.blob,org.exist.storage.btree,org.exist.storage.cache,org.exist.storage.dom,org.exist.storage.index,org.exist.storage.io,org.exist.storage.journal,org.exist.storage.lock,org.exist.storage.recovery,org.exist.storage.report,org.exist.storage.serializers,org.exist.storage.structural,org.exist.storage.sync,org.exist.storage.txn,org.exist.storage.vector,org.exist.test,org.exist.util,org.exist.util.crypto.digest,org.exist.util.hashtable,org.exist.util.io,org.exist.util.pool,org.exist.util.serializer,org.exist.util.serializer.json,org.exist.validation,org.exist.validation.internal,org.exist.validation.resolver,org.exist.vector,org.exist.xmldb,org.exist.xmldb.concurrent,org.exist.xmldb.concurrent.action,org.exist.xmldb.function,org.exist.xmldb.txn.bridge,org.exist.xmlrpc,org.exist.xmlrpc.function,org.exist.xqj,org.exist.xquery,org.exist.xquery.functions.array,org.exist.xquery.functions.fn,org.exist.xquery.functions.fn.transform,org.exist.xquery.functions.integer,org.exist.xquery.functions.map,org.exist.xquery.functions.math,org.exist.xquery.functions.request,org.exist.xquery.functions.websocket,org.exist.xquery.functions.xmldb,org.exist.xquery.pragmas,org.exist.xquery.regex,org.exist.xquery.update,org.exist.xquery.util,org.exist.xquery.value,org.exist.xslt,org.exist.xupdate"
org.exist.util.serializer.json,2,8,0.8,0.09090909090909091,0.10909090909090902,true,"org.exist,org.exist.backup,org.exist.backup.restore,org.exist.client,org.exist.client.security,org.exist.collections,org.exist.collections.triggers,org.exist.config,org.exist.config.mapper,org.exist.debuggee,org.exist.debugger,org.exist.dom,org.exist.dom.memtree,org.exist.dom.persistent,org.exist.http,org.exist.http.servlets,org.exist.http.urlrewrite,org.exist.http.ws,org.exist.indexing,org.exist.jetty,org.exist.management,org.exist.management.client,org.exist.management.impl,org.exist.numbering,org.exist.protocolhandler.embedded,org.exist.protocolhandler.xmldb,org.exist.protocolhandler.xmlrpc,org.exist.repo,org.exist.resolver,org.exist.scheduler,org.exist.scheduler.impl,org.exist.security,org.exist.security.internal,org.exist.security.internal.aider,org.exist.security.internal.web,org.exist.security.management,org.exist.security.realm,org.exist.security.utils,org.exist.source,org.exist.stax,org.exist.storage,org.exist.storage.blob,org.exist.storage.btree,org.exist.storage.cache,org.exist.storage.dom,org.exist.storage.index,org.exist.storage.io,org.exist.storage.journal,org.exist.storage.lock,org.exist.storage.recovery,org.exist.storage.report,org.exist.storage.serializers,org.exist.storage.structural,org.exist.storage.sync,org.exist.storage.txn,org.exist.storage.vector,org.exist.test,org.exist.util,org.exist.util.crypto.digest,org.exist.util.hashtable,org.exist.util.io,org.exist.util.pool,org.exist.util.serializer,org.exist.util.serializer.json,org.exist.validation,org.exist.validation.internal,org.exist.validation.resolver,org.exist.vector,org.exist.xmldb,org.exist.xmldb.concurrent,org.exist.xmldb.concurrent.action,org.exist.xmldb.function,org.exist.xmldb.txn.bridge,org.exist.xmlrpc,org.exist.xmlrpc.function,org.exist.xqj,org.exist.xquery,org.exist.xquery.functions.array,org.exist.xquery.functions.fn,org.exist.xquery.functions.fn.transform,org.exist.xquery.functions.integer,org.exist.xquery.functions.map,org.exist.xquery.functions.math,org.exist.xquery.functions.request,org.exist.xquery.functions.websocket,org.exist.xquery.functions.xmldb,org.exist.xquery.pragmas,org.exist.xquery.regex,org.exist.xquery.update,org.exist.xquery.util,org.exist.xquery.value,org.exist.xslt,org.exist.xupdate"
org.exist.util.sax.event.lexicalhandler,1,1,0.5,0.2222222222222222,0.2777777777777778,false,
org.exist.extensions.exquery.restxq,1,2,0.6666666666666666,1.0,0.6666666666666665,false,
org.exist.xquery.modules.exi,0,8,1.0,0.0,0.0,false,
org.exist.backup.xquery,0,10,1.0,0.0,0.0,false,
org.exist.indexing.range.conversion,1,2,0.6666666666666666,0.5,0.16666666666666652,true,"org.exist.indexing.range,org.exist.indexing.range.conversion,org.exist.xquery.modules.range"
org.exist.storage.report,1,6,0.8571428571428571,0.0,0.1428571428571429,true,"org.exist,org.exist.backup,org.exist.backup.restore,org.exist.client,org.exist.client.security,org.exist.collections,org.exist.collections.triggers,org.exist.config,org.exist.config.mapper,org.exist.debuggee,org.exist.debugger,org.exist.dom,org.exist.dom.memtree,org.exist.dom.persistent,org.exist.http,org.exist.http.servlets,org.exist.http.urlrewrite,org.exist.http.ws,org.exist.indexing,org.exist.jetty,org.exist.management,org.exist.management.client,org.exist.management.impl,org.exist.numbering,org.exist.protocolhandler.embedded,org.exist.protocolhandler.xmldb,org.exist.protocolhandler.xmlrpc,org.exist.repo,org.exist.resolver,org.exist.scheduler,org.exist.scheduler.impl,org.exist.security,org.exist.security.internal,org.exist.security.internal.aider,org.exist.security.internal.web,org.exist.security.management,org.exist.security.realm,org.exist.security.utils,org.exist.source,org.exist.stax,org.exist.storage,org.exist.storage.blob,org.exist.storage.btree,org.exist.storage.cache,org.exist.storage.dom,org.exist.storage.index,org.exist.storage.io,org.exist.storage.journal,org.exist.storage.lock,org.exist.storage.recovery,org.exist.storage.report,org.exist.storage.serializers,org.exist.storage.structural,org.exist.storage.sync,org.exist.storage.txn,org.exist.storage.vector,org.exist.test,org.exist.util,org.exist.util.crypto.digest,org.exist.util.hashtable,org.exist.util.io,org.exist.util.pool,org.exist.util.serializer,org.exist.util.serializer.json,org.exist.validation,org.exist.validation.internal,org.exist.validation.resolver,org.exist.vector,org.exist.xmldb,org.exist.xmldb.concurrent,org.exist.xmldb.concurrent.action,org.exist.xmldb.function,org.exist.xmldb.txn.bridge,org.exist.xmlrpc,org.exist.xmlrpc.function,org.exist.xqj,org.exist.xquery,org.exist.xquery.functions.array,org.exist.xquery.functions.fn,org.exist.xquery.functions.fn.transform,org.exist.xquery.functions.integer,org.exist.xquery.functions.map,org.exist.xquery.functions.math,org.exist.xquery.functions.request,org.exist.xquery.functions.websocket,org.exist.xquery.functions.xmldb,org.exist.xquery.pragmas,org.exist.xquery.regex,org.exist.xquery.update,org.exist.xquery.util,org.exist.xquery.value,org.exist.xslt,org.exist.xupdate"
xquery.lucene,0,7,1.0,0.0,0.0,false,
org.exist.vector,3,6,0.6666666666666666,0.05,0.2833333333333333,true,"org.exist,org.exist.backup,org.exist.backup.restore,org.exist.client,org.exist.client.security,org.exist.collections,org.exist.collections.triggers,org.exist.config,org.exist.config.mapper,org.exist.debuggee,org.exist.debugger,org.exist.dom,org.exist.dom.memtree,org.exist.dom.persistent,org.exist.http,org.exist.http.servlets,org.exist.http.urlrewrite,org.exist.http.ws,org.exist.indexing,org.exist.jetty,org.exist.management,org.exist.management.client,org.exist.management.impl,org.exist.numbering,org.exist.protocolhandler.embedded,org.exist.protocolhandler.xmldb,org.exist.protocolhandler.xmlrpc,org.exist.repo,org.exist.resolver,org.exist.scheduler,org.exist.scheduler.impl,org.exist.security,org.exist.security.internal,org.exist.security.internal.aider,org.exist.security.internal.web,org.exist.security.management,org.exist.security.realm,org.exist.security.utils,org.exist.source,org.exist.stax,org.exist.storage,org.exist.storage.blob,org.exist.storage.btree,org.exist.storage.cache,org.exist.storage.dom,org.exist.storage.index,org.exist.storage.io,org.exist.storage.journal,org.exist.storage.lock,org.exist.storage.recovery,org.exist.storage.report,org.exist.storage.serializers,org.exist.storage.structural,org.exist.storage.sync,org.exist.storage.txn,org.exist.storage.vector,org.exist.test,org.exist.util,org.exist.util.crypto.digest,org.exist.util.hashtable,org.exist.util.io,org.exist.util.pool,org.exist.util.serializer,org.exist.util.serializer.json,org.exist.validation,org.exist.validation.internal,org.exist.validation.resolver,org.exist.vector,org.exist.xmldb,org.exist.xmldb.concurrent,org.exist.xmldb.concurrent.action,org.exist.xmldb.function,org.exist.xmldb.txn.bridge,org.exist.xmlrpc,org.exist.xmlrpc.function,org.exist.xqj,org.exist.xquery,org.exist.xquery.functions.array,org.exist.xquery.functions.fn,org.exist.xquery.functions.fn.transform,org.exist.xquery.functions.integer,org.exist.xquery.functions.map,org.exist.xquery.functions.math,org.exist.xquery.functions.request,org.exist.xquery.functions.websocket,org.exist.xquery.functions.xmldb,org.exist.xquery.pragmas,org.exist.xquery.regex,org.exist.xquery.update,org.exist.xquery.util,org.exist.xquery.value,org.exist.xslt,org.exist.xupdate"
org.exist.http.ws,2,14,0.875,0.0,0.125,true,"org.exist,org.exist.backup,org.exist.backup.restore,org.exist.client,org.exist.client.security,org.exist.collections,org.exist.collections.triggers,org.exist.config,org.exist.config.mapper,org.exist.debuggee,org.exist.debugger,org.exist.dom,org.exist.dom.memtree,org.exist.dom.persistent,org.exist.http,org.exist.http.servlets,org.exist.http.urlrewrite,org.exist.http.ws,org.exist.indexing,org.exist.jetty,org.exist.management,org.exist.management.client,org.exist.management.impl,org.exist.numbering,org.exist.protocolhandler.embedded,org.exist.protocolhandler.xmldb,org.exist.protocolhandler.xmlrpc,org.exist.repo,org.exist.resolver,org.exist.scheduler,org.exist.scheduler.impl,org.exist.security,org.exist.security.internal,org.exist.security.internal.aider,org.exist.security.internal.web,org.exist.security.management,org.exist.security.realm,org.exist.security.utils,org.exist.source,org.exist.stax,org.exist.storage,org.exist.storage.blob,org.exist.storage.btree,org.exist.storage.cache,org.exist.storage.dom,org.exist.storage.index,org.exist.storage.io,org.exist.storage.journal,org.exist.storage.lock,org.exist.storage.recovery,org.exist.storage.report,org.exist.storage.serializers,org.exist.storage.structural,org.exist.storage.sync,org.exist.storage.txn,org.exist.storage.vector,org.exist.test,org.exist.util,org.exist.util.crypto.digest,org.exist.util.hashtable,org.exist.util.io,org.exist.util.pool,org.exist.util.serializer,org.exist.util.serializer.json,org.exist.validation,org.exist.validation.internal,org.exist.validation.resolver,org.exist.vector,org.exist.xmldb,org.exist.xmldb.concurrent,org.exist.xmldb.concurrent.action,org.exist.xmldb.function,org.exist.xmldb.txn.bridge,org.exist.xmlrpc,org.exist.xmlrpc.function,org.exist.xqj,org.exist.xquery,org.exist.xquery.functions.array,org.exist.xquery.functions.fn,org.exist.xquery.functions.fn.transform,org.exist.xquery.functions.integer,org.exist.xquery.functions.map,org.exist.xquery.functions.math,org.exist.xquery.functions.request,org.exist.xquery.functions.websocket,org.exist.xquery.functions.xmldb,org.exist.xquery.pragmas,org.exist.xquery.regex,org.exist.xquery.update,org.exist.xquery.util,org.exist.xquery.value,org.exist.xslt,org.exist.xupdate"
org.exist.xquery.modules.mail,0,14,1.0,0.0,0.0,false,
xquery.modules.compression,0,0,0.0,0.0,1.0,false,
org.exist.http.jaxb,2,0,0.0,0.0,1.0,false,
org.exist.xquery,122,33,0.2129032258064516,0.14102564102564102,0.6460711331679074,true,"org.exist,org.exist.backup,org.exist.backup.restore,org.exist.client,org.exist.client.security,org.exist.collections,org.exist.collections.triggers,org.exist.config,org.exist.config.mapper,org.exist.debuggee,org.exist.debugger,org.exist.dom,org.exist.dom.memtree,org.exist.dom.persistent,org.exist.http,org.exist.http.servlets,org.exist.http.urlrewrite,org.exist.http.ws,org.exist.indexing,org.exist.jetty,org.exist.management,org.exist.management.client,org.exist.management.impl,org.exist.numbering,org.exist.protocolhandler.embedded,org.exist.protocolhandler.xmldb,org.exist.protocolhandler.xmlrpc,org.exist.repo,org.exist.resolver,org.exist.scheduler,org.exist.scheduler.impl,org.exist.security,org.exist.security.internal,org.exist.security.internal.aider,org.exist.security.internal.web,org.exist.security.management,org.exist.security.realm,org.exist.security.utils,org.exist.source,org.exist.stax,org.exist.storage,org.exist.storage.blob,org.exist.storage.btree,org.exist.storage.cache,org.exist.storage.dom,org.exist.storage.index,org.exist.storage.io,org.exist.storage.journal,org.exist.storage.lock,org.exist.storage.recovery,org.exist.storage.report,org.exist.storage.serializers,org.exist.storage.structural,org.exist.storage.sync,org.exist.storage.txn,org.exist.storage.vector,org.exist.test,org.exist.util,org.exist.util.crypto.digest,org.exist.util.hashtable,org.exist.util.io,org.exist.util.pool,org.exist.util.serializer,org.exist.util.serializer.json,org.exist.validation,org.exist.validation.internal,org.exist.validation.resolver,org.exist.vector,org.exist.xmldb,org.exist.xmldb.concurrent,org.exist.xmldb.concurrent.action,org.exist.xmldb.function,org.exist.xmldb.txn.bridge,org.exist.xmlrpc,org.exist.xmlrpc.function,org.exist.xqj,org.exist.xquery,org.exist.xquery.functions.array,org.exist.xquery.functions.fn,org.exist.xquery.functions.fn.transform,org.exist.xquery.functions.integer,org.exist.xquery.functions.map,org.exist.xquery.functions.math,org.exist.xquery.functions.request,org.exist.xquery.functions.websocket,org.exist.xquery.functions.xmldb,org.exist.xquery.pragmas,org.exist.xquery.regex,org.exist.xquery.update,org.exist.xquery.util,org.exist.xquery.value,org.exist.xslt,org.exist.xupdate"
org.exist.contentextraction.xquery,0,14,1.0,0.0,0.0,false,
org.exist.dom,96,5,0.04950495049504951,0.21428571428571427,0.7362093352192363,true,"org.exist,org.exist.backup,org.exist.backup.restore,org.exist.client,org.exist.client.security,org.exist.collections,org.exist.collections.triggers,org.exist.config,org.exist.config.mapper,org.exist.debuggee,org.exist.debugger,org.exist.dom,org.exist.dom.memtree,org.exist.dom.persistent,org.exist.http,org.exist.http.servlets,org.exist.http.urlrewrite,org.exist.http.ws,org.exist.indexing,org.exist.jetty,org.exist.management,org.exist.management.client,org.exist.management.impl,org.exist.numbering,org.exist.protocolhandler.embedded,org.exist.protocolhandler.xmldb,org.exist.protocolhandler.xmlrpc,org.exist.repo,org.exist.resolver,org.exist.scheduler,org.exist.scheduler.impl,org.exist.security,org.exist.security.internal,org.exist.security.internal.aider,org.exist.security.internal.web,org.exist.security.management,org.exist.security.realm,org.exist.security.utils,org.exist.source,org.exist.stax,org.exist.storage,org.exist.storage.blob,org.exist.storage.btree,org.exist.storage.cache,org.exist.storage.dom,org.exist.storage.index,org.exist.storage.io,org.exist.storage.journal,org.exist.storage.lock,org.exist.storage.recovery,org.exist.storage.report,org.exist.storage.serializers,org.exist.storage.structural,org.exist.storage.sync,org.exist.storage.txn,org.exist.storage.vector,org.exist.test,org.exist.util,org.exist.util.crypto.digest,org.exist.util.hashtable,org.exist.util.io,org.exist.util.pool,org.exist.util.serializer,org.exist.util.serializer.json,org.exist.validation,org.exist.validation.internal,org.exist.validation.resolver,org.exist.vector,org.exist.xmldb,org.exist.xmldb.concurrent,org.exist.xmldb.concurrent.action,org.exist.xmldb.function,org.exist.xmldb.txn.bridge,org.exist.xmlrpc,org.exist.xmlrpc.function,org.exist.xqj,org.exist.xquery,org.exist.xquery.functions.array,org.exist.xquery.functions.fn,org.exist.xquery.functions.fn.transform,org.exist.xquery.functions.integer,org.exist.xquery.functions.map,org.exist.xquery.functions.math,org.exist.xquery.functions.request,org.exist.xquery.functions.websocket,org.exist.xquery.functions.xmldb,org.exist.xquery.pragmas,org.exist.xquery.regex,org.exist.xquery.update,org.exist.xquery.util,org.exist.xquery.value,org.exist.xslt,org.exist.xupdate"
org.exist.client.security,1,5,0.8333333333333334,0.0,0.16666666666666663,true,"org.exist,org.exist.backup,org.exist.backup.restore,org.exist.client,org.exist.client.security,org.exist.collections,org.exist.collections.triggers,org.exist.config,org.exist.config.mapper,org.exist.debuggee,org.exist.debugger,org.exist.dom,org.exist.dom.memtree,org.exist.dom.persistent,org.exist.http,org.exist.http.servlets,org.exist.http.urlrewrite,org.exist.http.ws,org.exist.indexing,org.exist.jetty,org.exist.management,org.exist.management.client,org.exist.management.impl,org.exist.numbering,org.exist.protocolhandler.embedded,org.exist.protocolhandler.xmldb,org.exist.protocolhandler.xmlrpc,org.exist.repo,org.exist.resolver,org.exist.scheduler,org.exist.scheduler.impl,org.exist.security,org.exist.security.internal,org.exist.security.internal.aider,org.exist.security.internal.web,org.exist.security.management,org.exist.security.realm,org.exist.security.utils,org.exist.source,org.exist.stax,org.exist.storage,org.exist.storage.blob,org.exist.storage.btree,org.exist.storage.cache,org.exist.storage.dom,org.exist.storage.index,org.exist.storage.io,org.exist.storage.journal,org.exist.storage.lock,org.exist.storage.recovery,org.exist.storage.report,org.exist.storage.serializers,org.exist.storage.structural,org.exist.storage.sync,org.exist.storage.txn,org.exist.storage.vector,org.exist.test,org.exist.util,org.exist.util.crypto.digest,org.exist.util.hashtable,org.exist.util.io,org.exist.util.pool,org.exist.util.serializer,org.exist.util.serializer.json,org.exist.validation,org.exist.validation.internal,org.exist.validation.resolver,org.exist.vector,org.exist.xmldb,org.exist.xmldb.concurrent,org.exist.xmldb.concurrent.action,org.exist.xmldb.function,org.exist.xmldb.txn.bridge,org.exist.xmlrpc,org.exist.xmlrpc.function,org.exist.xqj,org.exist.xquery,org.exist.xquery.functions.array,org.exist.xquery.functions.fn,org.exist.xquery.functions.fn.transform,org.exist.xquery.functions.integer,org.exist.xquery.functions.map,org.exist.xquery.functions.math,org.exist.xquery.functions.request,org.exist.xquery.functions.websocket,org.exist.xquery.functions.xmldb,org.exist.xquery.pragmas,org.exist.xquery.regex,org.exist.xquery.update,org.exist.xquery.util,org.exist.xquery.value,org.exist.xslt,org.exist.xupdate"
org.exist.xquery.modules.sort,0,9,1.0,0.0,0.0,false,
org.exist.xmldb.concurrent.action,1,6,0.8571428571428571,0.08333333333333333,0.059523809523809534,true,"org.exist,org.exist.backup,org.exist.backup.restore,org.exist.client,org.exist.client.security,org.exist.collections,org.exist.collections.triggers,org.exist.config,org.exist.config.mapper,org.exist.debuggee,org.exist.debugger,org.exist.dom,org.exist.dom.memtree,org.exist.dom.persistent,org.exist.http,org.exist.http.servlets,org.exist.http.urlrewrite,org.exist.http.ws,org.exist.indexing,org.exist.jetty,org.exist.management,org.exist.management.client,org.exist.management.impl,org.exist.numbering,org.exist.protocolhandler.embedded,org.exist.protocolhandler.xmldb,org.exist.protocolhandler.xmlrpc,org.exist.repo,org.exist.resolver,org.exist.scheduler,org.exist.scheduler.impl,org.exist.security,org.exist.security.internal,org.exist.security.internal.aider,org.exist.security.internal.web,org.exist.security.management,org.exist.security.realm,org.exist.security.utils,org.exist.source,org.exist.stax,org.exist.storage,org.exist.storage.blob,org.exist.storage.btree,org.exist.storage.cache,org.exist.storage.dom,org.exist.storage.index,org.exist.storage.io,org.exist.storage.journal,org.exist.storage.lock,org.exist.storage.recovery,org.exist.storage.report,org.exist.storage.serializers,org.exist.storage.structural,org.exist.storage.sync,org.exist.storage.txn,org.exist.storage.vector,org.exist.test,org.exist.util,org.exist.util.crypto.digest,org.exist.util.hashtable,org.exist.util.io,org.exist.util.pool,org.exist.util.serializer,org.exist.util.serializer.json,org.exist.validation,org.exist.validation.internal,org.exist.validation.resolver,org.exist.vector,org.exist.xmldb,org.exist.xmldb.concurrent,org.exist.xmldb.concurrent.action,org.exist.xmldb.function,org.exist.xmldb.txn.bridge,org.exist.xmlrpc,org.exist.xmlrpc.function,org.exist.xqj,org.exist.xquery,org.exist.xquery.functions.array,org.exist.xquery.functions.fn,org.exist.xquery.functions.fn.transform,org.exist.xquery.functions.integer,org.exist.xquery.functions.map,org.exist.xquery.functions.math,org.exist.xquery.functions.request,org.exist.xquery.functions.websocket,org.exist.xquery.functions.xmldb,org.exist.xquery.pragmas,org.exist.xquery.regex,org.exist.xquery.update,org.exist.xquery.util,org.exist.xquery.value,org.exist.xslt,org.exist.xupdate"
xquery.xmldb,0,0,0.0,0.0,1.0,false,
org.expath.httpclient.model.exist,1,6,0.8571428571428571,0.0,0.1428571428571429,false,
xquery.util,0,0,0.0,0.0,1.0,false,
org.exist.xquery.modules.cache,0,9,1.0,0.0,0.0,false,
org.exist.stax,14,15,0.5172413793103449,0.2857142857142857,0.19704433497536944,true,"org.exist,org.exist.backup,org.exist.backup.restore,org.exist.client,org.exist.client.security,org.exist.collections,org.exist.collections.triggers,org.exist.config,org.exist.config.mapper,org.exist.debuggee,org.exist.debugger,org.exist.dom,org.exist.dom.memtree,org.exist.dom.persistent,org.exist.http,org.exist.http.servlets,org.exist.http.urlrewrite,org.exist.http.ws,org.exist.indexing,org.exist.jetty,org.exist.management,org.exist.management.client,org.exist.management.impl,org.exist.numbering,org.exist.protocolhandler.embedded,org.exist.protocolhandler.xmldb,org.exist.protocolhandler.xmlrpc,org.exist.repo,org.exist.resolver,org.exist.scheduler,org.exist.scheduler.impl,org.exist.security,org.exist.security.internal,org.exist.security.internal.aider,org.exist.security.internal.web,org.exist.security.management,org.exist.security.realm,org.exist.security.utils,org.exist.source,org.exist.stax,org.exist.storage,org.exist.storage.blob,org.exist.storage.btree,org.exist.storage.cache,org.exist.storage.dom,org.exist.storage.index,org.exist.storage.io,org.exist.storage.journal,org.exist.storage.lock,org.exist.storage.recovery,org.exist.storage.report,org.exist.storage.serializers,org.exist.storage.structural,org.exist.storage.sync,org.exist.storage.txn,org.exist.storage.vector,org.exist.test,org.exist.util,org.exist.util.crypto.digest,org.exist.util.hashtable,org.exist.util.io,org.exist.util.pool,org.exist.util.serializer,org.exist.util.serializer.json,org.exist.validation,org.exist.validation.internal,org.exist.validation.resolver,org.exist.vector,org.exist.xmldb,org.exist.xmldb.concurrent,org.exist.xmldb.concurrent.action,org.exist.xmldb.function,org.exist.xmldb.txn.bridge,org.exist.xmlrpc,org.exist.xmlrpc.function,org.exist.xqj,org.exist.xquery,org.exist.xquery.functions.array,org.exist.xquery.functions.fn,org.exist.xquery.functions.fn.transform,org.exist.xquery.functions.integer,org.exist.xquery.functions.map,org.exist.xquery.functions.math,org.exist.xquery.functions.request,org.exist.xquery.functions.websocket,org.exist.xquery.functions.xmldb,org.exist.xquery.pragmas,org.exist.xquery.regex,org.exist.xquery.update,org.exist.xquery.util,org.exist.xquery.value,org.exist.xslt,org.exist.xupdate"
org.exist.management,6,5,0.45454545454545453,0.3,0.24545454545454548,true,"org.exist,org.exist.backup,org.exist.backup.restore,org.exist.client,org.exist.client.security,org.exist.collections,org.exist.collections.triggers,org.exist.config,org.exist.config.mapper,org.exist.debuggee,org.exist.debugger,org.exist.dom,org.exist.dom.memtree,org.exist.dom.persistent,org.exist.http,org.exist.http.servlets,org.exist.http.urlrewrite,org.exist.http.ws,org.exist.indexing,org.exist.jetty,org.exist.management,org.exist.management.client,org.exist.management.impl,org.exist.numbering,org.exist.protocolhandler.embedded,org.exist.protocolhandler.xmldb,org.exist.protocolhandler.xmlrpc,org.exist.repo,org.exist.resolver,org.exist.scheduler,org.exist.scheduler.impl,org.exist.security,org.exist.security.internal,org.exist.security.internal.aider,org.exist.security.internal.web,org.exist.security.management,org.exist.security.realm,org.exist.security.utils,org.exist.source,org.exist.stax,org.exist.storage,org.exist.storage.blob,org.exist.storage.btree,org.exist.storage.cache,org.exist.storage.dom,org.exist.storage.index,org.exist.storage.io,org.exist.storage.journal,org.exist.storage.lock,org.exist.storage.recovery,org.exist.storage.report,org.exist.storage.serializers,org.exist.storage.structural,org.exist.storage.sync,org.exist.storage.txn,org.exist.storage.vector,org.exist.test,org.exist.util,org.exist.util.crypto.digest,org.exist.util.hashtable,org.exist.util.io,org.exist.util.pool,org.exist.util.serializer,org.exist.util.serializer.json,org.exist.validation,org.exist.validation.internal,org.exist.validation.resolver,org.exist.vector,org.exist.xmldb,org.exist.xmldb.concurrent,org.exist.xmldb.concurrent.action,org.exist.xmldb.function,org.exist.xmldb.txn.bridge,org.exist.xmlrpc,org.exist.xmlrpc.function,org.exist.xqj,org.exist.xquery,org.exist.xquery.functions.array,org.exist.xquery.functions.fn,org.exist.xquery.functions.fn.transform,org.exist.xquery.functions.integer,org.exist.xquery.functions.map,org.exist.xquery.functions.math,org.exist.xquery.functions.request,org.exist.xquery.functions.websocket,org.exist.xquery.functions.xmldb,org.exist.xquery.pragmas,org.exist.xquery.regex,org.exist.xquery.update,org.exist.xquery.util,org.exist.xquery.value,org.exist.xslt,org.exist.xupdate"
org.exist,83,21,0.20192307692307693,0.42105263157894735,0.3770242914979758,true,"org.exist,org.exist.backup,org.exist.backup.restore,org.exist.client,org.exist.client.security,org.exist.collections,org.exist.collections.triggers,org.exist.config,org.exist.config.mapper,org.exist.debuggee,org.exist.debugger,org.exist.dom,org.exist.dom.memtree,org.exist.dom.persistent,org.exist.http,org.exist.http.servlets,org.exist.http.urlrewrite,org.exist.http.ws,org.exist.indexing,org.exist.jetty,org.exist.management,org.exist.management.client,org.exist.management.impl,org.exist.numbering,org.exist.protocolhandler.embedded,org.exist.protocolhandler.xmldb,org.exist.protocolhandler.xmlrpc,org.exist.repo,org.exist.resolver,org.exist.scheduler,org.exist.scheduler.impl,org.exist.security,org.exist.security.internal,org.exist.security.internal.aider,org.exist.security.internal.web,org.exist.security.management,org.exist.security.realm,org.exist.security.utils,org.exist.source,org.exist.stax,org.exist.storage,org.exist.storage.blob,org.exist.storage.btree,org.exist.storage.cache,org.exist.storage.dom,org.exist.storage.index,org.exist.storage.io,org.exist.storage.journal,org.exist.storage.lock,org.exist.storage.recovery,org.exist.storage.report,org.exist.storage.serializers,org.exist.storage.structural,org.exist.storage.sync,org.exist.storage.txn,org.exist.storage.vector,org.exist.test,org.exist.util,org.exist.util.crypto.digest,org.exist.util.hashtable,org.exist.util.io,org.exist.util.pool,org.exist.util.serializer,org.exist.util.serializer.json,org.exist.validation,org.exist.validation.internal,org.exist.validation.resolver,org.exist.vector,org.exist.xmldb,org.exist.xmldb.concurrent,org.exist.xmldb.concurrent.action,org.exist.xmldb.function,org.exist.xmldb.txn.bridge,org.exist.xmlrpc,org.exist.xmlrpc.function,org.exist.xqj,org.exist.xquery,org.exist.xquery.functions.array,org.exist.xquery.functions.fn,org.exist.xquery.functions.fn.transform,org.exist.xquery.functions.integer,org.exist.xquery.functions.map,org.exist.xquery.functions.math,org.exist.xquery.functions.request,org.exist.xquery.functions.websocket,org.exist.xquery.functions.xmldb,org.exist.xquery.pragmas,org.exist.xquery.regex,org.exist.xquery.update,org.exist.xquery.util,org.exist.xquery.value,org.exist.xslt,org.exist.xupdate"
org.exist.debuggee,7,4,0.36363636363636365,0.8,0.16363636363636358,true,"org.exist,org.exist.backup,org.exist.backup.restore,org.exist.client,org.exist.client.security,org.exist.collections,org.exist.collections.triggers,org.exist.config,org.exist.config.mapper,org.exist.debuggee,org.exist.debugger,org.exist.dom,org.exist.dom.memtree,org.exist.dom.persistent,org.exist.http,org.exist.http.servlets,org.exist.http.urlrewrite,org.exist.http.ws,org.exist.indexing,org.exist.jetty,org.exist.management,org.exist.management.client,org.exist.management.impl,org.exist.numbering,org.exist.protocolhandler.embedded,org.exist.protocolhandler.xmldb,org.exist.protocolhandler.xmlrpc,org.exist.repo,org.exist.resolver,org.exist.scheduler,org.exist.scheduler.impl,org.exist.security,org.exist.security.internal,org.exist.security.internal.aider,org.exist.security.internal.web,org.exist.security.management,org.exist.security.realm,org.exist.security.utils,org.exist.source,org.exist.stax,org.exist.storage,org.exist.storage.blob,org.exist.storage.btree,org.exist.storage.cache,org.exist.storage.dom,org.exist.storage.index,org.exist.storage.io,org.exist.storage.journal,org.exist.storage.lock,org.exist.storage.recovery,org.exist.storage.report,org.exist.storage.serializers,org.exist.storage.structural,org.exist.storage.sync,org.exist.storage.txn,org.exist.storage.vector,org.exist.test,org.exist.util,org.exist.util.crypto.digest,org.exist.util.hashtable,org.exist.util.io,org.exist.util.pool,org.exist.util.serializer,org.exist.util.serializer.json,org.exist.validation,org.exist.validation.internal,org.exist.validation.resolver,org.exist.vector,org.exist.xmldb,org.exist.xmldb.concurrent,org.exist.xmldb.concurrent.action,org.exist.xmldb.function,org.exist.xmldb.txn.bridge,org.exist.xmlrpc,org.exist.xmlrpc.function,org.exist.xqj,org.exist.xquery,org.exist.xquery.functions.array,org.exist.xquery.functions.fn,org.exist.xquery.functions.fn.transform,org.exist.xquery.functions.integer,org.exist.xquery.functions.map,org.exist.xquery.functions.math,org.exist.xquery.functions.request,org.exist.xquery.functions.websocket,org.exist.xquery.functions.xmldb,org.exist.xquery.pragmas,org.exist.xquery.regex,org.exist.xquery.update,org.exist.xquery.util,org.exist.xquery.value,org.exist.xslt,org.exist.xupdate"
org.exist.xquery.parser,6,0,0.0,0.0,1.0,false,
org.exist.util.sax.event,4,0,0.0,1.0,0.0,false,
org.exist.storage.recovery,3,7,0.7,0.0,0.30000000000000004,true,"org.exist,org.exist.backup,org.exist.backup.restore,org.exist.client,org.exist.client.security,org.exist.collections,org.exist.collections.triggers,org.exist.config,org.exist.config.mapper,org.exist.debuggee,org.exist.debugger,org.exist.dom,org.exist.dom.memtree,org.exist.dom.persistent,org.exist.http,org.exist.http.servlets,org.exist.http.urlrewrite,org.exist.http.ws,org.exist.indexing,org.exist.jetty,org.exist.management,org.exist.management.client,org.exist.management.impl,org.exist.numbering,org.exist.protocolhandler.embedded,org.exist.protocolhandler.xmldb,org.exist.protocolhandler.xmlrpc,org.exist.repo,org.exist.resolver,org.exist.scheduler,org.exist.scheduler.impl,org.exist.security,org.exist.security.internal,org.exist.security.internal.aider,org.exist.security.internal.web,org.exist.security.management,org.exist.security.realm,org.exist.security.utils,org.exist.source,org.exist.stax,org.exist.storage,org.exist.storage.blob,org.exist.storage.btree,org.exist.storage.cache,org.exist.storage.dom,org.exist.storage.index,org.exist.storage.io,org.exist.storage.journal,org.exist.storage.lock,org.exist.storage.recovery,org.exist.storage.report,org.exist.storage.serializers,org.exist.storage.structural,org.exist.storage.sync,org.exist.storage.txn,org.exist.storage.vector,org.exist.test,org.exist.util,org.exist.util.crypto.digest,org.exist.util.hashtable,org.exist.util.io,org.exist.util.pool,org.exist.util.serializer,org.exist.util.serializer.json,org.exist.validation,org.exist.validation.internal,org.exist.validation.resolver,org.exist.vector,org.exist.xmldb,org.exist.xmldb.concurrent,org.exist.xmldb.concurrent.action,org.exist.xmldb.function,org.exist.xmldb.txn.bridge,org.exist.xmlrpc,org.exist.xmlrpc.function,org.exist.xqj,org.exist.xquery,org.exist.xquery.functions.array,org.exist.xquery.functions.fn,org.exist.xquery.functions.fn.transform,org.exist.xquery.functions.integer,org.exist.xquery.functions.map,org.exist.xquery.functions.math,org.exist.xquery.functions.request,org.exist.xquery.functions.websocket,org.exist.xquery.functions.xmldb,org.exist.xquery.pragmas,org.exist.xquery.regex,org.exist.xquery.update,org.exist.xquery.util,org.exist.xquery.value,org.exist.xslt,org.exist.xupdate"
org.exist.security.internal,14,20,0.5882352941176471,0.0,0.4117647058823529,true,"org.exist,org.exist.backup,org.exist.backup.restore,org.exist.client,org.exist.client.security,org.exist.collections,org.exist.collections.triggers,org.exist.config,org.exist.config.mapper,org.exist.debuggee,org.exist.debugger,org.exist.dom,org.exist.dom.memtree,org.exist.dom.persistent,org.exist.http,org.exist.http.servlets,org.exist.http.urlrewrite,org.exist.http.ws,org.exist.indexing,org.exist.jetty,org.exist.management,org.exist.management.client,org.exist.management.impl,org.exist.numbering,org.exist.protocolhandler.embedded,org.exist.protocolhandler.xmldb,org.exist.protocolhandler.xmlrpc,org.exist.repo,org.exist.resolver,org.exist.scheduler,org.exist.scheduler.impl,org.exist.security,org.exist.security.internal,org.exist.security.internal.aider,org.exist.security.internal.web,org.exist.security.management,org.exist.security.realm,org.exist.security.utils,org.exist.source,org.exist.stax,org.exist.storage,org.exist.storage.blob,org.exist.storage.btree,org.exist.storage.cache,org.exist.storage.dom,org.exist.storage.index,org.exist.storage.io,org.exist.storage.journal,org.exist.storage.lock,org.exist.storage.recovery,org.exist.storage.report,org.exist.storage.serializers,org.exist.storage.structural,org.exist.storage.sync,org.exist.storage.txn,org.exist.storage.vector,org.exist.test,org.exist.util,org.exist.util.crypto.digest,org.exist.util.hashtable,org.exist.util.io,org.exist.util.pool,org.exist.util.serializer,org.exist.util.serializer.json,org.exist.validation,org.exist.validation.internal,org.exist.validation.resolver,org.exist.vector,org.exist.xmldb,org.exist.xmldb.concurrent,org.exist.xmldb.concurrent.action,org.exist.xmldb.function,org.exist.xmldb.txn.bridge,org.exist.xmlrpc,org.exist.xmlrpc.function,org.exist.xqj,org.exist.xquery,org.exist.xquery.functions.array,org.exist.xquery.functions.fn,org.exist.xquery.functions.fn.transform,org.exist.xquery.functions.integer,org.exist.xquery.functions.map,org.exist.xquery.functions.math,org.exist.xquery.functions.request,org.exist.xquery.functions.websocket,org.exist.xquery.functions.xmldb,org.exist.xquery.pragmas,org.exist.xquery.regex,org.exist.xquery.update,org.exist.xquery.util,org.exist.xquery.value,org.exist.xslt,org.exist.xupdate"
org.exist.xquery.xqdoc,1,2,0.6666666666666666,0.0,0.33333333333333337,false,
xquery.restxq,0,0,0.0,0.0,1.0,false,
org.exist.xquery.functions.request,1,13,0.9285714285714286,0.07692307692307693,0.005494505494505475,true,"org.exist,org.exist.backup,org.exist.backup.restore,org.exist.client,org.exist.client.security,org.exist.collections,org.exist.collections.triggers,org.exist.config,org.exist.config.mapper,org.exist.debuggee,org.exist.debugger,org.exist.dom,org.exist.dom.memtree,org.exist.dom.persistent,org.exist.http,org.exist.http.servlets,org.exist.http.urlrewrite,org.exist.http.ws,org.exist.indexing,org.exist.jetty,org.exist.management,org.exist.management.client,org.exist.management.impl,org.exist.numbering,org.exist.protocolhandler.embedded,org.exist.protocolhandler.xmldb,org.exist.protocolhandler.xmlrpc,org.exist.repo,org.exist.resolver,org.exist.scheduler,org.exist.scheduler.impl,org.exist.security,org.exist.security.internal,org.exist.security.internal.aider,org.exist.security.internal.web,org.exist.security.management,org.exist.security.realm,org.exist.security.utils,org.exist.source,org.exist.stax,org.exist.storage,org.exist.storage.blob,org.exist.storage.btree,org.exist.storage.cache,org.exist.storage.dom,org.exist.storage.index,org.exist.storage.io,org.exist.storage.journal,org.exist.storage.lock,org.exist.storage.recovery,org.exist.storage.report,org.exist.storage.serializers,org.exist.storage.structural,org.exist.storage.sync,org.exist.storage.txn,org.exist.storage.vector,org.exist.test,org.exist.util,org.exist.util.crypto.digest,org.exist.util.hashtable,org.exist.util.io,org.exist.util.pool,org.exist.util.serializer,org.exist.util.serializer.json,org.exist.validation,org.exist.validation.internal,org.exist.validation.resolver,org.exist.vector,org.exist.xmldb,org.exist.xmldb.concurrent,org.exist.xmldb.concurrent.action,org.exist.xmldb.function,org.exist.xmldb.txn.bridge,org.exist.xmlrpc,org.exist.xmlrpc.function,org.exist.xqj,org.exist.xquery,org.exist.xquery.functions.array,org.exist.xquery.functions.fn,org.exist.xquery.functions.fn.transform,org.exist.xquery.functions.integer,org.exist.xquery.functions.map,org.exist.xquery.functions.math,org.exist.xquery.functions.request,org.exist.xquery.functions.websocket,org.exist.xquery.functions.xmldb,org.exist.xquery.pragmas,org.exist.xquery.regex,org.exist.xquery.update,org.exist.xquery.util,org.exist.xquery.value,org.exist.xslt,org.exist.xupdate"
xquery.range,0,0,0.0,0.0,1.0,false,
org.exist.validation.resolver.unstable,1,4,0.8,0.0,0.19999999999999996,false,
xquery.numbers,0,0,0.0,0.0,1.0,false,
org.exist.xqdoc,1,1,0.5,0.0,0.5,false,
org.exist.xquery.functions.validation,1,19,0.95,0.0,0.050000000000000044,false,
org.exist.xquery.functions.array,9,5,0.35714285714285715,0.0,0.6428571428571428,true,"org.exist,org.exist.backup,org.exist.backup.restore,org.exist.client,org.exist.client.security,org.exist.collections,org.exist.collections.triggers,org.exist.config,org.exist.config.mapper,org.exist.debuggee,org.exist.debugger,org.exist.dom,org.exist.dom.memtree,org.exist.dom.persistent,org.exist.http,org.exist.http.servlets,org.exist.http.urlrewrite,org.exist.http.ws,org.exist.indexing,org.exist.jetty,org.exist.management,org.exist.management.client,org.exist.management.impl,org.exist.numbering,org.exist.protocolhandler.embedded,org.exist.protocolhandler.xmldb,org.exist.protocolhandler.xmlrpc,org.exist.repo,org.exist.resolver,org.exist.scheduler,org.exist.scheduler.impl,org.exist.security,org.exist.security.internal,org.exist.security.internal.aider,org.exist.security.internal.web,org.exist.security.management,org.exist.security.realm,org.exist.security.utils,org.exist.source,org.exist.stax,org.exist.storage,org.exist.storage.blob,org.exist.storage.btree,org.exist.storage.cache,org.exist.storage.dom,org.exist.storage.index,org.exist.storage.io,org.exist.storage.journal,org.exist.storage.lock,org.exist.storage.recovery,org.exist.storage.report,org.exist.storage.serializers,org.exist.storage.structural,org.exist.storage.sync,org.exist.storage.txn,org.exist.storage.vector,org.exist.test,org.exist.util,org.exist.util.crypto.digest,org.exist.util.hashtable,org.exist.util.io,org.exist.util.pool,org.exist.util.serializer,org.exist.util.serializer.json,org.exist.validation,org.exist.validation.internal,org.exist.validation.resolver,org.exist.vector,org.exist.xmldb,org.exist.xmldb.concurrent,org.exist.xmldb.concurrent.action,org.exist.xmldb.function,org.exist.xmldb.txn.bridge,org.exist.xmlrpc,org.exist.xmlrpc.function,org.exist.xqj,org.exist.xquery,org.exist.xquery.functions.array,org.exist.xquery.functions.fn,org.exist.xquery.functions.fn.transform,org.exist.xquery.functions.integer,org.exist.xquery.functions.map,org.exist.xquery.functions.math,org.exist.xquery.functions.request,org.exist.xquery.functions.websocket,org.exist.xquery.functions.xmldb,org.exist.xquery.pragmas,org.exist.xquery.regex,org.exist.xquery.update,org.exist.xquery.util,org.exist.xquery.value,org.exist.xslt,org.exist.xupdate"
org.exist.extensions.exquery.restxq.impl,2,22,0.9166666666666666,0.12,0.036666666666666625,false,
org.exist.validation.internal,1,7,0.875,0.0,0.125,true,"org.exist,org.exist.backup,org.exist.backup.restore,org.exist.client,org.exist.client.security,org.exist.collections,org.exist.collections.triggers,org.exist.config,org.exist.config.mapper,org.exist.debuggee,org.exist.debugger,org.exist.dom,org.exist.dom.memtree,org.exist.dom.persistent,org.exist.http,org.exist.http.servlets,org.exist.http.urlrewrite,org.exist.http.ws,org.exist.indexing,org.exist.jetty,org.exist.management,org.exist.management.client,org.exist.management.impl,org.exist.numbering,org.exist.protocolhandler.embedded,org.exist.protocolhandler.xmldb,org.exist.protocolhandler.xmlrpc,org.exist.repo,org.exist.resolver,org.exist.scheduler,org.exist.scheduler.impl,org.exist.security,org.exist.security.internal,org.exist.security.internal.aider,org.exist.security.internal.web,org.exist.security.management,org.exist.security.realm,org.exist.security.utils,org.exist.source,org.exist.stax,org.exist.storage,org.exist.storage.blob,org.exist.storage.btree,org.exist.storage.cache,org.exist.storage.dom,org.exist.storage.index,org.exist.storage.io,org.exist.storage.journal,org.exist.storage.lock,org.exist.storage.recovery,org.exist.storage.report,org.exist.storage.serializers,org.exist.storage.structural,org.exist.storage.sync,org.exist.storage.txn,org.exist.storage.vector,org.exist.test,org.exist.util,org.exist.util.crypto.digest,org.exist.util.hashtable,org.exist.util.io,org.exist.util.pool,org.exist.util.serializer,org.exist.util.serializer.json,org.exist.validation,org.exist.validation.internal,org.exist.validation.resolver,org.exist.vector,org.exist.xmldb,org.exist.xmldb.concurrent,org.exist.xmldb.concurrent.action,org.exist.xmldb.function,org.exist.xmldb.txn.bridge,org.exist.xmlrpc,org.exist.xmlrpc.function,org.exist.xqj,org.exist.xquery,org.exist.xquery.functions.array,org.exist.xquery.functions.fn,org.exist.xquery.functions.fn.transform,org.exist.xquery.functions.integer,org.exist.xquery.functions.map,org.exist.xquery.functions.math,org.exist.xquery.functions.request,org.exist.xquery.functions.websocket,org.exist.xquery.functions.xmldb,org.exist.xquery.pragmas,org.exist.xquery.regex,org.exist.xquery.update,org.exist.xquery.util,org.exist.xquery.value,org.exist.xslt,org.exist.xupdate"
org.exist.xinclude,0,9,1.0,0.0,0.0,false,
org.exist.indexing,28,17,0.37777777777777777,0.5555555555555556,0.06666666666666665,true,"org.exist,org.exist.backup,org.exist.backup.restore,org.exist.client,org.exist.client.security,org.exist.collections,org.exist.collections.triggers,org.exist.config,org.exist.config.mapper,org.exist.debuggee,org.exist.debugger,org.exist.dom,org.exist.dom.memtree,org.exist.dom.persistent,org.exist.http,org.exist.http.servlets,org.exist.http.urlrewrite,org.exist.http.ws,org.exist.indexing,org.exist.jetty,org.exist.management,org.exist.management.client,org.exist.management.impl,org.exist.numbering,org.exist.protocolhandler.embedded,org.exist.protocolhandler.xmldb,org.exist.protocolhandler.xmlrpc,org.exist.repo,org.exist.resolver,org.exist.scheduler,org.exist.scheduler.impl,org.exist.security,org.exist.security.internal,org.exist.security.internal.aider,org.exist.security.internal.web,org.exist.security.management,org.exist.security.realm,org.exist.security.utils,org.exist.source,org.exist.stax,org.exist.storage,org.exist.storage.blob,org.exist.storage.btree,org.exist.storage.cache,org.exist.storage.dom,org.exist.storage.index,org.exist.storage.io,org.exist.storage.journal,org.exist.storage.lock,org.exist.storage.recovery,org.exist.storage.report,org.exist.storage.serializers,org.exist.storage.structural,org.exist.storage.sync,org.exist.storage.txn,org.exist.storage.vector,org.exist.test,org.exist.util,org.exist.util.crypto.digest,org.exist.util.hashtable,org.exist.util.io,org.exist.util.pool,org.exist.util.serializer,org.exist.util.serializer.json,org.exist.validation,org.exist.validation.internal,org.exist.validation.resolver,org.exist.vector,org.exist.xmldb,org.exist.xmldb.concurrent,org.exist.xmldb.concurrent.action,org.exist.xmldb.function,org.exist.xmldb.txn.bridge,org.exist.xmlrpc,org.exist.xmlrpc.function,org.exist.xqj,org.exist.xquery,org.exist.xquery.functions.array,org.exist.xquery.functions.fn,org.exist.xquery.functions.fn.transform,org.exist.xquery.functions.integer,org.exist.xquery.functions.map,org.exist.xquery.functions.math,org.exist.xquery.functions.request,org.exist.xquery.functions.websocket,org.exist.xquery.functions.xmldb,org.exist.xquery.pragmas,org.exist.xquery.regex,org.exist.xquery.update,org.exist.xquery.util,org.exist.xquery.value,org.exist.xslt,org.exist.xupdate"
org.exist.xquery.modules.oracle,0,6,1.0,0.0,0.0,false,
org.exist.test,73,18,0.1978021978021978,0.3333333333333333,0.46886446886446886,true,"org.exist,org.exist.backup,org.exist.backup.restore,org.exist.client,org.exist.client.security,org.exist.collections,org.exist.collections.triggers,org.exist.config,org.exist.config.mapper,org.exist.debuggee,org.exist.debugger,org.exist.dom,org.exist.dom.memtree,org.exist.dom.persistent,org.exist.http,org.exist.http.servlets,org.exist.http.urlrewrite,org.exist.http.ws,org.exist.indexing,org.exist.jetty,org.exist.management,org.exist.management.client,org.exist.management.impl,org.exist.numbering,org.exist.protocolhandler.embedded,org.exist.protocolhandler.xmldb,org.exist.protocolhandler.xmlrpc,org.exist.repo,org.exist.resolver,org.exist.scheduler,org.exist.scheduler.impl,org.exist.security,org.exist.security.internal,org.exist.security.internal.aider,org.exist.security.internal.web,org.exist.security.management,org.exist.security.realm,org.exist.security.utils,org.exist.source,org.exist.stax,org.exist.storage,org.exist.storage.blob,org.exist.storage.btree,org.exist.storage.cache,org.exist.storage.dom,org.exist.storage.index,org.exist.storage.io,org.exist.storage.journal,org.exist.storage.lock,org.exist.storage.recovery,org.exist.storage.report,org.exist.storage.serializers,org.exist.storage.structural,org.exist.storage.sync,org.exist.storage.txn,org.exist.storage.vector,org.exist.test,org.exist.util,org.exist.util.crypto.digest,org.exist.util.hashtable,org.exist.util.io,org.exist.util.pool,org.exist.util.serializer,org.exist.util.serializer.json,org.exist.validation,org.exist.validation.internal,org.exist.validation.resolver,org.exist.vector,org.exist.xmldb,org.exist.xmldb.concurrent,org.exist.xmldb.concurrent.action,org.exist.xmldb.function,org.exist.xmldb.txn.bridge,org.exist.xmlrpc,org.exist.xmlrpc.function,org.exist.xqj,org.exist.xquery,org.exist.xquery.functions.array,org.exist.xquery.functions.fn,org.exist.xquery.functions.fn.transform,org.exist.xquery.functions.integer,org.exist.xquery.functions.map,org.exist.xquery.functions.math,org.exist.xquery.functions.request,org.exist.xquery.functions.websocket,org.exist.xquery.functions.xmldb,org.exist.xquery.pragmas,org.exist.xquery.regex,org.exist.xquery.update,org.exist.xquery.util,org.exist.xquery.value,org.exist.xslt,org.exist.xupdate"
org.exist.backup.restore.listener,5,0,0.0,0.6666666666666666,0.33333333333333337,false,
org.exist.xquery.modules.image,0,11,1.0,0.0,0.0,false,
org.exist.security.management,4,2,0.3333333333333333,1.0,0.33333333333333326,true,"org.exist,org.exist.backup,org.exist.backup.restore,org.exist.client,org.exist.client.security,org.exist.collections,org.exist.collections.triggers,org.exist.config,org.exist.config.mapper,org.exist.debuggee,org.exist.debugger,org.exist.dom,org.exist.dom.memtree,org.exist.dom.persistent,org.exist.http,org.exist.http.servlets,org.exist.http.urlrewrite,org.exist.http.ws,org.exist.indexing,org.exist.jetty,org.exist.management,org.exist.management.client,org.exist.management.impl,org.exist.numbering,org.exist.protocolhandler.embedded,org.exist.protocolhandler.xmldb,org.exist.protocolhandler.xmlrpc,org.exist.repo,org.exist.resolver,org.exist.scheduler,org.exist.scheduler.impl,org.exist.security,org.exist.security.internal,org.exist.security.internal.aider,org.exist.security.internal.web,org.exist.security.management,org.exist.security.realm,org.exist.security.utils,org.exist.source,org.exist.stax,org.exist.storage,org.exist.storage.blob,org.exist.storage.btree,org.exist.storage.cache,org.exist.storage.dom,org.exist.storage.index,org.exist.storage.io,org.exist.storage.journal,org.exist.storage.lock,org.exist.storage.recovery,org.exist.storage.report,org.exist.storage.serializers,org.exist.storage.structural,org.exist.storage.sync,org.exist.storage.txn,org.exist.storage.vector,org.exist.test,org.exist.util,org.exist.util.crypto.digest,org.exist.util.hashtable,org.exist.util.io,org.exist.util.pool,org.exist.util.serializer,org.exist.util.serializer.json,org.exist.validation,org.exist.validation.internal,org.exist.validation.resolver,org.exist.vector,org.exist.xmldb,org.exist.xmldb.concurrent,org.exist.xmldb.concurrent.action,org.exist.xmldb.function,org.exist.xmldb.txn.bridge,org.exist.xmlrpc,org.exist.xmlrpc.function,org.exist.xqj,org.exist.xquery,org.exist.xquery.functions.array,org.exist.xquery.functions.fn,org.exist.xquery.functions.fn.transform,org.exist.xquery.functions.integer,org.exist.xquery.functions.map,org.exist.xquery.functions.math,org.exist.xquery.functions.request,org.exist.xquery.functions.websocket,org.exist.xquery.functions.xmldb,org.exist.xquery.pragmas,org.exist.xquery.regex,org.exist.xquery.update,org.exist.xquery.util,org.exist.xquery.value,org.exist.xslt,org.exist.xupdate"
org.exist.protocolhandler.xmldb,6,1,0.14285714285714285,0.0,0.8571428571428572,true,"org.exist,org.exist.backup,org.exist.backup.restore,org.exist.client,org.exist.client.security,org.exist.collections,org.exist.collections.triggers,org.exist.config,org.exist.config.mapper,org.exist.debuggee,org.exist.debugger,org.exist.dom,org.exist.dom.memtree,org.exist.dom.persistent,org.exist.http,org.exist.http.servlets,org.exist.http.urlrewrite,org.exist.http.ws,org.exist.indexing,org.exist.jetty,org.exist.management,org.exist.management.client,org.exist.management.impl,org.exist.numbering,org.exist.protocolhandler.embedded,org.exist.protocolhandler.xmldb,org.exist.protocolhandler.xmlrpc,org.exist.repo,org.exist.resolver,org.exist.scheduler,org.exist.scheduler.impl,org.exist.security,org.exist.security.internal,org.exist.security.internal.aider,org.exist.security.internal.web,org.exist.security.management,org.exist.security.realm,org.exist.security.utils,org.exist.source,org.exist.stax,org.exist.storage,org.exist.storage.blob,org.exist.storage.btree,org.exist.storage.cache,org.exist.storage.dom,org.exist.storage.index,org.exist.storage.io,org.exist.storage.journal,org.exist.storage.lock,org.exist.storage.recovery,org.exist.storage.report,org.exist.storage.serializers,org.exist.storage.structural,org.exist.storage.sync,org.exist.storage.txn,org.exist.storage.vector,org.exist.test,org.exist.util,org.exist.util.crypto.digest,org.exist.util.hashtable,org.exist.util.io,org.exist.util.pool,org.exist.util.serializer,org.exist.util.serializer.json,org.exist.validation,org.exist.validation.internal,org.exist.validation.resolver,org.exist.vector,org.exist.xmldb,org.exist.xmldb.concurrent,org.exist.xmldb.concurrent.action,org.exist.xmldb.function,org.exist.xmldb.txn.bridge,org.exist.xmlrpc,org.exist.xmlrpc.function,org.exist.xqj,org.exist.xquery,org.exist.xquery.functions.array,org.exist.xquery.functions.fn,org.exist.xquery.functions.fn.transform,org.exist.xquery.functions.integer,org.exist.xquery.functions.map,org.exist.xquery.functions.math,org.exist.xquery.functions.request,org.exist.xquery.functions.websocket,org.exist.xquery.functions.xmldb,org.exist.xquery.pragmas,org.exist.xquery.regex,org.exist.xquery.update,org.exist.xquery.util,org.exist.xquery.value,org.exist.xslt,org.exist.xupdate"
org.exist.xquery.functions.util,0,29,1.0,0.01818181818181818,0.018181818181818077,false,
org.exist.xmlrpc.function,1,6,0.8571428571428571,1.0,0.8571428571428572,true,"org.exist,org.exist.backup,org.exist.backup.restore,org.exist.client,org.exist.client.security,org.exist.collections,org.exist.collections.triggers,org.exist.config,org.exist.config.mapper,org.exist.debuggee,org.exist.debugger,org.exist.dom,org.exist.dom.memtree,org.exist.dom.persistent,org.exist.http,org.exist.http.servlets,org.exist.http.urlrewrite,org.exist.http.ws,org.exist.indexing,org.exist.jetty,org.exist.management,org.exist.management.client,org.exist.management.impl,org.exist.numbering,org.exist.protocolhandler.embedded,org.exist.protocolhandler.xmldb,org.exist.protocolhandler.xmlrpc,org.exist.repo,org.exist.resolver,org.exist.scheduler,org.exist.scheduler.impl,org.exist.security,org.exist.security.internal,org.exist.security.internal.aider,org.exist.security.internal.web,org.exist.security.management,org.exist.security.realm,org.exist.security.utils,org.exist.source,org.exist.stax,org.exist.storage,org.exist.storage.blob,org.exist.storage.btree,org.exist.storage.cache,org.exist.storage.dom,org.exist.storage.index,org.exist.storage.io,org.exist.storage.journal,org.exist.storage.lock,org.exist.storage.recovery,org.exist.storage.report,org.exist.storage.serializers,org.exist.storage.structural,org.exist.storage.sync,org.exist.storage.txn,org.exist.storage.vector,org.exist.test,org.exist.util,org.exist.util.crypto.digest,org.exist.util.hashtable,org.exist.util.io,org.exist.util.pool,org.exist.util.serializer,org.exist.util.serializer.json,org.exist.validation,org.exist.validation.internal,org.exist.validation.resolver,org.exist.vector,org.exist.xmldb,org.exist.xmldb.concurrent,org.exist.xmldb.concurrent.action,org.exist.xmldb.function,org.exist.xmldb.txn.bridge,org.exist.xmlrpc,org.exist.xmlrpc.function,org.exist.xqj,org.exist.xquery,org.exist.xquery.functions.array,org.exist.xquery.functions.fn,org.exist.xquery.functions.fn.transform,org.exist.xquery.functions.integer,org.exist.xquery.functions.map,org.exist.xquery.functions.math,org.exist.xquery.functions.request,org.exist.xquery.functions.websocket,org.exist.xquery.functions.xmldb,org.exist.xquery.pragmas,org.exist.xquery.regex,org.exist.xquery.update,org.exist.xquery.util,org.exist.xquery.value,org.exist.xslt,org.exist.xupdate"
org.exist.http,6,26,0.8125,0.1111111111111111,0.07638888888888884,true,"org.exist,org.exist.backup,org.exist.backup.restore,org.exist.client,org.exist.client.security,org.exist.collections,org.exist.collections.triggers,org.exist.config,org.exist.config.mapper,org.exist.debuggee,org.exist.debugger,org.exist.dom,org.exist.dom.memtree,org.exist.dom.persistent,org.exist.http,org.exist.http.servlets,org.exist.http.urlrewrite,org.exist.http.ws,org.exist.indexing,org.exist.jetty,org.exist.management,org.exist.management.client,org.exist.management.impl,org.exist.numbering,org.exist.protocolhandler.embedded,org.exist.protocolhandler.xmldb,org.exist.protocolhandler.xmlrpc,org.exist.repo,org.exist.resolver,org.exist.scheduler,org.exist.scheduler.impl,org.exist.security,org.exist.security.internal,org.exist.security.internal.aider,org.exist.security.internal.web,org.exist.security.management,org.exist.security.realm,org.exist.security.utils,org.exist.source,org.exist.stax,org.exist.storage,org.exist.storage.blob,org.exist.storage.btree,org.exist.storage.cache,org.exist.storage.dom,org.exist.storage.index,org.exist.storage.io,org.exist.storage.journal,org.exist.storage.lock,org.exist.storage.recovery,org.exist.storage.report,org.exist.storage.serializers,org.exist.storage.structural,org.exist.storage.sync,org.exist.storage.txn,org.exist.storage.vector,org.exist.test,org.exist.util,org.exist.util.crypto.digest,org.exist.util.hashtable,org.exist.util.io,org.exist.util.pool,org.exist.util.serializer,org.exist.util.serializer.json,org.exist.validation,org.exist.validation.internal,org.exist.validation.resolver,org.exist.vector,org.exist.xmldb,org.exist.xmldb.concurrent,org.exist.xmldb.concurrent.action,org.exist.xmldb.function,org.exist.xmldb.txn.bridge,org.exist.xmlrpc,org.exist.xmlrpc.function,org.exist.xqj,org.exist.xquery,org.exist.xquery.functions.array,org.exist.xquery.functions.fn,org.exist.xquery.functions.fn.transform,org.exist.xquery.functions.integer,org.exist.xquery.functions.map,org.exist.xquery.functions.math,org.exist.xquery.functions.request,org.exist.xquery.functions.websocket,org.exist.xquery.functions.xmldb,org.exist.xquery.pragmas,org.exist.xquery.regex,org.exist.xquery.update,org.exist.xquery.util,org.exist.xquery.value,org.exist.xslt,org.exist.xupdate"
