Source path,Class name,QName local name,Dynamically invoked in tests,Matching test paths
exist-core/src/main/java/org/exist/xquery/functions/websocket/WebSocketFunctions.java,org.exist.xquery.functions.websocket.WebSocketFunctions,log,true,exist-core/src/test/xquery/transform/catalog.xql; exist-docker/src/test/bats/02-config-spec.bats; exist-core/src/test/java/org/exist/xquery/NodeTypeTest.java; exist-core/src/test/java/org/exist/collections/triggers/XQueryTrigger2Test.java; exist-core/src/test/java/org/exist/collections/triggers/XQueryTriggerTest.java; exist-core/src/test/java/org/exist/collections/triggers/XQueryTriggerChainTest.java; exist-core/src/test/java/org/exist/collections/ConcurrencyTest.java; extensions/modules/http-client/src/test/java/org/exist/xquery/modules/httpclient/SendRequestFunctionTest.java
exist-core/src/main/java/org/exist/xquery/functions/websocket/WebSocketFunctions.java,org.exist.xquery.functions.websocket.WebSocketFunctions,send,false,
exist-core/src/main/java/org/exist/xquery/functions/websocket/WebSocketFunctions.java,org.exist.xquery.functions.websocket.WebSocketFunctions,broadcast,false,
exist-core/src/main/java/org/exist/xquery/functions/websocket/WebSocketFunctions.java,org.exist.xquery.functions.websocket.WebSocketFunctions,channel-count,false,
exist-core/src/main/java/org/exist/xquery/functions/websocket/ConsoleCompatFunctions.java,org.exist.xquery.functions.websocket.ConsoleCompatFunctions,log,true,exist-core/src/test/xquery/transform/catalog.xql; exist-docker/src/test/bats/02-config-spec.bats; exist-core/src/test/java/org/exist/xquery/NodeTypeTest.java; exist-core/src/test/java/org/exist/collections/triggers/XQueryTrigger2Test.java; exist-core/src/test/java/org/exist/collections/triggers/XQueryTriggerTest.java; exist-core/src/test/java/org/exist/collections/triggers/XQueryTriggerChainTest.java; exist-core/src/test/java/org/exist/collections/ConcurrencyTest.java; extensions/modules/http-client/src/test/java/org/exist/xquery/modules/httpclient/SendRequestFunctionTest.java
exist-core/src/main/java/org/exist/xquery/functions/websocket/ConsoleCompatFunctions.java,org.exist.xquery.functions.websocket.ConsoleCompatFunctions,send,false,
exist-core/src/main/java/org/exist/xquery/functions/xmldb/XMLDBStore.java,org.exist.xquery.functions.xmldb.XMLDBStore,store,true,exist-core/src/main/resources/org/exist/xquery/lib/xqsuite/examples.xql; exist-core/src/test/xquery/arrays/arrays.xql; exist-core/src/test/xquery/axes-persistent-nodes.xqm; exist-core/src/test/xquery/axes.xql; exist-core/src/test/xquery/base-uri.xql; exist-core/src/test/xquery/binary-value.xqm; exist-core/src/test/xquery/collations.xq; exist-core/src/test/xquery/count.xql; exist-core/src/test/xquery/document-nodes.xq; exist-core/src/test/xquery/exceptOperator.xql; exist-core/src/test/xquery/fn-not.xq; exist-core/src/test/xquery/fn-position.xqm; exist-core/src/test/xquery/fn.xql; exist-core/src/test/xquery/guest.xql; exist-core/src/test/xquery/indexing/indexes-base-uri.xq; exist-core/src/test/xquery/inspect/inspect.xql; exist-core/src/test/xquery/last.xql; exist-core/src/test/xquery/logicalOp/andor.xql; exist-core/src/test/xquery/npt.xqm; exist-core/src/test/xquery/optimizer/expressions.xqm; exist-core/src/test/xquery/optimizer/positional.xqm; exist-core/src/test/xquery/positional-nested.xql; exist-core/src/test/xquery/preceding-axis.xql; exist-core/src/test/xquery/question-marks-in-contains-function.xql; exist-core/src/test/xquery/securitymanager/id.xqm; exist-core/src/test/xquery/securitymanager/permission-error-codes.xqm; exist-core/src/test/xquery/simple-map-predicate.xq; exist-core/src/test/xquery/system/get-main-module-load-path.xqm; exist-core/src/test/xquery/system/get-module-load-path.xqm; exist-core/src/test/xquery/unicode.xqm; exist-core/src/test/xquery/unparsed-text.xql; exist-core/src/test/xquery/util/document-id.xqm; exist-core/src/test/xquery/util/get-fragment-between.xqm; exist-core/src/test/xquery/validation/jaxp.xql; exist-core/src/test/xquery/validation/jaxv.xql; exist-core/src/test/xquery/xmldb/copy-tests.xql; exist-core/src/test/xquery/xmldb/last-modified.xql; exist-core/src/test/xquery/xmldb/permission-tests.xql; exist-core/src/test/xquery/xmldb/reindex-tests.xql; exist-core/src/test/xquery/xmldb/store-binary-tests.xql; exist-core/src/test/xquery/xmlid.xql; exist-core/src/test/xquery/xquery-update.xql; exist-core/src/test/xquery/xquery3/bindingConflict.xqm; exist-core/src/test/xquery/xquery3/flwor.xql; exist-core/src/test/xquery/xquery3/fnExcept.xqm; exist-core/src/test/xquery/xquery3/fnIntersect.xqm; exist-core/src/test/xquery/xquery3/fnUriCollection.xqm; exist-core/src/test/xquery/xquery3/generate-id.xqm; exist-core/src/test/xquery/xquery3/higher-order.xqm; exist-core/src/test/xquery/xquery3/precedingFollowingAfterNot.xqm; exist-core/src/test/xquery/xquery3/serialize.xql; exist-core/src/test/xquery/xquery3/transform/doc-as-parameter.xqm; exist-core/src/test/xquery/xquery3/transform/fnTransform5052.xqm; exist-core/src/test/xquery/xquery3/transform/fnTransform5882.xqm; exist-core/src/test/xquery/xquery3/transform/fnTransform6065.xqm; exist-core/src/test/xquery/xquery3/transform/fnTransformIssue4609.xqm; exist-core/src/test/xquery/xquery3/xml-to-json.xql; exist-docker/src/test/bats/03-xquery-spec.bats; extensions/exquery/restxq/src/test/xquery/restxq/arrays.xq; extensions/indexes/indexes-integration-tests/src/test/xquery/indexing/tests/exist-matches.xqm; extensions/indexes/lucene/src/test/xquery/lucene/analyzers-diacritics.xql; extensions/indexes/lucene/src/test/xquery/lucene/analyzers-english.xql; extensions/indexes/lucene/src/test/xquery/lucene/analyzers-field.xqm; extensions/indexes/lucene/src/test/xquery/lucene/facet-drilldown-highlight.xqm; extensions/indexes/lucene/src/test/xquery/lucene/field-expression-context.xqm; extensions/indexes/lucene/src/test/xquery/lucene/for-variable.xql; extensions/indexes/lucene/src/test/xquery/lucene/ft-attr-context.xql; extensions/indexes/lucene/src/test/xquery/lucene/ft-edge.xqm; extensions/indexes/lucene/src/test/xquery/lucene/ft-expand-highlight.xqm; extensions/indexes/lucene/src/test/xquery/lucene/ft-facets.xqm; extensions/indexes/lucene/src/test/xquery/lucene/ft-field-types.xqm; extensions/indexes/lucene/src/test/xquery/lucene/ft-match.xql; extensions/indexes/lucene/src/test/xquery/lucene/ft-query-field.xqm; extensions/indexes/lucene/src/test/xquery/lucene/ft-query-forms.xqm; extensions/indexes/lucene/src/test/xquery/lucene/ft-search-binary.xqm; extensions/indexes/lucene/src/test/xquery/lucene/ignore-condition.xql; extensions/indexes/lucene/src/test/xquery/lucene/index-keys.xql; extensions/indexes/lucene/src/test/xquery/lucene/indirect-queries.xql; extensions/indexes/lucene/src/test/xquery/lucene/inline-elements.xql; extensions/indexes/lucene/src/test/xquery/lucene/inline-ignore.xql; extensions/indexes/lucene/src/test/xquery/lucene/match-highlighting.xql; extensions/indexes/lucene/src/test/xquery/lucene/optimizer-ft.xql; extensions/indexes/lucene/src/test/xquery/lucene/parenthesized-context.xql; extensions/indexes/lucene/src/test/xquery/lucene/parenthesized-location-step.xql; extensions/indexes/lucene/src/test/xquery/lucene/reindex-second-store.xqm; extensions/indexes/lucene/src/test/xquery/lucene/self-axis-index.xqm; extensions/indexes/lucene/src/test/xquery/lucene/serialize.xql; extensions/indexes/lucene/src/test/xquery/lucene/start-offset.xql; extensions/indexes/lucene/src/test/xquery/lucene/unicode-supplementary-lucene.xql; extensions/indexes/lucene/src/test/xquery/lucene/util-expand-highlight.xqm; extensions/indexes/lucene/src/test/xquery/lucene/vector-search.xqm; extensions/indexes/ngram/src/test/xquery/ngram/for-variable.xql; extensions/indexes/ngram/src/test/xquery/ngram/match-highlighting-ngram.xql; extensions/indexes/ngram/src/test/xquery/ngram/unicode-supplementary-ngram.xql; extensions/indexes/range/src/test/xquery/range/conditions.xql; extensions/indexes/range/src/test/xquery/range/field-type.xql; extensions/indexes/range/src/test/xquery/range/fields.xql; extensions/indexes/range/src/test/xquery/range/for-variable.xql; extensions/indexes/range/src/test/xquery/range/index-keys.xql; extensions/indexes/range/src/test/xquery/range/multi-collection-search.xqm; extensions/indexes/range/src/test/xquery/range/optimizer.xql; extensions/indexes/range/src/test/xquery/range/prefixed-conditions.xql; extensions/indexes/range/src/test/xquery/range/range.xql; extensions/indexes/range/src/test/xquery/range/types.xql; extensions/indexes/range/src/test/xquery/range/unicode-supplementary-range.xql; extensions/indexes/range/src/test/xquery/range/updates.xql; extensions/modules/expathrepo/src/main/resources/org/exist/xquery/modules/expathrepo/repair.xql; extensions/modules/expathrepo/src/test/xquery/modules/expathrepo/deployment.xql; extensions/modules/expathrepo/src/test/xquery/modules/expathrepo/resource-available.xql; extensions/modules/file/src/test/resources/util/helper.xqm; extensions/modules/mail/access_imap_mailbox_example.xql; extensions/modules/mail/get_messages_example.xql; extensions/modules/xmldiff/src/test/xquery/modules/xmldiff/compare.xqm; extensions/modules/xmldiff/src/test/xquery/modules/xmldiff/diff.xqm; exist-core/src/test/java/org/exist/xmldb/TreeLevelOrderTest.java; exist-core/src/test/java/org/exist/util/io/FilterInputStreamCacheMonitorTest.java; exist-core/src/test/java/org/exist/xquery/DocumentUpdateTest.java; exist-core/src/test/java/org/exist/xquery/FollowingAxisPositionRegressionTest.java; exist-core/src/test/java/org/exist/xquery/IntersectElementReturnTypeTest.java; exist-core/src/test/java/org/exist/xquery/OptimizerTest.java; exist-core/src/test/java/org/exist/xquery/xqsuite/XQSuiteTearDownErrorTest.java; exist-core/src/test/java/org/exist/xquery/SelfAxisAttributeKindRegressionTest.java; exist-core/src/test/java/org/exist/xquery/XQueryTest.java; exist-core/src/test/java/org/exist/xquery/AxisPerformanceRegressionTest.java; exist-core/src/test/java/org/exist/xquery/PathExprAtomicRhsTest.java; exist-core/src/test/java/org/exist/xquery/ContextDependencyRegressionTest.java; exist-core/src/test/java/org/exist/xquery/SelfAxisProcessingInstructionRegressionTest.java; exist-core/src/test/java/org/exist/xquery/XQueryFunctionsTest.java; exist-core/src/test/java/org/exist/xquery/functions/validate/JingOnvdlTest.java; exist-core/src/test/java/org/exist/xquery/functions/xmldb/DbStoreTest.java; exist-core/src/test/java/org/exist/xquery/functions/xmldb/DbStore2Test.java; exist-core/src/test/java/org/exist/xquery/functions/util/ExpandTest.java; exist-core/src/test/java/org/exist/xquery/functions/fn/FunDeepEqualPerformanceTest.java; exist-core/src/test/java/org/exist/xquery/XQueryUpdateTest.java; exist-core/src/test/java/org/exist/xquery/NodeTypeTest.java; exist-core/src/test/java/org/exist/security/XMLDBSecurityTest.java; exist-core/src/test/java/org/exist/security/XqueryApiTest.java; exist-core/src/test/java/org/exist/storage/RecoverBinary2Test.java; exist-core/src/test/java/org/exist/http/StoredQueryLockReleaseTest.java; exist-core/src/test/java/org/exist/collections/triggers/XQueryTriggerSetGidTest.java; exist-core/src/test/java/org/exist/collections/triggers/XQueryTriggerSetUidTest.java; exist-core/src/test/java/org/exist/validation/CollectionConfigurationTest.java; exist-core/src/test/java/org/exist/validation/CollectionConfigurationValidationModeTest.java; extensions/indexes/lucene/src/test/java/xquery/lucene/VectorSearchEmbeddingTest.java; extensions/indexes/lucene/src/test/java/org/exist/indexing/lucene/FacetPollutionJavaReproducerTest.java; extensions/indexes/ngram/src/test/java/org/exist/indexing/ngram/CustomIndexTest.java; extensions/indexes/vector-it/src/test/java/xquery/lucene/VectorSearchEmbeddingIT.java; extensions/modules/expathrepo/src/test/java/org/exist/repo/PackageTriggerIT.java; extensions/modules/file/src/test/java/org/exist/xquery/modules/file/AbstractBinariesTest.java
exist-core/src/main/java/org/exist/xquery/functions/xmldb/XMLDBStore.java,org.exist.xquery.functions.xmldb.XMLDBStore,store-as-binary,true,extensions/modules/compression/src/test/xquery/modules/compression/zip-tests.xql; extensions/modules/image/src/test/xquery/modules/image/scale.xqm; exist-core/src/test/java/org/exist/security/XqueryApiTest.java
exist-core/src/main/java/org/exist/xquery/functions/xmldb/XMLDBRemove.java,org.exist.xquery.functions.xmldb.XMLDBRemove,remove,true,exist-core/src/main/resources/org/exist/xquery/lib/xqsuite/examples.xql; exist-core/src/test/xquery/arrays/arrays.xql; exist-core/src/test/xquery/axes-persistent-nodes.xqm; exist-core/src/test/xquery/axes.xql; exist-core/src/test/xquery/base-uri.xql; exist-core/src/test/xquery/binary-value.xqm; exist-core/src/test/xquery/collations.xq; exist-core/src/test/xquery/count.xql; exist-core/src/test/xquery/document-nodes.xq; exist-core/src/test/xquery/exceptOperator.xql; exist-core/src/test/xquery/fn-not.xq; exist-core/src/test/xquery/fn-position.xqm; exist-core/src/test/xquery/fn.xql; exist-core/src/test/xquery/guest.xql; exist-core/src/test/xquery/indexing/indexes-base-uri.xq; exist-core/src/test/xquery/inspect/inspect.xql; exist-core/src/test/xquery/last.xql; exist-core/src/test/xquery/logicalOp/andor.xql; exist-core/src/test/xquery/maps/maps.xqm; exist-core/src/test/xquery/npt.xqm; exist-core/src/test/xquery/optimizer/expressions.xqm; exist-core/src/test/xquery/optimizer/positional.xqm; exist-core/src/test/xquery/positional-nested.xql; exist-core/src/test/xquery/preceding-axis.xql; exist-core/src/test/xquery/question-marks-in-contains-function.xql; exist-core/src/test/xquery/securitymanager/id.xqm; exist-core/src/test/xquery/securitymanager/permission-error-codes.xqm; exist-core/src/test/xquery/simple-map-predicate.xq; exist-core/src/test/xquery/system/get-main-module-load-path.xqm; exist-core/src/test/xquery/system/get-module-load-path.xqm; exist-core/src/test/xquery/unicode.xqm; exist-core/src/test/xquery/unparsed-text.xql; exist-core/src/test/xquery/util/document-id.xqm; exist-core/src/test/xquery/util/get-fragment-between.xqm; exist-core/src/test/xquery/validation/jaxp.xql; exist-core/src/test/xquery/validation/jaxv.xql; exist-core/src/test/xquery/xmldb/copy-tests.xql; exist-core/src/test/xquery/xmldb/create-collection-tests.xql; exist-core/src/test/xquery/xmldb/last-modified.xql; exist-core/src/test/xquery/xmldb/permission-tests.xql; exist-core/src/test/xquery/xmldb/reindex-tests.xql; exist-core/src/test/xquery/xmldb/store-binary-tests.xql; exist-core/src/test/xquery/xmlid.xql; exist-core/src/test/xquery/xqsuite/custom-assertion.xqm; exist-core/src/test/xquery/xquery-update.xql; exist-core/src/test/xquery/xquery3/flwor.xql; exist-core/src/test/xquery/xquery3/fnExcept.xqm; exist-core/src/test/xquery/xquery3/fnIntersect.xqm; exist-core/src/test/xquery/xquery3/fnUriCollection.xqm; exist-core/src/test/xquery/xquery3/generate-id.xqm; exist-core/src/test/xquery/xquery3/higher-order.xqm; exist-core/src/test/xquery/xquery3/precedingFollowingAfterNot.xqm; exist-core/src/test/xquery/xquery3/serialize.xql; exist-core/src/test/xquery/xquery3/transform/doc-as-parameter.xqm; exist-core/src/test/xquery/xquery3/transform/fnTransform5052.xqm; exist-core/src/test/xquery/xquery3/transform/fnTransform5882.xqm; exist-core/src/test/xquery/xquery3/transform/fnTransform6065.xqm; exist-core/src/test/xquery/xquery3/xml-to-json.xql; extensions/exquery/restxq/src/test/xquery/restxq/arrays.xq; extensions/indexes/indexes-integration-tests/src/test/xquery/indexing/tests/exist-matches.xqm; extensions/indexes/lucene/src/test/xquery/lucene/analyzers-diacritics.xql; extensions/indexes/lucene/src/test/xquery/lucene/analyzers-english.xql; extensions/indexes/lucene/src/test/xquery/lucene/analyzers-field.xqm; extensions/indexes/lucene/src/test/xquery/lucene/facet-drilldown-highlight.xqm; extensions/indexes/lucene/src/test/xquery/lucene/field-expression-context.xqm; extensions/indexes/lucene/src/test/xquery/lucene/for-variable.xql; extensions/indexes/lucene/src/test/xquery/lucene/ft-attr-context.xql; extensions/indexes/lucene/src/test/xquery/lucene/ft-edge.xqm; extensions/indexes/lucene/src/test/xquery/lucene/ft-expand-highlight.xqm; extensions/indexes/lucene/src/test/xquery/lucene/ft-facets.xqm; extensions/indexes/lucene/src/test/xquery/lucene/ft-field-types.xqm; extensions/indexes/lucene/src/test/xquery/lucene/ft-match.xql; extensions/indexes/lucene/src/test/xquery/lucene/ft-query-field.xqm; extensions/indexes/lucene/src/test/xquery/lucene/ft-query-forms.xqm; extensions/indexes/lucene/src/test/xquery/lucene/ft-search-binary.xqm; extensions/indexes/lucene/src/test/xquery/lucene/ignore-condition.xql; extensions/indexes/lucene/src/test/xquery/lucene/index-keys.xql; extensions/indexes/lucene/src/test/xquery/lucene/indirect-queries.xql; extensions/indexes/lucene/src/test/xquery/lucene/inline-elements.xql; extensions/indexes/lucene/src/test/xquery/lucene/inline-ignore.xql; extensions/indexes/lucene/src/test/xquery/lucene/match-highlighting.xql; extensions/indexes/lucene/src/test/xquery/lucene/optimizer-ft.xql; extensions/indexes/lucene/src/test/xquery/lucene/parenthesized-context.xql; extensions/indexes/lucene/src/test/xquery/lucene/parenthesized-location-step.xql; extensions/indexes/lucene/src/test/xquery/lucene/reindex-second-store.xqm; extensions/indexes/lucene/src/test/xquery/lucene/self-axis-index.xqm; extensions/indexes/lucene/src/test/xquery/lucene/serialize.xql; extensions/indexes/lucene/src/test/xquery/lucene/start-offset.xql; extensions/indexes/lucene/src/test/xquery/lucene/unicode-supplementary-lucene.xql; extensions/indexes/lucene/src/test/xquery/lucene/util-expand-highlight.xqm; extensions/indexes/lucene/src/test/xquery/lucene/vector-search.xqm; extensions/indexes/ngram/src/test/xquery/ngram/for-variable.xql; extensions/indexes/ngram/src/test/xquery/ngram/match-highlighting-ngram.xql; extensions/indexes/ngram/src/test/xquery/ngram/unicode-supplementary-ngram.xql; extensions/indexes/range/src/test/xquery/range/conditions.xql; extensions/indexes/range/src/test/xquery/range/field-type.xql; extensions/indexes/range/src/test/xquery/range/fields.xql; extensions/indexes/range/src/test/xquery/range/for-variable.xql; extensions/indexes/range/src/test/xquery/range/index-keys.xql; extensions/indexes/range/src/test/xquery/range/multi-collection-search.xqm; extensions/indexes/range/src/test/xquery/range/optimizer.xql; extensions/indexes/range/src/test/xquery/range/prefixed-conditions.xql; extensions/indexes/range/src/test/xquery/range/range.xql; extensions/indexes/range/src/test/xquery/range/types.xql; extensions/indexes/range/src/test/xquery/range/unicode-supplementary-range.xql; extensions/indexes/range/src/test/xquery/range/updates.xql; extensions/modules/cache/src/test/xquery/modules/cache/cache.xqm; extensions/modules/expathrepo/src/main/resources/org/exist/xquery/modules/expathrepo/repair.xql; extensions/modules/expathrepo/src/test/xquery/modules/expathrepo/deployment.xql; extensions/modules/expathrepo/src/test/xquery/modules/expathrepo/resource-available.xql; extensions/modules/file/src/test/resources/util/helper.xqm; extensions/modules/image/src/test/xquery/modules/image/scale.xqm; extensions/modules/xmldiff/src/test/xquery/modules/xmldiff/compare.xqm; extensions/modules/xmldiff/src/test/xquery/modules/xmldiff/diff.xqm; exist-core/src/test/java/org/exist/xquery/SeqOpTest.java; exist-core/src/test/java/org/exist/xquery/DocumentUpdateTest.java; exist-core/src/test/java/org/exist/xquery/FollowingAxisPositionRegressionTest.java; exist-core/src/test/java/org/exist/xquery/IntersectElementReturnTypeTest.java; exist-core/src/test/java/org/exist/xquery/OptimizerTest.java; exist-core/src/test/java/org/exist/xquery/xqsuite/XQSuiteTearDownErrorTest.java; exist-core/src/test/java/org/exist/xquery/SelfAxisAttributeKindRegressionTest.java; exist-core/src/test/java/org/exist/xquery/AxisPerformanceRegressionTest.java; exist-core/src/test/java/org/exist/xquery/XPathQueryTest.java; exist-core/src/test/java/org/exist/xquery/PathExprAtomicRhsTest.java; exist-core/src/test/java/org/exist/xquery/SelfAxisProcessingInstructionRegressionTest.java; exist-core/src/test/java/org/exist/xquery/functions/fn/FunDeepEqualPerformanceTest.java; exist-core/src/test/java/org/exist/xquery/NodeTypeTest.java; exist-core/src/test/java/org/exist/security/XqueryApiTest.java; exist-core/src/test/java/org/exist/collections/ConcurrencyTest.java; extensions/indexes/vector-it/src/test/java/xquery/lucene/VectorSearchEmbeddingIT.java
exist-core/src/main/java/org/exist/xquery/functions/xmldb/XMLDBMove.java,org.exist.xquery.functions.xmldb.XMLDBMove,move,true,exist-core/src/main/resources/org/exist/xquery/lib/xqsuite/examples.xql; exist-core/src/test/xquery/arrays/arrays.xql; exist-core/src/test/xquery/axes-persistent-nodes.xqm; exist-core/src/test/xquery/axes.xql; exist-core/src/test/xquery/base-uri.xql; exist-core/src/test/xquery/binary-value.xqm; exist-core/src/test/xquery/collations.xq; exist-core/src/test/xquery/count.xql; exist-core/src/test/xquery/document-nodes.xq; exist-core/src/test/xquery/exceptOperator.xql; exist-core/src/test/xquery/fn-not.xq; exist-core/src/test/xquery/fn-position.xqm; exist-core/src/test/xquery/fn.xql; exist-core/src/test/xquery/guest.xql; exist-core/src/test/xquery/indexing/indexes-base-uri.xq; exist-core/src/test/xquery/inspect/inspect.xql; exist-core/src/test/xquery/last.xql; exist-core/src/test/xquery/logicalOp/andor.xql; exist-core/src/test/xquery/maps/maps.xqm; exist-core/src/test/xquery/npt.xqm; exist-core/src/test/xquery/optimizer/expressions.xqm; exist-core/src/test/xquery/optimizer/positional.xqm; exist-core/src/test/xquery/positional-nested.xql; exist-core/src/test/xquery/preceding-axis.xql; exist-core/src/test/xquery/question-marks-in-contains-function.xql; exist-core/src/test/xquery/securitymanager/id.xqm; exist-core/src/test/xquery/securitymanager/permission-error-codes.xqm; exist-core/src/test/xquery/simple-map-predicate.xq; exist-core/src/test/xquery/system/get-main-module-load-path.xqm; exist-core/src/test/xquery/system/get-module-load-path.xqm; exist-core/src/test/xquery/unicode.xqm; exist-core/src/test/xquery/unparsed-text.xql; exist-core/src/test/xquery/util/document-id.xqm; exist-core/src/test/xquery/util/get-fragment-between.xqm; exist-core/src/test/xquery/validation/jaxp.xql; exist-core/src/test/xquery/validation/jaxv.xql; exist-core/src/test/xquery/xmldb/copy-tests.xql; exist-core/src/test/xquery/xmldb/create-collection-tests.xql; exist-core/src/test/xquery/xmldb/last-modified.xql; exist-core/src/test/xquery/xmldb/permission-tests.xql; exist-core/src/test/xquery/xmldb/reindex-tests.xql; exist-core/src/test/xquery/xmldb/store-binary-tests.xql; exist-core/src/test/xquery/xmlid.xql; exist-core/src/test/xquery/xqsuite/custom-assertion.xqm; exist-core/src/test/xquery/xquery-update.xql; exist-core/src/test/xquery/xquery3/flwor.xql; exist-core/src/test/xquery/xquery3/fnExcept.xqm; exist-core/src/test/xquery/xquery3/fnIntersect.xqm; exist-core/src/test/xquery/xquery3/fnUriCollection.xqm; exist-core/src/test/xquery/xquery3/generate-id.xqm; exist-core/src/test/xquery/xquery3/higher-order.xqm; exist-core/src/test/xquery/xquery3/precedingFollowingAfterNot.xqm; exist-core/src/test/xquery/xquery3/serialize.xql; exist-core/src/test/xquery/xquery3/transform/doc-as-parameter.xqm; exist-core/src/test/xquery/xquery3/transform/fnTransform5052.xqm; exist-core/src/test/xquery/xquery3/transform/fnTransform5882.xqm; exist-core/src/test/xquery/xquery3/transform/fnTransform6065.xqm; exist-core/src/test/xquery/xquery3/xml-to-json.xql; extensions/exquery/restxq/src/test/xquery/restxq/arrays.xq; extensions/indexes/indexes-integration-tests/src/test/xquery/indexing/tests/exist-matches.xqm; extensions/indexes/lucene/src/test/xquery/lucene/analyzers-diacritics.xql; extensions/indexes/lucene/src/test/xquery/lucene/analyzers-english.xql; extensions/indexes/lucene/src/test/xquery/lucene/analyzers-field.xqm; extensions/indexes/lucene/src/test/xquery/lucene/facet-drilldown-highlight.xqm; extensions/indexes/lucene/src/test/xquery/lucene/field-expression-context.xqm; extensions/indexes/lucene/src/test/xquery/lucene/for-variable.xql; extensions/indexes/lucene/src/test/xquery/lucene/ft-attr-context.xql; extensions/indexes/lucene/src/test/xquery/lucene/ft-edge.xqm; extensions/indexes/lucene/src/test/xquery/lucene/ft-expand-highlight.xqm; extensions/indexes/lucene/src/test/xquery/lucene/ft-facets.xqm; extensions/indexes/lucene/src/test/xquery/lucene/ft-field-types.xqm; extensions/indexes/lucene/src/test/xquery/lucene/ft-match.xql; extensions/indexes/lucene/src/test/xquery/lucene/ft-query-field.xqm; extensions/indexes/lucene/src/test/xquery/lucene/ft-query-forms.xqm; extensions/indexes/lucene/src/test/xquery/lucene/ft-search-binary.xqm; extensions/indexes/lucene/src/test/xquery/lucene/ignore-condition.xql; extensions/indexes/lucene/src/test/xquery/lucene/index-keys.xql; extensions/indexes/lucene/src/test/xquery/lucene/indirect-queries.xql; extensions/indexes/lucene/src/test/xquery/lucene/inline-elements.xql; extensions/indexes/lucene/src/test/xquery/lucene/inline-ignore.xql; extensions/indexes/lucene/src/test/xquery/lucene/match-highlighting.xql; extensions/indexes/lucene/src/test/xquery/lucene/optimizer-ft.xql; extensions/indexes/lucene/src/test/xquery/lucene/parenthesized-context.xql; extensions/indexes/lucene/src/test/xquery/lucene/parenthesized-location-step.xql; extensions/indexes/lucene/src/test/xquery/lucene/reindex-second-store.xqm; extensions/indexes/lucene/src/test/xquery/lucene/self-axis-index.xqm; extensions/indexes/lucene/src/test/xquery/lucene/serialize.xql; extensions/indexes/lucene/src/test/xquery/lucene/start-offset.xql; extensions/indexes/lucene/src/test/xquery/lucene/unicode-supplementary-lucene.xql; extensions/indexes/lucene/src/test/xquery/lucene/util-expand-highlight.xqm; extensions/indexes/lucene/src/test/xquery/lucene/vector-search.xqm; extensions/indexes/ngram/src/test/xquery/ngram/for-variable.xql; extensions/indexes/ngram/src/test/xquery/ngram/match-highlighting-ngram.xql; extensions/indexes/ngram/src/test/xquery/ngram/unicode-supplementary-ngram.xql; extensions/indexes/range/src/test/xquery/range/conditions.xql; extensions/indexes/range/src/test/xquery/range/field-type.xql; extensions/indexes/range/src/test/xquery/range/fields.xql; extensions/indexes/range/src/test/xquery/range/for-variable.xql; extensions/indexes/range/src/test/xquery/range/index-keys.xql; extensions/indexes/range/src/test/xquery/range/multi-collection-search.xqm; extensions/indexes/range/src/test/xquery/range/optimizer.xql; extensions/indexes/range/src/test/xquery/range/prefixed-conditions.xql; extensions/indexes/range/src/test/xquery/range/range.xql; extensions/indexes/range/src/test/xquery/range/types.xql; extensions/indexes/range/src/test/xquery/range/unicode-supplementary-range.xql; extensions/indexes/range/src/test/xquery/range/updates.xql; extensions/modules/cache/src/test/xquery/modules/cache/cache.xqm; extensions/modules/expathrepo/src/main/resources/org/exist/xquery/modules/expathrepo/repair.xql; extensions/modules/expathrepo/src/test/xquery/modules/expathrepo/deployment.xql; extensions/modules/expathrepo/src/test/xquery/modules/expathrepo/resource-available.xql; extensions/modules/file/src/test/resources/util/helper.xqm; extensions/modules/image/src/test/xquery/modules/image/scale.xqm; extensions/modules/xmldiff/src/test/xquery/modules/xmldiff/compare.xqm; extensions/modules/xmldiff/src/test/xquery/modules/xmldiff/diff.xqm; exist-core/src/test/java/org/exist/xquery/SeqOpTest.java; exist-core/src/test/java/org/exist/xquery/DocumentUpdateTest.java; exist-core/src/test/java/org/exist/xquery/FollowingAxisPositionRegressionTest.java; exist-core/src/test/java/org/exist/xquery/IntersectElementReturnTypeTest.java; exist-core/src/test/java/org/exist/xquery/OptimizerTest.java; exist-core/src/test/java/org/exist/xquery/xqsuite/XQSuiteTearDownErrorTest.java; exist-core/src/test/java/org/exist/xquery/SelfAxisAttributeKindRegressionTest.java; exist-core/src/test/java/org/exist/xquery/AxisPerformanceRegressionTest.java; exist-core/src/test/java/org/exist/xquery/XPathQueryTest.java; exist-core/src/test/java/org/exist/xquery/PathExprAtomicRhsTest.java; exist-core/src/test/java/org/exist/xquery/SelfAxisProcessingInstructionRegressionTest.java; exist-core/src/test/java/org/exist/xquery/functions/fn/FunDeepEqualPerformanceTest.java; exist-core/src/test/java/org/exist/xquery/NodeTypeTest.java; exist-core/src/test/java/org/exist/security/XqueryApiTest.java; exist-core/src/test/java/org/exist/collections/triggers/XQueryTriggerChainTest.java; exist-core/src/test/java/org/exist/collections/ConcurrencyTest.java; extensions/indexes/vector-it/src/test/java/xquery/lucene/VectorSearchEmbeddingIT.java
exist-core/src/main/java/org/exist/xquery/functions/xmldb/XMLDBRegisterDatabase.java,org.exist.xquery.functions.xmldb.XMLDBRegisterDatabase,register-database,false,
exist-core/src/main/java/org/exist/xquery/functions/xmldb/XMLDBTouch.java,org.exist.xquery.functions.xmldb.XMLDBTouch,touch,true,extensions/modules/file/src/test/resources/util/helper.xqm
exist-core/src/main/java/org/exist/xquery/functions/xmldb/XMLDBGetMimeType.java,org.exist.xquery.functions.xmldb.XMLDBGetMimeType,get-mime-type,true,extensions/modules/mail/src/test/java/org/exist/xquery/modules/mail/SendEmailIT.java
exist-core/src/main/java/org/exist/xquery/functions/xmldb/XMLDBCopy.java,org.exist.xquery.functions.xmldb.XMLDBCopy,copy-collection,true,exist-core/src/test/xquery/indexing/indexes-base-uri.xq; exist-core/src/test/xquery/xmldb/copy-tests.xql; exist-core/src/test/xquery/xmldb/permission-tests.xql; exist-core/src/test/java/org/exist/collections/triggers/XQueryTrigger2Test.java; exist-core/src/test/java/org/exist/collections/triggers/XQueryTriggerTest.java; exist-core/src/test/java/org/exist/collections/triggers/XQueryTriggerChainTest.java
exist-core/src/main/java/org/exist/xquery/functions/xmldb/XMLDBCopy.java,org.exist.xquery.functions.xmldb.XMLDBCopy,copy-resource,true,exist-core/src/test/xquery/indexing/indexes-base-uri.xq; exist-core/src/test/xquery/xmldb/copy-tests.xql; exist-core/src/test/java/org/exist/collections/triggers/XQueryTriggerChainTest.java
exist-core/src/main/java/org/exist/xquery/functions/xmldb/XMLDBAuthenticate.java,org.exist.xquery.functions.xmldb.XMLDBAuthenticate,authenticate,false,
exist-core/src/main/java/org/exist/xquery/functions/xmldb/XMLDBAuthenticate.java,org.exist.xquery.functions.xmldb.XMLDBAuthenticate,login,true,extensions/modules/persistentlogin/src/main/resources/org/exist/xquery/modules/persistentlogin/login.xql; exist-core/src/test/java/org/exist/xmldb/TreeLevelOrderTest.java; exist-core/src/test/java/org/exist/xquery/XQueryTest.java; exist-core/src/test/java/org/exist/xquery/functions/xmldb/XMLDBAuthenticateTest.java; exist-core/src/test/java/org/exist/xquery/NodeTypeTest.java; exist-core/src/test/java/org/exist/collections/triggers/XQueryTrigger2Test.java; exist-core/src/test/java/org/exist/collections/triggers/XQueryTriggerTest.java
exist-core/src/main/java/org/exist/xquery/functions/xmldb/XMLDBCreated.java,org.exist.xquery.functions.xmldb.XMLDBCreated,created,false,
exist-core/src/main/java/org/exist/xquery/functions/xmldb/XMLDBCreated.java,org.exist.xquery.functions.xmldb.XMLDBCreated,last-modified,true,exist-core/src/test/xquery/xmldb/copy-tests.xql; exist-core/src/test/xquery/xmldb/last-modified.xql
exist-core/src/main/java/org/exist/xquery/functions/xmldb/XMLDBMatchCollection.java,org.exist.xquery.functions.xmldb.XMLDBMatchCollection,match-collection,false,
exist-core/src/main/java/org/exist/xquery/functions/xmldb/XMLDBRename.java,org.exist.xquery.functions.xmldb.XMLDBRename,rename,true,exist-core/src/test/xquery/xmldb/permission-tests.xql; extensions/modules/jndi/jndiExample.xql
exist-core/src/main/java/org/exist/xquery/functions/xmldb/XMLDBGetChildResources.java,org.exist.xquery.functions.xmldb.XMLDBGetChildResources,get-child-resources,true,exist-core/src/test/xquery/xmldb/permission-tests.xql; extensions/modules/expathrepo/src/main/resources/org/exist/xquery/modules/expathrepo/repair.xql; exist-core/src/test/java/org/exist/xmldb/CollectionConfigurationTest.java; exist-core/src/test/java/org/exist/collections/triggers/XQueryTriggerChainTest.java; extensions/modules/expathrepo/src/test/java/org/exist/repo/PackageTriggerIT.java
exist-core/src/main/java/org/exist/xquery/functions/xmldb/XMLDBReindex.java,org.exist.xquery.functions.xmldb.XMLDBReindex,reindex,true,exist-core/src/test/xquery/xmldb/reindex-tests.xql; extensions/indexes/lucene/src/test/xquery/lucene/analyzers-diacritics.xql; extensions/indexes/lucene/src/test/xquery/lucene/analyzers-english.xql; extensions/indexes/lucene/src/test/xquery/lucene/analyzers-field.xqm; extensions/indexes/lucene/src/test/xquery/lucene/facet-drilldown-highlight.xqm; extensions/indexes/lucene/src/test/xquery/lucene/field-expression-context.xqm; extensions/indexes/lucene/src/test/xquery/lucene/for-variable.xql; extensions/indexes/lucene/src/test/xquery/lucene/ft-attr-context.xql; extensions/indexes/lucene/src/test/xquery/lucene/ft-edge.xqm; extensions/indexes/lucene/src/test/xquery/lucene/ft-facets.xqm; extensions/indexes/lucene/src/test/xquery/lucene/ft-field-types.xqm; extensions/indexes/lucene/src/test/xquery/lucene/ft-match.xql; extensions/indexes/lucene/src/test/xquery/lucene/ft-query-field.xqm; extensions/indexes/lucene/src/test/xquery/lucene/ft-query-forms.xqm; extensions/indexes/lucene/src/test/xquery/lucene/ignore-condition.xql; extensions/indexes/lucene/src/test/xquery/lucene/index-keys.xql; extensions/indexes/lucene/src/test/xquery/lucene/indirect-queries.xql; extensions/indexes/lucene/src/test/xquery/lucene/inline-ignore.xql; extensions/indexes/lucene/src/test/xquery/lucene/match-highlighting.xql; extensions/indexes/lucene/src/test/xquery/lucene/optimizer-ft.xql; extensions/indexes/lucene/src/test/xquery/lucene/parenthesized-context.xql; extensions/indexes/lucene/src/test/xquery/lucene/parenthesized-location-step.xql; extensions/indexes/lucene/src/test/xquery/lucene/reindex-second-store.xqm; extensions/indexes/lucene/src/test/xquery/lucene/self-axis-index.xqm; extensions/indexes/lucene/src/test/xquery/lucene/start-offset.xql; extensions/indexes/lucene/src/test/xquery/lucene/unicode-supplementary-lucene.xql; extensions/indexes/lucene/src/test/xquery/lucene/util-expand-highlight.xqm; extensions/indexes/lucene/src/test/xquery/lucene/vector-search.xqm; extensions/indexes/ngram/src/test/xquery/ngram/for-variable.xql; extensions/indexes/ngram/src/test/xquery/ngram/match-highlighting-ngram.xql; extensions/indexes/ngram/src/test/xquery/ngram/unicode-supplementary-ngram.xql; extensions/indexes/range/src/test/xquery/range/conditions.xql; extensions/indexes/range/src/test/xquery/range/field-type.xql; extensions/indexes/range/src/test/xquery/range/fields.xql; extensions/indexes/range/src/test/xquery/range/for-variable.xql; extensions/indexes/range/src/test/xquery/range/index-keys.xql; extensions/indexes/range/src/test/xquery/range/multi-collection-search.xqm; extensions/indexes/range/src/test/xquery/range/optimizer.xql; extensions/indexes/range/src/test/xquery/range/range.xql; extensions/indexes/range/src/test/xquery/range/types.xql; extensions/indexes/range/src/test/xquery/range/unicode-supplementary-range.xql; extensions/indexes/range/src/test/xquery/range/updates.xql; extensions/indexes/lucene/src/test/java/xquery/lucene/VectorSearchEmbeddingTest.java; extensions/indexes/lucene/src/test/java/org/exist/indexing/lucene/FacetPollutionJavaReproducerTest.java; extensions/indexes/vector-it/src/test/java/xquery/lucene/VectorSearchEmbeddingIT.java
exist-core/src/main/java/org/exist/xquery/functions/xmldb/XMLDBHasLock.java,org.exist.xquery.functions.xmldb.XMLDBHasLock,document-has-lock,false,
exist-core/src/main/java/org/exist/xquery/functions/xmldb/XMLDBHasLock.java,org.exist.xquery.functions.xmldb.XMLDBHasLock,clear-lock,false,
exist-core/src/main/java/org/exist/xquery/functions/xmldb/XMLDBLoadFromPattern.java,org.exist.xquery.functions.xmldb.XMLDBLoadFromPattern,store-files-from-pattern,true,exist-core/src/main/resources/org/exist/xquery/lib/xqsuite/examples.xql
exist-core/src/main/java/org/exist/xquery/functions/xmldb/XMLDBDefragment.java,org.exist.xquery.functions.xmldb.XMLDBDefragment,defragment,false,
exist-core/src/main/java/org/exist/xquery/functions/xmldb/XMLDBCreateCollection.java,org.exist.xquery.functions.xmldb.XMLDBCreateCollection,create-collection,true,exist-core/src/main/resources/org/exist/xquery/lib/xqsuite/examples.xql; exist-core/src/main/resources/org/exist/xquery/lib/xqsuite/xqsuite.xql; exist-core/src/test/xquery/arrays/arrays.xql; exist-core/src/test/xquery/axes-persistent-nodes.xqm; exist-core/src/test/xquery/axes.xql; exist-core/src/test/xquery/base-uri.xql; exist-core/src/test/xquery/binary-value.xqm; exist-core/src/test/xquery/collations.xq; exist-core/src/test/xquery/count.xql; exist-core/src/test/xquery/document-nodes.xq; exist-core/src/test/xquery/exceptOperator.xql; exist-core/src/test/xquery/fn-not.xq; exist-core/src/test/xquery/fn-position.xqm; exist-core/src/test/xquery/fn.xql; exist-core/src/test/xquery/guest.xql; exist-core/src/test/xquery/indexing/indexes-base-uri.xq; exist-core/src/test/xquery/inspect/inspect.xql; exist-core/src/test/xquery/last.xql; exist-core/src/test/xquery/logicalOp/andor.xql; exist-core/src/test/xquery/npt.xqm; exist-core/src/test/xquery/optimizer/expressions.xqm; exist-core/src/test/xquery/optimizer/positional.xqm; exist-core/src/test/xquery/positional-nested.xql; exist-core/src/test/xquery/preceding-axis.xql; exist-core/src/test/xquery/question-marks-in-contains-function.xql; exist-core/src/test/xquery/securitymanager/id.xqm; exist-core/src/test/xquery/securitymanager/permission-error-codes.xqm; exist-core/src/test/xquery/simple-map-predicate.xq; exist-core/src/test/xquery/system/get-main-module-load-path.xqm; exist-core/src/test/xquery/system/get-module-load-path.xqm; exist-core/src/test/xquery/unicode.xqm; exist-core/src/test/xquery/unparsed-text.xql; exist-core/src/test/xquery/util/document-id.xqm; exist-core/src/test/xquery/util/get-fragment-between.xqm; exist-core/src/test/xquery/validation/jaxp.xql; exist-core/src/test/xquery/validation/jaxv.xql; exist-core/src/test/xquery/xmldb/copy-tests.xql; exist-core/src/test/xquery/xmldb/create-collection-tests.xql; exist-core/src/test/xquery/xmldb/last-modified.xql; exist-core/src/test/xquery/xmldb/permission-tests.xql; exist-core/src/test/xquery/xmldb/reindex-tests.xql; exist-core/src/test/xquery/xmldb/store-binary-tests.xql; exist-core/src/test/xquery/xmlid.xql; exist-core/src/test/xquery/xquery3/flwor.xql; exist-core/src/test/xquery/xquery3/fnExcept.xqm; exist-core/src/test/xquery/xquery3/fnIntersect.xqm; exist-core/src/test/xquery/xquery3/fnUriCollection.xqm; exist-core/src/test/xquery/xquery3/generate-id.xqm; exist-core/src/test/xquery/xquery3/higher-order.xqm; exist-core/src/test/xquery/xquery3/precedingFollowingAfterNot.xqm; exist-core/src/test/xquery/xquery3/serialize.xql; exist-core/src/test/xquery/xquery3/transform/doc-as-parameter.xqm; exist-core/src/test/xquery/xquery3/transform/fnTransform5052.xqm; exist-core/src/test/xquery/xquery3/transform/fnTransform5882.xqm; exist-core/src/test/xquery/xquery3/transform/fnTransform6065.xqm; exist-core/src/test/xquery/xquery3/transform/fnTransformIssue4609.xqm; exist-core/src/test/xquery/xquery3/xml-to-json.xql; extensions/exquery/restxq/src/test/xquery/restxq/arrays.xq; extensions/indexes/indexes-integration-tests/src/test/xquery/indexing/tests/exist-matches.xqm; extensions/indexes/lucene/src/test/xquery/lucene/analyzers-diacritics.xql; extensions/indexes/lucene/src/test/xquery/lucene/analyzers-english.xql; extensions/indexes/lucene/src/test/xquery/lucene/analyzers-field.xqm; extensions/indexes/lucene/src/test/xquery/lucene/facet-drilldown-highlight.xqm; extensions/indexes/lucene/src/test/xquery/lucene/field-expression-context.xqm; extensions/indexes/lucene/src/test/xquery/lucene/for-variable.xql; extensions/indexes/lucene/src/test/xquery/lucene/ft-attr-context.xql; extensions/indexes/lucene/src/test/xquery/lucene/ft-edge.xqm; extensions/indexes/lucene/src/test/xquery/lucene/ft-expand-highlight.xqm; extensions/indexes/lucene/src/test/xquery/lucene/ft-facets.xqm; extensions/indexes/lucene/src/test/xquery/lucene/ft-field-types.xqm; extensions/indexes/lucene/src/test/xquery/lucene/ft-match.xql; extensions/indexes/lucene/src/test/xquery/lucene/ft-query-field.xqm; extensions/indexes/lucene/src/test/xquery/lucene/ft-query-forms.xqm; extensions/indexes/lucene/src/test/xquery/lucene/ft-search-binary.xqm; extensions/indexes/lucene/src/test/xquery/lucene/ignore-condition.xql; extensions/indexes/lucene/src/test/xquery/lucene/index-keys.xql; extensions/indexes/lucene/src/test/xquery/lucene/indirect-queries.xql; extensions/indexes/lucene/src/test/xquery/lucene/inline-elements.xql; extensions/indexes/lucene/src/test/xquery/lucene/inline-ignore.xql; extensions/indexes/lucene/src/test/xquery/lucene/match-highlighting.xql; extensions/indexes/lucene/src/test/xquery/lucene/optimizer-ft.xql; extensions/indexes/lucene/src/test/xquery/lucene/parenthesized-context.xql; extensions/indexes/lucene/src/test/xquery/lucene/parenthesized-location-step.xql; extensions/indexes/lucene/src/test/xquery/lucene/reindex-second-store.xqm; extensions/indexes/lucene/src/test/xquery/lucene/self-axis-index.xqm; extensions/indexes/lucene/src/test/xquery/lucene/serialize.xql; extensions/indexes/lucene/src/test/xquery/lucene/start-offset.xql; extensions/indexes/lucene/src/test/xquery/lucene/unicode-supplementary-lucene.xql; extensions/indexes/lucene/src/test/xquery/lucene/util-expand-highlight.xqm; extensions/indexes/lucene/src/test/xquery/lucene/vector-search.xqm; extensions/indexes/ngram/src/test/xquery/ngram/for-variable.xql; extensions/indexes/ngram/src/test/xquery/ngram/match-highlighting-ngram.xql; extensions/indexes/ngram/src/test/xquery/ngram/unicode-supplementary-ngram.xql; extensions/indexes/range/src/test/xquery/range/conditions.xql; extensions/indexes/range/src/test/xquery/range/field-type.xql; extensions/indexes/range/src/test/xquery/range/fields.xql; extensions/indexes/range/src/test/xquery/range/for-variable.xql; extensions/indexes/range/src/test/xquery/range/index-keys.xql; extensions/indexes/range/src/test/xquery/range/multi-collection-search.xqm; extensions/indexes/range/src/test/xquery/range/optimizer.xql; extensions/indexes/range/src/test/xquery/range/prefixed-conditions.xql; extensions/indexes/range/src/test/xquery/range/range.xql; extensions/indexes/range/src/test/xquery/range/types.xql; extensions/indexes/range/src/test/xquery/range/unicode-supplementary-range.xql; extensions/indexes/range/src/test/xquery/range/updates.xql; extensions/modules/expathrepo/src/main/resources/org/exist/xquery/modules/expathrepo/repair.xql; extensions/modules/expathrepo/src/test/xquery/modules/expathrepo/deployment.xql; extensions/modules/expathrepo/src/test/xquery/modules/expathrepo/resource-available.xql; extensions/modules/file/src/test/resources/util/helper.xqm; extensions/modules/file/src/test/xquery/modules/file/sync-serialize.xqm; extensions/modules/image/src/test/xquery/modules/image/scale.xqm; extensions/modules/xmldiff/src/test/xquery/modules/xmldiff/compare.xqm; extensions/modules/xmldiff/src/test/xquery/modules/xmldiff/diff.xqm; exist-core/src/test/java/org/exist/xquery/DocumentUpdateTest.java; exist-core/src/test/java/org/exist/xquery/xqsuite/XQSuiteTearDownErrorTest.java; exist-core/src/test/java/org/exist/xquery/functions/validate/JingOnvdlTest.java; exist-core/src/test/java/org/exist/security/RestApiSecurityTest.java; exist-core/src/test/java/org/exist/security/XqueryApiTest.java; exist-core/src/test/java/org/exist/collections/triggers/XQueryTrigger2Test.java; exist-core/src/test/java/org/exist/collections/triggers/XQueryTriggerTest.java; exist-core/src/test/java/org/exist/collections/triggers/XQueryTriggerChainTest.java; extensions/indexes/lucene/src/test/java/xquery/lucene/VectorSearchEmbeddingTest.java; extensions/indexes/vector-it/src/test/java/xquery/lucene/VectorSearchEmbeddingIT.java; extensions/modules/expathrepo/src/test/java/org/exist/repo/PackageTriggerIT.java
exist-core/src/main/java/org/exist/xquery/functions/xmldb/XMLDBXUpdate.java,org.exist.xquery.functions.xmldb.XMLDBXUpdate,update,true,extensions/indexes/range/src/test/xquery/range/index-keys.xql; exist-core/src/test/java/org/exist/xmldb/concurrent/action/XQueryUpdateAction.java; exist-core/src/test/java/org/exist/xquery/XQueryTest.java; exist-core/src/test/java/org/exist/collections/triggers/XQueryTriggerTest.java
exist-core/src/main/java/org/exist/xquery/functions/xmldb/XMLDBSetMimeType.java,org.exist.xquery.functions.xmldb.XMLDBSetMimeType,set-mime-type,false,
exist-core/src/main/java/org/exist/xquery/functions/xmldb/FunXCollection.java,org.exist.xquery.functions.xmldb.FunXCollection,xcollection,true,exist-core/src/test/java/org/exist/xquery/NodeTypeTest.java
exist-core/src/main/java/org/exist/xquery/functions/xmldb/XMLDBURIFunctions.java,org.exist.xquery.functions.xmldb.XMLDBURIFunctions,encode,true,exist-core/src/test/java/org/exist/xquery/functions/util/Base64FunctionsTest.java; extensions/modules/mail/src/test/java/org/exist/xquery/modules/mail/SendEmailIT.java
exist-core/src/main/java/org/exist/xquery/functions/xmldb/XMLDBURIFunctions.java,org.exist.xquery.functions.xmldb.XMLDBURIFunctions,encode-uri,false,
exist-core/src/main/java/org/exist/xquery/functions/xmldb/XMLDBURIFunctions.java,org.exist.xquery.functions.xmldb.XMLDBURIFunctions,decode,true,extensions/modules/compression/example-deflate.xql; exist-core/src/test/java/org/exist/xquery/functions/util/Base64FunctionsTest.java
exist-core/src/main/java/org/exist/xquery/functions/xmldb/XMLDBURIFunctions.java,org.exist.xquery.functions.xmldb.XMLDBURIFunctions,decode-uri,false,
exist-core/src/main/java/org/exist/xquery/functions/xmldb/XMLDBGetChildCollections.java,org.exist.xquery.functions.xmldb.XMLDBGetChildCollections,get-child-collections,true,exist-core/src/test/xquery/xmldb/permission-tests.xql; extensions/modules/expathrepo/src/main/resources/org/exist/xquery/modules/expathrepo/repair.xql
exist-core/src/main/java/org/exist/xquery/functions/xmldb/XMLDBCollectionAvailable.java,org.exist.xquery.functions.xmldb.XMLDBCollectionAvailable,collection-available,true,exist-core/src/test/xquery/securitymanager/permission-error-codes.xqm; exist-core/src/test/xquery/xmldb/create-collection-tests.xql; extensions/indexes/lucene/src/test/xquery/lucene/facet-drilldown-highlight.xqm; extensions/indexes/lucene/src/test/xquery/lucene/field-expression-context.xqm; extensions/indexes/lucene/src/test/xquery/lucene/ft-facets.xqm; extensions/indexes/lucene/src/test/xquery/lucene/ft-search-binary.xqm; extensions/indexes/lucene/src/test/xquery/lucene/self-axis-index.xqm; extensions/indexes/range/src/test/xquery/range/multi-collection-search.xqm; extensions/modules/expathrepo/src/main/resources/org/exist/xquery/modules/expathrepo/repair.xql; extensions/modules/expathrepo/src/test/xquery/modules/expathrepo/resource-available.xql; exist-core/src/test/java/org/exist/xquery/XPathQueryTest.java; exist-core/src/test/java/org/exist/xquery/XQueryFunctionsTest.java
exist-core/src/main/java/org/exist/xquery/functions/xmldb/FindLastModified.java,org.exist.xquery.functions.xmldb.FindLastModified,find-last-modified-since,true,exist-core/src/test/xquery/xmldb/last-modified.xql
exist-core/src/main/java/org/exist/xquery/functions/xmldb/FindLastModified.java,org.exist.xquery.functions.xmldb.FindLastModified,find-last-modified-until,true,exist-core/src/test/xquery/xmldb/last-modified.xql
exist-core/src/main/java/org/exist/xquery/functions/xmldb/XMLDBSize.java,org.exist.xquery.functions.xmldb.XMLDBSize,size,true,exist-core/src/test/xquery/arrays/arrays.xql; exist-core/src/test/xquery/maps/maps.xqm; exist-core/src/test/xquery/xquery3/filter-function-items-in-context.xql; exist-core/src/test/xquery/xquery3/load-xquery-module.xql; extensions/indexes/lucene/src/test/xquery/lucene/vector-embed.xqm; extensions/indexes/range/src/test/xquery/range/index-keys.xql; exist-core/src/test/java/org/exist/xquery/functions/map/MapEntryRegressionTest.java
exist-core/src/main/java/org/exist/xquery/functions/inspect/InspectFunction.java,org.exist.xquery.functions.inspect.InspectFunction,inspect-function,true,exist-core/src/main/resources/org/exist/test/runner/xquery-discovery.xq; exist-core/src/main/resources/org/exist/xquery/lib/xqsuite/xqsuite.xql; exist-core/src/test/resources/org/exist/test/runner/inspect-line-source-test.xqm; exist-core/src/test/xquery/types.xql
exist-core/src/main/java/org/exist/xquery/functions/inspect/ModuleFunctions.java,org.exist.xquery.functions.inspect.ModuleFunctions,module-functions,true,exist-core/src/main/resources/org/exist/test/runner/xquery-discovery.xq; exist-core/src/main/resources/org/exist/test/runner/xquery-test-runner.xq; exist-core/src/test/xquery/securitymanager/id.xqm; extensions/indexes/lucene/src/test/xquery/lucene/self-axis-index.xqm; exist-core/src/test/java/org/exist/xquery/xqsuite/XQSuiteTearDownErrorTest.java; exist-core/src/test/java/org/exist/xquery/ForwardReferenceTest.java
exist-core/src/main/java/org/exist/xquery/functions/inspect/ModuleFunctions.java,org.exist.xquery.functions.inspect.ModuleFunctions,module-functions-by-uri,false,
exist-core/src/main/java/org/exist/xquery/functions/inspect/InspectModule.java,org.exist.xquery.functions.inspect.InspectModule,inspect-module,true,exist-core/src/test/xquery/inspect/inspect.xql; exist-core/src/test/java/org/exist/xquery/functions/inspect/InspectModuleTest.java
exist-core/src/main/java/org/exist/xquery/functions/inspect/InspectModule.java,org.exist.xquery.functions.inspect.InspectModule,inspect-module-uri,false,
exist-core/src/main/java/org/exist/xquery/functions/inspect/InspectModule.java,org.exist.xquery.functions.inspect.InspectModule,module,true,exist-core/src/test/xquery/inspect/inspect.xql; exist-core/src/test/xquery/securitymanager/id.xqm; exist-core/src/test/xquery/system/get-main-module-load-path.xqm; exist-core/src/test/xquery/system/get-module-load-path.xqm; exist-core/src/test/xquery/xqsuite/xqsuite-assertions-dynamic.xqm; exist-core/src/test/xquery/xquery3/higher-order.xqm; exist-core/src/test/xquery/xquery3/load-xquery-module.xql; exist-core/src/test/java/org/exist/xquery/StoredModuleTest.java; exist-core/src/test/java/org/exist/xquery/functions/inspect/InspectModuleTest.java
exist-core/src/main/java/org/exist/xquery/functions/inspect/InspectModule.java,org.exist.xquery.functions.inspect.InspectModule,variable,true,exist-core/src/test/xquery/function.xql; exist-core/src/test/xquery/xquery3/fnRefs.xql; exist-core/src/test/xquery/xquery3/higher-order.xqm; extensions/indexes/lucene/src/test/xquery/lucene/ft-facets.xqm; extensions/indexes/lucene/src/test/xquery/lucene/vector-embed.xqm; extensions/indexes/range/src/test/xquery/range/optimizer.xql
exist-core/src/main/java/org/exist/xquery/functions/response/SetHeader.java,org.exist.xquery.functions.response.SetHeader,set-header,true,exist-core/src/test/java/org/exist/http/urlrewrite/UrlRewritePipelineHttpTest.java
exist-core/src/main/java/org/exist/xquery/functions/response/SetCookie.java,org.exist.xquery.functions.response.SetCookie,set-cookie,true,extensions/modules/persistentlogin/src/main/resources/org/exist/xquery/modules/persistentlogin/login.xql
exist-core/src/main/java/org/exist/xquery/functions/response/StreamBinaryResource.java,org.exist.xquery.functions.response.StreamBinaryResource,stream-binary-resource,true,exist-core/src/test/java/org/exist/xquery/RestBinariesTest.java
exist-core/src/main/java/org/exist/xquery/functions/response/SetDateHeader.java,org.exist.xquery.functions.response.SetDateHeader,set-date-header,false,
exist-core/src/main/java/org/exist/xquery/functions/response/Stream.java,org.exist.xquery.functions.response.Stream,stream,true,exist-core/src/test/java/org/exist/xquery/RestBinariesTest.java; extensions/modules/file/src/test/java/org/exist/xquery/modules/file/RestBinariesTest.java
exist-core/src/main/java/org/exist/xquery/functions/response/RedirectTo.java,org.exist.xquery.functions.response.RedirectTo,redirect-to,false,
exist-core/src/main/java/org/exist/xquery/functions/response/GetExists.java,org.exist.xquery.functions.response.GetExists,exists,true,exist-core/src/main/resources/org/exist/test/runner/xquery-discovery.xq; exist-core/src/main/resources/org/exist/xquery/lib/kwic.xql; exist-core/src/main/resources/org/exist/xquery/lib/xqsuite/examples.xql; exist-core/src/main/resources/org/exist/xquery/lib/xqsuite/xqsuite.xql; exist-core/src/test/xquery/axes-persistent-nodes.xqm; exist-core/src/test/xquery/errors.xql; exist-core/src/test/xquery/xqsuite/custom-assertion.xqm; exist-core/src/test/xquery/xquery3/castable-untyped-atomic.xqm; exist-core/src/test/xquery/xquery3/fn.xql; exist-core/src/test/xquery/xquery3/fnNilled.xqm; exist-core/src/test/xquery/xquery3/higher-order.xqm; exist-core/src/test/xquery/xquery3/precedingFollowingAfterNot.xqm; extensions/indexes/lucene/src/test/xquery/lucene/analyzers-english.xql; extensions/indexes/lucene/src/test/xquery/lucene/facet-drilldown-highlight.xqm; extensions/indexes/lucene/src/test/xquery/lucene/field-expression-context.xqm; extensions/indexes/lucene/src/test/xquery/lucene/ft-facets.xqm; extensions/indexes/lucene/src/test/xquery/lucene/ft-query-forms.xqm; extensions/indexes/range/src/test/xquery/range/multi-collection-search.xqm; extensions/modules/cache/src/test/xquery/modules/cache/cache.xqm; extensions/modules/expathrepo/src/main/resources/org/exist/xquery/modules/expathrepo/repair.xql; extensions/modules/expathrepo/src/test/xquery/modules/expathrepo/deployment.xql; extensions/modules/file/src/test/resources/util/helper.xqm; extensions/modules/persistentlogin/src/main/resources/org/exist/xquery/modules/persistentlogin/login.xql; exist-core/src/test/java/org/exist/xquery/XQueryTest.java; exist-core/src/test/java/org/exist/xquery/UnionStepDistributionOptimizerTest.java; exist-core/src/test/java/org/exist/xquery/XQueryFunctionsTest.java; exist-core/src/test/java/org/exist/xquery/functions/map/MapEntryRegressionTest.java; exist-core/src/test/java/org/exist/security/RestApiSecurityTest.java; exist-core/src/test/java/org/exist/security/XqueryApiTest.java; extensions/modules/http-client/src/test/java/org/exist/xquery/modules/httpclient/SendRequestFunctionTest.java
exist-core/src/main/java/org/exist/xquery/functions/response/SetStatusCode.java,org.exist.xquery.functions.response.SetStatusCode,set-status-code,false,
exist-core/src/main/java/org/exist/xquery/functions/response/StreamBinary.java,org.exist.xquery.functions.response.StreamBinary,stream-binary,true,exist-core/src/test/java/org/exist/xquery/RestBinariesTest.java; exist-core/src/test/java/org/exist/xquery/functions/response/StreamBinaryTest.java; extensions/modules/file/src/test/java/org/exist/xquery/modules/file/RestBinariesTest.java
exist-core/src/main/java/org/exist/xquery/functions/util/ModuleInfo.java,org.exist.xquery.functions.util.ModuleInfo,registered-modules,true,exist-core/src/test/xquery/inspect/inspect.xql; exist-core/src/test/xquery/util/moduleDiscoveryTest.xql
exist-core/src/main/java/org/exist/xquery/functions/util/ModuleInfo.java,org.exist.xquery.functions.util.ModuleInfo,is-module-registered,false,
exist-core/src/main/java/org/exist/xquery/functions/util/ModuleInfo.java,org.exist.xquery.functions.util.ModuleInfo,mapped-modules,true,exist-core/src/test/xquery/util/moduleDiscoveryTest.xql
exist-core/src/main/java/org/exist/xquery/functions/util/ModuleInfo.java,org.exist.xquery.functions.util.ModuleInfo,is-module-mapped,false,
exist-core/src/main/java/org/exist/xquery/functions/util/ModuleInfo.java,org.exist.xquery.functions.util.ModuleInfo,map-module,false,
exist-core/src/main/java/org/exist/xquery/functions/util/ModuleInfo.java,org.exist.xquery.functions.util.ModuleInfo,unmap-module,false,
exist-core/src/main/java/org/exist/xquery/functions/util/ModuleInfo.java,org.exist.xquery.functions.util.ModuleInfo,registered-modules-info,true,exist-core/src/test/xquery/util/moduleDiscoveryTest.xql
exist-core/src/main/java/org/exist/xquery/functions/util/ModuleInfo.java,org.exist.xquery.functions.util.ModuleInfo,get-module-description,false,
exist-core/src/main/java/org/exist/xquery/functions/util/ModuleInfo.java,org.exist.xquery.functions.util.ModuleInfo,get-module-info,false,
exist-core/src/main/java/org/exist/xquery/functions/util/ModuleInfo.java,org.exist.xquery.functions.util.ModuleInfo,module,true,exist-core/src/test/xquery/inspect/inspect.xql; exist-core/src/test/xquery/securitymanager/id.xqm; exist-core/src/test/xquery/system/get-main-module-load-path.xqm; exist-core/src/test/xquery/system/get-module-load-path.xqm; exist-core/src/test/xquery/xqsuite/xqsuite-assertions-dynamic.xqm; exist-core/src/test/xquery/xquery3/higher-order.xqm; exist-core/src/test/xquery/xquery3/load-xquery-module.xql; exist-core/src/test/java/org/exist/xquery/StoredModuleTest.java; exist-core/src/test/java/org/exist/xquery/functions/inspect/InspectModuleTest.java
exist-core/src/main/java/org/exist/xquery/functions/util/ModuleInfo.java,org.exist.xquery.functions.util.ModuleInfo,uri,true,exist-core/src/test/xquery/base-uri.xql; exist-core/src/test/xquery/document-nodes.xq; exist-core/src/test/xquery/fn.xql; exist-core/src/test/xquery/indexing/indexes-base-uri.xq; exist-core/src/test/xquery/unparsed-text.xql; exist-core/src/test/xquery/xquery3/copy-namespaces-no-inherit.xqm; exist-core/src/test/xquery/xquery3/copy-namespaces.xqm; exist-core/src/test/xquery/xquery3/fnCollationKey.xqm; exist-core/src/test/xquery/xquery3/fnRefs.xql; exist-core/src/test/xquery/xquery3/fnUriCollection.xqm; exist-core/src/test/xquery/xquery3/higher-order.xqm; exist-core/src/test/xquery/xquery3/transform/fnTransform33.xqm; exist-core/src/test/xquery/xquery3/transform/fnTransform5052.xqm; exist-core/src/test/xquery/xquery3/transform/fnTransformParams.xqm; exist-jetty-config/src/main/resources/webapp/controller.xql; extensions/modules/expathrepo/expathrepo-trigger-test/src/main/xar-resources/controller.xql; exist-core/src/test/java/org/exist/xquery/XmlnsUriEscapeTest.java; exist-core/src/test/java/org/exist/xquery/CompAttrConstructorErrorCodeTest.java; exist-core/src/test/java/org/exist/xquery/XQueryTest.java; exist-core/src/test/java/org/exist/xquery/XPathQueryTest.java; exist-core/src/test/java/org/exist/xquery/XQueryFunctionsTest.java; exist-core/src/test/java/org/exist/http/RESTServiceTest.java; extensions/modules/http-client/src/test/java/org/exist/xquery/modules/httpclient/SendRequestFunctionTest.java
exist-core/src/main/java/org/exist/xquery/functions/util/ModuleInfo.java,org.exist.xquery.functions.util.ModuleInfo,prefix,true,exist-core/src/main/resources/org/exist/xquery/lib/xqsuite/xqsuite.xql; exist-core/src/test/xquery/namespaces.xql; extensions/indexes/lucene/src/test/xquery/lucene/ft-facets.xqm; extensions/indexes/lucene/src/test/xquery/lucene/ft-query-field.xqm; extensions/indexes/lucene/src/test/xquery/lucene/ft-query-forms.xqm; exist-core/src/test/java/org/exist/xquery/XmlnsUriEscapeTest.java; exist-core/src/test/java/org/exist/xquery/DirectElementConstructorInScopeNamespaceTest.java
exist-core/src/main/java/org/exist/xquery/functions/util/ModuleInfo.java,org.exist.xquery.functions.util.ModuleInfo,source,true,exist-core/src/test/xquery/indexing/indexes-base-uri.xq; exist-core/src/test/xquery/xmldb/copy-tests.xql; exist-core/src/test/xquery/xmldb/permission-tests.xql; exist-core/src/test/xquery/xquery3/fnUriCollection.xqm; extensions/indexes/lucene/src/test/xquery/lucene/ft-query-field.xqm; extensions/modules/compression/src/test/xquery/modules/compression/zip-tests.xql; extensions/modules/expathrepo/src/main/resources/org/exist/xquery/modules/expathrepo/repair.xql; extensions/modules/expathrepo/src/test/xquery/modules/expathrepo/deployment.xql; extensions/modules/expathrepo/src/test/xquery/modules/expathrepo/resource-available.xql; extensions/modules/file/src/test/resources/util/helper.xqm; extensions/modules/file/src/test/xquery/modules/file/sync-serialize.xqm; extensions/modules/file/src/test/xquery/modules/file/syncmod.xqm; exist-core/src/test/java/org/exist/xmldb/CreateCollectionsTest.java; exist-core/src/test/java/org/exist/xquery/RestBinariesTest.java; exist-core/src/test/java/org/exist/collections/triggers/XQueryTriggerChainTest.java
exist-core/src/main/java/org/exist/xquery/functions/util/ModuleInfo.java,org.exist.xquery.functions.util.ModuleInfo,description,true,exist-core/src/test/xquery/xquery3/parse-xml-fragment.xqm; exist-core/src/test/xquery/xquery3/parse-xml.xqm; extensions/modules/file/src/test/xquery/modules/file/directory-list.xqm
exist-core/src/main/java/org/exist/xquery/functions/util/ModuleInfo.java,org.exist.xquery.functions.util.ModuleInfo,modules,true,exist-core/src/main/resources/org/exist/xquery/lib/xqsuite/xqsuite.xql; exist-core/src/test/xquery/inspect/inspect.xql; exist-core/src/test/xquery/util/moduleDiscoveryTest.xql
exist-core/src/main/java/org/exist/xquery/functions/util/Compile.java,org.exist.xquery.functions.util.Compile,compile,false,
exist-core/src/main/java/org/exist/xquery/functions/util/Compile.java,org.exist.xquery.functions.util.Compile,compile-query,true,exist-core/src/test/xquery/errors.xql
exist-core/src/main/java/org/exist/xquery/functions/util/Compile.java,org.exist.xquery.functions.util.Compile,info,true,exist-core/src/test/xquery/util/moduleDiscoveryTest.xql; exist-core/src/test/java/org/exist/http/RESTServiceTest.java
exist-core/src/main/java/org/exist/xquery/functions/util/Compile.java,org.exist.xquery.functions.util.Compile,error,true,exist-core/src/main/resources/org/exist/xquery/lib/xqsuite/xqsuite.xql; exist-core/src/test/resources/org/exist/test/runner/failing-both.xqm; exist-core/src/test/resources/org/exist/test/runner/failing-error.xqm; exist-core/src/test/xquery/errors.xql; exist-core/src/test/xquery/simple-map-predicate.xq; exist-core/src/test/xquery/xmldb/store-binary-tests.xql; exist-core/src/test/xquery/xqsuite/custom-assertion.xqm; exist-core/src/test/xquery/xqsuite/xqsuite-assertions-dynamic.xqm; exist-core/src/test/xquery/xqsuite/xqsuite-assertions-inline.xqm; exist-core/src/test/xquery/xqsuite/xqsuite-assertions.resources.xqm.ignore; exist-core/src/test/xquery/xquery3/fnSerializeCharacterMaps026.xqm; exist-core/src/test/xquery/xquery3/generate-id.xqm; extensions/indexes/lucene/src/test/xquery/lucene/vector-search.xqm; extensions/indexes/range/src/test/xquery/range/multi-collection-search.xqm; extensions/indexes/range/src/test/xquery/range/range.xql; extensions/modules/file/src/test/resources/util/helper.xqm; exist-core/src/test/java/org/exist/xquery/xqsuite/XQSuiteTearDownErrorTest.java; exist-core/src/test/java/org/exist/xquery/functions/util/EvalTest.java; exist-core/src/test/java/org/exist/xquery/functions/xquery3/TryCatchTest.java; exist-core/src/test/java/org/exist/collections/triggers/XQueryTrigger2Test.java; exist-core/src/test/java/org/exist/collections/triggers/XQueryTriggerTest.java
exist-core/src/main/java/org/exist/xquery/functions/util/Compile.java,org.exist.xquery.functions.util.Compile,result,true,exist-core/src/main/resources/org/exist/xquery/lib/xqsuite/xqsuite.xql; exist-core/src/test/xquery/maps/maps.xqm; exist-core/src/test/xquery/xquery3/transform/fnTransform66.xqm; exist-core/src/test/xquery/xquery3/transform/fnTransform74.xqm; exist-core/src/test/xquery/xquery3/transform/fnTransform79.xqm; exist-core/src/test/xquery/xquery3/transform/fnTransform87.xqm; extensions/indexes/lucene/src/test/xquery/lucene/analyzers-field.xqm; extensions/indexes/lucene/src/test/xquery/lucene/ft-query-forms.xqm; extensions/indexes/range/src/test/xquery/range/conditions.xql; extensions/modules/file/src/test/resources/util/helper.xqm; extensions/modules/file/src/test/xquery/modules/file/sync.xqm; extensions/modules/file/src/test/xquery/modules/file/syncmod.xqm; exist-core/src/test/java/org/exist/xquery/DeepEqualTest.java; exist-core/src/test/java/org/exist/xquery/functions/map/MapEntryRegressionTest.java
exist-core/src/main/java/org/exist/xquery/functions/util/Compile.java,org.exist.xquery.functions.util.Compile,code,true,exist-core/src/test/xquery/fn.xql; exist-core/src/test/xquery/xquery3/arrowop.xql; extensions/modules/compression/example-deflate.xql; extensions/modules/file/src/test/xquery/modules/file/directory-list.xqm; exist-core/src/test/java/org/exist/xquery/functions/util/Base64FunctionsTest.java; extensions/modules/mail/src/test/java/org/exist/xquery/modules/mail/SendEmailIT.java
exist-core/src/main/java/org/exist/xquery/functions/util/Compile.java,org.exist.xquery.functions.util.Compile,line,true,exist-core/src/test/xquery/arrays/arrays.xql; exist-core/src/test/xquery/function.xql; exist-core/src/test/xquery/system/as-user.xqm; exist-core/src/test/xquery/xquery3/arrowop.xql; exist-core/src/test/xquery/xquery3/fnRefs.xql; exist-core/src/test/xquery/xquery3/higher-order.xqm; extensions/indexes/lucene/src/test/xquery/lucene/field-expression-context.xqm; extensions/indexes/lucene/src/test/xquery/lucene/inline-elements.xql; extensions/indexes/lucene/src/test/xquery/lucene/util-expand-highlight.xqm; extensions/modules/file/src/test/xquery/modules/file/serialize.xqm; exist-core/src/test/java/org/exist/xquery/CleanupTest.java; exist-core/src/test/java/org/exist/xquery/functions/util/EvalTest.java
exist-core/src/main/java/org/exist/xquery/functions/util/Compile.java,org.exist.xquery.functions.util.Compile,column,false,
exist-core/src/main/java/org/exist/xquery/functions/util/Profile.java,org.exist.xquery.functions.util.Profile,enable-profiling,false,
exist-core/src/main/java/org/exist/xquery/functions/util/Profile.java,org.exist.xquery.functions.util.Profile,disable-profiling,false,
exist-core/src/main/java/org/exist/xquery/functions/util/BinaryToString.java,org.exist.xquery.functions.util.BinaryToString,binary-to-string,true,extensions/exquery/restxq/src/test/xquery/restxq/arrays.xq; extensions/modules/compression/src/test/xquery/modules/compression/zip-tests.xql; extensions/modules/expathrepo/src/main/resources/org/exist/xquery/modules/expathrepo/repair.xql; extensions/modules/file/src/test/xquery/modules/file/binary-nested-in-map.xqm; extensions/modules/file/src/test/xquery/modules/file/read-binary.xqm
exist-core/src/main/java/org/exist/xquery/functions/util/BinaryToString.java,org.exist.xquery.functions.util.BinaryToString,string-to-binary,true,exist-core/src/test/xquery/xmldb/store-binary-tests.xql; extensions/modules/compression/example-deflate.xql; extensions/modules/file/src/test/resources/util/helper.xqm; extensions/modules/file/src/test/xquery/modules/file/sync.xqm
exist-core/src/main/java/org/exist/xquery/functions/util/LogFunction.java,org.exist.xquery.functions.util.LogFunction,log,true,exist-core/src/test/xquery/transform/catalog.xql; exist-docker/src/test/bats/02-config-spec.bats; exist-core/src/test/java/org/exist/xquery/NodeTypeTest.java; exist-core/src/test/java/org/exist/collections/triggers/XQueryTrigger2Test.java; exist-core/src/test/java/org/exist/collections/triggers/XQueryTriggerTest.java; exist-core/src/test/java/org/exist/collections/triggers/XQueryTriggerChainTest.java; exist-core/src/test/java/org/exist/collections/ConcurrencyTest.java; extensions/modules/http-client/src/test/java/org/exist/xquery/modules/httpclient/SendRequestFunctionTest.java
exist-core/src/main/java/org/exist/xquery/functions/util/LogFunction.java,org.exist.xquery.functions.util.LogFunction,log-system-out,true,exist-docker/src/test/bats/02-config-spec.bats
exist-core/src/main/java/org/exist/xquery/functions/util/LogFunction.java,org.exist.xquery.functions.util.LogFunction,log-system-err,false,
exist-core/src/main/java/org/exist/xquery/functions/util/LogFunction.java,org.exist.xquery.functions.util.LogFunction,log-app,false,
exist-core/src/main/java/org/exist/xquery/functions/util/GetNodeById.java,org.exist.xquery.functions.util.GetNodeById,node-by-id,true,exist-core/src/test/xquery/util/document-id.xqm
exist-core/src/main/java/org/exist/xquery/functions/util/Eval.java,org.exist.xquery.functions.util.Eval,eval,true,exist-core/src/main/resources/org/exist/xquery/lib/xqsuite/xqsuite.xql; exist-core/src/test/xquery/axes.xql; exist-core/src/test/xquery/maps/maps.xqm; exist-core/src/test/xquery/maps/mapsLookup.xql; exist-core/src/test/xquery/numbers/format-numbers.xql; exist-core/src/test/xquery/system/get-main-module-load-path.xqm; exist-core/src/test/xquery/system/get-module-load-path.xqm; exist-core/src/test/xquery/wrongArityErrorTest.xql; exist-core/src/test/xquery/xquery3/arrowop.xql; exist-core/src/test/xquery/xquery3/dateTimeOverflow.xqm; exist-core/src/test/xquery/xquery3/function-reference.xqm; exist-core/src/test/xquery/xquery3/higher-order.xqm; exist-core/src/test/xquery/xquery3/transform/fnTransform5052.xqm; exist-core/src/test/java/org/exist/xquery/StoredModuleTest.java; exist-core/src/test/java/org/exist/xquery/CleanupTest.java; exist-core/src/test/java/org/exist/xquery/XQueryTest.java; exist-core/src/test/java/org/exist/xquery/XQueryFunctionsTest.java; exist-core/src/test/java/org/exist/xquery/functions/util/EvalTest.java; exist-core/src/test/java/org/exist/xquery/functions/fn/DocTest.java
exist-core/src/main/java/org/exist/xquery/functions/util/Eval.java,org.exist.xquery.functions.util.Eval,eval-with-context,true,exist-core/src/test/xquery/fn.xql; exist-core/src/test/xquery/util/eval-with-context.xql; exist-core/src/test/java/org/exist/xquery/functions/util/EvalTest.java
exist-core/src/main/java/org/exist/xquery/functions/util/Eval.java,org.exist.xquery.functions.util.Eval,eval-inline,true,exist-core/src/test/java/org/exist/xquery/functions/util/EvalTest.java
exist-core/src/main/java/org/exist/xquery/functions/util/Eval.java,org.exist.xquery.functions.util.Eval,eval-and-serialize,true,exist-core/src/test/java/org/exist/xquery/functions/util/EvalTest.java
exist-core/src/main/java/org/exist/xquery/functions/util/LineNumber.java,org.exist.xquery.functions.util.LineNumber,line-number,false,
exist-core/src/main/java/org/exist/xquery/functions/util/InspectFunction.java,org.exist.xquery.functions.util.InspectFunction,inspect-function,true,exist-core/src/main/resources/org/exist/test/runner/xquery-discovery.xq; exist-core/src/main/resources/org/exist/xquery/lib/xqsuite/xqsuite.xql; exist-core/src/test/resources/org/exist/test/runner/inspect-line-source-test.xqm; exist-core/src/test/xquery/types.xql
exist-core/src/main/java/org/exist/xquery/functions/util/IndexKeyOccurrences.java,org.exist.xquery.functions.util.IndexKeyOccurrences,index-key-occurrences,true,exist-core/src/test/java/org/exist/xmldb/CollectionConfigurationTest.java; extensions/indexes/ngram/src/test/java/org/exist/indexing/ngram/CustomIndexTest.java
exist-core/src/main/java/org/exist/xquery/functions/util/BuiltinFunctions.java,org.exist.xquery.functions.util.BuiltinFunctions,registered-functions,true,exist-core/src/test/xquery/inspect/inspect.xql
exist-core/src/main/java/org/exist/xquery/functions/util/BuiltinFunctions.java,org.exist.xquery.functions.util.BuiltinFunctions,declared-variables,false,
exist-core/src/main/java/org/exist/xquery/functions/util/BuiltinFunctions.java,org.exist.xquery.functions.util.BuiltinFunctions,list-functions,true,exist-core/src/main/resources/org/exist/xquery/lib/xqsuite/xqsuite.xql
exist-core/src/main/java/org/exist/xquery/functions/util/SystemProperty.java,org.exist.xquery.functions.util.SystemProperty,system-property,true,exist-core/src/test/xquery/xquery3/transform/fnTransform82e.xqm; extensions/modules/file/src/test/resources/util/helper.xqm; extensions/modules/http-client/src/test/xquery/http-client-tests.xql
exist-core/src/main/java/org/exist/xquery/functions/util/BaseConverter.java,org.exist.xquery.functions.util.BaseConverter,base-to-integer,true,exist-core/src/test/java/org/exist/xquery/functions/util/BaseConverterTest.java
exist-core/src/main/java/org/exist/xquery/functions/util/BaseConverter.java,org.exist.xquery.functions.util.BaseConverter,integer-to-base,true,exist-core/src/test/java/org/exist/xquery/functions/util/BaseConverterTest.java
exist-core/src/main/java/org/exist/xquery/functions/util/Expand.java,org.exist.xquery.functions.util.Expand,expand,true,exist-core/src/main/resources/org/exist/xquery/lib/kwic.xql; exist-core/src/main/resources/org/exist/xquery/lib/xqsuite/xqsuite.xql; exist-core/src/test/xquery/util/expand.xqm; extensions/indexes/indexes-integration-tests/src/test/xquery/indexing/tests/exist-matches.xqm; extensions/indexes/lucene/src/test/xquery/lucene/ft-expand-highlight.xqm; extensions/indexes/lucene/src/test/xquery/lucene/ft-match.xql; extensions/indexes/lucene/src/test/xquery/lucene/ft-query-forms.xqm; extensions/indexes/lucene/src/test/xquery/lucene/match-highlighting.xql; extensions/indexes/lucene/src/test/xquery/lucene/start-offset.xql; extensions/indexes/lucene/src/test/xquery/lucene/util-expand-highlight.xqm; extensions/indexes/ngram/src/test/xquery/ngram/match-highlighting-ngram.xql; exist-core/src/test/java/org/exist/xinclude/W3CXIncludeTestSuite.java; exist-core/src/test/java/org/exist/xquery/functions/util/ExpandTest.java; extensions/indexes/lucene/src/test/java/org/exist/indexing/lucene/LuceneMatchListenerTest.java; extensions/indexes/lucene/src/test/java/org/exist/indexing/lucene/LuceneIndexTest.java; extensions/indexes/lucene/src/test/java/org/exist/indexing/lucene/SerializeAttrMatchesTest.java
exist-core/src/main/java/org/exist/xquery/functions/util/FunctionFunction.java,org.exist.xquery.functions.util.FunctionFunction,function,true,exist-core/src/main/resources/org/exist/test/runner/xml-test-runner.xq; exist-core/src/main/resources/org/exist/test/runner/xquery-discovery.xq; exist-core/src/main/resources/org/exist/test/runner/xquery-test-runner.xq; exist-core/src/main/resources/org/exist/xquery/lib/kwic.xql; exist-core/src/main/resources/org/exist/xquery/lib/xqsuite/xqsuite.xql; exist-core/src/test/resources/org/exist/test/runner/inspect-line-source-test.xqm; exist-core/src/test/xquery/arrays/arrays.xql; exist-core/src/test/xquery/boolean-sequences.xq; exist-core/src/test/xquery/errors.xql; exist-core/src/test/xquery/function.xql; exist-core/src/test/xquery/integers.xq; exist-core/src/test/xquery/maps/maps.xqm; exist-core/src/test/xquery/optimizer/expressions.xqm; exist-core/src/test/xquery/optimizer/positional.xqm; exist-core/src/test/xquery/system/as-user.xqm; exist-core/src/test/xquery/types.xql; exist-core/src/test/xquery/wrongArityErrorTest.xql; exist-core/src/test/xquery/xqsuite/xqsuite-assertions-dynamic.xqm; exist-core/src/test/xquery/xquery3/arrowop.xql; exist-core/src/test/xquery/xquery3/closure-in-maps.xql; exist-core/src/test/xquery/xquery3/dateTimeOverflow.xqm; exist-core/src/test/xquery/xquery3/filter-function-items-in-context.xql; exist-core/src/test/xquery/xquery3/flwor.xql; exist-core/src/test/xquery/xquery3/fn.xql; exist-core/src/test/xquery/xquery3/fnRefs.xql; exist-core/src/test/xquery/xquery3/fnSort.xql; exist-core/src/test/xquery/xquery3/higher-order.xqm; exist-core/src/test/xquery/xquery3/json-to-xml.xql; exist-core/src/test/xquery/xquery3/load-xquery-module.xql; exist-core/src/test/xquery/xquery3/postfix-expr.xqm; exist-core/src/test/xquery/xquery3/transform/fnTransform79.xqm; exist-core/src/test/xquery/xquery3/transform/fnTransform87.xqm; extensions/indexes/lucene/src/test/xquery/lucene/ft-attr-context.xql; extensions/indexes/lucene/src/test/xquery/lucene/ft-facets.xqm; extensions/indexes/lucene/src/test/xquery/lucene/ft-query-forms.xqm; extensions/indexes/lucene/src/test/xquery/lucene/parenthesized-context.xql; extensions/indexes/lucene/src/test/xquery/lucene/self-axis-index.xqm; extensions/indexes/range/src/test/xquery/range/conditions.xql; extensions/indexes/range/src/test/xquery/range/index-keys.xql; extensions/indexes/range/src/test/xquery/range/multi-collection-search.xqm; extensions/indexes/range/src/test/xquery/range/prefixed-conditions.xql; extensions/modules/compression/example-untar.xql; extensions/modules/compression/example-unzip.xql; extensions/modules/compression/src/test/xquery/modules/compression/unzip-tests.xql; extensions/modules/expathrepo/src/main/resources/org/exist/xquery/modules/expathrepo/repair.xql; exist-core/src/test/java/org/exist/xquery/StoredModuleTest.java; exist-core/src/test/java/org/exist/xquery/CleanupTest.java; exist-core/src/test/java/org/exist/xquery/AbsolutePathTests.java; exist-core/src/test/java/org/exist/xquery/ForwardReferenceTest.java; exist-core/src/test/java/org/exist/xquery/XQueryTest.java; exist-core/src/test/java/org/exist/xquery/VariablesTest.java; exist-core/src/test/java/org/exist/xquery/ValueIndexTest.java; exist-core/src/test/java/org/exist/xquery/FunctionTypeInElementContentTest.java; exist-core/src/test/java/org/exist/xquery/PathExprDedupTest.java; exist-core/src/test/java/org/exist/http/RESTServiceTest.java; exist-core/src/test/java/org/exist/http/RESTExecuteWithoutReadTest.java; extensions/indexes/ngram/src/test/java/org/exist/indexing/ngram/CustomIndexTest.java; extensions/indexes/range/src/test/java/org/exist/xquery/modules/range/Issue4074IndexKeysServletContextTest.java
exist-core/src/main/java/org/exist/xquery/functions/util/UUID.java,org.exist.xquery.functions.util.UUID,uuid,true,extensions/modules/file/src/test/resources/util/helper.xqm; exist-core/src/test/java/org/exist/collections/triggers/XQueryTriggerChainTest.java
exist-core/src/main/java/org/exist/xquery/functions/util/IndexKeyDocuments.java,org.exist.xquery.functions.util.IndexKeyDocuments,index-key-documents,true,extensions/indexes/ngram/src/test/java/org/exist/indexing/ngram/CustomIndexTest.java
exist-core/src/main/java/org/exist/xquery/functions/util/Hash.java,org.exist.xquery.functions.util.Hash,hash,true,exist-core/src/test/java/org/exist/xquery/XQueryTest.java
exist-core/src/main/java/org/exist/xquery/functions/util/CollectionName.java,org.exist.xquery.functions.util.CollectionName,collection-name,true,exist-jetty-config/src/main/resources/webapp/controller.xql; extensions/indexes/range/src/test/xquery/range/multi-collection-search.xqm; exist-core/src/test/java/org/exist/collections/ConcurrencyTest.java
exist-core/src/main/java/org/exist/xquery/functions/util/IndexType.java,org.exist.xquery.functions.util.IndexType,index-type,true,exist-core/src/test/java/org/exist/xmldb/CollectionConfigurationTest.java
exist-core/src/main/java/org/exist/xquery/functions/util/BaseConversionFunctions.java,org.exist.xquery.functions.util.BaseConversionFunctions,int-to-octal,false,
exist-core/src/main/java/org/exist/xquery/functions/util/BaseConversionFunctions.java,org.exist.xquery.functions.util.BaseConversionFunctions,octal-to-int,false,
exist-core/src/main/java/org/exist/xquery/functions/util/DocumentNameOrId.java,org.exist.xquery.functions.util.DocumentNameOrId,document-name,true,exist-core/src/test/xquery/util/document-id.xqm; exist-core/src/test/java/org/exist/collections/ConcurrencyTest.java
exist-core/src/main/java/org/exist/xquery/functions/util/DocumentNameOrId.java,org.exist.xquery.functions.util.DocumentNameOrId,document-id,true,exist-core/src/test/xquery/util/document-id.xqm
exist-core/src/main/java/org/exist/xquery/functions/util/DocumentNameOrId.java,org.exist.xquery.functions.util.DocumentNameOrId,absolute-resource-id,true,exist-core/src/test/xquery/util/document-id.xqm
exist-core/src/main/java/org/exist/xquery/functions/util/DocumentNameOrId.java,org.exist.xquery.functions.util.DocumentNameOrId,get-resource-by-absolute-id,true,exist-core/src/test/xquery/util/document-id.xqm
exist-core/src/main/java/org/exist/xquery/functions/util/Collations.java,org.exist.xquery.functions.util.Collations,collations,false,
exist-core/src/main/java/org/exist/xquery/functions/util/BinaryDoc.java,org.exist.xquery.functions.util.BinaryDoc,binary-doc,true,exist-core/src/test/xquery/binary-value.xqm; extensions/modules/compression/example-untar.xql; extensions/modules/compression/example-unzip.xql; extensions/modules/compression/src/test/xquery/modules/compression/zip-tests.xql; extensions/modules/image/src/test/xquery/modules/image/scale.xqm; exist-core/src/test/java/org/exist/util/io/FilterInputStreamCacheMonitorTest.java; exist-core/src/test/java/org/exist/xquery/RestBinariesTest.java; exist-core/src/test/java/org/exist/xquery/AbstractBinariesTest.java; exist-core/src/test/java/org/exist/xquery/XQueryFunctionsTest.java; exist-core/src/test/java/org/exist/xquery/functions/validate/JingRelaxNgTest.java; extensions/contentextraction/src/test/java/org/exist/contentextraction/xquery/ContentFunctionsTest.java; extensions/modules/file/src/test/java/org/exist/xquery/modules/file/AbstractBinariesTest.java; extensions/modules/mail/src/test/java/org/exist/xquery/modules/mail/SendEmailIT.java
exist-core/src/main/java/org/exist/xquery/functions/util/BinaryDoc.java,org.exist.xquery.functions.util.BinaryDoc,binary-doc-available,true,exist-core/src/test/xquery/xmldb/store-binary-tests.xql; extensions/modules/mail/src/test/java/org/exist/xquery/modules/mail/SendEmailIT.java
exist-core/src/main/java/org/exist/xquery/functions/util/BinaryDoc.java,org.exist.xquery.functions.util.BinaryDoc,is-binary-doc,false,
exist-core/src/main/java/org/exist/xquery/functions/util/BinaryDoc.java,org.exist.xquery.functions.util.BinaryDoc,binary-doc-content-digest,false,
exist-core/src/main/java/org/exist/xquery/functions/util/NodeId.java,org.exist.xquery.functions.util.NodeId,node-id,true,exist-core/src/test/java/org/exist/xquery/XQueryTest.java
exist-core/src/main/java/org/exist/xquery/functions/util/GetFragmentBetween.java,org.exist.xquery.functions.util.GetFragmentBetween,get-fragment-between,true,exist-core/src/test/xquery/util/get-fragment-between.xqm
exist-core/src/main/java/org/exist/xquery/functions/util/RandomFunction.java,org.exist.xquery.functions.util.RandomFunction,random,false,
exist-core/src/main/java/org/exist/xquery/functions/util/RandomFunction.java,org.exist.xquery.functions.util.RandomFunction,random-ulong,false,
exist-core/src/main/java/org/exist/xquery/functions/util/IndexKeys.java,org.exist.xquery.functions.util.IndexKeys,index-keys,true,extensions/indexes/lucene/src/test/xquery/lucene/ft-attr-context.xql; extensions/indexes/lucene/src/test/xquery/lucene/ft-facets.xqm; extensions/indexes/lucene/src/test/xquery/lucene/ft-query-forms.xqm; extensions/indexes/lucene/src/test/xquery/lucene/index-keys.xql; extensions/indexes/lucene/src/test/xquery/lucene/parenthesized-context.xql; extensions/indexes/range/src/test/xquery/range/index-keys.xql; exist-core/src/test/java/org/exist/xquery/ValueIndexTest.java; extensions/indexes/ngram/src/test/java/org/exist/indexing/ngram/CustomIndexTest.java; extensions/indexes/spatial/src/test/java/org/exist/indexing/spatial/GMLIndexTest.java
exist-core/src/main/java/org/exist/xquery/functions/util/IndexKeys.java,org.exist.xquery.functions.util.IndexKeys,index-keys-by-qname,true,extensions/indexes/lucene/src/test/xquery/lucene/ft-query-forms.xqm
exist-core/src/main/java/org/exist/xquery/functions/util/FunUnEscapeURI.java,org.exist.xquery.functions.util.FunUnEscapeURI,unescape-uri,false,
exist-core/src/main/java/org/exist/xquery/functions/util/Parse.java,org.exist.xquery.functions.util.Parse,parse-html,true,exist-core/src/test/java/org/exist/xquery/functions/util/ParseHtmlTest.java
exist-core/src/main/java/org/exist/xquery/functions/util/Base64Functions.java,org.exist.xquery.functions.util.Base64Functions,base64-encode,true,exist-core/src/test/java/org/exist/xquery/functions/util/Base64FunctionsTest.java; extensions/modules/mail/src/test/java/org/exist/xquery/modules/mail/SendEmailIT.java
exist-core/src/main/java/org/exist/xquery/functions/util/Base64Functions.java,org.exist.xquery.functions.util.Base64Functions,base64-decode,true,extensions/modules/compression/example-deflate.xql; exist-core/src/test/java/org/exist/xquery/functions/util/Base64FunctionsTest.java
exist-core/src/main/java/org/exist/xquery/functions/util/Base64Functions.java,org.exist.xquery.functions.util.Base64Functions,base64-encode-url-safe,true,exist-core/src/test/java/org/exist/xquery/functions/util/Base64FunctionsTest.java
exist-core/src/main/java/org/exist/xquery/functions/util/DeepCopyFunction.java,org.exist.xquery.functions.util.DeepCopyFunction,deep-copy,false,
exist-core/src/main/java/org/exist/xquery/functions/util/Wait.java,org.exist.xquery.functions.util.Wait,wait,true,exist-core/src/test/xquery/util/eval-with-context.xql; exist-core/src/test/xquery/wrongArityErrorTest.xql; exist-core/src/test/xquery/xmldb/last-modified.xql; extensions/modules/cache/src/test/xquery/modules/cache/cache.xqm; extensions/modules/file/src/test/xquery/modules/file/sync.xqm; exist-core/src/test/java/org/exist/http/StoredQueryLockReleaseTest.java
exist-core/src/main/java/org/exist/xquery/functions/util/PrologFunctions.java,org.exist.xquery.functions.util.PrologFunctions,import-module,true,exist-core/src/test/java/org/exist/xquery/StoredModuleTest.java
exist-core/src/main/java/org/exist/xquery/functions/util/PrologFunctions.java,org.exist.xquery.functions.util.PrologFunctions,declare-namespace,false,
exist-core/src/main/java/org/exist/xquery/functions/util/PrologFunctions.java,org.exist.xquery.functions.util.PrologFunctions,declare-option,false,
exist-core/src/main/java/org/exist/xquery/functions/util/PrologFunctions.java,org.exist.xquery.functions.util.PrologFunctions,get-option,false,
exist-core/src/main/java/org/exist/xquery/functions/util/GetSequenceType.java,org.exist.xquery.functions.util.GetSequenceType,get-sequence-type,false,
exist-core/src/main/java/org/exist/xquery/functions/math/OneParamFunctions.java,org.exist.xquery.functions.math.OneParamFunctions,acos,false,
exist-core/src/main/java/org/exist/xquery/functions/math/OneParamFunctions.java,org.exist.xquery.functions.math.OneParamFunctions,asin,false,
exist-core/src/main/java/org/exist/xquery/functions/math/OneParamFunctions.java,org.exist.xquery.functions.math.OneParamFunctions,atan,false,
exist-core/src/main/java/org/exist/xquery/functions/math/OneParamFunctions.java,org.exist.xquery.functions.math.OneParamFunctions,cos,false,
exist-core/src/main/java/org/exist/xquery/functions/math/OneParamFunctions.java,org.exist.xquery.functions.math.OneParamFunctions,exp,false,
exist-core/src/main/java/org/exist/xquery/functions/math/OneParamFunctions.java,org.exist.xquery.functions.math.OneParamFunctions,exp10,false,
exist-core/src/main/java/org/exist/xquery/functions/math/OneParamFunctions.java,org.exist.xquery.functions.math.OneParamFunctions,log,true,exist-core/src/test/xquery/transform/catalog.xql; exist-docker/src/test/bats/02-config-spec.bats; exist-core/src/test/java/org/exist/xquery/NodeTypeTest.java; exist-core/src/test/java/org/exist/collections/triggers/XQueryTrigger2Test.java; exist-core/src/test/java/org/exist/collections/triggers/XQueryTriggerTest.java; exist-core/src/test/java/org/exist/collections/triggers/XQueryTriggerChainTest.java; exist-core/src/test/java/org/exist/collections/ConcurrencyTest.java; extensions/modules/http-client/src/test/java/org/exist/xquery/modules/httpclient/SendRequestFunctionTest.java
exist-core/src/main/java/org/exist/xquery/functions/math/OneParamFunctions.java,org.exist.xquery.functions.math.OneParamFunctions,log10,false,
exist-core/src/main/java/org/exist/xquery/functions/math/OneParamFunctions.java,org.exist.xquery.functions.math.OneParamFunctions,sin,false,
exist-core/src/main/java/org/exist/xquery/functions/math/OneParamFunctions.java,org.exist.xquery.functions.math.OneParamFunctions,sqrt,false,
exist-core/src/main/java/org/exist/xquery/functions/math/OneParamFunctions.java,org.exist.xquery.functions.math.OneParamFunctions,tan,false,
exist-core/src/main/java/org/exist/xquery/functions/math/TwoParamFunctions.java,org.exist.xquery.functions.math.TwoParamFunctions,atan2,false,
exist-core/src/main/java/org/exist/xquery/functions/math/TwoParamFunctions.java,org.exist.xquery.functions.math.TwoParamFunctions,pow,false,
exist-core/src/main/java/org/exist/xquery/functions/math/NoParamFunctions.java,org.exist.xquery.functions.math.NoParamFunctions,pi,true,exist-core/src/test/xquery/axes.xql; exist-core/src/test/xquery/util/expand.xqm; exist-core/src/test/xquery/xquery3/serialize.xql
exist-core/src/main/java/org/exist/xquery/functions/system/GetProductName.java,org.exist.xquery.functions.system.GetProductName,get-product-name,false,
exist-core/src/main/java/org/exist/xquery/functions/system/GetModuleLoadPath.java,org.exist.xquery.functions.system.GetModuleLoadPath,get-module-load-path,true,exist-core/src/test/xquery/system/get-module-load-path.xqm
exist-core/src/main/java/org/exist/xquery/functions/system/GetBuild.java,org.exist.xquery.functions.system.GetBuild,get-build,false,
exist-core/src/main/java/org/exist/xquery/functions/system/GetMemory.java,org.exist.xquery.functions.system.GetMemory,get-memory-max,false,
exist-core/src/main/java/org/exist/xquery/functions/system/GetMemory.java,org.exist.xquery.functions.system.GetMemory,get-memory-total,false,
exist-core/src/main/java/org/exist/xquery/functions/system/GetMemory.java,org.exist.xquery.functions.system.GetMemory,get-memory-free,false,
exist-core/src/main/java/org/exist/xquery/functions/system/GetUptime.java,org.exist.xquery.functions.system.GetUptime,get-uptime,false,
exist-core/src/main/java/org/exist/xquery/functions/system/GetMainModuleLoadPath.java,org.exist.xquery.functions.system.GetMainModuleLoadPath,get-main-module-load-path,true,exist-core/src/test/xquery/system/get-main-module-load-path.xqm
exist-core/src/main/java/org/exist/xquery/functions/system/FnImport.java,org.exist.xquery.functions.system.FnImport,import,false,
exist-core/src/main/java/org/exist/xquery/functions/system/FnImport.java,org.exist.xquery.functions.system.FnImport,import-silently,false,
exist-core/src/main/java/org/exist/xquery/functions/system/FnImport.java,org.exist.xquery.functions.system.FnImport,collection,true,exist-core/src/main/resources/org/exist/xquery/lib/xqsuite/examples.xql; exist-core/src/main/resources/org/exist/xquery/lib/xqsuite/xqsuite.xql; exist-core/src/test/xquery/arrays/arrays.xql; exist-core/src/test/xquery/axes-persistent-nodes.xqm; exist-core/src/test/xquery/axes.xql; exist-core/src/test/xquery/base-uri.xql; exist-core/src/test/xquery/binary-value.xqm; exist-core/src/test/xquery/collations.xq; exist-core/src/test/xquery/count.xql; exist-core/src/test/xquery/document-nodes.xq; exist-core/src/test/xquery/exceptOperator.xql; exist-core/src/test/xquery/fn-not.xq; exist-core/src/test/xquery/fn-position.xqm; exist-core/src/test/xquery/fn.xql; exist-core/src/test/xquery/guest.xql; exist-core/src/test/xquery/indexing/indexes-base-uri.xq; exist-core/src/test/xquery/inspect/inspect.xql; exist-core/src/test/xquery/last.xql; exist-core/src/test/xquery/logicalOp/andor.xql; exist-core/src/test/xquery/npt.xqm; exist-core/src/test/xquery/optimizer/expressions.xqm; exist-core/src/test/xquery/optimizer/positional.xqm; exist-core/src/test/xquery/positional-nested.xql; exist-core/src/test/xquery/preceding-axis.xql; exist-core/src/test/xquery/question-marks-in-contains-function.xql; exist-core/src/test/xquery/securitymanager/id.xqm; exist-core/src/test/xquery/securitymanager/permission-error-codes.xqm; exist-core/src/test/xquery/simple-map-predicate.xq; exist-core/src/test/xquery/system/get-main-module-load-path.xqm; exist-core/src/test/xquery/system/get-module-load-path.xqm; exist-core/src/test/xquery/unicode.xqm; exist-core/src/test/xquery/unparsed-text.xql; exist-core/src/test/xquery/util/document-id.xqm; exist-core/src/test/xquery/util/get-fragment-between.xqm; exist-core/src/test/xquery/validation/jaxp.xql; exist-core/src/test/xquery/validation/jaxv.xql; exist-core/src/test/xquery/xmldb/copy-tests.xql; exist-core/src/test/xquery/xmldb/create-collection-tests.xql; exist-core/src/test/xquery/xmldb/last-modified.xql; exist-core/src/test/xquery/xmldb/permission-tests.xql; exist-core/src/test/xquery/xmldb/reindex-tests.xql; exist-core/src/test/xquery/xmldb/store-binary-tests.xql; exist-core/src/test/xquery/xmlid.xql; exist-core/src/test/xquery/xquery3/flwor.xql; exist-core/src/test/xquery/xquery3/fnExcept.xqm; exist-core/src/test/xquery/xquery3/fnIntersect.xqm; exist-core/src/test/xquery/xquery3/fnUriCollection.xqm; exist-core/src/test/xquery/xquery3/generate-id.xqm; exist-core/src/test/xquery/xquery3/higher-order.xqm; exist-core/src/test/xquery/xquery3/precedingFollowingAfterNot.xqm; exist-core/src/test/xquery/xquery3/serialize.xql; exist-core/src/test/xquery/xquery3/transform/doc-as-parameter.xqm; exist-core/src/test/xquery/xquery3/transform/fnTransform5052.xqm; exist-core/src/test/xquery/xquery3/transform/fnTransform5882.xqm; exist-core/src/test/xquery/xquery3/transform/fnTransform6065.xqm; exist-core/src/test/xquery/xquery3/transform/fnTransformIssue4609.xqm; exist-core/src/test/xquery/xquery3/xml-to-json.xql; exist-jetty-config/src/main/resources/webapp/controller.xql; extensions/exquery/restxq/src/test/xquery/restxq/arrays.xq; extensions/indexes/indexes-integration-tests/src/test/xquery/indexing/tests/exist-matches.xqm; extensions/indexes/lucene/src/test/xquery/lucene/analyzers-diacritics.xql; extensions/indexes/lucene/src/test/xquery/lucene/analyzers-english.xql; extensions/indexes/lucene/src/test/xquery/lucene/analyzers-field.xqm; extensions/indexes/lucene/src/test/xquery/lucene/facet-drilldown-highlight.xqm; extensions/indexes/lucene/src/test/xquery/lucene/field-expression-context.xqm; extensions/indexes/lucene/src/test/xquery/lucene/for-variable.xql; extensions/indexes/lucene/src/test/xquery/lucene/ft-attr-context.xql; extensions/indexes/lucene/src/test/xquery/lucene/ft-edge.xqm; extensions/indexes/lucene/src/test/xquery/lucene/ft-expand-highlight.xqm; extensions/indexes/lucene/src/test/xquery/lucene/ft-facets.xqm; extensions/indexes/lucene/src/test/xquery/lucene/ft-field-types.xqm; extensions/indexes/lucene/src/test/xquery/lucene/ft-match.xql; extensions/indexes/lucene/src/test/xquery/lucene/ft-query-field.xqm; extensions/indexes/lucene/src/test/xquery/lucene/ft-query-forms.xqm; extensions/indexes/lucene/src/test/xquery/lucene/ft-search-binary.xqm; extensions/indexes/lucene/src/test/xquery/lucene/ignore-condition.xql; extensions/indexes/lucene/src/test/xquery/lucene/index-keys.xql; extensions/indexes/lucene/src/test/xquery/lucene/indirect-queries.xql; extensions/indexes/lucene/src/test/xquery/lucene/inline-elements.xql; extensions/indexes/lucene/src/test/xquery/lucene/inline-ignore.xql; extensions/indexes/lucene/src/test/xquery/lucene/match-highlighting.xql; extensions/indexes/lucene/src/test/xquery/lucene/optimizer-ft.xql; extensions/indexes/lucene/src/test/xquery/lucene/parenthesized-context.xql; extensions/indexes/lucene/src/test/xquery/lucene/parenthesized-location-step.xql; extensions/indexes/lucene/src/test/xquery/lucene/reindex-second-store.xqm; extensions/indexes/lucene/src/test/xquery/lucene/self-axis-index.xqm; extensions/indexes/lucene/src/test/xquery/lucene/serialize.xql; extensions/indexes/lucene/src/test/xquery/lucene/start-offset.xql; extensions/indexes/lucene/src/test/xquery/lucene/unicode-supplementary-lucene.xql; extensions/indexes/lucene/src/test/xquery/lucene/util-expand-highlight.xqm; extensions/indexes/lucene/src/test/xquery/lucene/vector-search.xqm; extensions/indexes/ngram/src/test/xquery/ngram/for-variable.xql; extensions/indexes/ngram/src/test/xquery/ngram/match-highlighting-ngram.xql; extensions/indexes/ngram/src/test/xquery/ngram/unicode-supplementary-ngram.xql; extensions/indexes/range/src/test/xquery/range/conditions.xql; extensions/indexes/range/src/test/xquery/range/field-type.xql; extensions/indexes/range/src/test/xquery/range/fields.xql; extensions/indexes/range/src/test/xquery/range/for-variable.xql; extensions/indexes/range/src/test/xquery/range/index-keys.xql; extensions/indexes/range/src/test/xquery/range/multi-collection-search.xqm; extensions/indexes/range/src/test/xquery/range/optimizer.xql; extensions/indexes/range/src/test/xquery/range/prefixed-conditions.xql; extensions/indexes/range/src/test/xquery/range/range.xql; extensions/indexes/range/src/test/xquery/range/types.xql; extensions/indexes/range/src/test/xquery/range/unicode-supplementary-range.xql; extensions/indexes/range/src/test/xquery/range/updates.xql; extensions/modules/expathrepo/src/main/resources/org/exist/xquery/modules/expathrepo/repair.xql; extensions/modules/expathrepo/src/test/xquery/modules/expathrepo/deployment.xql; extensions/modules/expathrepo/src/test/xquery/modules/expathrepo/resource-available.xql; extensions/modules/file/src/test/resources/util/helper.xqm; extensions/modules/file/src/test/xquery/modules/file/sync-serialize.xqm; extensions/modules/image/src/test/xquery/modules/image/scale.xqm; extensions/modules/xmldiff/src/test/xquery/modules/xmldiff/compare.xqm; extensions/modules/xmldiff/src/test/xquery/modules/xmldiff/diff.xqm; exist-core/src/test/java/org/exist/xmldb/concurrent/action/XQueryUpdateAction.java; exist-core/src/test/java/org/exist/xmldb/concurrent/ConcurrentResourceTest3.java; exist-core/src/test/java/org/exist/xmldb/concurrent/ConcurrentResourceTest2.java; exist-core/src/test/java/org/exist/xquery/DocumentUpdateTest.java; exist-core/src/test/java/org/exist/xquery/xqsuite/XQSuiteTearDownErrorTest.java; exist-core/src/test/java/org/exist/xquery/XPathQueryTest.java; exist-core/src/test/java/org/exist/xquery/functions/validate/JingOnvdlTest.java; exist-core/src/test/java/org/exist/xquery/functions/fn/CollectionTest.java; exist-core/src/test/java/org/exist/xquery/NodeTypeTest.java; exist-core/src/test/java/org/exist/security/RestApiSecurityTest.java; exist-core/src/test/java/org/exist/security/XqueryApiTest.java; exist-core/src/test/java/org/exist/security/FnCollectionSecurityTest.java; exist-core/src/test/java/org/exist/security/SecurityManagerTest.java; exist-core/src/test/java/org/exist/storage/lock/ProtectedModeTest.java; exist-core/src/test/java/org/exist/storage/lock/DeadlockIT.java; exist-core/src/test/java/org/exist/xupdate/StressTest.java; exist-core/src/test/java/org/exist/dom/memtree/DOMIndexerTest.java; exist-core/src/test/java/org/exist/xmlrpc/MoveResourceTest.java; exist-core/src/test/java/org/exist/collections/triggers/XQueryTrigger2Test.java; exist-core/src/test/java/org/exist/collections/triggers/XQueryTriggerTest.java; exist-core/src/test/java/org/exist/collections/triggers/XQueryTriggerChainTest.java; exist-core/src/test/java/org/exist/collections/ConcurrencyTest.java; extensions/indexes/indexes-integration-tests/src/test/java/org/exist/indexing/EnforceIndexUseTest.java; extensions/indexes/lucene/src/test/java/xquery/lucene/VectorSearchEmbeddingTest.java; extensions/indexes/lucene/src/test/java/org/exist/indexing/lucene/SerializeAttrMatchesTest.java; extensions/indexes/ngram/src/test/java/org/exist/indexing/ngram/CustomIndexTest.java; extensions/indexes/range/src/test/java/org/exist/xquery/modules/range/ForBoundXmlIdRegressionTest.java; extensions/indexes/range/src/test/java/org/exist/xquery/modules/range/AttributeEqIndexConsistencyTest.java; extensions/indexes/vector-it/src/test/java/xquery/lucene/VectorSearchEmbeddingIT.java; extensions/modules/expathrepo/src/test/java/org/exist/repo/PackageTriggerIT.java
exist-core/src/main/java/org/exist/xquery/functions/system/FnImport.java,org.exist.xquery.functions.system.FnImport,resource,true,exist-core/src/test/xquery/indexing/indexes-base-uri.xq; exist-core/src/test/xquery/xmldb/copy-tests.xql; exist-core/src/test/xquery/xquery3/fnUriCollection.xqm; extensions/modules/expathrepo/src/main/resources/org/exist/xquery/modules/expathrepo/repair.xql; extensions/modules/expathrepo/src/test/xquery/modules/expathrepo/deployment.xql; extensions/modules/expathrepo/src/test/xquery/modules/expathrepo/resource-available.xql; extensions/modules/file/src/test/resources/util/helper.xqm; extensions/modules/file/src/test/xquery/modules/file/sync-serialize.xqm; extensions/modules/file/src/test/xquery/modules/file/syncmod.xqm; exist-core/src/test/java/org/exist/xquery/RestBinariesTest.java; exist-core/src/test/java/org/exist/collections/triggers/XQueryTriggerChainTest.java
exist-core/src/main/java/org/exist/xquery/functions/system/FnImport.java,org.exist.xquery.functions.system.FnImport,info,true,exist-core/src/test/xquery/util/moduleDiscoveryTest.xql; exist-core/src/test/java/org/exist/http/RESTServiceTest.java
exist-core/src/main/java/org/exist/xquery/functions/system/FnImport.java,org.exist.xquery.functions.system.FnImport,warn,false,
exist-core/src/main/java/org/exist/xquery/functions/system/FnImport.java,org.exist.xquery.functions.system.FnImport,error,true,exist-core/src/main/resources/org/exist/xquery/lib/xqsuite/xqsuite.xql; exist-core/src/test/resources/org/exist/test/runner/failing-both.xqm; exist-core/src/test/resources/org/exist/test/runner/failing-error.xqm; exist-core/src/test/xquery/errors.xql; exist-core/src/test/xquery/simple-map-predicate.xq; exist-core/src/test/xquery/xmldb/store-binary-tests.xql; exist-core/src/test/xquery/xqsuite/custom-assertion.xqm; exist-core/src/test/xquery/xqsuite/xqsuite-assertions-dynamic.xqm; exist-core/src/test/xquery/xqsuite/xqsuite-assertions-inline.xqm; exist-core/src/test/xquery/xqsuite/xqsuite-assertions.resources.xqm.ignore; exist-core/src/test/xquery/xquery3/fnSerializeCharacterMaps026.xqm; exist-core/src/test/xquery/xquery3/generate-id.xqm; extensions/indexes/lucene/src/test/xquery/lucene/vector-search.xqm; extensions/indexes/range/src/test/xquery/range/multi-collection-search.xqm; extensions/indexes/range/src/test/xquery/range/range.xql; extensions/modules/file/src/test/resources/util/helper.xqm; exist-core/src/test/java/org/exist/xquery/xqsuite/XQSuiteTearDownErrorTest.java; exist-core/src/test/java/org/exist/xquery/functions/util/EvalTest.java; exist-core/src/test/java/org/exist/xquery/functions/xquery3/TryCatchTest.java; exist-core/src/test/java/org/exist/collections/triggers/XQueryTrigger2Test.java; exist-core/src/test/java/org/exist/collections/triggers/XQueryTriggerTest.java
exist-core/src/main/java/org/exist/xquery/functions/system/UpdateStatistics.java,org.exist.xquery.functions.system.UpdateStatistics,update-statistics,false,
exist-core/src/main/java/org/exist/xquery/functions/system/ClearXQueryCache.java,org.exist.xquery.functions.system.ClearXQueryCache,clear-xquery-cache,false,
exist-core/src/main/java/org/exist/xquery/functions/system/GetVersion.java,org.exist.xquery.functions.system.GetVersion,get-version,true,exist-docker/src/test/bats/03-xquery-spec.bats
exist-core/src/main/java/org/exist/xquery/functions/system/GetScheduledJobs.java,org.exist.xquery.functions.system.GetScheduledJobs,get-scheduled-jobs,false,
exist-core/src/main/java/org/exist/xquery/functions/system/GetScheduledJobs.java,org.exist.xquery.functions.system.GetScheduledJobs,jobs,false,
exist-core/src/main/java/org/exist/xquery/functions/system/GetScheduledJobs.java,org.exist.xquery.functions.system.GetScheduledJobs,job,false,
exist-core/src/main/java/org/exist/xquery/functions/system/GetScheduledJobs.java,org.exist.xquery.functions.system.GetScheduledJobs,name,true,exist-core/src/main/resources/org/exist/test/runner/xquery-discovery.xq; exist-core/src/main/resources/org/exist/xquery/lib/kwic.xql; exist-core/src/main/resources/org/exist/xquery/lib/xqsuite/xqsuite.xql; exist-core/src/test/resources/org/exist/test/runner/failing-both.xqm; exist-core/src/test/xquery/arrays/arrays.xql; exist-core/src/test/xquery/axes.xql; exist-core/src/test/xquery/document-nodes.xq; exist-core/src/test/xquery/exceptOperator.xql; exist-core/src/test/xquery/maps/mapKeySameKey.xqm; exist-core/src/test/xquery/maps/maps.xqm; exist-core/src/test/xquery/namespaces.xql; exist-core/src/test/xquery/no-static-typing.xqm; exist-core/src/test/xquery/optimizer/expressions.xqm; exist-core/src/test/xquery/preceding-axis.xql; exist-core/src/test/xquery/simple-map-predicate.xq; exist-core/src/test/xquery/types.xql; exist-core/src/test/xquery/unicode.xqm; exist-core/src/test/xquery/util/document-id.xqm; exist-core/src/test/xquery/util/expand.xqm; exist-core/src/test/xquery/xmldb/copy-tests.xql; exist-core/src/test/xquery/xmldb/permission-tests.xql; exist-core/src/test/xquery/xqsuite/xqsuite-tests.xql; exist-core/src/test/xquery/xquery3/arrowop.xql; exist-core/src/test/xquery/xquery3/bang.xql; exist-core/src/test/xquery/xquery3/flwor.xql; exist-core/src/test/xquery/xquery3/fn.xql; exist-core/src/test/xquery/xquery3/fnElementWithId.xqm; exist-core/src/test/xquery/xquery3/fnId.xqm; exist-core/src/test/xquery/xquery3/fnSort.xql; exist-core/src/test/xquery/xquery3/higher-order.xqm; exist-core/src/test/xquery/xquery3/load-xquery-module.xql; exist-core/src/test/xquery/xquery3/serialize.xql; exist-core/src/test/xquery/xquery3/transform/fnTransform82e.xqm; exist-core/src/test/xquery/xquery3/transform/fnTransformParams.xqm; exist-jetty-config/src/main/resources/webapp/controller.xql; extensions/indexes/lucene/src/test/xquery/lucene/analyzers-field.xqm; extensions/indexes/lucene/src/test/xquery/lucene/field-expression-context.xqm; extensions/indexes/lucene/src/test/xquery/lucene/ft-edge.xqm; extensions/indexes/lucene/src/test/xquery/lucene/ft-query-forms.xqm; extensions/indexes/range/src/test/xquery/range/multi-collection-search.xqm; extensions/indexes/range/src/test/xquery/range/optimizer.xql; extensions/indexes/range/src/test/xquery/range/range.xql; extensions/modules/expathrepo/src/test/xquery/modules/expathrepo/deployment.xql; extensions/modules/http-client/src/test/xquery/http-client-tests.xql; extensions/modules/jndi/jndiExample.xql; exist-core/src/test/java/org/exist/xquery/AbstractDescendantOrSelfNodeKindTest.java; exist-core/src/test/java/org/exist/xquery/FollowingAxisPositionRegressionTest.java; exist-core/src/test/java/org/exist/xquery/IntersectElementReturnTypeTest.java; exist-core/src/test/java/org/exist/xquery/CompAttrConstructorErrorCodeTest.java; exist-core/src/test/java/org/exist/xquery/XQueryTest.java; exist-core/src/test/java/org/exist/xquery/XPathQueryTest.java; exist-core/src/test/java/org/exist/xquery/ContextDependencyRegressionTest.java; exist-core/src/test/java/org/exist/xquery/XQueryFunctionsTest.java; exist-core/src/test/java/org/exist/xquery/functions/request/GetUploadedFileHeadersTest.java; exist-core/src/test/java/org/exist/xquery/functions/transform/TransformTest.java; exist-core/src/test/java/org/exist/IndexerTest.java; exist-core/src/test/java/org/exist/xupdate/StressTest.java; exist-core/src/test/java/org/exist/http/urlrewrite/UrlRewritePipelineHttpTest.java; exist-core/src/test/java/org/exist/dom/persistent/BasicNodeSetTest.java; exist-core/src/test/java/org/exist/collections/ConcurrencyTest.java; extensions/indexes/lucene/src/test/java/org/exist/indexing/lucene/LuceneIndexTest.java; extensions/modules/http-client/src/test/java/org/exist/xquery/modules/httpclient/SendRequestFunctionTest.java
exist-core/src/main/java/org/exist/xquery/functions/system/GetScheduledJobs.java,org.exist.xquery.functions.system.GetScheduledJobs,group,true,exist-core/src/test/java/org/exist/xquery/functions/securitymanager/GroupManagementFunctionRemoveGroupTest.java; exist-core/src/test/java/org/exist/security/RestApiSecurityTest.java; exist-core/src/test/java/org/exist/security/XqueryApiTest.java
exist-core/src/main/java/org/exist/xquery/functions/system/GetScheduledJobs.java,org.exist.xquery.functions.system.GetScheduledJobs,triggerName,false,
exist-core/src/main/java/org/exist/xquery/functions/system/GetScheduledJobs.java,org.exist.xquery.functions.system.GetScheduledJobs,startTime,false,
exist-core/src/main/java/org/exist/xquery/functions/system/GetScheduledJobs.java,org.exist.xquery.functions.system.GetScheduledJobs,endTime,false,
exist-core/src/main/java/org/exist/xquery/functions/system/GetScheduledJobs.java,org.exist.xquery.functions.system.GetScheduledJobs,fireTime,false,
exist-core/src/main/java/org/exist/xquery/functions/system/GetScheduledJobs.java,org.exist.xquery.functions.system.GetScheduledJobs,nextFireTime,false,
exist-core/src/main/java/org/exist/xquery/functions/system/GetScheduledJobs.java,org.exist.xquery.functions.system.GetScheduledJobs,finalFireTime,false,
exist-core/src/main/java/org/exist/xquery/functions/system/GetScheduledJobs.java,org.exist.xquery.functions.system.GetScheduledJobs,triggerExpression,false,
exist-core/src/main/java/org/exist/xquery/functions/system/GetScheduledJobs.java,org.exist.xquery.functions.system.GetScheduledJobs,triggerState,false,
exist-core/src/main/java/org/exist/xquery/functions/system/GetScheduledJobs.java,org.exist.xquery.functions.system.GetScheduledJobs,running,false,
exist-core/src/main/java/org/exist/xquery/functions/system/FunctionAvailable.java,org.exist.xquery.functions.system.FunctionAvailable,function-available,false,
exist-core/src/main/java/org/exist/xquery/functions/system/FnExport.java,org.exist.xquery.functions.system.FnExport,export,false,
exist-core/src/main/java/org/exist/xquery/functions/system/FnExport.java,org.exist.xquery.functions.system.FnExport,export-silently,false,
exist-core/src/main/java/org/exist/xquery/functions/system/FnExport.java,org.exist.xquery.functions.system.FnExport,collection,true,exist-core/src/main/resources/org/exist/xquery/lib/xqsuite/examples.xql; exist-core/src/main/resources/org/exist/xquery/lib/xqsuite/xqsuite.xql; exist-core/src/test/xquery/arrays/arrays.xql; exist-core/src/test/xquery/axes-persistent-nodes.xqm; exist-core/src/test/xquery/axes.xql; exist-core/src/test/xquery/base-uri.xql; exist-core/src/test/xquery/binary-value.xqm; exist-core/src/test/xquery/collations.xq; exist-core/src/test/xquery/count.xql; exist-core/src/test/xquery/document-nodes.xq; exist-core/src/test/xquery/exceptOperator.xql; exist-core/src/test/xquery/fn-not.xq; exist-core/src/test/xquery/fn-position.xqm; exist-core/src/test/xquery/fn.xql; exist-core/src/test/xquery/guest.xql; exist-core/src/test/xquery/indexing/indexes-base-uri.xq; exist-core/src/test/xquery/inspect/inspect.xql; exist-core/src/test/xquery/last.xql; exist-core/src/test/xquery/logicalOp/andor.xql; exist-core/src/test/xquery/npt.xqm; exist-core/src/test/xquery/optimizer/expressions.xqm; exist-core/src/test/xquery/optimizer/positional.xqm; exist-core/src/test/xquery/positional-nested.xql; exist-core/src/test/xquery/preceding-axis.xql; exist-core/src/test/xquery/question-marks-in-contains-function.xql; exist-core/src/test/xquery/securitymanager/id.xqm; exist-core/src/test/xquery/securitymanager/permission-error-codes.xqm; exist-core/src/test/xquery/simple-map-predicate.xq; exist-core/src/test/xquery/system/get-main-module-load-path.xqm; exist-core/src/test/xquery/system/get-module-load-path.xqm; exist-core/src/test/xquery/unicode.xqm; exist-core/src/test/xquery/unparsed-text.xql; exist-core/src/test/xquery/util/document-id.xqm; exist-core/src/test/xquery/util/get-fragment-between.xqm; exist-core/src/test/xquery/validation/jaxp.xql; exist-core/src/test/xquery/validation/jaxv.xql; exist-core/src/test/xquery/xmldb/copy-tests.xql; exist-core/src/test/xquery/xmldb/create-collection-tests.xql; exist-core/src/test/xquery/xmldb/last-modified.xql; exist-core/src/test/xquery/xmldb/permission-tests.xql; exist-core/src/test/xquery/xmldb/reindex-tests.xql; exist-core/src/test/xquery/xmldb/store-binary-tests.xql; exist-core/src/test/xquery/xmlid.xql; exist-core/src/test/xquery/xquery3/flwor.xql; exist-core/src/test/xquery/xquery3/fnExcept.xqm; exist-core/src/test/xquery/xquery3/fnIntersect.xqm; exist-core/src/test/xquery/xquery3/fnUriCollection.xqm; exist-core/src/test/xquery/xquery3/generate-id.xqm; exist-core/src/test/xquery/xquery3/higher-order.xqm; exist-core/src/test/xquery/xquery3/precedingFollowingAfterNot.xqm; exist-core/src/test/xquery/xquery3/serialize.xql; exist-core/src/test/xquery/xquery3/transform/doc-as-parameter.xqm; exist-core/src/test/xquery/xquery3/transform/fnTransform5052.xqm; exist-core/src/test/xquery/xquery3/transform/fnTransform5882.xqm; exist-core/src/test/xquery/xquery3/transform/fnTransform6065.xqm; exist-core/src/test/xquery/xquery3/transform/fnTransformIssue4609.xqm; exist-core/src/test/xquery/xquery3/xml-to-json.xql; exist-jetty-config/src/main/resources/webapp/controller.xql; extensions/exquery/restxq/src/test/xquery/restxq/arrays.xq; extensions/indexes/indexes-integration-tests/src/test/xquery/indexing/tests/exist-matches.xqm; extensions/indexes/lucene/src/test/xquery/lucene/analyzers-diacritics.xql; extensions/indexes/lucene/src/test/xquery/lucene/analyzers-english.xql; extensions/indexes/lucene/src/test/xquery/lucene/analyzers-field.xqm; extensions/indexes/lucene/src/test/xquery/lucene/facet-drilldown-highlight.xqm; extensions/indexes/lucene/src/test/xquery/lucene/field-expression-context.xqm; extensions/indexes/lucene/src/test/xquery/lucene/for-variable.xql; extensions/indexes/lucene/src/test/xquery/lucene/ft-attr-context.xql; extensions/indexes/lucene/src/test/xquery/lucene/ft-edge.xqm; extensions/indexes/lucene/src/test/xquery/lucene/ft-expand-highlight.xqm; extensions/indexes/lucene/src/test/xquery/lucene/ft-facets.xqm; extensions/indexes/lucene/src/test/xquery/lucene/ft-field-types.xqm; extensions/indexes/lucene/src/test/xquery/lucene/ft-match.xql; extensions/indexes/lucene/src/test/xquery/lucene/ft-query-field.xqm; extensions/indexes/lucene/src/test/xquery/lucene/ft-query-forms.xqm; extensions/indexes/lucene/src/test/xquery/lucene/ft-search-binary.xqm; extensions/indexes/lucene/src/test/xquery/lucene/ignore-condition.xql; extensions/indexes/lucene/src/test/xquery/lucene/index-keys.xql; extensions/indexes/lucene/src/test/xquery/lucene/indirect-queries.xql; extensions/indexes/lucene/src/test/xquery/lucene/inline-elements.xql; extensions/indexes/lucene/src/test/xquery/lucene/inline-ignore.xql; extensions/indexes/lucene/src/test/xquery/lucene/match-highlighting.xql; extensions/indexes/lucene/src/test/xquery/lucene/optimizer-ft.xql; extensions/indexes/lucene/src/test/xquery/lucene/parenthesized-context.xql; extensions/indexes/lucene/src/test/xquery/lucene/parenthesized-location-step.xql; extensions/indexes/lucene/src/test/xquery/lucene/reindex-second-store.xqm; extensions/indexes/lucene/src/test/xquery/lucene/self-axis-index.xqm; extensions/indexes/lucene/src/test/xquery/lucene/serialize.xql; extensions/indexes/lucene/src/test/xquery/lucene/start-offset.xql; extensions/indexes/lucene/src/test/xquery/lucene/unicode-supplementary-lucene.xql; extensions/indexes/lucene/src/test/xquery/lucene/util-expand-highlight.xqm; extensions/indexes/lucene/src/test/xquery/lucene/vector-search.xqm; extensions/indexes/ngram/src/test/xquery/ngram/for-variable.xql; extensions/indexes/ngram/src/test/xquery/ngram/match-highlighting-ngram.xql; extensions/indexes/ngram/src/test/xquery/ngram/unicode-supplementary-ngram.xql; extensions/indexes/range/src/test/xquery/range/conditions.xql; extensions/indexes/range/src/test/xquery/range/field-type.xql; extensions/indexes/range/src/test/xquery/range/fields.xql; extensions/indexes/range/src/test/xquery/range/for-variable.xql; extensions/indexes/range/src/test/xquery/range/index-keys.xql; extensions/indexes/range/src/test/xquery/range/multi-collection-search.xqm; extensions/indexes/range/src/test/xquery/range/optimizer.xql; extensions/indexes/range/src/test/xquery/range/prefixed-conditions.xql; extensions/indexes/range/src/test/xquery/range/range.xql; extensions/indexes/range/src/test/xquery/range/types.xql; extensions/indexes/range/src/test/xquery/range/unicode-supplementary-range.xql; extensions/indexes/range/src/test/xquery/range/updates.xql; extensions/modules/expathrepo/src/main/resources/org/exist/xquery/modules/expathrepo/repair.xql; extensions/modules/expathrepo/src/test/xquery/modules/expathrepo/deployment.xql; extensions/modules/expathrepo/src/test/xquery/modules/expathrepo/resource-available.xql; extensions/modules/file/src/test/resources/util/helper.xqm; extensions/modules/file/src/test/xquery/modules/file/sync-serialize.xqm; extensions/modules/image/src/test/xquery/modules/image/scale.xqm; extensions/modules/xmldiff/src/test/xquery/modules/xmldiff/compare.xqm; extensions/modules/xmldiff/src/test/xquery/modules/xmldiff/diff.xqm; exist-core/src/test/java/org/exist/xmldb/concurrent/action/XQueryUpdateAction.java; exist-core/src/test/java/org/exist/xmldb/concurrent/ConcurrentResourceTest3.java; exist-core/src/test/java/org/exist/xmldb/concurrent/ConcurrentResourceTest2.java; exist-core/src/test/java/org/exist/xquery/DocumentUpdateTest.java; exist-core/src/test/java/org/exist/xquery/xqsuite/XQSuiteTearDownErrorTest.java; exist-core/src/test/java/org/exist/xquery/XPathQueryTest.java; exist-core/src/test/java/org/exist/xquery/functions/validate/JingOnvdlTest.java; exist-core/src/test/java/org/exist/xquery/functions/fn/CollectionTest.java; exist-core/src/test/java/org/exist/xquery/NodeTypeTest.java; exist-core/src/test/java/org/exist/security/RestApiSecurityTest.java; exist-core/src/test/java/org/exist/security/XqueryApiTest.java; exist-core/src/test/java/org/exist/security/FnCollectionSecurityTest.java; exist-core/src/test/java/org/exist/security/SecurityManagerTest.java; exist-core/src/test/java/org/exist/storage/lock/ProtectedModeTest.java; exist-core/src/test/java/org/exist/storage/lock/DeadlockIT.java; exist-core/src/test/java/org/exist/xupdate/StressTest.java; exist-core/src/test/java/org/exist/dom/memtree/DOMIndexerTest.java; exist-core/src/test/java/org/exist/xmlrpc/MoveResourceTest.java; exist-core/src/test/java/org/exist/collections/triggers/XQueryTrigger2Test.java; exist-core/src/test/java/org/exist/collections/triggers/XQueryTriggerTest.java; exist-core/src/test/java/org/exist/collections/triggers/XQueryTriggerChainTest.java; exist-core/src/test/java/org/exist/collections/ConcurrencyTest.java; extensions/indexes/indexes-integration-tests/src/test/java/org/exist/indexing/EnforceIndexUseTest.java; extensions/indexes/lucene/src/test/java/xquery/lucene/VectorSearchEmbeddingTest.java; extensions/indexes/lucene/src/test/java/org/exist/indexing/lucene/SerializeAttrMatchesTest.java; extensions/indexes/ngram/src/test/java/org/exist/indexing/ngram/CustomIndexTest.java; extensions/indexes/range/src/test/java/org/exist/xquery/modules/range/ForBoundXmlIdRegressionTest.java; extensions/indexes/range/src/test/java/org/exist/xquery/modules/range/AttributeEqIndexConsistencyTest.java; extensions/indexes/vector-it/src/test/java/xquery/lucene/VectorSearchEmbeddingIT.java; extensions/modules/expathrepo/src/test/java/org/exist/repo/PackageTriggerIT.java
exist-core/src/main/java/org/exist/xquery/functions/system/FnExport.java,org.exist.xquery.functions.system.FnExport,resource,true,exist-core/src/test/xquery/indexing/indexes-base-uri.xq; exist-core/src/test/xquery/xmldb/copy-tests.xql; exist-core/src/test/xquery/xquery3/fnUriCollection.xqm; extensions/modules/expathrepo/src/main/resources/org/exist/xquery/modules/expathrepo/repair.xql; extensions/modules/expathrepo/src/test/xquery/modules/expathrepo/deployment.xql; extensions/modules/expathrepo/src/test/xquery/modules/expathrepo/resource-available.xql; extensions/modules/file/src/test/resources/util/helper.xqm; extensions/modules/file/src/test/xquery/modules/file/sync-serialize.xqm; extensions/modules/file/src/test/xquery/modules/file/syncmod.xqm; exist-core/src/test/java/org/exist/xquery/RestBinariesTest.java; exist-core/src/test/java/org/exist/collections/triggers/XQueryTriggerChainTest.java
exist-core/src/main/java/org/exist/xquery/functions/system/FnExport.java,org.exist.xquery.functions.system.FnExport,error,true,exist-core/src/main/resources/org/exist/xquery/lib/xqsuite/xqsuite.xql; exist-core/src/test/resources/org/exist/test/runner/failing-both.xqm; exist-core/src/test/resources/org/exist/test/runner/failing-error.xqm; exist-core/src/test/xquery/errors.xql; exist-core/src/test/xquery/simple-map-predicate.xq; exist-core/src/test/xquery/xmldb/store-binary-tests.xql; exist-core/src/test/xquery/xqsuite/custom-assertion.xqm; exist-core/src/test/xquery/xqsuite/xqsuite-assertions-dynamic.xqm; exist-core/src/test/xquery/xqsuite/xqsuite-assertions-inline.xqm; exist-core/src/test/xquery/xqsuite/xqsuite-assertions.resources.xqm.ignore; exist-core/src/test/xquery/xquery3/fnSerializeCharacterMaps026.xqm; exist-core/src/test/xquery/xquery3/generate-id.xqm; extensions/indexes/lucene/src/test/xquery/lucene/vector-search.xqm; extensions/indexes/range/src/test/xquery/range/multi-collection-search.xqm; extensions/indexes/range/src/test/xquery/range/range.xql; extensions/modules/file/src/test/resources/util/helper.xqm; exist-core/src/test/java/org/exist/xquery/xqsuite/XQSuiteTearDownErrorTest.java; exist-core/src/test/java/org/exist/xquery/functions/util/EvalTest.java; exist-core/src/test/java/org/exist/xquery/functions/xquery3/TryCatchTest.java; exist-core/src/test/java/org/exist/collections/triggers/XQueryTrigger2Test.java; exist-core/src/test/java/org/exist/collections/triggers/XQueryTriggerTest.java
exist-core/src/main/java/org/exist/xquery/functions/system/CountInstances.java,org.exist.xquery.functions.system.CountInstances,count-instances-max,false,
exist-core/src/main/java/org/exist/xquery/functions/system/CountInstances.java,org.exist.xquery.functions.system.CountInstances,count-instances-active,false,
exist-core/src/main/java/org/exist/xquery/functions/system/CountInstances.java,org.exist.xquery.functions.system.CountInstances,count-instances-available,false,
exist-core/src/main/java/org/exist/xquery/functions/system/GetExistHome.java,org.exist.xquery.functions.system.GetExistHome,get-exist-home,true,exist-core/src/test/xquery/unparsed-text.xql
exist-core/src/main/java/org/exist/xquery/functions/system/GetIndexStatistics.java,org.exist.xquery.functions.system.GetIndexStatistics,get-index-statistics,false,
exist-core/src/main/java/org/exist/xquery/functions/system/FunctionTrace.java,org.exist.xquery.functions.system.FunctionTrace,trace,true,exist-core/src/main/resources/org/exist/xquery/lib/xqsuite/xqsuite.xql; exist-core/src/test/xquery/trace.xql
exist-core/src/main/java/org/exist/xquery/functions/system/FunctionTrace.java,org.exist.xquery.functions.system.FunctionTrace,enable-tracing,true,exist-core/src/main/resources/org/exist/xquery/lib/xqsuite/xqsuite.xql
exist-core/src/main/java/org/exist/xquery/functions/system/FunctionTrace.java,org.exist.xquery.functions.system.FunctionTrace,tracing-enabled,false,
exist-core/src/main/java/org/exist/xquery/functions/system/FunctionTrace.java,org.exist.xquery.functions.system.FunctionTrace,clear-trace,true,exist-core/src/main/resources/org/exist/xquery/lib/xqsuite/xqsuite.xql
exist-core/src/main/java/org/exist/xquery/functions/system/GetJmxToken.java,org.exist.xquery.functions.system.GetJmxToken,get-jmx-token,true,exist-core/src/test/xquery/system/get-jmx-token.xqm; exist-core/src/test/java/org/exist/xquery/functions/system/GetJmxTokenTest.java; exist-core/src/test/java/org/exist/management/client/JMXTokenProviderTest.java
exist-core/src/main/java/org/exist/xquery/functions/system/KillRunningXQuery.java,org.exist.xquery.functions.system.KillRunningXQuery,kill-running-xquery,false,
exist-core/src/main/java/org/exist/xquery/functions/system/GetRunningJobs.java,org.exist.xquery.functions.system.GetRunningJobs,get-running-jobs,false,
exist-core/src/main/java/org/exist/xquery/functions/system/GetRunningJobs.java,org.exist.xquery.functions.system.GetRunningJobs,jobs,false,
exist-core/src/main/java/org/exist/xquery/functions/system/GetRunningJobs.java,org.exist.xquery.functions.system.GetRunningJobs,job,false,
exist-core/src/main/java/org/exist/xquery/functions/system/GetRunningJobs.java,org.exist.xquery.functions.system.GetRunningJobs,id,true,exist-core/src/test/xquery/arrays/arrays.xql; exist-core/src/test/xquery/logicalOp/andor.xql; exist-core/src/test/xquery/node-tests.xqm; exist-core/src/test/xquery/securitymanager/id.xqm; exist-core/src/test/xquery/system/as-user.xqm; exist-core/src/test/xquery/util/document-id.xqm; exist-core/src/test/xquery/validation/jaxp.xql; exist-core/src/test/xquery/validation/jaxv.xql; exist-core/src/test/xquery/xmlid.xql; exist-core/src/test/xquery/xquery3/fnElementWithId.xqm; exist-core/src/test/xquery/xquery3/fnId.xqm; exist-core/src/test/xquery/xquery3/fnPath.xqm; exist-core/src/test/xquery/xquery3/generate-id.xqm; extensions/indexes/lucene/src/test/xquery/lucene/ft-query-forms.xqm; extensions/indexes/lucene/src/test/xquery/lucene/self-axis-index.xqm; extensions/indexes/range/src/test/xquery/range/fields.xql; extensions/modules/file/src/test/resources/util/helper.xqm; exist-core/src/test/java/org/exist/xquery/update/UpdateValueTest.java; exist-core/src/test/java/org/exist/xquery/update/UpdateInsertTest.java; exist-core/src/test/java/org/exist/xquery/XQueryTest.java; exist-core/src/test/java/org/exist/xquery/XPathQueryTest.java; exist-core/src/test/java/org/exist/xquery/functions/xmldb/XMLDBAuthenticateTest.java; exist-core/src/test/java/org/exist/xquery/functions/securitymanager/PermissionsFunctionChmodTest.java; exist-core/src/test/java/org/exist/xquery/functions/securitymanager/PermissionsFunctionChownTest.java; exist-core/src/test/java/org/exist/http/RESTServiceTest.java; exist-core/src/test/java/org/exist/collections/triggers/XQueryTriggerSetGidTest.java; exist-core/src/test/java/org/exist/collections/triggers/XQueryTriggerSetUidTest.java; exist-core/src/test/java/org/exist/collections/triggers/XQueryTriggerChainTest.java; extensions/indexes/spatial/src/test/java/org/exist/indexing/spatial/GMLIndexTest.java; extensions/modules/persistentlogin/src/test/java/org/exist/xquery/modules/persistentlogin/LoginModuleIT.java
exist-core/src/main/java/org/exist/xquery/functions/system/GetRunningJobs.java,org.exist.xquery.functions.system.GetRunningJobs,action,true,exist-core/src/test/resources/org/exist/performance/log2html.xql; exist-core/src/test/xquery/numbers/format-numbers.xql
exist-core/src/main/java/org/exist/xquery/functions/system/GetRunningJobs.java,org.exist.xquery.functions.system.GetRunningJobs,start,true,exist-core/src/test/xquery/xquery3/sliding-window.xqm; exist-core/src/test/xquery/xquery3/tumbling-window.xqm
exist-core/src/main/java/org/exist/xquery/functions/system/GetRunningJobs.java,org.exist.xquery.functions.system.GetRunningJobs,info,true,exist-core/src/test/xquery/util/moduleDiscoveryTest.xql; exist-core/src/test/java/org/exist/http/RESTServiceTest.java
exist-core/src/main/java/org/exist/xquery/functions/system/Shutdown.java,org.exist.xquery.functions.system.Shutdown,shutdown,true,exist-core/src/main/resources/org/exist/xquery/lib/xqsuite/examples.xql
exist-core/src/main/java/org/exist/xquery/functions/system/TriggerSystemTask.java,org.exist.xquery.functions.system.TriggerSystemTask,trigger-system-task,false,
exist-core/src/main/java/org/exist/xquery/functions/system/Restore.java,org.exist.xquery.functions.system.Restore,restore,false,
exist-core/src/main/java/org/exist/xquery/functions/system/Restore.java,org.exist.xquery.functions.system.Restore,collection,true,exist-core/src/main/resources/org/exist/xquery/lib/xqsuite/examples.xql; exist-core/src/main/resources/org/exist/xquery/lib/xqsuite/xqsuite.xql; exist-core/src/test/xquery/arrays/arrays.xql; exist-core/src/test/xquery/axes-persistent-nodes.xqm; exist-core/src/test/xquery/axes.xql; exist-core/src/test/xquery/base-uri.xql; exist-core/src/test/xquery/binary-value.xqm; exist-core/src/test/xquery/collations.xq; exist-core/src/test/xquery/count.xql; exist-core/src/test/xquery/document-nodes.xq; exist-core/src/test/xquery/exceptOperator.xql; exist-core/src/test/xquery/fn-not.xq; exist-core/src/test/xquery/fn-position.xqm; exist-core/src/test/xquery/fn.xql; exist-core/src/test/xquery/guest.xql; exist-core/src/test/xquery/indexing/indexes-base-uri.xq; exist-core/src/test/xquery/inspect/inspect.xql; exist-core/src/test/xquery/last.xql; exist-core/src/test/xquery/logicalOp/andor.xql; exist-core/src/test/xquery/npt.xqm; exist-core/src/test/xquery/optimizer/expressions.xqm; exist-core/src/test/xquery/optimizer/positional.xqm; exist-core/src/test/xquery/positional-nested.xql; exist-core/src/test/xquery/preceding-axis.xql; exist-core/src/test/xquery/question-marks-in-contains-function.xql; exist-core/src/test/xquery/securitymanager/id.xqm; exist-core/src/test/xquery/securitymanager/permission-error-codes.xqm; exist-core/src/test/xquery/simple-map-predicate.xq; exist-core/src/test/xquery/system/get-main-module-load-path.xqm; exist-core/src/test/xquery/system/get-module-load-path.xqm; exist-core/src/test/xquery/unicode.xqm; exist-core/src/test/xquery/unparsed-text.xql; exist-core/src/test/xquery/util/document-id.xqm; exist-core/src/test/xquery/util/get-fragment-between.xqm; exist-core/src/test/xquery/validation/jaxp.xql; exist-core/src/test/xquery/validation/jaxv.xql; exist-core/src/test/xquery/xmldb/copy-tests.xql; exist-core/src/test/xquery/xmldb/create-collection-tests.xql; exist-core/src/test/xquery/xmldb/last-modified.xql; exist-core/src/test/xquery/xmldb/permission-tests.xql; exist-core/src/test/xquery/xmldb/reindex-tests.xql; exist-core/src/test/xquery/xmldb/store-binary-tests.xql; exist-core/src/test/xquery/xmlid.xql; exist-core/src/test/xquery/xquery3/flwor.xql; exist-core/src/test/xquery/xquery3/fnExcept.xqm; exist-core/src/test/xquery/xquery3/fnIntersect.xqm; exist-core/src/test/xquery/xquery3/fnUriCollection.xqm; exist-core/src/test/xquery/xquery3/generate-id.xqm; exist-core/src/test/xquery/xquery3/higher-order.xqm; exist-core/src/test/xquery/xquery3/precedingFollowingAfterNot.xqm; exist-core/src/test/xquery/xquery3/serialize.xql; exist-core/src/test/xquery/xquery3/transform/doc-as-parameter.xqm; exist-core/src/test/xquery/xquery3/transform/fnTransform5052.xqm; exist-core/src/test/xquery/xquery3/transform/fnTransform5882.xqm; exist-core/src/test/xquery/xquery3/transform/fnTransform6065.xqm; exist-core/src/test/xquery/xquery3/transform/fnTransformIssue4609.xqm; exist-core/src/test/xquery/xquery3/xml-to-json.xql; exist-jetty-config/src/main/resources/webapp/controller.xql; extensions/exquery/restxq/src/test/xquery/restxq/arrays.xq; extensions/indexes/indexes-integration-tests/src/test/xquery/indexing/tests/exist-matches.xqm; extensions/indexes/lucene/src/test/xquery/lucene/analyzers-diacritics.xql; extensions/indexes/lucene/src/test/xquery/lucene/analyzers-english.xql; extensions/indexes/lucene/src/test/xquery/lucene/analyzers-field.xqm; extensions/indexes/lucene/src/test/xquery/lucene/facet-drilldown-highlight.xqm; extensions/indexes/lucene/src/test/xquery/lucene/field-expression-context.xqm; extensions/indexes/lucene/src/test/xquery/lucene/for-variable.xql; extensions/indexes/lucene/src/test/xquery/lucene/ft-attr-context.xql; extensions/indexes/lucene/src/test/xquery/lucene/ft-edge.xqm; extensions/indexes/lucene/src/test/xquery/lucene/ft-expand-highlight.xqm; extensions/indexes/lucene/src/test/xquery/lucene/ft-facets.xqm; extensions/indexes/lucene/src/test/xquery/lucene/ft-field-types.xqm; extensions/indexes/lucene/src/test/xquery/lucene/ft-match.xql; extensions/indexes/lucene/src/test/xquery/lucene/ft-query-field.xqm; extensions/indexes/lucene/src/test/xquery/lucene/ft-query-forms.xqm; extensions/indexes/lucene/src/test/xquery/lucene/ft-search-binary.xqm; extensions/indexes/lucene/src/test/xquery/lucene/ignore-condition.xql; extensions/indexes/lucene/src/test/xquery/lucene/index-keys.xql; extensions/indexes/lucene/src/test/xquery/lucene/indirect-queries.xql; extensions/indexes/lucene/src/test/xquery/lucene/inline-elements.xql; extensions/indexes/lucene/src/test/xquery/lucene/inline-ignore.xql; extensions/indexes/lucene/src/test/xquery/lucene/match-highlighting.xql; extensions/indexes/lucene/src/test/xquery/lucene/optimizer-ft.xql; extensions/indexes/lucene/src/test/xquery/lucene/parenthesized-context.xql; extensions/indexes/lucene/src/test/xquery/lucene/parenthesized-location-step.xql; extensions/indexes/lucene/src/test/xquery/lucene/reindex-second-store.xqm; extensions/indexes/lucene/src/test/xquery/lucene/self-axis-index.xqm; extensions/indexes/lucene/src/test/xquery/lucene/serialize.xql; extensions/indexes/lucene/src/test/xquery/lucene/start-offset.xql; extensions/indexes/lucene/src/test/xquery/lucene/unicode-supplementary-lucene.xql; extensions/indexes/lucene/src/test/xquery/lucene/util-expand-highlight.xqm; extensions/indexes/lucene/src/test/xquery/lucene/vector-search.xqm; extensions/indexes/ngram/src/test/xquery/ngram/for-variable.xql; extensions/indexes/ngram/src/test/xquery/ngram/match-highlighting-ngram.xql; extensions/indexes/ngram/src/test/xquery/ngram/unicode-supplementary-ngram.xql; extensions/indexes/range/src/test/xquery/range/conditions.xql; extensions/indexes/range/src/test/xquery/range/field-type.xql; extensions/indexes/range/src/test/xquery/range/fields.xql; extensions/indexes/range/src/test/xquery/range/for-variable.xql; extensions/indexes/range/src/test/xquery/range/index-keys.xql; extensions/indexes/range/src/test/xquery/range/multi-collection-search.xqm; extensions/indexes/range/src/test/xquery/range/optimizer.xql; extensions/indexes/range/src/test/xquery/range/prefixed-conditions.xql; extensions/indexes/range/src/test/xquery/range/range.xql; extensions/indexes/range/src/test/xquery/range/types.xql; extensions/indexes/range/src/test/xquery/range/unicode-supplementary-range.xql; extensions/indexes/range/src/test/xquery/range/updates.xql; extensions/modules/expathrepo/src/main/resources/org/exist/xquery/modules/expathrepo/repair.xql; extensions/modules/expathrepo/src/test/xquery/modules/expathrepo/deployment.xql; extensions/modules/expathrepo/src/test/xquery/modules/expathrepo/resource-available.xql; extensions/modules/file/src/test/resources/util/helper.xqm; extensions/modules/file/src/test/xquery/modules/file/sync-serialize.xqm; extensions/modules/image/src/test/xquery/modules/image/scale.xqm; extensions/modules/xmldiff/src/test/xquery/modules/xmldiff/compare.xqm; extensions/modules/xmldiff/src/test/xquery/modules/xmldiff/diff.xqm; exist-core/src/test/java/org/exist/xmldb/concurrent/action/XQueryUpdateAction.java; exist-core/src/test/java/org/exist/xmldb/concurrent/ConcurrentResourceTest3.java; exist-core/src/test/java/org/exist/xmldb/concurrent/ConcurrentResourceTest2.java; exist-core/src/test/java/org/exist/xquery/DocumentUpdateTest.java; exist-core/src/test/java/org/exist/xquery/xqsuite/XQSuiteTearDownErrorTest.java; exist-core/src/test/java/org/exist/xquery/XPathQueryTest.java; exist-core/src/test/java/org/exist/xquery/functions/validate/JingOnvdlTest.java; exist-core/src/test/java/org/exist/xquery/functions/fn/CollectionTest.java; exist-core/src/test/java/org/exist/xquery/NodeTypeTest.java; exist-core/src/test/java/org/exist/security/RestApiSecurityTest.java; exist-core/src/test/java/org/exist/security/XqueryApiTest.java; exist-core/src/test/java/org/exist/security/FnCollectionSecurityTest.java; exist-core/src/test/java/org/exist/security/SecurityManagerTest.java; exist-core/src/test/java/org/exist/storage/lock/ProtectedModeTest.java; exist-core/src/test/java/org/exist/storage/lock/DeadlockIT.java; exist-core/src/test/java/org/exist/xupdate/StressTest.java; exist-core/src/test/java/org/exist/dom/memtree/DOMIndexerTest.java; exist-core/src/test/java/org/exist/xmlrpc/MoveResourceTest.java; exist-core/src/test/java/org/exist/collections/triggers/XQueryTrigger2Test.java; exist-core/src/test/java/org/exist/collections/triggers/XQueryTriggerTest.java; exist-core/src/test/java/org/exist/collections/triggers/XQueryTriggerChainTest.java; exist-core/src/test/java/org/exist/collections/ConcurrencyTest.java; extensions/indexes/indexes-integration-tests/src/test/java/org/exist/indexing/EnforceIndexUseTest.java; extensions/indexes/lucene/src/test/java/xquery/lucene/VectorSearchEmbeddingTest.java; extensions/indexes/lucene/src/test/java/org/exist/indexing/lucene/SerializeAttrMatchesTest.java; extensions/indexes/ngram/src/test/java/org/exist/indexing/ngram/CustomIndexTest.java; extensions/indexes/range/src/test/java/org/exist/xquery/modules/range/ForBoundXmlIdRegressionTest.java; extensions/indexes/range/src/test/java/org/exist/xquery/modules/range/AttributeEqIndexConsistencyTest.java; extensions/indexes/vector-it/src/test/java/xquery/lucene/VectorSearchEmbeddingIT.java; extensions/modules/expathrepo/src/test/java/org/exist/repo/PackageTriggerIT.java
exist-core/src/main/java/org/exist/xquery/functions/system/Restore.java,org.exist.xquery.functions.system.Restore,resource,true,exist-core/src/test/xquery/indexing/indexes-base-uri.xq; exist-core/src/test/xquery/xmldb/copy-tests.xql; exist-core/src/test/xquery/xquery3/fnUriCollection.xqm; extensions/modules/expathrepo/src/main/resources/org/exist/xquery/modules/expathrepo/repair.xql; extensions/modules/expathrepo/src/test/xquery/modules/expathrepo/deployment.xql; extensions/modules/expathrepo/src/test/xquery/modules/expathrepo/resource-available.xql; extensions/modules/file/src/test/resources/util/helper.xqm; extensions/modules/file/src/test/xquery/modules/file/sync-serialize.xqm; extensions/modules/file/src/test/xquery/modules/file/syncmod.xqm; exist-core/src/test/java/org/exist/xquery/RestBinariesTest.java; exist-core/src/test/java/org/exist/collections/triggers/XQueryTriggerChainTest.java
exist-core/src/main/java/org/exist/xquery/functions/system/Restore.java,org.exist.xquery.functions.system.Restore,info,true,exist-core/src/test/xquery/util/moduleDiscoveryTest.xql; exist-core/src/test/java/org/exist/http/RESTServiceTest.java
exist-core/src/main/java/org/exist/xquery/functions/system/Restore.java,org.exist.xquery.functions.system.Restore,warn,false,
exist-core/src/main/java/org/exist/xquery/functions/system/Restore.java,org.exist.xquery.functions.system.Restore,error,true,exist-core/src/main/resources/org/exist/xquery/lib/xqsuite/xqsuite.xql; exist-core/src/test/resources/org/exist/test/runner/failing-both.xqm; exist-core/src/test/resources/org/exist/test/runner/failing-error.xqm; exist-core/src/test/xquery/errors.xql; exist-core/src/test/xquery/simple-map-predicate.xq; exist-core/src/test/xquery/xmldb/store-binary-tests.xql; exist-core/src/test/xquery/xqsuite/custom-assertion.xqm; exist-core/src/test/xquery/xqsuite/xqsuite-assertions-dynamic.xqm; exist-core/src/test/xquery/xqsuite/xqsuite-assertions-inline.xqm; exist-core/src/test/xquery/xqsuite/xqsuite-assertions.resources.xqm.ignore; exist-core/src/test/xquery/xquery3/fnSerializeCharacterMaps026.xqm; exist-core/src/test/xquery/xquery3/generate-id.xqm; extensions/indexes/lucene/src/test/xquery/lucene/vector-search.xqm; extensions/indexes/range/src/test/xquery/range/multi-collection-search.xqm; extensions/indexes/range/src/test/xquery/range/range.xql; extensions/modules/file/src/test/resources/util/helper.xqm; exist-core/src/test/java/org/exist/xquery/xqsuite/XQSuiteTearDownErrorTest.java; exist-core/src/test/java/org/exist/xquery/functions/util/EvalTest.java; exist-core/src/test/java/org/exist/xquery/functions/xquery3/TryCatchTest.java; exist-core/src/test/java/org/exist/collections/triggers/XQueryTrigger2Test.java; exist-core/src/test/java/org/exist/collections/triggers/XQueryTriggerTest.java
exist-core/src/main/java/org/exist/xquery/functions/system/GetRevision.java,org.exist.xquery.functions.system.GetRevision,get-revision,false,
exist-core/src/main/java/org/exist/xquery/functions/system/GetRunningXQueries.java,org.exist.xquery.functions.system.GetRunningXQueries,get-running-xqueries,true,exist-core/src/test/java/org/exist/xquery/functions/system/GetRunningXQueriesTest.java
exist-core/src/main/java/org/exist/xquery/functions/system/GetRunningXQueries.java,org.exist.xquery.functions.system.GetRunningXQueries,xqueries,true,exist-core/src/test/java/org/exist/xquery/functions/system/GetRunningXQueriesTest.java
exist-core/src/main/java/org/exist/xquery/functions/system/GetRunningXQueries.java,org.exist.xquery.functions.system.GetRunningXQueries,xquery,false,
exist-core/src/main/java/org/exist/xquery/functions/system/GetRunningXQueries.java,org.exist.xquery.functions.system.GetRunningXQueries,id,true,exist-core/src/test/xquery/arrays/arrays.xql; exist-core/src/test/xquery/logicalOp/andor.xql; exist-core/src/test/xquery/node-tests.xqm; exist-core/src/test/xquery/securitymanager/id.xqm; exist-core/src/test/xquery/system/as-user.xqm; exist-core/src/test/xquery/util/document-id.xqm; exist-core/src/test/xquery/validation/jaxp.xql; exist-core/src/test/xquery/validation/jaxv.xql; exist-core/src/test/xquery/xmlid.xql; exist-core/src/test/xquery/xquery3/fnElementWithId.xqm; exist-core/src/test/xquery/xquery3/fnId.xqm; exist-core/src/test/xquery/xquery3/fnPath.xqm; exist-core/src/test/xquery/xquery3/generate-id.xqm; extensions/indexes/lucene/src/test/xquery/lucene/ft-query-forms.xqm; extensions/indexes/lucene/src/test/xquery/lucene/self-axis-index.xqm; extensions/indexes/range/src/test/xquery/range/fields.xql; extensions/modules/file/src/test/resources/util/helper.xqm; exist-core/src/test/java/org/exist/xquery/update/UpdateValueTest.java; exist-core/src/test/java/org/exist/xquery/update/UpdateInsertTest.java; exist-core/src/test/java/org/exist/xquery/XQueryTest.java; exist-core/src/test/java/org/exist/xquery/XPathQueryTest.java; exist-core/src/test/java/org/exist/xquery/functions/xmldb/XMLDBAuthenticateTest.java; exist-core/src/test/java/org/exist/xquery/functions/securitymanager/PermissionsFunctionChmodTest.java; exist-core/src/test/java/org/exist/xquery/functions/securitymanager/PermissionsFunctionChownTest.java; exist-core/src/test/java/org/exist/http/RESTServiceTest.java; exist-core/src/test/java/org/exist/collections/triggers/XQueryTriggerSetGidTest.java; exist-core/src/test/java/org/exist/collections/triggers/XQueryTriggerSetUidTest.java; exist-core/src/test/java/org/exist/collections/triggers/XQueryTriggerChainTest.java; extensions/indexes/spatial/src/test/java/org/exist/indexing/spatial/GMLIndexTest.java; extensions/modules/persistentlogin/src/test/java/org/exist/xquery/modules/persistentlogin/LoginModuleIT.java
exist-core/src/main/java/org/exist/xquery/functions/system/GetRunningXQueries.java,org.exist.xquery.functions.system.GetRunningXQueries,sourceType,false,
exist-core/src/main/java/org/exist/xquery/functions/system/GetRunningXQueries.java,org.exist.xquery.functions.system.GetRunningXQueries,started,false,
exist-core/src/main/java/org/exist/xquery/functions/system/GetRunningXQueries.java,org.exist.xquery.functions.system.GetRunningXQueries,terminating,false,
exist-core/src/main/java/org/exist/xquery/functions/system/GetRunningXQueries.java,org.exist.xquery.functions.system.GetRunningXQueries,caller,false,
exist-core/src/main/java/org/exist/xquery/functions/system/GetRunningXQueries.java,org.exist.xquery.functions.system.GetRunningXQueries,sourceKey,false,
exist-core/src/main/java/org/exist/xquery/functions/system/GetRunningXQueries.java,org.exist.xquery.functions.system.GetRunningXQueries,xqueryExpression,false,
exist-core/src/main/java/org/exist/xquery/functions/securitymanager/GroupManagementFunction.java,org.exist.xquery.functions.securitymanager.GroupManagementFunction,create-group,true,exist-core/src/test/java/org/exist/security/RestApiSecurityTest.java; exist-core/src/test/java/org/exist/security/XqueryApiTest.java
exist-core/src/main/java/org/exist/xquery/functions/securitymanager/GroupManagementFunction.java,org.exist.xquery.functions.securitymanager.GroupManagementFunction,remove-group,true,exist-core/src/test/java/org/exist/xquery/functions/securitymanager/GroupManagementFunctionRemoveGroupTest.java; exist-core/src/test/java/org/exist/security/RestApiSecurityTest.java; exist-core/src/test/java/org/exist/security/XqueryApiTest.java
exist-core/src/main/java/org/exist/xquery/functions/securitymanager/IdFunction.java,org.exist.xquery.functions.securitymanager.IdFunction,id,true,exist-core/src/test/xquery/arrays/arrays.xql; exist-core/src/test/xquery/logicalOp/andor.xql; exist-core/src/test/xquery/node-tests.xqm; exist-core/src/test/xquery/securitymanager/id.xqm; exist-core/src/test/xquery/system/as-user.xqm; exist-core/src/test/xquery/util/document-id.xqm; exist-core/src/test/xquery/validation/jaxp.xql; exist-core/src/test/xquery/validation/jaxv.xql; exist-core/src/test/xquery/xmlid.xql; exist-core/src/test/xquery/xquery3/fnElementWithId.xqm; exist-core/src/test/xquery/xquery3/fnId.xqm; exist-core/src/test/xquery/xquery3/fnPath.xqm; exist-core/src/test/xquery/xquery3/generate-id.xqm; extensions/indexes/lucene/src/test/xquery/lucene/ft-query-forms.xqm; extensions/indexes/lucene/src/test/xquery/lucene/self-axis-index.xqm; extensions/indexes/range/src/test/xquery/range/fields.xql; extensions/modules/file/src/test/resources/util/helper.xqm; exist-core/src/test/java/org/exist/xquery/update/UpdateValueTest.java; exist-core/src/test/java/org/exist/xquery/update/UpdateInsertTest.java; exist-core/src/test/java/org/exist/xquery/XQueryTest.java; exist-core/src/test/java/org/exist/xquery/XPathQueryTest.java; exist-core/src/test/java/org/exist/xquery/functions/xmldb/XMLDBAuthenticateTest.java; exist-core/src/test/java/org/exist/xquery/functions/securitymanager/PermissionsFunctionChmodTest.java; exist-core/src/test/java/org/exist/xquery/functions/securitymanager/PermissionsFunctionChownTest.java; exist-core/src/test/java/org/exist/http/RESTServiceTest.java; exist-core/src/test/java/org/exist/collections/triggers/XQueryTriggerSetGidTest.java; exist-core/src/test/java/org/exist/collections/triggers/XQueryTriggerSetUidTest.java; exist-core/src/test/java/org/exist/collections/triggers/XQueryTriggerChainTest.java; extensions/indexes/spatial/src/test/java/org/exist/indexing/spatial/GMLIndexTest.java; extensions/modules/persistentlogin/src/test/java/org/exist/xquery/modules/persistentlogin/LoginModuleIT.java
exist-core/src/main/java/org/exist/xquery/functions/securitymanager/IdFunction.java,org.exist.xquery.functions.securitymanager.IdFunction,real,false,
exist-core/src/main/java/org/exist/xquery/functions/securitymanager/IdFunction.java,org.exist.xquery.functions.securitymanager.IdFunction,effective,false,
exist-core/src/main/java/org/exist/xquery/functions/securitymanager/IdFunction.java,org.exist.xquery.functions.securitymanager.IdFunction,username,false,
exist-core/src/main/java/org/exist/xquery/functions/securitymanager/IdFunction.java,org.exist.xquery.functions.securitymanager.IdFunction,groups,false,
exist-core/src/main/java/org/exist/xquery/functions/securitymanager/IdFunction.java,org.exist.xquery.functions.securitymanager.IdFunction,group,true,exist-core/src/test/java/org/exist/xquery/functions/securitymanager/GroupManagementFunctionRemoveGroupTest.java; exist-core/src/test/java/org/exist/security/RestApiSecurityTest.java; exist-core/src/test/java/org/exist/security/XqueryApiTest.java
exist-core/src/main/java/org/exist/xquery/functions/securitymanager/SetPrincipalMetadataFunction.java,org.exist.xquery.functions.securitymanager.SetPrincipalMetadataFunction,set-account-metadata,false,
exist-core/src/main/java/org/exist/xquery/functions/securitymanager/SetPrincipalMetadataFunction.java,org.exist.xquery.functions.securitymanager.SetPrincipalMetadataFunction,set-group-metadata,false,
exist-core/src/main/java/org/exist/xquery/functions/securitymanager/FindGroupFunction.java,org.exist.xquery.functions.securitymanager.FindGroupFunction,find-groups-by-groupname,false,
exist-core/src/main/java/org/exist/xquery/functions/securitymanager/FindGroupFunction.java,org.exist.xquery.functions.securitymanager.FindGroupFunction,list-groups,false,
exist-core/src/main/java/org/exist/xquery/functions/securitymanager/FindGroupFunction.java,org.exist.xquery.functions.securitymanager.FindGroupFunction,find-groups-where-groupname-contains,false,
exist-core/src/main/java/org/exist/xquery/functions/securitymanager/FindGroupFunction.java,org.exist.xquery.functions.securitymanager.FindGroupFunction,get-user-groups,false,
exist-core/src/main/java/org/exist/xquery/functions/securitymanager/FindGroupFunction.java,org.exist.xquery.functions.securitymanager.FindGroupFunction,get-user-primary-group,false,
exist-core/src/main/java/org/exist/xquery/functions/securitymanager/FindGroupFunction.java,org.exist.xquery.functions.securitymanager.FindGroupFunction,group-exists,true,exist-core/src/test/java/org/exist/security/RestApiSecurityTest.java; exist-core/src/test/java/org/exist/security/XqueryApiTest.java
exist-core/src/main/java/org/exist/xquery/functions/securitymanager/UMaskFunction.java,org.exist.xquery.functions.securitymanager.UMaskFunction,get-umask,false,
exist-core/src/main/java/org/exist/xquery/functions/securitymanager/UMaskFunction.java,org.exist.xquery.functions.securitymanager.UMaskFunction,set-umask,false,
exist-core/src/main/java/org/exist/xquery/functions/securitymanager/AccountManagementFunction.java,org.exist.xquery.functions.securitymanager.AccountManagementFunction,create-account,true,exist-core/src/test/java/org/exist/security/RestApiSecurityTest.java; exist-core/src/test/java/org/exist/security/XqueryApiTest.java
exist-core/src/main/java/org/exist/xquery/functions/securitymanager/AccountManagementFunction.java,org.exist.xquery.functions.securitymanager.AccountManagementFunction,remove-account,true,exist-core/src/test/java/org/exist/xquery/functions/securitymanager/AccountManagementFunctionRemoveAccountTest.java; exist-core/src/test/java/org/exist/security/RestApiSecurityTest.java; exist-core/src/test/java/org/exist/security/XqueryApiTest.java
exist-core/src/main/java/org/exist/xquery/functions/securitymanager/AccountManagementFunction.java,org.exist.xquery.functions.securitymanager.AccountManagementFunction,passwd,true,exist-docker/src/test/bats/03-xquery-spec.bats
exist-core/src/main/java/org/exist/xquery/functions/securitymanager/AccountManagementFunction.java,org.exist.xquery.functions.securitymanager.AccountManagementFunction,passwd-hash,false,
exist-core/src/main/java/org/exist/xquery/functions/securitymanager/PermissionsFunction.java,org.exist.xquery.functions.securitymanager.PermissionsFunction,get-permissions,true,exist-core/src/test/xquery/xmldb/copy-tests.xql; exist-core/src/test/xquery/xmldb/permission-tests.xql; exist-core/src/test/java/org/exist/xquery/functions/securitymanager/PermissionsFunctionChmodTest.java; exist-core/src/test/java/org/exist/xquery/functions/securitymanager/PermissionsFunctionChownTest.java; exist-core/src/test/java/org/exist/xquery/functions/securitymanager/GetPermissionsTest.java
exist-core/src/main/java/org/exist/xquery/functions/securitymanager/PermissionsFunction.java,org.exist.xquery.functions.securitymanager.PermissionsFunction,add-user-ace,true,exist-core/src/test/java/org/exist/security/RestApiSecurityTest.java; exist-core/src/test/java/org/exist/security/XqueryApiTest.java
exist-core/src/main/java/org/exist/xquery/functions/securitymanager/PermissionsFunction.java,org.exist.xquery.functions.securitymanager.PermissionsFunction,add-group-ace,false,
exist-core/src/main/java/org/exist/xquery/functions/securitymanager/PermissionsFunction.java,org.exist.xquery.functions.securitymanager.PermissionsFunction,insert-user-ace,false,
exist-core/src/main/java/org/exist/xquery/functions/securitymanager/PermissionsFunction.java,org.exist.xquery.functions.securitymanager.PermissionsFunction,insert-group-ace,false,
exist-core/src/main/java/org/exist/xquery/functions/securitymanager/PermissionsFunction.java,org.exist.xquery.functions.securitymanager.PermissionsFunction,modify-ace,false,
exist-core/src/main/java/org/exist/xquery/functions/securitymanager/PermissionsFunction.java,org.exist.xquery.functions.securitymanager.PermissionsFunction,remove-ace,false,
exist-core/src/main/java/org/exist/xquery/functions/securitymanager/PermissionsFunction.java,org.exist.xquery.functions.securitymanager.PermissionsFunction,clear-acl,false,
exist-core/src/main/java/org/exist/xquery/functions/securitymanager/PermissionsFunction.java,org.exist.xquery.functions.securitymanager.PermissionsFunction,chmod,true,exist-core/src/test/xquery/securitymanager/permission-error-codes.xqm; exist-core/src/test/xquery/xmldb/copy-tests.xql; exist-core/src/test/xquery/xmldb/permission-tests.xql; extensions/exquery/restxq/src/test/xquery/restxq/arrays.xq; extensions/indexes/lucene/src/test/xquery/lucene/ft-search-binary.xqm; exist-core/src/test/java/org/exist/xquery/functions/securitymanager/PermissionsFunctionChmodTest.java; exist-core/src/test/java/org/exist/security/RestApiSecurityTest.java; exist-core/src/test/java/org/exist/security/XqueryApiTest.java; exist-core/src/test/java/org/exist/http/RESTServiceTest.java; exist-core/src/test/java/org/exist/http/urlrewrite/UrlRewritePipelineHttpTest.java
exist-core/src/main/java/org/exist/xquery/functions/securitymanager/PermissionsFunction.java,org.exist.xquery.functions.securitymanager.PermissionsFunction,chown,true,exist-core/src/test/java/org/exist/xquery/functions/securitymanager/PermissionsFunctionChownTest.java; exist-core/src/test/java/org/exist/security/RestApiSecurityTest.java; exist-core/src/test/java/org/exist/security/XqueryApiTest.java
exist-core/src/main/java/org/exist/xquery/functions/securitymanager/PermissionsFunction.java,org.exist.xquery.functions.securitymanager.PermissionsFunction,chgrp,true,exist-core/src/test/java/org/exist/xquery/functions/securitymanager/PermissionsFunctionChownTest.java; exist-core/src/test/java/org/exist/security/RestApiSecurityTest.java
exist-core/src/main/java/org/exist/xquery/functions/securitymanager/PermissionsFunction.java,org.exist.xquery.functions.securitymanager.PermissionsFunction,has-access,true,exist-core/src/test/xquery/securitymanager/permission-error-codes.xqm; exist-core/src/test/xquery/xmldb/permission-tests.xql
exist-core/src/main/java/org/exist/xquery/functions/securitymanager/PermissionsFunction.java,org.exist.xquery.functions.securitymanager.PermissionsFunction,mode-to-octal,true,exist-core/src/test/xquery/securitymanager/permission-error-codes.xqm
exist-core/src/main/java/org/exist/xquery/functions/securitymanager/PermissionsFunction.java,org.exist.xquery.functions.securitymanager.PermissionsFunction,octal-to-mode,false,
exist-core/src/main/java/org/exist/xquery/functions/securitymanager/PermissionsFunction.java,org.exist.xquery.functions.securitymanager.PermissionsFunction,permission,false,
exist-core/src/main/java/org/exist/xquery/functions/securitymanager/PermissionsFunction.java,org.exist.xquery.functions.securitymanager.PermissionsFunction,owner,false,
exist-core/src/main/java/org/exist/xquery/functions/securitymanager/PermissionsFunction.java,org.exist.xquery.functions.securitymanager.PermissionsFunction,group,true,exist-core/src/test/java/org/exist/xquery/functions/securitymanager/GroupManagementFunctionRemoveGroupTest.java; exist-core/src/test/java/org/exist/security/RestApiSecurityTest.java; exist-core/src/test/java/org/exist/security/XqueryApiTest.java
exist-core/src/main/java/org/exist/xquery/functions/securitymanager/PermissionsFunction.java,org.exist.xquery.functions.securitymanager.PermissionsFunction,mode,true,exist-core/src/test/xquery/securitymanager/permission-error-codes.xqm
exist-core/src/main/java/org/exist/xquery/functions/securitymanager/PermissionsFunction.java,org.exist.xquery.functions.securitymanager.PermissionsFunction,acl,false,
exist-core/src/main/java/org/exist/xquery/functions/securitymanager/PermissionsFunction.java,org.exist.xquery.functions.securitymanager.PermissionsFunction,entries,false,
exist-core/src/main/java/org/exist/xquery/functions/securitymanager/PermissionsFunction.java,org.exist.xquery.functions.securitymanager.PermissionsFunction,ace,true,exist-core/src/main/resources/org/exist/xquery/lib/xqsuite/examples.xql; exist-core/src/main/resources/org/exist/xquery/lib/xqsuite/xqsuite.xql; exist-core/src/test/xquery/trace.xql; exist-core/src/test/xquery/util/get-fragment-between.xqm; exist-core/src/test/xquery/validation/jaxv.xql; exist-core/src/test/xquery/xqsuite/xqsuite-tests.xql; exist-core/src/test/xquery/xquery3/arrowop.xql; exist-core/src/test/xquery/xquery3/dynamically-declared-vars.xql; exist-core/src/test/xquery/xquery3/fnPath.xqm; exist-core/src/test/xquery/xquery3/higher-order.xqm; exist-core/src/test/xquery/xquery3/replace.xqm; exist-core/src/test/xquery/xquery3/serialize.xql; exist-core/src/test/xquery/xquery3/xml-to-json.xql; extensions/indexes/lucene/src/test/xquery/lucene/field-expression-context.xqm; extensions/indexes/lucene/src/test/xquery/lucene/ft-expand-highlight.xqm; extensions/indexes/lucene/src/test/xquery/lucene/ft-facets.xqm; extensions/indexes/lucene/src/test/xquery/lucene/ft-query-field.xqm; extensions/indexes/lucene/src/test/xquery/lucene/ft-query-forms.xqm; extensions/indexes/lucene/src/test/xquery/lucene/index-keys.xql; extensions/indexes/lucene/src/test/xquery/lucene/util-expand-highlight.xqm; extensions/indexes/range/src/test/xquery/range/range.xql; extensions/modules/expathrepo/src/main/resources/org/exist/xquery/modules/expathrepo/repair.xql; exist-core/src/test/java/org/exist/xmldb/DOMTest.java; exist-core/src/test/java/org/exist/xmldb/IndexingTest.java; exist-core/src/test/java/org/exist/xquery/XQueryTest.java; exist-core/src/test/java/org/exist/xquery/XPathQueryTest.java; exist-core/src/test/java/org/exist/security/RestApiSecurityTest.java; exist-core/src/test/java/org/exist/security/XqueryApiTest.java; exist-core/src/test/java/org/exist/http/PortalRedirectTest.java; exist-core/src/test/java/org/exist/collections/triggers/XQueryTriggerChainTest.java; extensions/indexes/spatial/src/test/java/org/exist/indexing/spatial/GMLIndexTest.java; extensions/modules/mail/src/test/java/org/exist/xquery/modules/mail/SendEmailIT.java
exist-core/src/main/java/org/exist/xquery/functions/securitymanager/PermissionsFunction.java,org.exist.xquery.functions.securitymanager.PermissionsFunction,index,true,exist-core/src/test/xquery/arrays/arrays.xql; exist-core/src/test/xquery/xmldb/reindex-tests.xql; extensions/indexes/lucene/src/test/xquery/lucene/analyzers-diacritics.xql; extensions/indexes/lucene/src/test/xquery/lucene/analyzers-english.xql; extensions/indexes/lucene/src/test/xquery/lucene/analyzers-field.xqm; extensions/indexes/lucene/src/test/xquery/lucene/facet-drilldown-highlight.xqm; extensions/indexes/lucene/src/test/xquery/lucene/field-expression-context.xqm; extensions/indexes/lucene/src/test/xquery/lucene/for-variable.xql; extensions/indexes/lucene/src/test/xquery/lucene/ft-attr-context.xql; extensions/indexes/lucene/src/test/xquery/lucene/ft-edge.xqm; extensions/indexes/lucene/src/test/xquery/lucene/ft-facets.xqm; extensions/indexes/lucene/src/test/xquery/lucene/ft-field-types.xqm; extensions/indexes/lucene/src/test/xquery/lucene/ft-match.xql; extensions/indexes/lucene/src/test/xquery/lucene/ft-query-field.xqm; extensions/indexes/lucene/src/test/xquery/lucene/ft-query-forms.xqm; extensions/indexes/lucene/src/test/xquery/lucene/ft-search-binary.xqm; extensions/indexes/lucene/src/test/xquery/lucene/ignore-condition.xql; extensions/indexes/lucene/src/test/xquery/lucene/index-keys.xql; extensions/indexes/lucene/src/test/xquery/lucene/indirect-queries.xql; extensions/indexes/lucene/src/test/xquery/lucene/inline-ignore.xql; extensions/indexes/lucene/src/test/xquery/lucene/match-highlighting.xql; extensions/indexes/lucene/src/test/xquery/lucene/optimizer-ft.xql; extensions/indexes/lucene/src/test/xquery/lucene/parenthesized-context.xql; extensions/indexes/lucene/src/test/xquery/lucene/parenthesized-location-step.xql; extensions/indexes/lucene/src/test/xquery/lucene/reindex-second-store.xqm; extensions/indexes/lucene/src/test/xquery/lucene/self-axis-index.xqm; extensions/indexes/lucene/src/test/xquery/lucene/start-offset.xql; extensions/indexes/lucene/src/test/xquery/lucene/unicode-supplementary-lucene.xql; extensions/indexes/lucene/src/test/xquery/lucene/util-expand-highlight.xqm; extensions/indexes/lucene/src/test/xquery/lucene/vector-search.xqm; extensions/indexes/ngram/src/test/xquery/ngram/for-variable.xql; extensions/indexes/ngram/src/test/xquery/ngram/match-highlighting-ngram.xql; extensions/indexes/ngram/src/test/xquery/ngram/unicode-supplementary-ngram.xql; extensions/indexes/range/src/test/xquery/range/conditions.xql; extensions/indexes/range/src/test/xquery/range/field-type.xql; extensions/indexes/range/src/test/xquery/range/fields.xql; extensions/indexes/range/src/test/xquery/range/for-variable.xql; extensions/indexes/range/src/test/xquery/range/index-keys.xql; extensions/indexes/range/src/test/xquery/range/multi-collection-search.xqm; extensions/indexes/range/src/test/xquery/range/optimizer.xql; extensions/indexes/range/src/test/xquery/range/range.xql; extensions/indexes/range/src/test/xquery/range/types.xql; extensions/indexes/range/src/test/xquery/range/unicode-supplementary-range.xql; extensions/indexes/range/src/test/xquery/range/updates.xql; extensions/modules/file/src/test/resources/util/helper.xqm; exist-core/src/test/java/org/exist/xquery/StoredModuleTest.java; extensions/indexes/lucene/src/test/java/xquery/lucene/VectorSearchEmbeddingTest.java; extensions/indexes/lucene/src/test/java/org/exist/indexing/lucene/FacetPollutionJavaReproducerTest.java; extensions/indexes/vector-it/src/test/java/xquery/lucene/VectorSearchEmbeddingIT.java
exist-core/src/main/java/org/exist/xquery/functions/securitymanager/PermissionsFunction.java,org.exist.xquery.functions.securitymanager.PermissionsFunction,target,false,
exist-core/src/main/java/org/exist/xquery/functions/securitymanager/PermissionsFunction.java,org.exist.xquery.functions.securitymanager.PermissionsFunction,who,false,
exist-core/src/main/java/org/exist/xquery/functions/securitymanager/PermissionsFunction.java,org.exist.xquery.functions.securitymanager.PermissionsFunction,access_type,false,
exist-core/src/main/java/org/exist/xquery/functions/securitymanager/AccountStatusFunction.java,org.exist.xquery.functions.securitymanager.AccountStatusFunction,is-account-enabled,true,exist-core/src/test/xquery/securitymanager/account.xqm
exist-core/src/main/java/org/exist/xquery/functions/securitymanager/AccountStatusFunction.java,org.exist.xquery.functions.securitymanager.AccountStatusFunction,set-account-enabled,false,
exist-core/src/main/java/org/exist/xquery/functions/securitymanager/FindUserFunction.java,org.exist.xquery.functions.securitymanager.FindUserFunction,find-users-by-username,false,
exist-core/src/main/java/org/exist/xquery/functions/securitymanager/FindUserFunction.java,org.exist.xquery.functions.securitymanager.FindUserFunction,find-users-by-name,false,
exist-core/src/main/java/org/exist/xquery/functions/securitymanager/FindUserFunction.java,org.exist.xquery.functions.securitymanager.FindUserFunction,find-users-by-name-part,false,
exist-core/src/main/java/org/exist/xquery/functions/securitymanager/FindUserFunction.java,org.exist.xquery.functions.securitymanager.FindUserFunction,list-users,false,
exist-core/src/main/java/org/exist/xquery/functions/securitymanager/FindUserFunction.java,org.exist.xquery.functions.securitymanager.FindUserFunction,user-exists,true,exist-core/src/test/java/org/exist/security/RestApiSecurityTest.java; exist-core/src/test/java/org/exist/security/XqueryApiTest.java
exist-core/src/main/java/org/exist/xquery/functions/securitymanager/GetPrincipalMetadataFunction.java,org.exist.xquery.functions.securitymanager.GetPrincipalMetadataFunction,get-account-metadata-keys,false,
exist-core/src/main/java/org/exist/xquery/functions/securitymanager/GetPrincipalMetadataFunction.java,org.exist.xquery.functions.securitymanager.GetPrincipalMetadataFunction,get-account-metadata,false,
exist-core/src/main/java/org/exist/xquery/functions/securitymanager/GetPrincipalMetadataFunction.java,org.exist.xquery.functions.securitymanager.GetPrincipalMetadataFunction,get-group-metadata-keys,false,
exist-core/src/main/java/org/exist/xquery/functions/securitymanager/GetPrincipalMetadataFunction.java,org.exist.xquery.functions.securitymanager.GetPrincipalMetadataFunction,get-group-metadata,false,
exist-core/src/main/java/org/exist/xquery/functions/securitymanager/IsAuthenticatedFunction.java,org.exist.xquery.functions.securitymanager.IsAuthenticatedFunction,is-authenticated,false,
exist-core/src/main/java/org/exist/xquery/functions/securitymanager/IsAuthenticatedFunction.java,org.exist.xquery.functions.securitymanager.IsAuthenticatedFunction,is-externally-authenticated,false,
exist-core/src/main/java/org/exist/xquery/functions/securitymanager/GroupMembershipFunction.java,org.exist.xquery.functions.securitymanager.GroupMembershipFunction,add-group-member,false,
exist-core/src/main/java/org/exist/xquery/functions/securitymanager/GroupMembershipFunction.java,org.exist.xquery.functions.securitymanager.GroupMembershipFunction,remove-group-member,true,exist-core/src/test/java/org/exist/xquery/functions/securitymanager/GroupMembershipFunctionRemoveGroupMemberTest.java
exist-core/src/main/java/org/exist/xquery/functions/securitymanager/GroupMembershipFunction.java,org.exist.xquery.functions.securitymanager.GroupMembershipFunction,get-group-members,false,
exist-core/src/main/java/org/exist/xquery/functions/securitymanager/GroupMembershipFunction.java,org.exist.xquery.functions.securitymanager.GroupMembershipFunction,add-group-manager,true,exist-core/src/test/java/org/exist/xquery/functions/securitymanager/GroupMembershipFunctionRemoveGroupMemberTest.java
exist-core/src/main/java/org/exist/xquery/functions/securitymanager/GroupMembershipFunction.java,org.exist.xquery.functions.securitymanager.GroupMembershipFunction,remove-group-manager,false,
exist-core/src/main/java/org/exist/xquery/functions/securitymanager/GroupMembershipFunction.java,org.exist.xquery.functions.securitymanager.GroupMembershipFunction,get-group-managers,false,
exist-core/src/main/java/org/exist/xquery/functions/securitymanager/GroupMembershipFunction.java,org.exist.xquery.functions.securitymanager.GroupMembershipFunction,is-dba,true,extensions/modules/persistentlogin/src/main/resources/org/exist/xquery/modules/persistentlogin/login.xql
exist-core/src/main/java/org/exist/xquery/functions/securitymanager/GroupMembershipFunction.java,org.exist.xquery.functions.securitymanager.GroupMembershipFunction,set-user-primary-group,false,
exist-core/src/main/java/org/exist/xquery/functions/request/GetRequestAttribute.java,org.exist.xquery.functions.request.GetRequestAttribute,get-attribute,true,extensions/modules/persistentlogin/src/main/resources/org/exist/xquery/modules/persistentlogin/login.xql; exist-core/src/test/java/org/exist/xquery/functions/session/AttributeTest.java
exist-core/src/main/java/org/exist/xquery/functions/request/GetRequestAttribute.java,org.exist.xquery.functions.request.GetRequestAttribute,attribute-names,true,exist-core/src/test/xquery/xquery3/serialize.xql
exist-core/src/main/java/org/exist/xquery/functions/request/GetServerPort.java,org.exist.xquery.functions.request.GetServerPort,get-server-port,false,
exist-core/src/main/java/org/exist/xquery/functions/request/GetURL.java,org.exist.xquery.functions.request.GetURL,get-url,true,exist-core/src/test/java/org/exist/http/RESTServiceTest.java
exist-core/src/main/java/org/exist/xquery/functions/request/GetCookieNames.java,org.exist.xquery.functions.request.GetCookieNames,get-cookie-names,false,
exist-core/src/main/java/org/exist/xquery/functions/request/GetRemoteHost.java,org.exist.xquery.functions.request.GetRemoteHost,get-remote-host,false,
exist-core/src/main/java/org/exist/xquery/functions/request/GetParameter.java,org.exist.xquery.functions.request.GetParameter,get-parameter,true,exist-jetty-config/src/main/resources/webapp/controller.xql; extensions/modules/persistentlogin/src/main/resources/org/exist/xquery/modules/persistentlogin/login.xql; exist-core/src/test/java/org/exist/xquery/functions/util/EvalTest.java; exist-core/src/test/java/org/exist/xquery/functions/request/GetUploadedFileHeadersTest.java; exist-core/src/test/java/org/exist/xquery/functions/request/GetParameterTest.java; exist-core/src/test/java/org/exist/http/RESTServiceTest.java; exist-core/src/test/java/org/exist/http/urlrewrite/UrlRewritePipelineHttpTest.java
exist-core/src/main/java/org/exist/xquery/functions/request/GetData.java,org.exist.xquery.functions.request.GetData,get-data,true,exist-core/src/test/java/org/exist/xquery/functions/request/GetDataTest.java; exist-core/src/test/java/org/exist/xquery/functions/request/PatchTest.java; exist-core/src/test/java/org/exist/http/RESTServiceTest.java; exist-core/src/test/java/org/exist/http/urlrewrite/UrlRewritePipelineHttpTest.java; exist-core/src/test/java/org/exist/http/urlrewrite/URLRewriteContentLengthViewPipelineTest.java
exist-core/src/main/java/org/exist/xquery/functions/request/GetUploadedFileSize.java,org.exist.xquery.functions.request.GetUploadedFileSize,get-uploaded-file-size,false,
exist-core/src/main/java/org/exist/xquery/functions/request/GetContextPath.java,org.exist.xquery.functions.request.GetContextPath,get-context-path,true,extensions/modules/persistentlogin/src/main/resources/org/exist/xquery/modules/persistentlogin/login.xql
exist-core/src/main/java/org/exist/xquery/functions/request/GetContextPath.java,org.exist.xquery.functions.request.GetContextPath,get-servlet-path,true,exist-core/src/test/java/org/exist/http/RESTServiceTest.java
exist-core/src/main/java/org/exist/xquery/functions/request/GetHeader.java,org.exist.xquery.functions.request.GetHeader,get-header,true,exist-jetty-config/src/main/resources/webapp/controller.xql; exist-core/src/test/java/org/exist/xquery/functions/request/GetHeaderTest.java; exist-core/src/test/java/org/exist/http/RESTServiceTest.java; exist-core/src/test/java/org/exist/http/urlrewrite/UrlRewritePipelineHttpTest.java
exist-core/src/main/java/org/exist/xquery/functions/request/GetRemoteAddr.java,org.exist.xquery.functions.request.GetRemoteAddr,get-remote-addr,false,
exist-core/src/main/java/org/exist/xquery/functions/request/NegotiateContentType.java,org.exist.xquery.functions.request.NegotiateContentType,negotiate-content-type,true,exist-core/src/test/java/org/exist/http/RESTServiceTest.java
exist-core/src/main/java/org/exist/xquery/functions/request/GetUploadedFile.java,org.exist.xquery.functions.request.GetUploadedFile,get-uploaded-file-data,false,
exist-core/src/main/java/org/exist/xquery/functions/request/GetScheme.java,org.exist.xquery.functions.request.GetScheme,get-scheme,false,
exist-core/src/main/java/org/exist/xquery/functions/request/GetMethod.java,org.exist.xquery.functions.request.GetMethod,get-method,true,exist-core/src/test/java/org/exist/xquery/functions/request/PatchTest.java; exist-core/src/test/java/org/exist/http/urlrewrite/UrlRewritePipelineHttpTest.java
exist-core/src/main/java/org/exist/xquery/functions/request/GetURI.java,org.exist.xquery.functions.request.GetURI,get-uri,true,exist-jetty-config/src/main/resources/webapp/controller.xql; extensions/modules/expathrepo/expathrepo-trigger-test/src/main/xar-resources/controller.xql; exist-core/src/test/java/org/exist/http/RESTServiceTest.java
exist-core/src/main/java/org/exist/xquery/functions/request/GetURI.java,org.exist.xquery.functions.request.GetURI,get-effective-uri,false,
exist-core/src/main/java/org/exist/xquery/functions/request/GetRemotePort.java,org.exist.xquery.functions.request.GetRemotePort,get-remote-port,false,
exist-core/src/main/java/org/exist/xquery/functions/request/GetExists.java,org.exist.xquery.functions.request.GetExists,exists,true,exist-core/src/main/resources/org/exist/test/runner/xquery-discovery.xq; exist-core/src/main/resources/org/exist/xquery/lib/kwic.xql; exist-core/src/main/resources/org/exist/xquery/lib/xqsuite/examples.xql; exist-core/src/main/resources/org/exist/xquery/lib/xqsuite/xqsuite.xql; exist-core/src/test/xquery/axes-persistent-nodes.xqm; exist-core/src/test/xquery/errors.xql; exist-core/src/test/xquery/xqsuite/custom-assertion.xqm; exist-core/src/test/xquery/xquery3/castable-untyped-atomic.xqm; exist-core/src/test/xquery/xquery3/fn.xql; exist-core/src/test/xquery/xquery3/fnNilled.xqm; exist-core/src/test/xquery/xquery3/higher-order.xqm; exist-core/src/test/xquery/xquery3/precedingFollowingAfterNot.xqm; extensions/indexes/lucene/src/test/xquery/lucene/analyzers-english.xql; extensions/indexes/lucene/src/test/xquery/lucene/facet-drilldown-highlight.xqm; extensions/indexes/lucene/src/test/xquery/lucene/field-expression-context.xqm; extensions/indexes/lucene/src/test/xquery/lucene/ft-facets.xqm; extensions/indexes/lucene/src/test/xquery/lucene/ft-query-forms.xqm; extensions/indexes/range/src/test/xquery/range/multi-collection-search.xqm; extensions/modules/cache/src/test/xquery/modules/cache/cache.xqm; extensions/modules/expathrepo/src/main/resources/org/exist/xquery/modules/expathrepo/repair.xql; extensions/modules/expathrepo/src/test/xquery/modules/expathrepo/deployment.xql; extensions/modules/file/src/test/resources/util/helper.xqm; extensions/modules/persistentlogin/src/main/resources/org/exist/xquery/modules/persistentlogin/login.xql; exist-core/src/test/java/org/exist/xquery/XQueryTest.java; exist-core/src/test/java/org/exist/xquery/UnionStepDistributionOptimizerTest.java; exist-core/src/test/java/org/exist/xquery/XQueryFunctionsTest.java; exist-core/src/test/java/org/exist/xquery/functions/map/MapEntryRegressionTest.java; exist-core/src/test/java/org/exist/security/RestApiSecurityTest.java; exist-core/src/test/java/org/exist/security/XqueryApiTest.java; extensions/modules/http-client/src/test/java/org/exist/xquery/modules/httpclient/SendRequestFunctionTest.java
exist-core/src/main/java/org/exist/xquery/functions/request/SetAttribute.java,org.exist.xquery.functions.request.SetAttribute,set-attribute,true,extensions/modules/persistentlogin/src/main/resources/org/exist/xquery/modules/persistentlogin/login.xql; exist-core/src/test/java/org/exist/xquery/functions/session/AttributeTest.java
exist-core/src/main/java/org/exist/xquery/functions/request/GetCookieValue.java,org.exist.xquery.functions.request.GetCookieValue,get-cookie-value,true,extensions/modules/persistentlogin/src/main/resources/org/exist/xquery/modules/persistentlogin/login.xql
exist-core/src/main/java/org/exist/xquery/functions/request/GetQueryString.java,org.exist.xquery.functions.request.GetQueryString,get-query-string,false,
exist-core/src/main/java/org/exist/xquery/functions/request/ParseAcceptHeader.java,org.exist.xquery.functions.request.ParseAcceptHeader,parse-accept-header,true,exist-core/src/test/java/org/exist/http/RESTServiceTest.java
exist-core/src/main/java/org/exist/xquery/functions/request/GetUploadedFileHeaders.java,org.exist.xquery.functions.request.GetUploadedFileHeaders,get-uploaded-file-headers,true,exist-core/src/test/java/org/exist/xquery/functions/request/GetUploadedFileHeadersTest.java
exist-core/src/main/java/org/exist/xquery/functions/request/GetParameterNames.java,org.exist.xquery.functions.request.GetParameterNames,get-parameter-names,true,exist-core/src/test/java/org/exist/xquery/functions/request/GetParameterTest.java; exist-core/src/test/java/org/exist/http/urlrewrite/UrlRewritePipelineHttpTest.java
exist-core/src/main/java/org/exist/xquery/functions/request/GetServerName.java,org.exist.xquery.functions.request.GetServerName,get-server-name,false,
exist-core/src/main/java/org/exist/xquery/functions/request/GetPathInfo.java,org.exist.xquery.functions.request.GetPathInfo,get-path-info,true,exist-core/src/test/java/org/exist/http/RESTServiceTest.java
exist-core/src/main/java/org/exist/xquery/functions/request/GetHeaderNames.java,org.exist.xquery.functions.request.GetHeaderNames,get-header-names,true,exist-core/src/test/java/org/exist/http/urlrewrite/UrlRewritePipelineHttpTest.java
exist-core/src/main/java/org/exist/xquery/functions/request/GetHostname.java,org.exist.xquery.functions.request.GetHostname,get-hostname,false,
exist-core/src/main/java/org/exist/xquery/functions/request/GetUploadedFileName.java,org.exist.xquery.functions.request.GetUploadedFileName,get-uploaded-file-name,true,exist-core/src/test/java/org/exist/xquery/functions/request/GetUploadedFileHeadersTest.java; exist-core/src/test/java/org/exist/http/urlrewrite/UrlRewritePipelineHttpTest.java
exist-core/src/main/java/org/exist/xquery/functions/request/IsMultiPartContent.java,org.exist.xquery.functions.request.IsMultiPartContent,is-multipart-content,true,exist-core/src/test/java/org/exist/http/urlrewrite/UrlRewritePipelineHttpTest.java
exist-core/src/main/java/org/exist/xquery/functions/fn/FunGenerateId.java,org.exist.xquery.functions.fn.FunGenerateId,generate-id,true,exist-core/src/test/xquery/xquery3/generate-id.xqm
exist-core/src/main/java/org/exist/xquery/functions/fn/FunHeadTail.java,org.exist.xquery.functions.fn.FunHeadTail,head,true,exist-core/src/test/xquery/arrays/arrays.xql; exist-core/src/test/xquery/system/get-main-module-load-path.xqm; exist-core/src/test/xquery/system/get-module-load-path.xqm; exist-core/src/test/xquery/xquery3/serialize.xql; extensions/indexes/lucene/src/test/xquery/lucene/ft-query-field.xqm; extensions/indexes/range/src/test/xquery/range/multi-collection-search.xqm
exist-core/src/main/java/org/exist/xquery/functions/fn/FunHeadTail.java,org.exist.xquery.functions.fn.FunHeadTail,tail,true,exist-core/src/test/xquery/arrays/arrays.xql; exist-core/src/test/xquery/subsequence.xq; exist-core/src/test/xquery/system/get-main-module-load-path.xqm; exist-core/src/test/xquery/system/get-module-load-path.xqm; extensions/indexes/range/src/test/xquery/range/multi-collection-search.xqm
exist-core/src/main/java/org/exist/xquery/functions/fn/FunPath.java,org.exist.xquery.functions.fn.FunPath,path,true,exist-core/src/main/resources/org/exist/xquery/lib/xqsuite/examples.xql; exist-core/src/test/xquery/axes.xql; exist-core/src/test/xquery/npt.xqm; exist-core/src/test/xquery/positional-nested.xql; exist-core/src/test/xquery/system/get-main-module-load-path.xqm; exist-core/src/test/xquery/system/get-module-load-path.xqm; exist-core/src/test/xquery/unparsed-text.xql; exist-core/src/test/xquery/util/document-id.xqm; exist-core/src/test/xquery/xmldb/create-collection-tests.xql; exist-core/src/test/xquery/xqsuite/xqsuite-tests.xql; exist-core/src/test/xquery/xquery3/bang.xql; exist-core/src/test/xquery/xquery3/fnPath.xqm; exist-core/src/test/xquery/xquery3/higher-order.xqm; exist-core/src/test/xquery/xquery3/load-xquery-module.xql; exist-docker/src/test/bats/03-xquery-spec.bats; extensions/exquery/restxq/src/test/xquery/restxq/arrays.xq; extensions/indexes/lucene/src/test/xquery/lucene/ft-edge.xqm; extensions/indexes/lucene/src/test/xquery/lucene/ft-facets.xqm; extensions/indexes/lucene/src/test/xquery/lucene/ft-query-forms.xqm; extensions/modules/file/src/test/resources/util/helper.xqm; extensions/modules/persistentlogin/src/main/resources/org/exist/xquery/modules/persistentlogin/login.xql; exist-core/src/test/java/org/exist/xquery/DocumentUpdateTest.java; exist-core/src/test/java/org/exist/xquery/functions/inspect/InspectModuleTest.java; exist-core/src/test/java/org/exist/http/RESTServiceTest.java; extensions/exquery/restxq/src/test/java/org/exist/extensions/exquery/restxq/impl/LibraryCircularDependencyIntegrationTest.java; extensions/exquery/restxq/src/test/java/org/exist/extensions/exquery/restxq/impl/MediaTypeIntegrationTest.java
exist-core/src/main/java/org/exist/xquery/functions/fn/FunCollationKey.java,org.exist.xquery.functions.fn.FunCollationKey,collation-key,true,exist-core/src/test/xquery/xquery3/fnCollationKey.xqm
exist-core/src/main/java/org/exist/xquery/functions/fn/FunQName.java,org.exist.xquery.functions.fn.FunQName,QName,true,exist-core/src/main/resources/org/exist/test/runner/xquery-discovery.xq; exist-core/src/main/resources/org/exist/xquery/lib/xqsuite/xqsuite.xql; exist-core/src/test/resources/org/exist/test/runner/failing-both.xqm; exist-core/src/test/resources/org/exist/test/runner/failing-error.xqm; exist-core/src/test/xquery/errors.xql; exist-core/src/test/xquery/maps/maps.xqm; exist-core/src/test/xquery/namespaces.xql; exist-core/src/test/xquery/securitymanager/id.xqm; exist-core/src/test/xquery/util/expand.xqm; exist-core/src/test/xquery/xqsuite/xqsuite-assertions-dynamic.xqm; exist-core/src/test/xquery/xqsuite/xqsuite-assertions.resources.xqm.ignore; exist-core/src/test/xquery/xquery3/fnRandomNumberGenerator.xql; exist-core/src/test/xquery/xquery3/fnSerializeNewline.xqm; exist-core/src/test/xquery/xquery3/generate-id.xqm; exist-core/src/test/xquery/xquery3/higher-order.xqm; exist-core/src/test/xquery/xquery3/load-xquery-module.xql; exist-core/src/test/xquery/xquery3/serialize.xql; exist-core/src/test/xquery/xquery3/transform/doc-as-parameter.xqm; exist-core/src/test/xquery/xquery3/transform/fnTransform10.xqm; exist-core/src/test/xquery/xquery3/transform/fnTransform11.xqm; exist-core/src/test/xquery/xquery3/transform/fnTransform12.xqm; exist-core/src/test/xquery/xquery3/transform/fnTransform15.xqm; exist-core/src/test/xquery/xquery3/transform/fnTransform2-3.xqm; exist-core/src/test/xquery/xquery3/transform/fnTransform52.xqm; exist-core/src/test/xquery/xquery3/transform/fnTransform53.xqm; exist-core/src/test/xquery/xquery3/transform/fnTransform5882.xqm; exist-core/src/test/xquery/xquery3/transform/fnTransform6065.xqm; exist-core/src/test/xquery/xquery3/transform/fnTransform63.xqm; exist-core/src/test/xquery/xquery3/transform/fnTransform66.xqm; exist-core/src/test/xquery/xquery3/transform/fnTransform67.xqm; exist-core/src/test/xquery/xquery3/transform/fnTransform68.xqm; exist-core/src/test/xquery/xquery3/transform/fnTransform71.xqm; exist-core/src/test/xquery/xquery3/transform/fnTransform74.xqm; exist-core/src/test/xquery/xquery3/transform/fnTransformErr16.xqm; exist-core/src/test/xquery/xquery3/transform/fnTransformErr18.xqm; exist-core/src/test/xquery/xquery3/transform/fnTransformErr6.xqm; exist-core/src/test/xquery/xquery3/transform/fnTransformErr9.xqm; exist-core/src/test/xquery/xquery3/transform/fnTransformParams.xqm; exist-core/src/test/xquery/xquery3/xml-to-json.xql; extensions/indexes/lucene/src/test/xquery/lucene/ft-attr-context.xql; extensions/indexes/lucene/src/test/xquery/lucene/ft-query-forms.xqm; extensions/indexes/lucene/src/test/xquery/lucene/parenthesized-context.xql; extensions/indexes/lucene/src/test/xquery/lucene/serialize.xql; extensions/indexes/range/src/test/xquery/range/index-keys.xql; extensions/modules/compression/example-untar.xql; extensions/modules/compression/example-unzip.xql; extensions/modules/compression/src/test/xquery/modules/compression/unzip-tests.xql; extensions/modules/file/src/test/resources/util/helper.xqm; extensions/modules/file/src/test/xquery/modules/file/sync-serialize.xqm; exist-core/src/test/java/org/exist/xmldb/CollectionConfigurationTest.java; exist-core/src/test/java/org/exist/util/serializer/HTML5FragmentTest.java; exist-core/src/test/java/org/exist/xquery/xqsuite/XQSuiteTearDownErrorTest.java; exist-core/src/test/java/org/exist/xquery/ValueIndexByQNameTest.java; exist-core/src/test/java/org/exist/xquery/XQueryTest.java; exist-core/src/test/java/org/exist/xquery/XPathQueryTest.java; exist-core/src/test/java/org/exist/xquery/ValueIndexTest.java; exist-core/src/test/java/org/exist/xquery/XQueryFunctionsTest.java; exist-core/src/test/java/org/exist/xquery/functions/util/EvalTest.java; exist-core/src/test/java/org/exist/xquery/functions/xquery3/TryCatchTest.java; exist-core/src/test/java/org/exist/xquery/ConversionsTest.java; extensions/indexes/ngram/src/test/java/org/exist/indexing/ngram/CustomIndexTest.java
exist-core/src/main/java/org/exist/xquery/functions/fn/FunEnvironment.java,org.exist.xquery.functions.fn.FunEnvironment,available-environment-variables,true,extensions/indexes/lucene/src/test/xquery/lucene/vector-embed.xqm
exist-core/src/main/java/org/exist/xquery/functions/fn/FunEnvironment.java,org.exist.xquery.functions.fn.FunEnvironment,environment-variable,true,extensions/indexes/lucene/src/test/xquery/lucene/vector-embed.xqm
exist-core/src/main/java/org/exist/xquery/functions/fn/FunCodepointsToString.java,org.exist.xquery.functions.fn.FunCodepointsToString,codepoints-to-string,true,exist-core/src/test/xquery/xquery3/fnCollationKey.xqm; extensions/indexes/lucene/src/test/xquery/lucene/unicode-supplementary-lucene.xql; extensions/indexes/ngram/src/test/xquery/ngram/unicode-supplementary-ngram.xql; extensions/indexes/range/src/test/xquery/range/unicode-supplementary-range.xql
exist-core/src/main/java/org/exist/xquery/functions/fn/FunTrueOrFalse.java,org.exist.xquery.functions.fn.FunTrueOrFalse,true,true,exist-core/src/main/resources/org/exist/xquery/lib/xqsuite/xqsuite.xql; exist-core/src/test/xquery/arrays/arrays.xql; exist-core/src/test/xquery/axes-persistent-nodes.xqm; exist-core/src/test/xquery/binary-value.xqm; exist-core/src/test/xquery/boolean-sequences.xq; exist-core/src/test/xquery/fn-not.xq; exist-core/src/test/xquery/fn-position.xqm; exist-core/src/test/xquery/literals-in-curlies.xql; exist-core/src/test/xquery/logicalOp/andor.xql; exist-core/src/test/xquery/maps/mapKeySameKey.xqm; exist-core/src/test/xquery/maps/maps.xqm; exist-core/src/test/xquery/maps/mapsLookup.xql; exist-core/src/test/xquery/nill.xql; exist-core/src/test/xquery/util/get-fragment-between.xqm; exist-core/src/test/xquery/xmldb/copy-tests.xql; exist-core/src/test/xquery/xqsuite/custom-assertion.xqm; exist-core/src/test/xquery/xqsuite/xqsuite-assertions-dynamic.xqm; exist-core/src/test/xquery/xqsuite/xqsuite-assertions-inline.xqm; exist-core/src/test/xquery/xqsuite/xqsuite-assertions.resources.xqm.ignore; exist-core/src/test/xquery/xquery3/concat.xql; exist-core/src/test/xquery/xquery3/flwor.xql; exist-core/src/test/xquery/xquery3/fnHigherOrderFunctions.xql; exist-core/src/test/xquery/xquery3/fnNilled.xqm; exist-core/src/test/xquery/xquery3/fnSerializeCharacterMaps.xqm; exist-core/src/test/xquery/xquery3/fnSerializeCharacterMapsInvParam.xqm; exist-core/src/test/xquery/xquery3/fnSerializeNewline.xqm; exist-core/src/test/xquery/xquery3/higher-order.xqm; exist-core/src/test/xquery/xquery3/json-to-xml.xql; exist-core/src/test/xquery/xquery3/serialize.xql; exist-core/src/test/xquery/xquery3/sliding-window.xqm; exist-core/src/test/xquery/xquery3/strconstr.xql; exist-core/src/test/xquery/xquery3/switch.xqm; exist-core/src/test/xquery/xquery3/transform/fnTransform4-5.xqm; exist-core/src/test/xquery/xquery3/transform/fnTransform67.xqm; exist-core/src/test/xquery/xquery3/transform/fnTransform68.xqm; exist-core/src/test/xquery/xquery3/transform/fnTransform74.xqm; exist-core/src/test/xquery/xquery3/transform/fnTransformErr18.xqm; exist-core/src/test/xquery/xquery3/tumbling-window.xqm; exist-core/src/test/xquery/xquery3/typeswitch.xql; exist-core/src/test/xquery/xsuite-declare-xqsuite.xqm; exist-core/src/test/xquery/xsuite-import-xqsuite-location.xqm; exist-core/src/test/xquery/xsuite-import-xqsuite-no-location.xqm; extensions/indexes/lucene/src/test/xquery/lucene/ft-field-types.xqm; extensions/indexes/lucene/src/test/xquery/lucene/ft-query-field.xqm; extensions/indexes/lucene/src/test/xquery/lucene/start-offset.xql; extensions/indexes/lucene/src/test/xquery/lucene/util-expand-highlight.xqm; extensions/indexes/lucene/src/test/xquery/lucene/vector-search.xqm; extensions/indexes/range/src/test/xquery/range/conditions.xql; extensions/modules/compression/example-deflate.xql; extensions/modules/compression/example-untar.xql; extensions/modules/compression/example-unzip.xql; extensions/modules/compression/src/test/xquery/modules/compression/unzip-tests.xql; extensions/modules/compression/src/test/xquery/modules/compression/zip-tests.xql; extensions/modules/expathrepo/src/main/resources/org/exist/xquery/modules/expathrepo/repair.xql; extensions/modules/file/src/test/resources/util/helper.xqm; extensions/modules/file/src/test/xquery/modules/file/serialize.xqm; extensions/modules/file/src/test/xquery/modules/file/sync-serialize.xqm; extensions/modules/file/src/test/xquery/modules/file/sync.xqm; extensions/modules/file/src/test/xquery/modules/file/syncmod.xqm; extensions/modules/jndi/jndiExample.xql; extensions/modules/persistentlogin/src/main/resources/org/exist/xquery/modules/persistentlogin/login.xql; extensions/modules/sql-oracle/src/main/resources/org/exist/xquery/modules/oracle/oracle-example.xql; exist-core/src/test/java/org/exist/xinclude/W3CXIncludeTestSuite.java; exist-core/src/test/java/org/exist/xmldb/CollectionConfigurationTest.java; exist-core/src/test/java/org/exist/util/serializer/HTML5FragmentTest.java; exist-core/src/test/java/org/exist/xquery/StoredModuleTest.java; exist-core/src/test/java/org/exist/xquery/OptimizerTest.java; exist-core/src/test/java/org/exist/xquery/ExpressionVisitorTraversalTest.java; exist-core/src/test/java/org/exist/xquery/value/DateTimeSubtypeCompareTest.java; exist-core/src/test/java/org/exist/xquery/XQueryTest.java; exist-core/src/test/java/org/exist/xquery/XPathQueryTest.java; exist-core/src/test/java/org/exist/xquery/OrderByCountClauseTest.java; exist-core/src/test/java/org/exist/xquery/ContextDependencyRegressionTest.java; exist-core/src/test/java/org/exist/xquery/ValueIndexTest.java; exist-core/src/test/java/org/exist/xquery/DeepEqualTest.java; exist-core/src/test/java/org/exist/xquery/functions/validate/JaxpParseTest.java; exist-core/src/test/java/org/exist/xquery/functions/xmldb/XMLDBAuthenticateTest.java; exist-core/src/test/java/org/exist/xquery/functions/util/Base64FunctionsTest.java; exist-core/src/test/java/org/exist/xquery/functions/util/EvalTest.java; exist-core/src/test/java/org/exist/xquery/WindowClauseTest.java; exist-core/src/test/java/org/exist/security/RestApiSecurityTest.java; exist-core/src/test/java/org/exist/security/XqueryApiTest.java; extensions/modules/sql/src/test/java/org/exist/xquery/modules/sql/ExecuteIT.java
exist-core/src/main/java/org/exist/xquery/functions/fn/FunTrueOrFalse.java,org.exist.xquery.functions.fn.FunTrueOrFalse,false,true,exist-core/src/main/resources/org/exist/xquery/lib/xqsuite/xqsuite.xql; exist-core/src/test/xquery/arrays/arrays.xql; exist-core/src/test/xquery/boolean-sequences.xq; exist-core/src/test/xquery/fn-not.xq; exist-core/src/test/xquery/fn.xql; exist-core/src/test/xquery/literals-in-curlies.xql; exist-core/src/test/xquery/logicalOp/andor.xql; exist-core/src/test/xquery/maps/maps.xqm; exist-core/src/test/xquery/maps/mapsLookup.xql; exist-core/src/test/xquery/namespaces.xql; exist-core/src/test/xquery/nill.xql; exist-core/src/test/xquery/util/eval-with-context.xql; exist-core/src/test/xquery/util/get-fragment-between.xqm; exist-core/src/test/xquery/validation/jaxp.xql; exist-core/src/test/xquery/xqsuite/xqsuite-assertions-dynamic.xqm; exist-core/src/test/xquery/xqsuite/xqsuite-assertions-inline.xqm; exist-core/src/test/xquery/xqsuite/xqsuite-assertions.resources.xqm.ignore; exist-core/src/test/xquery/xquery3/fnHigherOrderFunctions.xql; exist-core/src/test/xquery/xquery3/fnNilled.xqm; exist-core/src/test/xquery/xquery3/fnSerializeNewline.xqm; exist-core/src/test/xquery/xquery3/generate-id.xqm; exist-core/src/test/xquery/xquery3/parse-xml-fragment.xqm; exist-core/src/test/xquery/xquery3/parse-xml.xqm; exist-core/src/test/xquery/xquery3/serialize.xql; exist-core/src/test/xquery/xquery3/sliding-window.xqm; exist-core/src/test/xquery/xquery3/switch.xqm; exist-core/src/test/xquery/xquery3/transform/fnTransform2-3.xqm; exist-core/src/test/xquery/xquery3/transform/fnTransform71.xqm; exist-core/src/test/xquery/xquery3/transform/fnTransform74.xqm; exist-core/src/test/xquery/xquery3/transform/fnTransformParams.xqm; extensions/indexes/lucene/src/test/xquery/lucene/serialize.xql; extensions/indexes/lucene/src/test/xquery/lucene/start-offset.xql; extensions/modules/expathrepo/src/main/resources/org/exist/xquery/modules/expathrepo/repair.xql; extensions/modules/expathrepo/src/test/xquery/modules/expathrepo/deployment.xql; extensions/modules/expathrepo/src/test/xquery/modules/expathrepo/resource-available.xql; extensions/modules/file/src/test/xquery/modules/file/serialize.xqm; extensions/modules/file/src/test/xquery/modules/file/sync-serialize.xqm; extensions/modules/file/src/test/xquery/modules/file/sync.xqm; extensions/modules/file/src/test/xquery/modules/file/syncmod.xqm; extensions/modules/mail/access_imap_mailbox_example.xql; extensions/modules/mail/get_messages_example.xql; extensions/modules/persistentlogin/src/main/resources/org/exist/xquery/modules/persistentlogin/login.xql; exist-core/src/test/java/org/exist/xinclude/W3CXIncludeTestSuite.java; exist-core/src/test/java/org/exist/xquery/StoredModuleTest.java; exist-core/src/test/java/org/exist/xquery/OptimizerTest.java; exist-core/src/test/java/org/exist/xquery/ValueIndexByQNameTest.java; exist-core/src/test/java/org/exist/xquery/ExpressionVisitorTraversalTest.java; exist-core/src/test/java/org/exist/xquery/XPathQueryTest.java; exist-core/src/test/java/org/exist/xquery/ContextDependencyRegressionTest.java; exist-core/src/test/java/org/exist/xquery/ValueIndexTest.java; exist-core/src/test/java/org/exist/xquery/functions/validate/TournamentSchemaLanguageComparisonTest.java; exist-core/src/test/java/org/exist/xquery/functions/validate/NativeSchemaJaxpCatalogGapTest.java; exist-core/src/test/java/org/exist/xquery/functions/validate/JaxpXsdCatalogTest.java; exist-core/src/test/java/org/exist/xquery/functions/validate/JaxpDtdCatalogTest.java; exist-core/src/test/java/org/exist/xquery/functions/validate/ParseXsdNokTest.java; exist-core/src/test/java/org/exist/xquery/functions/validate/ParseDtdNokTest.java; exist-core/src/test/java/org/exist/xquery/functions/xmldb/XMLDBAuthenticateTest.java; exist-core/src/test/java/org/exist/xquery/functions/util/Base64FunctionsTest.java; exist-core/src/test/java/org/exist/xquery/functions/util/EvalTest.java; exist-core/src/test/java/org/exist/xquery/functions/fn/DocTest.java; exist-core/src/test/java/org/exist/security/RestApiSecurityTest.java; exist-core/src/test/java/org/exist/security/XqueryApiTest.java; extensions/modules/persistentlogin/src/test/java/org/exist/xquery/modules/persistentlogin/LoginModuleIT.java
exist-core/src/main/java/org/exist/xquery/functions/fn/FunStringJoin.java,org.exist.xquery.functions.fn.FunStringJoin,string-join,true,exist-core/src/main/resources/org/exist/xquery/lib/xqsuite/xqsuite.xql; exist-core/src/test/xquery/preceding-axis.xql; exist-core/src/test/xquery/xqsuite/custom-assertion.xqm; exist-core/src/test/xquery/xquery3/arrowop.xql; exist-core/src/test/xquery/xquery3/bang.xql; exist-core/src/test/xquery/xquery3/fn.xql; exist-core/src/test/xquery/xquery3/groupby.xql; exist-core/src/test/xquery/xquery3/higher-order.xqm; exist-core/src/test/xquery/xquery3/transform/fnTransform33.xqm; exist-core/src/test/xquery/xquery3/transform/fnTransformParams.xqm; extensions/indexes/lucene/src/test/xquery/lucene/ft-edge.xqm; extensions/indexes/lucene/src/test/xquery/lucene/ft-field-types.xqm; extensions/indexes/lucene/src/test/xquery/lucene/ft-search-binary.xqm; extensions/indexes/lucene/src/test/xquery/lucene/self-axis-index.xqm; extensions/indexes/lucene/src/test/xquery/lucene/util-expand-highlight.xqm; extensions/indexes/range/src/test/xquery/range/multi-collection-search.xqm; extensions/modules/cache/src/test/xquery/modules/cache/cache.xqm; extensions/modules/file/src/test/resources/util/helper.xqm; exist-core/src/test/java/org/exist/xmldb/TreeLevelOrderTest.java; exist-core/src/test/java/org/exist/xquery/DocumentUpdateTest.java; exist-core/src/test/java/org/exist/xquery/FollowingAxisPositionRegressionTest.java; exist-core/src/test/java/org/exist/xquery/IntersectElementReturnTypeTest.java; exist-core/src/test/java/org/exist/xquery/PathExprAtomicRhsTest.java; exist-core/src/test/java/org/exist/xquery/OrderByCountClauseTest.java; exist-core/src/test/java/org/exist/xquery/UnionStepDistributionOptimizerTest.java; exist-core/src/test/java/org/exist/xquery/XQueryFunctionsTest.java; exist-core/src/test/java/org/exist/xquery/functions/request/GetUploadedFileHeadersTest.java; exist-core/src/test/java/org/exist/xquery/functions/fn/FunIndexOfPerformanceTest.java; exist-core/src/test/java/org/exist/xquery/NodeTypeTest.java; exist-core/src/test/java/org/exist/http/RESTServiceTest.java; exist-core/src/test/java/org/exist/http/urlrewrite/UrlRewritePipelineHttpTest.java; exist-core/src/test/java/org/exist/Indexer2Test.java; extensions/indexes/lucene/src/test/java/org/exist/indexing/lucene/FacetPollutionJavaReproducerTest.java; extensions/modules/http-client/src/test/java/org/exist/xquery/modules/httpclient/SendRequestFunctionTest.java
exist-core/src/main/java/org/exist/xquery/functions/fn/FunElementWithId.java,org.exist.xquery.functions.fn.FunElementWithId,element-with-id,true,exist-core/src/test/xquery/xquery3/fnElementWithId.xqm
exist-core/src/main/java/org/exist/xquery/functions/fn/FunParseIetfDate.java,org.exist.xquery.functions.fn.FunParseIetfDate,parse-ietf-date,true,exist-core/src/test/xquery/xquery3/parseIetfDate.xqm
exist-core/src/main/java/org/exist/xquery/functions/fn/FunTrace.java,org.exist.xquery.functions.fn.FunTrace,trace,true,exist-core/src/main/resources/org/exist/xquery/lib/xqsuite/xqsuite.xql; exist-core/src/test/xquery/trace.xql
exist-core/src/main/java/org/exist/xquery/functions/fn/FunUnparsedText.java,org.exist.xquery.functions.fn.FunUnparsedText,unparsed-text,true,exist-core/src/test/xquery/unparsed-text.xql; exist-core/src/test/java/org/exist/xquery/functions/fn/FunUnparsedTextTest.java
exist-core/src/main/java/org/exist/xquery/functions/fn/FunUnparsedText.java,org.exist.xquery.functions.fn.FunUnparsedText,unparsed-text-lines,true,exist-core/src/test/xquery/unparsed-text.xql; exist-core/src/test/java/org/exist/xquery/functions/fn/FunUnparsedTextTest.java
exist-core/src/main/java/org/exist/xquery/functions/fn/FunUnparsedText.java,org.exist.xquery.functions.fn.FunUnparsedText,unparsed-text-available,true,exist-core/src/test/xquery/unparsed-text.xql; exist-core/src/test/java/org/exist/xquery/functions/fn/FunUnparsedTextTest.java
exist-core/src/main/java/org/exist/xquery/functions/fn/FunError.java,org.exist.xquery.functions.fn.FunError,error,true,exist-core/src/main/resources/org/exist/xquery/lib/xqsuite/xqsuite.xql; exist-core/src/test/resources/org/exist/test/runner/failing-both.xqm; exist-core/src/test/resources/org/exist/test/runner/failing-error.xqm; exist-core/src/test/xquery/errors.xql; exist-core/src/test/xquery/simple-map-predicate.xq; exist-core/src/test/xquery/xmldb/store-binary-tests.xql; exist-core/src/test/xquery/xqsuite/custom-assertion.xqm; exist-core/src/test/xquery/xqsuite/xqsuite-assertions-dynamic.xqm; exist-core/src/test/xquery/xqsuite/xqsuite-assertions-inline.xqm; exist-core/src/test/xquery/xqsuite/xqsuite-assertions.resources.xqm.ignore; exist-core/src/test/xquery/xquery3/fnSerializeCharacterMaps026.xqm; exist-core/src/test/xquery/xquery3/generate-id.xqm; extensions/indexes/lucene/src/test/xquery/lucene/vector-search.xqm; extensions/indexes/range/src/test/xquery/range/multi-collection-search.xqm; extensions/indexes/range/src/test/xquery/range/range.xql; extensions/modules/file/src/test/resources/util/helper.xqm; exist-core/src/test/java/org/exist/xquery/xqsuite/XQSuiteTearDownErrorTest.java; exist-core/src/test/java/org/exist/xquery/functions/util/EvalTest.java; exist-core/src/test/java/org/exist/xquery/functions/xquery3/TryCatchTest.java; exist-core/src/test/java/org/exist/collections/triggers/XQueryTrigger2Test.java; exist-core/src/test/java/org/exist/collections/triggers/XQueryTriggerTest.java
exist-core/src/main/java/org/exist/xquery/functions/fn/FunIndexOf.java,org.exist.xquery.functions.fn.FunIndexOf,index-of,true,exist-core/src/test/xquery/xquery3/fnLanguage.xqm; extensions/modules/file/src/test/resources/util/helper.xqm; exist-core/src/test/java/org/exist/xquery/XQueryTest.java; exist-core/src/test/java/org/exist/xquery/functions/fn/FunIndexOfPerformanceTest.java
exist-core/src/main/java/org/exist/xquery/functions/fn/FunNamespaceURIForPrefix.java,org.exist.xquery.functions.fn.FunNamespaceURIForPrefix,namespace-uri-for-prefix,true,exist-core/src/main/resources/org/exist/xquery/lib/xqsuite/xqsuite.xql; exist-core/src/test/xquery/namespaces.xql; exist-core/src/test/java/org/exist/xquery/XmlnsUriEscapeTest.java; exist-core/src/test/java/org/exist/xquery/DirectElementConstructorInScopeNamespaceTest.java
exist-core/src/main/java/org/exist/xquery/functions/fn/JSON.java,org.exist.xquery.functions.fn.JSON,parse-json,true,exist-core/src/test/xquery/arrays/arrays.xql; exist-core/src/test/xquery/maps/mapsLookup.xql; extensions/exquery/restxq/src/test/xquery/restxq/arrays.xq; extensions/modules/http-client/src/test/xquery/http-client-tests.xql; extensions/modules/http-client/src/test/java/org/exist/xquery/modules/httpclient/SendRequestFunctionTest.java
exist-core/src/main/java/org/exist/xquery/functions/fn/JSON.java,org.exist.xquery.functions.fn.JSON,json-doc,true,exist-core/src/test/xquery/arrays/arrays.xql
exist-core/src/main/java/org/exist/xquery/functions/fn/JSON.java,org.exist.xquery.functions.fn.JSON,json-to-xml,true,exist-core/src/test/xquery/xquery3/json-to-xml.xql; exist-core/src/test/xquery/xquery3/xml-to-json.xql
exist-core/src/main/java/org/exist/xquery/functions/fn/JSON.java,org.exist.xquery.functions.fn.JSON,key,true,exist-core/src/test/xquery/maps/maps.xqm; exist-core/src/test/xquery/xqsuite/custom-assertion.xqm; exist-core/src/test/xquery/xquery3/filter-function-items-in-context.xql; exist-core/src/test/xquery/xquery3/fnCollationKey.xqm; exist-core/src/test/xquery/xquery3/fnSort.xql; extensions/indexes/lucene/src/test/xquery/lucene/ft-query-forms.xqm; exist-core/src/test/java/org/exist/xquery/functions/transform/TransformTest.java
exist-core/src/main/java/org/exist/xquery/functions/fn/FnDefaultLanguage.java,org.exist.xquery.functions.fn.FnDefaultLanguage,default-language,true,exist-core/src/test/xquery/xquery3/fnLanguage.xqm; exist-core/src/test/java/org/exist/xquery/XQueryFunctionsTest.java
exist-core/src/main/java/org/exist/xquery/functions/fn/FnOuterMost.java,org.exist.xquery.functions.fn.FnOuterMost,outermost,true,exist-core/src/test/xquery/xquery3/fn.xql
exist-core/src/main/java/org/exist/xquery/functions/fn/FunDateTime.java,org.exist.xquery.functions.fn.FunDateTime,dateTime,true,exist-core/src/main/resources/org/exist/xquery/lib/xqsuite/xqsuite.xql; exist-core/src/test/resources/org/exist/performance/log2html.xql; exist-core/src/test/xquery/binary-value.xqm; exist-core/src/test/xquery/dates/convert-dates.xqm; exist-core/src/test/xquery/dates/format-dates.xql; exist-core/src/test/xquery/inspect/inspect.xql; exist-core/src/test/xquery/xqsuite/xqsuite-tests.xql; exist-core/src/test/xquery/xquery3/dateTimeOverflow.xqm; exist-core/src/test/xquery/xquery3/fnRandomNumberGenerator.xql; exist-core/src/test/xquery/xquery3/parseIetfDate.xqm; exist-core/src/test/xquery/xquery3/serialize.xql; exist-docker/src/test/bats/03-xquery-spec.bats; extensions/indexes/lucene/src/test/xquery/lucene/ft-facets.xqm; extensions/indexes/lucene/src/test/xquery/lucene/ft-search-binary.xqm; extensions/indexes/range/src/test/xquery/range/types.xql; extensions/modules/file/src/test/resources/util/fixtures.xqm; exist-core/src/test/java/org/exist/xmldb/CollectionConfigurationTest.java; exist-core/src/test/java/org/exist/xquery/value/DateTimeSubtypeCompareTest.java; exist-core/src/test/java/org/exist/xquery/XQueryTest.java; exist-core/src/test/java/org/exist/xquery/XPathQueryTest.java; exist-core/src/test/java/org/exist/xquery/XQueryFunctionsTest.java; exist-core/src/test/java/org/exist/storage/StoreBinaryTest.java; exist-core/src/test/java/org/exist/storage/AppendTest.java; exist-core/src/test/java/org/exist/storage/UpdateRecoverTest.java; exist-core/src/test/java/org/exist/http/urlrewrite/UrlRewritePipelineHttpTest.java; exist-core/src/test/java/org/exist/collections/triggers/XQueryTrigger2Test.java; exist-core/src/test/java/org/exist/collections/triggers/XQueryTriggerTest.java
exist-core/src/main/java/org/exist/xquery/functions/fn/FunUriCollection.java,org.exist.xquery.functions.fn.FunUriCollection,uri-collection,true,exist-core/src/test/xquery/xquery3/fnUriCollection.xqm
exist-core/src/main/java/org/exist/xquery/functions/fn/FunDefaultCollation.java,org.exist.xquery.functions.fn.FunDefaultCollation,default-collation,true,exist-core/src/test/xquery/xquery3/fnSort.xql
exist-core/src/main/java/org/exist/xquery/functions/fn/FunAdjustTimezone.java,org.exist.xquery.functions.fn.FunAdjustTimezone,adjust-dateTime-to-timezone,true,exist-core/src/test/xquery/xquery3/dateTimeOverflow.xqm
exist-core/src/main/java/org/exist/xquery/functions/fn/FunAdjustTimezone.java,org.exist.xquery.functions.fn.FunAdjustTimezone,adjust-date-to-timezone,true,exist-core/src/test/xquery/xquery3/dateTimeOverflow.xqm; exist-core/src/test/java/org/exist/xquery/XPathQueryTest.java
exist-core/src/main/java/org/exist/xquery/functions/fn/FunAdjustTimezone.java,org.exist.xquery.functions.fn.FunAdjustTimezone,adjust-time-to-timezone,false,
exist-core/src/main/java/org/exist/xquery/functions/fn/FunXmlToJson.java,org.exist.xquery.functions.fn.FunXmlToJson,xml-to-json,true,exist-core/src/test/xquery/xquery3/xml-to-json.xql; exist-core/src/test/java/org/exist/xquery/functions/fn/FunXmlToJsonTest.java
exist-core/src/main/java/org/exist/xquery/functions/fn/FnInnerMost.java,org.exist.xquery.functions.fn.FnInnerMost,innermost,true,exist-core/src/test/xquery/xquery3/fn.xql
exist-core/src/main/java/org/exist/xquery/functions/fn/ParsingFunctions.java,org.exist.xquery.functions.fn.ParsingFunctions,parse-xml,true,exist-core/src/main/resources/org/exist/xquery/lib/xqsuite/xqsuite.xql; exist-core/src/test/xquery/util/get-fragment-between.xqm; exist-core/src/test/xquery/xmlid.xql; exist-core/src/test/xquery/xquery3/parse-xml.xqm; exist-core/src/test/xquery/xquery3/transform/fnTransform10.xqm; exist-core/src/test/xquery/xquery3/transform/fnTransform12.xqm; exist-core/src/test/xquery/xquery3/transform/fnTransform15.xqm; exist-core/src/test/xquery/xquery3/transform/fnTransform2-3.xqm; exist-core/src/test/xquery/xquery3/transform/fnTransform33.xqm; exist-core/src/test/xquery/xquery3/transform/fnTransform4-5.xqm; exist-core/src/test/xquery/xquery3/transform/fnTransform5.xqm; exist-core/src/test/xquery/xquery3/transform/fnTransform52.xqm; exist-core/src/test/xquery/xquery3/transform/fnTransform53.xqm; exist-core/src/test/xquery/xquery3/transform/fnTransform63.xqm; exist-core/src/test/xquery/xquery3/transform/fnTransform74.xqm; exist-core/src/test/xquery/xquery3/transform/fnTransform79.xqm; exist-core/src/test/xquery/xquery3/transform/fnTransform7c.xqm; exist-core/src/test/xquery/xquery3/transform/fnTransform82e.xqm; exist-core/src/test/xquery/xquery3/transform/fnTransform87.xqm; exist-core/src/test/xquery/xquery3/transform/fnTransformErr16.xqm; exist-core/src/test/xquery/xquery3/transform/fnTransformErr6.xqm; exist-core/src/test/xquery/xquery3/transform/fnTransformParams.xqm; extensions/modules/expathrepo/src/main/resources/org/exist/xquery/modules/expathrepo/repair.xql; exist-core/src/test/java/org/exist/xquery/SelfAxisProcessingInstructionRegressionTest.java; exist-core/src/test/java/org/exist/security/XqueryApiTest.java; exist-core/src/test/java/org/exist/dom/memtree/DocumentBuilderReceiverIntegrationTest.java; extensions/indexes/lucene/src/test/java/xquery/lucene/VectorSearchEmbeddingTest.java; extensions/indexes/lucene/src/test/java/org/exist/indexing/lucene/LuceneIndexTest.java; extensions/indexes/vector-it/src/test/java/xquery/lucene/VectorSearchEmbeddingIT.java
exist-core/src/main/java/org/exist/xquery/functions/fn/ParsingFunctions.java,org.exist.xquery.functions.fn.ParsingFunctions,parse-xml-fragment,true,exist-core/src/test/xquery/xquery3/generate-id.xqm; exist-core/src/test/xquery/xquery3/parse-xml-fragment.xqm; exist-core/src/test/xquery/xquery3/transform/fnTransform7e.xqm
exist-core/src/main/java/org/exist/xquery/functions/fn/FnFormatDates.java,org.exist.xquery.functions.fn.FnFormatDates,format-dateTime,true,exist-core/src/test/xquery/dates/convert-dates.xqm; exist-core/src/test/xquery/dates/format-dates.xql
exist-core/src/main/java/org/exist/xquery/functions/fn/FnFormatDates.java,org.exist.xquery.functions.fn.FnFormatDates,format-date,true,exist-core/src/test/xquery/dates/format-dates.xql; exist-core/src/test/xquery/xquery3/typeswitch.xql
exist-core/src/main/java/org/exist/xquery/functions/fn/FnFormatDates.java,org.exist.xquery.functions.fn.FnFormatDates,format-time,true,exist-core/src/test/xquery/dates/format-dates.xql
exist-core/src/main/java/org/exist/xquery/functions/fn/FunGetDurationComponent.java,org.exist.xquery.functions.fn.FunGetDurationComponent,days-from-duration,false,
exist-core/src/main/java/org/exist/xquery/functions/fn/FunGetDurationComponent.java,org.exist.xquery.functions.fn.FunGetDurationComponent,hours-from-duration,false,
exist-core/src/main/java/org/exist/xquery/functions/fn/FunGetDurationComponent.java,org.exist.xquery.functions.fn.FunGetDurationComponent,minutes-from-duration,false,
exist-core/src/main/java/org/exist/xquery/functions/fn/FunGetDurationComponent.java,org.exist.xquery.functions.fn.FunGetDurationComponent,seconds-from-duration,false,
exist-core/src/main/java/org/exist/xquery/functions/fn/FunGetDurationComponent.java,org.exist.xquery.functions.fn.FunGetDurationComponent,months-from-duration,false,
exist-core/src/main/java/org/exist/xquery/functions/fn/FunGetDurationComponent.java,org.exist.xquery.functions.fn.FunGetDurationComponent,years-from-duration,false,
exist-core/src/main/java/org/exist/xquery/functions/fn/FunReplace.java,org.exist.xquery.functions.fn.FunReplace,replace,true,exist-core/src/main/resources/org/exist/xquery/lib/xqsuite/xqsuite.xql; exist-core/src/test/xquery/util/get-fragment-between.xqm; exist-core/src/test/xquery/xquery3/arrowop.xql; exist-core/src/test/xquery/xquery3/dynamically-declared-vars.xql; exist-core/src/test/xquery/xquery3/replace.xqm; extensions/indexes/range/src/test/xquery/range/range.xql; extensions/modules/expathrepo/src/main/resources/org/exist/xquery/modules/expathrepo/repair.xql; exist-core/src/test/java/org/exist/xquery/XQueryTest.java; exist-core/src/test/java/org/exist/http/PortalRedirectTest.java; exist-core/src/test/java/org/exist/collections/triggers/XQueryTriggerChainTest.java; extensions/indexes/spatial/src/test/java/org/exist/indexing/spatial/GMLIndexTest.java; extensions/modules/mail/src/test/java/org/exist/xquery/modules/mail/SendEmailIT.java
exist-core/src/main/java/org/exist/xquery/functions/fn/FunOnFunctions.java,org.exist.xquery.functions.fn.FunOnFunctions,function-lookup,true,exist-core/src/test/xquery/errors.xql; exist-core/src/test/xquery/xquery3/higher-order.xqm; extensions/indexes/range/src/test/xquery/range/index-keys.xql
exist-core/src/main/java/org/exist/xquery/functions/fn/FunOnFunctions.java,org.exist.xquery.functions.fn.FunOnFunctions,function-name,true,exist-core/src/main/resources/org/exist/test/runner/xquery-discovery.xq; exist-core/src/main/resources/org/exist/xquery/lib/xqsuite/xqsuite.xql; exist-core/src/test/xquery/xquery3/higher-order.xqm
exist-core/src/main/java/org/exist/xquery/functions/fn/FunOnFunctions.java,org.exist.xquery.functions.fn.FunOnFunctions,function-arity,true,exist-core/src/main/resources/org/exist/test/runner/xquery-discovery.xq; exist-core/src/test/xquery/xquery3/filter-function-items-in-context.xql; exist-core/src/test/xquery/xquery3/higher-order.xqm
exist-core/src/main/java/org/exist/xquery/functions/fn/FunCodepointEqual.java,org.exist.xquery.functions.fn.FunCodepointEqual,codepoint-equal,true,exist-core/src/test/xquery/xquery3/fnCodepointEqual.xqm; exist-core/src/test/xquery/xquery3/generate-id.xqm
exist-core/src/main/java/org/exist/xquery/functions/fn/FunNilled.java,org.exist.xquery.functions.fn.FunNilled,nilled,true,exist-core/src/test/xquery/nill.xql; exist-core/src/test/xquery/xquery3/fnNilled.xqm
exist-core/src/main/java/org/exist/xquery/functions/fn/LoadXQueryModule.java,org.exist.xquery.functions.fn.LoadXQueryModule,load-xquery-module,true,exist-core/src/test/xquery/securitymanager/id.xqm; exist-core/src/test/xquery/xqsuite/xqsuite-assertions-dynamic.xqm; exist-core/src/test/xquery/xquery3/load-xquery-module.xql
exist-core/src/main/java/org/exist/xquery/functions/fn/FunStringToCodepoints.java,org.exist.xquery.functions.fn.FunStringToCodepoints,string-to-codepoints,true,exist-core/src/test/xquery/fn.xql; exist-core/src/test/xquery/unicode.xqm
exist-core/src/main/java/org/exist/xquery/functions/fn/FunAnalyzeString.java,org.exist.xquery.functions.fn.FunAnalyzeString,analyze-string,true,exist-core/src/test/xquery/xquery3/analyze-string.xqm; exist-core/src/test/xquery/xquery3/fn.xql; exist-core/src/test/java/org/exist/xquery/functions/fn/RegexXPath4NotImplementedTest.java
exist-core/src/main/java/org/exist/xquery/functions/fn/FunAnalyzeString.java,org.exist.xquery.functions.fn.FunAnalyzeString,match,true,exist-core/src/test/xquery/xqsuite/custom-assertion.xqm; exist-core/src/test/xquery/xquery3/flwor.xql; exist-core/src/test/xquery/xquery3/transform/fnTransformParams.xqm; exist-core/src/test/xquery/xquery3/typeswitch.xql; extensions/indexes/lucene/src/test/xquery/lucene/analyzers-field.xqm; extensions/indexes/lucene/src/test/xquery/lucene/ft-query-field.xqm; extensions/indexes/lucene/src/test/xquery/lucene/ft-query-forms.xqm; extensions/indexes/lucene/src/test/xquery/lucene/indirect-queries.xql; extensions/indexes/lucene/src/test/xquery/lucene/inline-ignore.xql; extensions/indexes/lucene/src/test/xquery/lucene/util-expand-highlight.xqm; extensions/indexes/lucene/src/test/xquery/lucene/vector-search.xqm; extensions/indexes/range/src/test/xquery/range/range.xql; extensions/webdav/src/test/resources/litmus-baseline.txt
exist-core/src/main/java/org/exist/xquery/functions/fn/FunAnalyzeString.java,org.exist.xquery.functions.fn.FunAnalyzeString,group,true,exist-core/src/test/java/org/exist/xquery/functions/securitymanager/GroupManagementFunctionRemoveGroupTest.java; exist-core/src/test/java/org/exist/security/RestApiSecurityTest.java; exist-core/src/test/java/org/exist/security/XqueryApiTest.java
exist-core/src/main/java/org/exist/xquery/functions/fn/FunAnalyzeString.java,org.exist.xquery.functions.fn.FunAnalyzeString,nr,true,exist-core/src/test/xquery/xquery3/fnPath.xqm
exist-core/src/main/java/org/exist/xquery/functions/fn/FunAnalyzeString.java,org.exist.xquery.functions.fn.FunAnalyzeString,non-match,false,
exist-core/src/main/java/org/exist/xquery/functions/fn/FunAnalyzeString.java,org.exist.xquery.functions.fn.FunAnalyzeString,analyze-string-result,false,
exist-core/src/main/java/org/exist/xquery/functions/fn/FunBaseURI.java,org.exist.xquery.functions.fn.FunBaseURI,base-uri,true,exist-core/src/test/xquery/base-uri.xql; exist-core/src/test/xquery/indexing/indexes-base-uri.xq; exist-core/src/test/xquery/xquery3/higher-order.xqm; exist-core/src/test/xquery/xquery3/transform/fnTransform5052.xqm; exist-core/src/test/java/org/exist/xquery/XQueryTest.java
exist-core/src/main/java/org/exist/xquery/functions/fn/FunBaseURI.java,org.exist.xquery.functions.fn.FunBaseURI,static-base-uri,true,exist-core/src/test/xquery/xquery3/higher-order.xqm
exist-core/src/main/java/org/exist/xquery/functions/fn/ExtCollection.java,org.exist.xquery.functions.fn.ExtCollection,collection,true,exist-core/src/main/resources/org/exist/xquery/lib/xqsuite/examples.xql; exist-core/src/main/resources/org/exist/xquery/lib/xqsuite/xqsuite.xql; exist-core/src/test/xquery/arrays/arrays.xql; exist-core/src/test/xquery/axes-persistent-nodes.xqm; exist-core/src/test/xquery/axes.xql; exist-core/src/test/xquery/base-uri.xql; exist-core/src/test/xquery/binary-value.xqm; exist-core/src/test/xquery/collations.xq; exist-core/src/test/xquery/count.xql; exist-core/src/test/xquery/document-nodes.xq; exist-core/src/test/xquery/exceptOperator.xql; exist-core/src/test/xquery/fn-not.xq; exist-core/src/test/xquery/fn-position.xqm; exist-core/src/test/xquery/fn.xql; exist-core/src/test/xquery/guest.xql; exist-core/src/test/xquery/indexing/indexes-base-uri.xq; exist-core/src/test/xquery/inspect/inspect.xql; exist-core/src/test/xquery/last.xql; exist-core/src/test/xquery/logicalOp/andor.xql; exist-core/src/test/xquery/npt.xqm; exist-core/src/test/xquery/optimizer/expressions.xqm; exist-core/src/test/xquery/optimizer/positional.xqm; exist-core/src/test/xquery/positional-nested.xql; exist-core/src/test/xquery/preceding-axis.xql; exist-core/src/test/xquery/question-marks-in-contains-function.xql; exist-core/src/test/xquery/securitymanager/id.xqm; exist-core/src/test/xquery/securitymanager/permission-error-codes.xqm; exist-core/src/test/xquery/simple-map-predicate.xq; exist-core/src/test/xquery/system/get-main-module-load-path.xqm; exist-core/src/test/xquery/system/get-module-load-path.xqm; exist-core/src/test/xquery/unicode.xqm; exist-core/src/test/xquery/unparsed-text.xql; exist-core/src/test/xquery/util/document-id.xqm; exist-core/src/test/xquery/util/get-fragment-between.xqm; exist-core/src/test/xquery/validation/jaxp.xql; exist-core/src/test/xquery/validation/jaxv.xql; exist-core/src/test/xquery/xmldb/copy-tests.xql; exist-core/src/test/xquery/xmldb/create-collection-tests.xql; exist-core/src/test/xquery/xmldb/last-modified.xql; exist-core/src/test/xquery/xmldb/permission-tests.xql; exist-core/src/test/xquery/xmldb/reindex-tests.xql; exist-core/src/test/xquery/xmldb/store-binary-tests.xql; exist-core/src/test/xquery/xmlid.xql; exist-core/src/test/xquery/xquery3/flwor.xql; exist-core/src/test/xquery/xquery3/fnExcept.xqm; exist-core/src/test/xquery/xquery3/fnIntersect.xqm; exist-core/src/test/xquery/xquery3/fnUriCollection.xqm; exist-core/src/test/xquery/xquery3/generate-id.xqm; exist-core/src/test/xquery/xquery3/higher-order.xqm; exist-core/src/test/xquery/xquery3/precedingFollowingAfterNot.xqm; exist-core/src/test/xquery/xquery3/serialize.xql; exist-core/src/test/xquery/xquery3/transform/doc-as-parameter.xqm; exist-core/src/test/xquery/xquery3/transform/fnTransform5052.xqm; exist-core/src/test/xquery/xquery3/transform/fnTransform5882.xqm; exist-core/src/test/xquery/xquery3/transform/fnTransform6065.xqm; exist-core/src/test/xquery/xquery3/transform/fnTransformIssue4609.xqm; exist-core/src/test/xquery/xquery3/xml-to-json.xql; exist-jetty-config/src/main/resources/webapp/controller.xql; extensions/exquery/restxq/src/test/xquery/restxq/arrays.xq; extensions/indexes/indexes-integration-tests/src/test/xquery/indexing/tests/exist-matches.xqm; extensions/indexes/lucene/src/test/xquery/lucene/analyzers-diacritics.xql; extensions/indexes/lucene/src/test/xquery/lucene/analyzers-english.xql; extensions/indexes/lucene/src/test/xquery/lucene/analyzers-field.xqm; extensions/indexes/lucene/src/test/xquery/lucene/facet-drilldown-highlight.xqm; extensions/indexes/lucene/src/test/xquery/lucene/field-expression-context.xqm; extensions/indexes/lucene/src/test/xquery/lucene/for-variable.xql; extensions/indexes/lucene/src/test/xquery/lucene/ft-attr-context.xql; extensions/indexes/lucene/src/test/xquery/lucene/ft-edge.xqm; extensions/indexes/lucene/src/test/xquery/lucene/ft-expand-highlight.xqm; extensions/indexes/lucene/src/test/xquery/lucene/ft-facets.xqm; extensions/indexes/lucene/src/test/xquery/lucene/ft-field-types.xqm; extensions/indexes/lucene/src/test/xquery/lucene/ft-match.xql; extensions/indexes/lucene/src/test/xquery/lucene/ft-query-field.xqm; extensions/indexes/lucene/src/test/xquery/lucene/ft-query-forms.xqm; extensions/indexes/lucene/src/test/xquery/lucene/ft-search-binary.xqm; extensions/indexes/lucene/src/test/xquery/lucene/ignore-condition.xql; extensions/indexes/lucene/src/test/xquery/lucene/index-keys.xql; extensions/indexes/lucene/src/test/xquery/lucene/indirect-queries.xql; extensions/indexes/lucene/src/test/xquery/lucene/inline-elements.xql; extensions/indexes/lucene/src/test/xquery/lucene/inline-ignore.xql; extensions/indexes/lucene/src/test/xquery/lucene/match-highlighting.xql; extensions/indexes/lucene/src/test/xquery/lucene/optimizer-ft.xql; extensions/indexes/lucene/src/test/xquery/lucene/parenthesized-context.xql; extensions/indexes/lucene/src/test/xquery/lucene/parenthesized-location-step.xql; extensions/indexes/lucene/src/test/xquery/lucene/reindex-second-store.xqm; extensions/indexes/lucene/src/test/xquery/lucene/self-axis-index.xqm; extensions/indexes/lucene/src/test/xquery/lucene/serialize.xql; extensions/indexes/lucene/src/test/xquery/lucene/start-offset.xql; extensions/indexes/lucene/src/test/xquery/lucene/unicode-supplementary-lucene.xql; extensions/indexes/lucene/src/test/xquery/lucene/util-expand-highlight.xqm; extensions/indexes/lucene/src/test/xquery/lucene/vector-search.xqm; extensions/indexes/ngram/src/test/xquery/ngram/for-variable.xql; extensions/indexes/ngram/src/test/xquery/ngram/match-highlighting-ngram.xql; extensions/indexes/ngram/src/test/xquery/ngram/unicode-supplementary-ngram.xql; extensions/indexes/range/src/test/xquery/range/conditions.xql; extensions/indexes/range/src/test/xquery/range/field-type.xql; extensions/indexes/range/src/test/xquery/range/fields.xql; extensions/indexes/range/src/test/xquery/range/for-variable.xql; extensions/indexes/range/src/test/xquery/range/index-keys.xql; extensions/indexes/range/src/test/xquery/range/multi-collection-search.xqm; extensions/indexes/range/src/test/xquery/range/optimizer.xql; extensions/indexes/range/src/test/xquery/range/prefixed-conditions.xql; extensions/indexes/range/src/test/xquery/range/range.xql; extensions/indexes/range/src/test/xquery/range/types.xql; extensions/indexes/range/src/test/xquery/range/unicode-supplementary-range.xql; extensions/indexes/range/src/test/xquery/range/updates.xql; extensions/modules/expathrepo/src/main/resources/org/exist/xquery/modules/expathrepo/repair.xql; extensions/modules/expathrepo/src/test/xquery/modules/expathrepo/deployment.xql; extensions/modules/expathrepo/src/test/xquery/modules/expathrepo/resource-available.xql; extensions/modules/file/src/test/resources/util/helper.xqm; extensions/modules/file/src/test/xquery/modules/file/sync-serialize.xqm; extensions/modules/image/src/test/xquery/modules/image/scale.xqm; extensions/modules/xmldiff/src/test/xquery/modules/xmldiff/compare.xqm; extensions/modules/xmldiff/src/test/xquery/modules/xmldiff/diff.xqm; exist-core/src/test/java/org/exist/xmldb/concurrent/action/XQueryUpdateAction.java; exist-core/src/test/java/org/exist/xmldb/concurrent/ConcurrentResourceTest3.java; exist-core/src/test/java/org/exist/xmldb/concurrent/ConcurrentResourceTest2.java; exist-core/src/test/java/org/exist/xquery/DocumentUpdateTest.java; exist-core/src/test/java/org/exist/xquery/xqsuite/XQSuiteTearDownErrorTest.java; exist-core/src/test/java/org/exist/xquery/XPathQueryTest.java; exist-core/src/test/java/org/exist/xquery/functions/validate/JingOnvdlTest.java; exist-core/src/test/java/org/exist/xquery/functions/fn/CollectionTest.java; exist-core/src/test/java/org/exist/xquery/NodeTypeTest.java; exist-core/src/test/java/org/exist/security/RestApiSecurityTest.java; exist-core/src/test/java/org/exist/security/XqueryApiTest.java; exist-core/src/test/java/org/exist/security/FnCollectionSecurityTest.java; exist-core/src/test/java/org/exist/security/SecurityManagerTest.java; exist-core/src/test/java/org/exist/storage/lock/ProtectedModeTest.java; exist-core/src/test/java/org/exist/storage/lock/DeadlockIT.java; exist-core/src/test/java/org/exist/xupdate/StressTest.java; exist-core/src/test/java/org/exist/dom/memtree/DOMIndexerTest.java; exist-core/src/test/java/org/exist/xmlrpc/MoveResourceTest.java; exist-core/src/test/java/org/exist/collections/triggers/XQueryTrigger2Test.java; exist-core/src/test/java/org/exist/collections/triggers/XQueryTriggerTest.java; exist-core/src/test/java/org/exist/collections/triggers/XQueryTriggerChainTest.java; exist-core/src/test/java/org/exist/collections/ConcurrencyTest.java; extensions/indexes/indexes-integration-tests/src/test/java/org/exist/indexing/EnforceIndexUseTest.java; extensions/indexes/lucene/src/test/java/xquery/lucene/VectorSearchEmbeddingTest.java; extensions/indexes/lucene/src/test/java/org/exist/indexing/lucene/SerializeAttrMatchesTest.java; extensions/indexes/ngram/src/test/java/org/exist/indexing/ngram/CustomIndexTest.java; extensions/indexes/range/src/test/java/org/exist/xquery/modules/range/ForBoundXmlIdRegressionTest.java; extensions/indexes/range/src/test/java/org/exist/xquery/modules/range/AttributeEqIndexConsistencyTest.java; extensions/indexes/vector-it/src/test/java/xquery/lucene/VectorSearchEmbeddingIT.java; extensions/modules/expathrepo/src/test/java/org/exist/repo/PackageTriggerIT.java
exist-core/src/main/java/org/exist/xquery/functions/fn/FunSerialize.java,org.exist.xquery.functions.fn.FunSerialize,serialize,true,exist-core/src/main/resources/org/exist/xquery/lib/xqsuite/xqsuite.xql; exist-core/src/test/xquery/arrays/arrays.xql; exist-core/src/test/xquery/maps/maps.xqm; exist-core/src/test/xquery/maps/mapsLookup.xql; exist-core/src/test/xquery/xqsuite/custom-assertion.xqm; exist-core/src/test/xquery/xquery3/bindingConflict.xqm; exist-core/src/test/xquery/xquery3/fnSerializeCharacterMaps.xqm; exist-core/src/test/xquery/xquery3/fnSerializeCharacterMaps026.xqm; exist-core/src/test/xquery/xquery3/fnSerializeCharacterMapsInvParam.xqm; exist-core/src/test/xquery/xquery3/fnSerializeNewline.xqm; exist-core/src/test/xquery/xquery3/serialize.xql; exist-core/src/test/xquery/xquery3/transform/fnTransform5052.xqm; extensions/exquery/restxq/src/test/xquery/restxq/arrays.xq; extensions/indexes/lucene/src/test/xquery/lucene/serialize.xql; extensions/indexes/lucene/src/test/xquery/lucene/start-offset.xql; extensions/modules/file/src/test/xquery/modules/file/serialize.xqm; exist-core/src/test/java/org/exist/xinclude/W3CXIncludeTestSuite.java; exist-core/src/test/java/org/exist/util/serializer/HTML5FragmentTest.java; exist-core/src/test/java/org/exist/xquery/xqsuite/XQSuiteTearDownErrorTest.java; exist-core/src/test/java/org/exist/xquery/XPathQueryTest.java; exist-core/src/test/java/org/exist/xquery/functions/util/EvalTest.java; extensions/modules/mail/src/test/java/org/exist/xquery/modules/mail/SendEmailIT.java
exist-core/src/main/java/org/exist/xquery/functions/fn/QNameFunctions.java,org.exist.xquery.functions.fn.QNameFunctions,prefix-from-QName,true,exist-core/src/main/resources/org/exist/test/runner/xquery-discovery.xq; exist-core/src/test/java/org/exist/xquery/XQueryFunctionsTest.java
exist-core/src/main/java/org/exist/xquery/functions/fn/QNameFunctions.java,org.exist.xquery.functions.fn.QNameFunctions,local-name-from-QName,true,exist-core/src/main/resources/org/exist/test/runner/xquery-discovery.xq
exist-core/src/main/java/org/exist/xquery/functions/fn/QNameFunctions.java,org.exist.xquery.functions.fn.QNameFunctions,namespace-uri-from-QName,true,exist-core/src/main/resources/org/exist/test/runner/xquery-discovery.xq; exist-core/src/main/resources/org/exist/xquery/lib/xqsuite/xqsuite.xql
exist-core/src/main/java/org/exist/xquery/functions/fn/FnFormatNumbers.java,org.exist.xquery.functions.fn.FnFormatNumbers,format-number,true,exist-core/src/test/xquery/numbers/format-numbers.xql
exist-core/src/main/java/org/exist/xquery/functions/fn/FunInScopePrefixes.java,org.exist.xquery.functions.fn.FunInScopePrefixes,in-scope-prefixes,true,exist-core/src/main/resources/org/exist/xquery/lib/xqsuite/xqsuite.xql; exist-core/src/test/xquery/namespaces.xql; exist-core/src/test/xquery/xquery3/copy-namespaces-no-inherit.xqm; exist-core/src/test/xquery/xquery3/copy-namespaces.xqm
exist-core/src/main/java/org/exist/xquery/functions/fn/FunResolveQName.java,org.exist.xquery.functions.fn.FunResolveQName,resolve-QName,true,exist-core/src/test/java/org/exist/xquery/XQueryFunctionsTest.java
exist-core/src/main/java/org/exist/xquery/functions/fn/FunTokenize.java,org.exist.xquery.functions.fn.FunTokenize,tokenize,true,exist-core/src/main/resources/org/exist/xquery/lib/xqsuite/xqsuite.xql; exist-core/src/test/xquery/arrays/arrays.xql; exist-core/src/test/xquery/fn.xql; exist-core/src/test/xquery/xquery3/arrowop.xql; exist-core/src/test/xquery/xquery3/strconstr.xql; exist-core/src/test/xquery/xquery3/tumbling-window.xqm; extensions/indexes/lucene/src/test/xquery/lucene/ft-facets.xqm; extensions/indexes/range/src/test/xquery/range/multi-collection-search.xqm; exist-core/src/test/java/org/exist/xquery/XQueryFunctionsTest.java; exist-core/src/test/java/org/exist/xquery/functions/fn/FunStrLengthTest.java
exist-core/src/main/java/org/exist/xquery/functions/fn/FunContainsToken.java,org.exist.xquery.functions.fn.FunContainsToken,contains-token,true,exist-core/src/test/xquery/xquery3/fn.xql; exist-core/src/test/java/org/exist/xquery/functions/fn/ContainsTokenEmptyCollationTest.java
exist-core/src/main/java/org/exist/xquery/functions/fn/FnRandomNumberGenerator.java,org.exist.xquery.functions.fn.FnRandomNumberGenerator,random-number-generator,true,exist-core/src/test/xquery/xquery3/fnRandomNumberGenerator.xql; exist-core/src/test/java/org/exist/storage/RemoveCollectionIT.java; exist-core/src/test/java/org/exist/storage/lock/ProtectedModeTest.java; exist-core/src/test/java/org/exist/storage/lock/DeadlockIT.java; exist-core/src/test/java/org/exist/xmlrpc/QuerySessionTest.java
exist-core/src/main/java/org/exist/xquery/functions/fn/FnRandomNumberGenerator.java,org.exist.xquery.functions.fn.FnRandomNumberGenerator,random-number-generator-next,false,
exist-core/src/main/java/org/exist/xquery/functions/fn/FnRandomNumberGenerator.java,org.exist.xquery.functions.fn.FnRandomNumberGenerator,random-number-generator-permute,false,
exist-core/src/main/java/org/exist/xquery/functions/fn/FnFormatIntegers.java,org.exist.xquery.functions.fn.FnFormatIntegers,format-integer,true,exist-core/src/test/xquery/numbers/format-integers.xql
exist-core/src/main/java/org/exist/xquery/functions/fn/FunGetDateComponent.java,org.exist.xquery.functions.fn.FunGetDateComponent,day-from-date,true,extensions/indexes/lucene/src/test/xquery/lucene/ft-facets.xqm
exist-core/src/main/java/org/exist/xquery/functions/fn/FunGetDateComponent.java,org.exist.xquery.functions.fn.FunGetDateComponent,month-from-date,false,
exist-core/src/main/java/org/exist/xquery/functions/fn/FunGetDateComponent.java,org.exist.xquery.functions.fn.FunGetDateComponent,year-from-date,true,extensions/indexes/lucene/src/test/xquery/lucene/ft-facets.xqm
exist-core/src/main/java/org/exist/xquery/functions/fn/FunGetDateComponent.java,org.exist.xquery.functions.fn.FunGetDateComponent,timezone-from-date,false,
exist-core/src/main/java/org/exist/xquery/functions/fn/FunGetDateComponent.java,org.exist.xquery.functions.fn.FunGetDateComponent,hours-from-time,false,
exist-core/src/main/java/org/exist/xquery/functions/fn/FunGetDateComponent.java,org.exist.xquery.functions.fn.FunGetDateComponent,minutes-from-time,false,
exist-core/src/main/java/org/exist/xquery/functions/fn/FunGetDateComponent.java,org.exist.xquery.functions.fn.FunGetDateComponent,seconds-from-time,false,
exist-core/src/main/java/org/exist/xquery/functions/fn/FunGetDateComponent.java,org.exist.xquery.functions.fn.FunGetDateComponent,timezone-from-time,false,
exist-core/src/main/java/org/exist/xquery/functions/fn/FunGetDateComponent.java,org.exist.xquery.functions.fn.FunGetDateComponent,day-from-dateTime,false,
exist-core/src/main/java/org/exist/xquery/functions/fn/FunGetDateComponent.java,org.exist.xquery.functions.fn.FunGetDateComponent,month-from-dateTime,true,exist-core/src/test/java/org/exist/xquery/XQueryFunctionsTest.java
exist-core/src/main/java/org/exist/xquery/functions/fn/FunGetDateComponent.java,org.exist.xquery.functions.fn.FunGetDateComponent,year-from-dateTime,false,
exist-core/src/main/java/org/exist/xquery/functions/fn/FunGetDateComponent.java,org.exist.xquery.functions.fn.FunGetDateComponent,hours-from-dateTime,false,
exist-core/src/main/java/org/exist/xquery/functions/fn/FunGetDateComponent.java,org.exist.xquery.functions.fn.FunGetDateComponent,minutes-from-dateTime,false,
exist-core/src/main/java/org/exist/xquery/functions/fn/FunGetDateComponent.java,org.exist.xquery.functions.fn.FunGetDateComponent,seconds-from-dateTime,true,exist-core/src/test/java/org/exist/xquery/XQueryFunctionsTest.java
exist-core/src/main/java/org/exist/xquery/functions/fn/FunGetDateComponent.java,org.exist.xquery.functions.fn.FunGetDateComponent,timezone-from-dateTime,false,
exist-core/src/main/java/org/exist/xquery/functions/fn/FunSort.java,org.exist.xquery.functions.fn.FunSort,sort,true,exist-core/src/test/xquery/arrays/arrays.xql; exist-core/src/test/xquery/maps/maps.xqm; exist-core/src/test/xquery/xmldb/last-modified.xql; exist-core/src/test/xquery/xquery3/fnSort.xql; extensions/indexes/lucene/src/test/xquery/lucene/ft-facets.xqm; extensions/indexes/lucene/src/test/xquery/lucene/ft-field-types.xqm; extensions/indexes/lucene/src/test/xquery/lucene/ft-query-field.xqm; extensions/modules/cache/src/test/xquery/modules/cache/cache.xqm
exist-core/src/main/java/org/exist/xquery/functions/fn/FunRound.java,org.exist.xquery.functions.fn.FunRound,round,true,exist-core/src/test/resources/org/exist/performance/log2html.xql; exist-core/src/test/xquery/numbers/fn-round.xqm; exist-core/src/test/java/org/exist/xquery/XPathQueryTest.java
exist-core/src/main/java/org/exist/xquery/functions/fn/FunRoundHalfToEven.java,org.exist.xquery.functions.fn.FunRoundHalfToEven,round-half-to-even,true,exist-core/src/test/xquery/numbers/fn-round.xqm; exist-core/src/test/java/org/exist/xquery/XQueryFunctionsTest.java
exist-core/src/main/java/org/exist/xquery/functions/fn/FunEscapeURI.java,org.exist.xquery.functions.fn.FunEscapeURI,escape-uri,false,
exist-core/src/main/java/org/exist/xquery/functions/transform/Transform.java,org.exist.xquery.functions.transform.Transform,transform,true,exist-core/src/test/xquery/transform/catalog.xql; exist-core/src/test/xquery/unicode.xqm; exist-core/src/test/xquery/xquery3/transform/doc-as-parameter.xqm; exist-core/src/test/xquery/xquery3/transform/fnTransform10.xqm; exist-core/src/test/xquery/xquery3/transform/fnTransform11.xqm; exist-core/src/test/xquery/xquery3/transform/fnTransform12.xqm; exist-core/src/test/xquery/xquery3/transform/fnTransform15.xqm; exist-core/src/test/xquery/xquery3/transform/fnTransform2-3.xqm; exist-core/src/test/xquery/xquery3/transform/fnTransform33.xqm; exist-core/src/test/xquery/xquery3/transform/fnTransform4-5.xqm; exist-core/src/test/xquery/xquery3/transform/fnTransform5.xqm; exist-core/src/test/xquery/xquery3/transform/fnTransform5052.xqm; exist-core/src/test/xquery/xquery3/transform/fnTransform52.xqm; exist-core/src/test/xquery/xquery3/transform/fnTransform53.xqm; exist-core/src/test/xquery/xquery3/transform/fnTransform5882.xqm; exist-core/src/test/xquery/xquery3/transform/fnTransform6065.xqm; exist-core/src/test/xquery/xquery3/transform/fnTransform63.xqm; exist-core/src/test/xquery/xquery3/transform/fnTransform66.xqm; exist-core/src/test/xquery/xquery3/transform/fnTransform67.xqm; exist-core/src/test/xquery/xquery3/transform/fnTransform68.xqm; exist-core/src/test/xquery/xquery3/transform/fnTransform71.xqm; exist-core/src/test/xquery/xquery3/transform/fnTransform74.xqm; exist-core/src/test/xquery/xquery3/transform/fnTransform79.xqm; exist-core/src/test/xquery/xquery3/transform/fnTransform7c.xqm; exist-core/src/test/xquery/xquery3/transform/fnTransform7e.xqm; exist-core/src/test/xquery/xquery3/transform/fnTransform82e.xqm; exist-core/src/test/xquery/xquery3/transform/fnTransform84.xqm; exist-core/src/test/xquery/xquery3/transform/fnTransform87.xqm; exist-core/src/test/xquery/xquery3/transform/fnTransformErr16.xqm; exist-core/src/test/xquery/xquery3/transform/fnTransformErr18.xqm; exist-core/src/test/xquery/xquery3/transform/fnTransformErr6.xqm; exist-core/src/test/xquery/xquery3/transform/fnTransformErr9.xqm; exist-core/src/test/xquery/xquery3/transform/fnTransformIssue4609.xqm; exist-core/src/test/xquery/xquery3/transform/fnTransformParams.xqm; exist-core/src/test/java/org/exist/xquery/TransformTest.java; exist-core/src/test/java/org/exist/xquery/XQueryTest.java; exist-core/src/test/java/org/exist/xquery/functions/transform/TransformTest.java; exist-core/src/test/java/org/exist/xquery/functions/transform/ImportLocalStylesheetTest.java; extensions/indexes/spatial/src/test/java/org/exist/indexing/spatial/GMLIndexTest.java
exist-core/src/main/java/org/exist/xquery/functions/transform/Transform.java,org.exist.xquery.functions.transform.Transform,stream-transform,false,
exist-core/src/main/java/org/exist/xquery/functions/validation/GrammarTooling.java,org.exist.xquery.functions.validation.GrammarTooling,clear-grammar-cache,true,exist-core/src/test/java/org/exist/xquery/functions/validate/JaxpParseTest.java; exist-core/src/test/java/org/exist/xquery/functions/validate/NativeSchemaJaxpCatalogGapTest.java; exist-core/src/test/java/org/exist/xquery/functions/validate/JaxpXsdCatalogTest.java; exist-core/src/test/java/org/exist/xquery/functions/validate/JaxpDtdCatalogTest.java; exist-core/src/test/java/org/exist/validation/CollectionConfigurationValidationModeTest.java
exist-core/src/main/java/org/exist/xquery/functions/validation/GrammarTooling.java,org.exist.xquery.functions.validation.GrammarTooling,show-grammar-cache,false,
exist-core/src/main/java/org/exist/xquery/functions/validation/GrammarTooling.java,org.exist.xquery.functions.validation.GrammarTooling,pre-parse-grammar,true,exist-core/src/test/java/org/exist/xquery/functions/validate/JaxpParseTest.java
exist-core/src/main/java/org/exist/xquery/functions/validation/Jing.java,org.exist.xquery.functions.validation.Jing,jing,true,exist-core/src/test/java/org/exist/xquery/functions/validate/AdditionalJingXsdRngTest.java; exist-core/src/test/java/org/exist/xquery/functions/validate/JingOnvdlTest.java; exist-core/src/test/java/org/exist/xquery/functions/validate/JingSchematronTest.java; exist-core/src/test/java/org/exist/xquery/functions/validate/JingRelaxNgTest.java
exist-core/src/main/java/org/exist/xquery/functions/validation/Jing.java,org.exist.xquery.functions.validation.Jing,jing-report,true,exist-core/src/test/java/org/exist/xquery/functions/validate/TournamentSchemaLanguageComparisonTest.java; exist-core/src/test/java/org/exist/xquery/functions/validate/JingOnvdlTest.java; exist-core/src/test/java/org/exist/xquery/functions/validate/JingSchematronTest.java; exist-core/src/test/java/org/exist/xquery/functions/validate/JingXsdTest.java; exist-core/src/test/java/org/exist/xquery/functions/validate/JingRelaxNgTest.java
exist-core/src/main/java/org/exist/xquery/functions/validation/Jaxp.java,org.exist.xquery.functions.validation.Jaxp,jaxp,true,exist-core/src/test/xquery/validation/jaxp.xql; exist-core/src/test/xquery/validation/jaxv.xql; exist-core/src/test/java/org/exist/xquery/functions/validate/JaxpXsdCatalogTest.java
exist-core/src/main/java/org/exist/xquery/functions/validation/Jaxp.java,org.exist.xquery.functions.validation.Jaxp,jaxp-report,true,exist-core/src/test/xquery/validation/jaxp.xql; exist-core/src/test/java/org/exist/xquery/functions/validate/TournamentSchemaLanguageComparisonTest.java; exist-core/src/test/java/org/exist/xquery/functions/validate/NativeSchemaJaxpCatalogGapTest.java; exist-core/src/test/java/org/exist/xquery/functions/validate/JaxpXsdCatalogTest.java; exist-core/src/test/java/org/exist/xquery/functions/validate/JaxpDtdCatalogTest.java; exist-core/src/test/java/org/exist/xquery/functions/validate/ParseXsdNokTest.java; exist-core/src/test/java/org/exist/xquery/functions/validate/ParseDtdNokTest.java
exist-core/src/main/java/org/exist/xquery/functions/validation/Jaxp.java,org.exist.xquery.functions.validation.Jaxp,jaxp-parse,true,exist-core/src/test/xquery/validation/jaxp.xql; exist-core/src/test/java/org/exist/xquery/functions/validate/JaxpParseTest.java; exist-core/src/test/java/org/exist/xquery/functions/validate/JaxpXsdCatalogTest.java
exist-core/src/main/java/org/exist/xquery/functions/validation/Jaxv.java,org.exist.xquery.functions.validation.Jaxv,jaxv,true,exist-core/src/test/xquery/validation/jaxp.xql; exist-core/src/test/xquery/validation/jaxv.xql; exist-core/src/test/java/org/exist/xquery/functions/validate/JaxvTest.java
exist-core/src/main/java/org/exist/xquery/functions/validation/Jaxv.java,org.exist.xquery.functions.validation.Jaxv,jaxv-report,true,exist-core/src/test/xquery/validation/jaxv.xql; exist-core/src/test/java/org/exist/xquery/functions/validate/NativeSchemaJaxpCatalogGapTest.java; exist-core/src/test/java/org/exist/xquery/functions/validate/JaxvTest.java
exist-core/src/main/java/org/exist/xquery/functions/session/Invalidate.java,org.exist.xquery.functions.session.Invalidate,invalidate,true,extensions/modules/persistentlogin/src/main/resources/org/exist/xquery/modules/persistentlogin/login.xql; exist-core/src/test/java/org/exist/xquery/functions/xmldb/XMLDBAuthenticateTest.java; exist-core/src/test/java/org/exist/xquery/functions/session/AttributeTest.java
exist-core/src/main/java/org/exist/xquery/functions/session/EncodeURL.java,org.exist.xquery.functions.session.EncodeURL,encode-url,false,
exist-core/src/main/java/org/exist/xquery/functions/session/RemoveAttribute.java,org.exist.xquery.functions.session.RemoveAttribute,remove-attribute,false,
exist-core/src/main/java/org/exist/xquery/functions/session/Create.java,org.exist.xquery.functions.session.Create,create,true,exist-core/src/test/xquery/xquery3/higher-order.xqm; extensions/modules/cache/src/test/xquery/modules/cache/cache.xqm; extensions/modules/jndi/jndiExample.xql; exist-core/src/test/java/org/exist/xquery/functions/xmldb/XMLDBAuthenticateTest.java; exist-core/src/test/java/org/exist/xquery/functions/session/AttributeTest.java; exist-core/src/test/java/org/exist/xquery/NodeTypeTest.java; extensions/modules/counter/src/test/java/org/exist/xquery/modules/counter/CounterTest.java
exist-core/src/main/java/org/exist/xquery/functions/session/GetCreationTime.java,org.exist.xquery.functions.session.GetCreationTime,get-creation-time,false,
exist-core/src/main/java/org/exist/xquery/functions/session/SetCurrentUser.java,org.exist.xquery.functions.session.SetCurrentUser,set-current-user,false,
exist-core/src/main/java/org/exist/xquery/functions/session/GetLastAccessedTime.java,org.exist.xquery.functions.session.GetLastAccessedTime,get-last-accessed-time,false,
exist-core/src/main/java/org/exist/xquery/functions/session/GetExists.java,org.exist.xquery.functions.session.GetExists,exists,true,exist-core/src/main/resources/org/exist/test/runner/xquery-discovery.xq; exist-core/src/main/resources/org/exist/xquery/lib/kwic.xql; exist-core/src/main/resources/org/exist/xquery/lib/xqsuite/examples.xql; exist-core/src/main/resources/org/exist/xquery/lib/xqsuite/xqsuite.xql; exist-core/src/test/xquery/axes-persistent-nodes.xqm; exist-core/src/test/xquery/errors.xql; exist-core/src/test/xquery/xqsuite/custom-assertion.xqm; exist-core/src/test/xquery/xquery3/castable-untyped-atomic.xqm; exist-core/src/test/xquery/xquery3/fn.xql; exist-core/src/test/xquery/xquery3/fnNilled.xqm; exist-core/src/test/xquery/xquery3/higher-order.xqm; exist-core/src/test/xquery/xquery3/precedingFollowingAfterNot.xqm; extensions/indexes/lucene/src/test/xquery/lucene/analyzers-english.xql; extensions/indexes/lucene/src/test/xquery/lucene/facet-drilldown-highlight.xqm; extensions/indexes/lucene/src/test/xquery/lucene/field-expression-context.xqm; extensions/indexes/lucene/src/test/xquery/lucene/ft-facets.xqm; extensions/indexes/lucene/src/test/xquery/lucene/ft-query-forms.xqm; extensions/indexes/range/src/test/xquery/range/multi-collection-search.xqm; extensions/modules/cache/src/test/xquery/modules/cache/cache.xqm; extensions/modules/expathrepo/src/main/resources/org/exist/xquery/modules/expathrepo/repair.xql; extensions/modules/expathrepo/src/test/xquery/modules/expathrepo/deployment.xql; extensions/modules/file/src/test/resources/util/helper.xqm; extensions/modules/persistentlogin/src/main/resources/org/exist/xquery/modules/persistentlogin/login.xql; exist-core/src/test/java/org/exist/xquery/XQueryTest.java; exist-core/src/test/java/org/exist/xquery/UnionStepDistributionOptimizerTest.java; exist-core/src/test/java/org/exist/xquery/XQueryFunctionsTest.java; exist-core/src/test/java/org/exist/xquery/functions/map/MapEntryRegressionTest.java; exist-core/src/test/java/org/exist/security/RestApiSecurityTest.java; exist-core/src/test/java/org/exist/security/XqueryApiTest.java; extensions/modules/http-client/src/test/java/org/exist/xquery/modules/httpclient/SendRequestFunctionTest.java
exist-core/src/main/java/org/exist/xquery/functions/session/GetID.java,org.exist.xquery.functions.session.GetID,get-id,false,
exist-core/src/main/java/org/exist/xquery/functions/session/Clear.java,org.exist.xquery.functions.session.Clear,clear,false,
exist-core/src/main/java/org/exist/xquery/functions/session/SetAttribute.java,org.exist.xquery.functions.session.SetAttribute,set-attribute,true,extensions/modules/persistentlogin/src/main/resources/org/exist/xquery/modules/persistentlogin/login.xql; exist-core/src/test/java/org/exist/xquery/functions/session/AttributeTest.java
exist-core/src/main/java/org/exist/xquery/functions/session/GetAttributeNames.java,org.exist.xquery.functions.session.GetAttributeNames,get-attribute-names,false,
exist-core/src/main/java/org/exist/xquery/functions/session/GetMaxInactiveInterval.java,org.exist.xquery.functions.session.GetMaxInactiveInterval,get-max-inactive-interval,false,
exist-core/src/main/java/org/exist/xquery/functions/session/GetAttribute.java,org.exist.xquery.functions.session.GetAttribute,get-attribute,true,extensions/modules/persistentlogin/src/main/resources/org/exist/xquery/modules/persistentlogin/login.xql; exist-core/src/test/java/org/exist/xquery/functions/session/AttributeTest.java
exist-core/src/main/java/org/exist/xquery/functions/session/SetMaxInactiveInterval.java,org.exist.xquery.functions.session.SetMaxInactiveInterval,set-max-inactive-interval,false,
exist-core/src/main/java/org/exist/backup/xquery/RetrieveBackup.java,org.exist.backup.xquery.RetrieveBackup,retrieve,true,extensions/indexes/lucene/src/test/xquery/lucene/ft-match.xql
exist-core/src/main/java/org/exist/backup/xquery/ListBackups.java,org.exist.backup.xquery.ListBackups,list,true,extensions/modules/cache/src/test/xquery/modules/cache/cache.xqm; extensions/modules/expathrepo/src/main/resources/org/exist/xquery/modules/expathrepo/repair.xql; extensions/modules/expathrepo/src/test/xquery/modules/expathrepo/deployment.xql; extensions/modules/expathrepo/src/test/xquery/modules/expathrepo/resource-available.xql; extensions/modules/file/src/test/resources/util/helper.xqm; extensions/modules/file/src/test/xquery/modules/file/directory-list.xqm; extensions/modules/mail/access_imap_mailbox_example.xql; extensions/modules/mail/get_messages_example.xql
exist-core/src/main/java/org/exist/backup/xquery/ListBackups.java,org.exist.backup.xquery.ListBackups,directory,true,extensions/modules/file/src/test/xquery/modules/file/binary-nested-in-map.xqm; extensions/modules/file/src/test/xquery/modules/file/read-binary.xqm; extensions/modules/file/src/test/xquery/modules/file/serialize.xqm; extensions/modules/file/src/test/xquery/modules/file/sync-serialize.xqm; extensions/modules/file/src/test/xquery/modules/file/sync.xqm; extensions/modules/file/src/test/xquery/modules/file/syncmod.xqm
exist-core/src/main/java/org/exist/backup/xquery/ListBackups.java,org.exist.backup.xquery.ListBackups,backup,false,
extensions/contentextraction/src/main/java/org/exist/contentextraction/xquery/ContentFunctions.java,org.exist.contentextraction.xquery.ContentFunctions,get-metadata,true,extensions/indexes/lucene/src/test/xquery/lucene/field-expression-context.xqm; extensions/contentextraction/src/test/java/org/exist/contentextraction/xquery/ContentFunctionsTest.java
extensions/contentextraction/src/main/java/org/exist/contentextraction/xquery/ContentFunctions.java,org.exist.contentextraction.xquery.ContentFunctions,get-metadata-and-content,true,extensions/contentextraction/src/test/java/org/exist/contentextraction/xquery/ContentFunctionsTest.java
extensions/contentextraction/src/main/java/org/exist/contentextraction/xquery/ContentFunctions.java,org.exist.contentextraction.xquery.ContentFunctions,stream-content,false,
extensions/contentextraction/src/main/java/org/exist/contentextraction/xquery/ContentFunctions.java,org.exist.contentextraction.xquery.ContentFunctions,html,true,exist-core/src/main/resources/org/exist/xquery/lib/xqsuite/xqsuite.xql; exist-core/src/test/java/org/exist/xquery/functions/util/ParseHtmlTest.java
extensions/contentextraction/src/main/java/org/exist/contentextraction/xquery/ContentFunctions.java,org.exist.contentextraction.xquery.ContentFunctions,head,true,exist-core/src/test/xquery/arrays/arrays.xql; exist-core/src/test/xquery/system/get-main-module-load-path.xqm; exist-core/src/test/xquery/system/get-module-load-path.xqm; exist-core/src/test/xquery/xquery3/serialize.xql; extensions/indexes/lucene/src/test/xquery/lucene/ft-query-field.xqm; extensions/indexes/range/src/test/xquery/range/multi-collection-search.xqm
extensions/contentextraction/src/main/java/org/exist/contentextraction/xquery/ContentFunctions.java,org.exist.contentextraction.xquery.ContentFunctions,meta,false,
extensions/exiftool/src/main/java/org/exist/exiftool/xquery/MetadataFunctions.java,org.exist.exiftool.xquery.MetadataFunctions,get-metadata,true,extensions/indexes/lucene/src/test/xquery/lucene/field-expression-context.xqm; extensions/contentextraction/src/test/java/org/exist/contentextraction/xquery/ContentFunctionsTest.java
extensions/expath/src/main/java/org/expath/exist/ZipEntryFunctions.java,org.expath.exist.ZipEntryFunctions,binary-entry,false,
extensions/expath/src/main/java/org/expath/exist/ZipEntryFunctions.java,org.expath.exist.ZipEntryFunctions,html-entry,false,
extensions/expath/src/main/java/org/expath/exist/ZipEntryFunctions.java,org.expath.exist.ZipEntryFunctions,text-entry,false,
extensions/expath/src/main/java/org/expath/exist/ZipEntryFunctions.java,org.expath.exist.ZipEntryFunctions,xml-entry,false,
extensions/expath/src/main/java/org/expath/exist/ZipFileFunctions.java,org.expath.exist.ZipFileFunctions,entries,false,
extensions/expath/src/main/java/org/expath/exist/ZipFileFunctions.java,org.expath.exist.ZipFileFunctions,update,true,extensions/indexes/range/src/test/xquery/range/index-keys.xql; exist-core/src/test/java/org/exist/xmldb/concurrent/action/XQueryUpdateAction.java; exist-core/src/test/java/org/exist/xquery/XQueryTest.java; exist-core/src/test/java/org/exist/collections/triggers/XQueryTriggerTest.java
extensions/expath/src/main/java/org/expath/exist/ZipFileFunctions.java,org.expath.exist.ZipFileFunctions,file,true,exist-docker/src/test/bats/04-webdav-litmus.bats; extensions/modules/file/src/test/xquery/modules/file/sync.xqm
extensions/expath/src/main/java/org/expath/exist/ZipFileFunctions.java,org.expath.exist.ZipFileFunctions,href,false,
extensions/expath/src/main/java/org/expath/exist/ZipFileFunctions.java,org.expath.exist.ZipFileFunctions,dir,false,
extensions/expath/src/main/java/org/expath/exist/ZipFileFunctions.java,org.expath.exist.ZipFileFunctions,name,true,exist-core/src/main/resources/org/exist/test/runner/xquery-discovery.xq; exist-core/src/main/resources/org/exist/xquery/lib/kwic.xql; exist-core/src/main/resources/org/exist/xquery/lib/xqsuite/xqsuite.xql; exist-core/src/test/resources/org/exist/test/runner/failing-both.xqm; exist-core/src/test/xquery/arrays/arrays.xql; exist-core/src/test/xquery/axes.xql; exist-core/src/test/xquery/document-nodes.xq; exist-core/src/test/xquery/exceptOperator.xql; exist-core/src/test/xquery/maps/mapKeySameKey.xqm; exist-core/src/test/xquery/maps/maps.xqm; exist-core/src/test/xquery/namespaces.xql; exist-core/src/test/xquery/no-static-typing.xqm; exist-core/src/test/xquery/optimizer/expressions.xqm; exist-core/src/test/xquery/preceding-axis.xql; exist-core/src/test/xquery/simple-map-predicate.xq; exist-core/src/test/xquery/types.xql; exist-core/src/test/xquery/unicode.xqm; exist-core/src/test/xquery/util/document-id.xqm; exist-core/src/test/xquery/util/expand.xqm; exist-core/src/test/xquery/xmldb/copy-tests.xql; exist-core/src/test/xquery/xmldb/permission-tests.xql; exist-core/src/test/xquery/xqsuite/xqsuite-tests.xql; exist-core/src/test/xquery/xquery3/arrowop.xql; exist-core/src/test/xquery/xquery3/bang.xql; exist-core/src/test/xquery/xquery3/flwor.xql; exist-core/src/test/xquery/xquery3/fn.xql; exist-core/src/test/xquery/xquery3/fnElementWithId.xqm; exist-core/src/test/xquery/xquery3/fnId.xqm; exist-core/src/test/xquery/xquery3/fnSort.xql; exist-core/src/test/xquery/xquery3/higher-order.xqm; exist-core/src/test/xquery/xquery3/load-xquery-module.xql; exist-core/src/test/xquery/xquery3/serialize.xql; exist-core/src/test/xquery/xquery3/transform/fnTransform82e.xqm; exist-core/src/test/xquery/xquery3/transform/fnTransformParams.xqm; exist-jetty-config/src/main/resources/webapp/controller.xql; extensions/indexes/lucene/src/test/xquery/lucene/analyzers-field.xqm; extensions/indexes/lucene/src/test/xquery/lucene/field-expression-context.xqm; extensions/indexes/lucene/src/test/xquery/lucene/ft-edge.xqm; extensions/indexes/lucene/src/test/xquery/lucene/ft-query-forms.xqm; extensions/indexes/range/src/test/xquery/range/multi-collection-search.xqm; extensions/indexes/range/src/test/xquery/range/optimizer.xql; extensions/indexes/range/src/test/xquery/range/range.xql; extensions/modules/expathrepo/src/test/xquery/modules/expathrepo/deployment.xql; extensions/modules/http-client/src/test/xquery/http-client-tests.xql; extensions/modules/jndi/jndiExample.xql; exist-core/src/test/java/org/exist/xquery/AbstractDescendantOrSelfNodeKindTest.java; exist-core/src/test/java/org/exist/xquery/FollowingAxisPositionRegressionTest.java; exist-core/src/test/java/org/exist/xquery/IntersectElementReturnTypeTest.java; exist-core/src/test/java/org/exist/xquery/CompAttrConstructorErrorCodeTest.java; exist-core/src/test/java/org/exist/xquery/XQueryTest.java; exist-core/src/test/java/org/exist/xquery/XPathQueryTest.java; exist-core/src/test/java/org/exist/xquery/ContextDependencyRegressionTest.java; exist-core/src/test/java/org/exist/xquery/XQueryFunctionsTest.java; exist-core/src/test/java/org/exist/xquery/functions/request/GetUploadedFileHeadersTest.java; exist-core/src/test/java/org/exist/xquery/functions/transform/TransformTest.java; exist-core/src/test/java/org/exist/IndexerTest.java; exist-core/src/test/java/org/exist/xupdate/StressTest.java; exist-core/src/test/java/org/exist/http/urlrewrite/UrlRewritePipelineHttpTest.java; exist-core/src/test/java/org/exist/dom/persistent/BasicNodeSetTest.java; exist-core/src/test/java/org/exist/collections/ConcurrencyTest.java; extensions/indexes/lucene/src/test/java/org/exist/indexing/lucene/LuceneIndexTest.java; extensions/modules/http-client/src/test/java/org/exist/xquery/modules/httpclient/SendRequestFunctionTest.java
extensions/expath/src/main/java/org/expath/exist/ZipFileFunctions.java,org.expath.exist.ZipFileFunctions,entry,true,exist-core/src/main/resources/org/exist/xquery/lib/xqsuite/xqsuite.xql; exist-core/src/test/xquery/maps/mapKeySameKey.xqm; exist-core/src/test/xquery/maps/maps.xqm; exist-core/src/test/xquery/optimizer/expressions.xqm; exist-core/src/test/xquery/xquery3/serialize.xql; extensions/indexes/lucene/src/test/xquery/lucene/unicode-supplementary-lucene.xql; extensions/indexes/ngram/src/test/xquery/ngram/unicode-supplementary-ngram.xql; extensions/indexes/range/src/test/xquery/range/unicode-supplementary-range.xql; exist-core/src/test/java/org/exist/xquery/functions/map/MapEntryRegressionTest.java
extensions/exquery/modules/request/src/main/java/org/exist/extensions/exquery/modules/request/URIFunctions.java,org.exist.extensions.exquery.modules.request.URIFunctions,scheme,true,exist-core/src/test/xquery/unparsed-text.xql
extensions/exquery/modules/request/src/main/java/org/exist/extensions/exquery/modules/request/URIFunctions.java,org.exist.extensions.exquery.modules.request.URIFunctions,hostname,false,
extensions/exquery/modules/request/src/main/java/org/exist/extensions/exquery/modules/request/URIFunctions.java,org.exist.extensions.exquery.modules.request.URIFunctions,port,true,exist-core/src/test/xquery/validation/jaxp.xql; exist-core/src/test/xquery/validation/jaxv.xql; exist-core/src/test/xquery/xquery3/higher-order.xqm; exist-core/src/test/java/org/exist/xquery/functions/validate/TournamentSchemaLanguageComparisonTest.java; exist-core/src/test/java/org/exist/xquery/functions/validate/NativeSchemaJaxpCatalogGapTest.java; exist-core/src/test/java/org/exist/xquery/functions/validate/JaxpXsdCatalogTest.java; exist-core/src/test/java/org/exist/xquery/functions/validate/JaxpDtdCatalogTest.java; exist-core/src/test/java/org/exist/xquery/functions/validate/JingOnvdlTest.java; exist-core/src/test/java/org/exist/xquery/functions/validate/ParseXsdNokTest.java; exist-core/src/test/java/org/exist/xquery/functions/validate/JingSchematronTest.java; exist-core/src/test/java/org/exist/xquery/functions/validate/JingXsdTest.java; exist-core/src/test/java/org/exist/xquery/functions/validate/ParseDtdNokTest.java; exist-core/src/test/java/org/exist/xquery/functions/validate/JaxvTest.java; exist-core/src/test/java/org/exist/xquery/functions/validate/JingRelaxNgTest.java
extensions/exquery/modules/request/src/main/java/org/exist/extensions/exquery/modules/request/URIFunctions.java,org.exist.extensions.exquery.modules.request.URIFunctions,path,true,exist-core/src/main/resources/org/exist/xquery/lib/xqsuite/examples.xql; exist-core/src/test/xquery/axes.xql; exist-core/src/test/xquery/npt.xqm; exist-core/src/test/xquery/positional-nested.xql; exist-core/src/test/xquery/system/get-main-module-load-path.xqm; exist-core/src/test/xquery/system/get-module-load-path.xqm; exist-core/src/test/xquery/unparsed-text.xql; exist-core/src/test/xquery/util/document-id.xqm; exist-core/src/test/xquery/xmldb/create-collection-tests.xql; exist-core/src/test/xquery/xqsuite/xqsuite-tests.xql; exist-core/src/test/xquery/xquery3/bang.xql; exist-core/src/test/xquery/xquery3/fnPath.xqm; exist-core/src/test/xquery/xquery3/higher-order.xqm; exist-core/src/test/xquery/xquery3/load-xquery-module.xql; exist-docker/src/test/bats/03-xquery-spec.bats; extensions/exquery/restxq/src/test/xquery/restxq/arrays.xq; extensions/indexes/lucene/src/test/xquery/lucene/ft-edge.xqm; extensions/indexes/lucene/src/test/xquery/lucene/ft-facets.xqm; extensions/indexes/lucene/src/test/xquery/lucene/ft-query-forms.xqm; extensions/modules/file/src/test/resources/util/helper.xqm; extensions/modules/persistentlogin/src/main/resources/org/exist/xquery/modules/persistentlogin/login.xql; exist-core/src/test/java/org/exist/xquery/DocumentUpdateTest.java; exist-core/src/test/java/org/exist/xquery/functions/inspect/InspectModuleTest.java; exist-core/src/test/java/org/exist/http/RESTServiceTest.java; extensions/exquery/restxq/src/test/java/org/exist/extensions/exquery/restxq/impl/LibraryCircularDependencyIntegrationTest.java; extensions/exquery/restxq/src/test/java/org/exist/extensions/exquery/restxq/impl/MediaTypeIntegrationTest.java
extensions/exquery/modules/request/src/main/java/org/exist/extensions/exquery/modules/request/URIFunctions.java,org.exist.extensions.exquery.modules.request.URIFunctions,query,true,exist-core/src/main/resources/org/exist/xquery/lib/xqsuite/examples.xql; exist-core/src/test/xquery/errors.xql; exist-core/src/test/xquery/xquery3/transform/fnTransform5052.xqm; extensions/indexes/indexes-integration-tests/src/test/xquery/indexing/tests/exist-matches.xqm; extensions/indexes/lucene/src/test/xquery/lucene/analyzers-diacritics.xql; extensions/indexes/lucene/src/test/xquery/lucene/analyzers-english.xql; extensions/indexes/lucene/src/test/xquery/lucene/analyzers-field.xqm; extensions/indexes/lucene/src/test/xquery/lucene/facet-drilldown-highlight.xqm; extensions/indexes/lucene/src/test/xquery/lucene/field-expression-context.xqm; extensions/indexes/lucene/src/test/xquery/lucene/for-variable.xql; extensions/indexes/lucene/src/test/xquery/lucene/ft-attr-context.xql; extensions/indexes/lucene/src/test/xquery/lucene/ft-edge.xqm; extensions/indexes/lucene/src/test/xquery/lucene/ft-expand-highlight.xqm; extensions/indexes/lucene/src/test/xquery/lucene/ft-facets.xqm; extensions/indexes/lucene/src/test/xquery/lucene/ft-field-types.xqm; extensions/indexes/lucene/src/test/xquery/lucene/ft-match.xql; extensions/indexes/lucene/src/test/xquery/lucene/ft-query-field.xqm; extensions/indexes/lucene/src/test/xquery/lucene/ft-query-forms.xqm; extensions/indexes/lucene/src/test/xquery/lucene/ignore-condition.xql; extensions/indexes/lucene/src/test/xquery/lucene/indirect-queries.xql; extensions/indexes/lucene/src/test/xquery/lucene/inline-elements.xql; extensions/indexes/lucene/src/test/xquery/lucene/inline-ignore.xql; extensions/indexes/lucene/src/test/xquery/lucene/match-highlighting.xql; extensions/indexes/lucene/src/test/xquery/lucene/optimizer-ft.xql; extensions/indexes/lucene/src/test/xquery/lucene/parenthesized-context.xql; extensions/indexes/lucene/src/test/xquery/lucene/parenthesized-location-step.xql; extensions/indexes/lucene/src/test/xquery/lucene/reindex-second-store.xqm; extensions/indexes/lucene/src/test/xquery/lucene/self-axis-index.xqm; extensions/indexes/lucene/src/test/xquery/lucene/serialize.xql; extensions/indexes/lucene/src/test/xquery/lucene/start-offset.xql; extensions/indexes/lucene/src/test/xquery/lucene/unicode-supplementary-lucene.xql; extensions/indexes/lucene/src/test/xquery/lucene/util-expand-highlight.xqm; extensions/indexes/lucene/src/test/xquery/lucene/vector-search.xqm; extensions/indexes/range/src/test/xquery/range/range.xql; extensions/indexes/range/src/test/xquery/range/updates.xql; extensions/indexes/lucene/src/test/java/org/exist/indexing/lucene/OptimizerTest.java; extensions/indexes/lucene/src/test/java/org/exist/indexing/lucene/LuceneMatchListenerTest.java; extensions/indexes/lucene/src/test/java/org/exist/indexing/lucene/LuceneIndexTest.java; extensions/indexes/lucene/src/test/java/org/exist/indexing/lucene/SerializeAttrMatchesTest.java; extensions/indexes/lucene/src/test/java/org/exist/indexing/lucene/ConcurrencyTest.java
extensions/exquery/modules/request/src/main/java/org/exist/extensions/exquery/modules/request/URIFunctions.java,org.exist.extensions.exquery.modules.request.URIFunctions,uri,true,exist-core/src/test/xquery/base-uri.xql; exist-core/src/test/xquery/document-nodes.xq; exist-core/src/test/xquery/fn.xql; exist-core/src/test/xquery/indexing/indexes-base-uri.xq; exist-core/src/test/xquery/unparsed-text.xql; exist-core/src/test/xquery/xquery3/copy-namespaces-no-inherit.xqm; exist-core/src/test/xquery/xquery3/copy-namespaces.xqm; exist-core/src/test/xquery/xquery3/fnCollationKey.xqm; exist-core/src/test/xquery/xquery3/fnRefs.xql; exist-core/src/test/xquery/xquery3/fnUriCollection.xqm; exist-core/src/test/xquery/xquery3/higher-order.xqm; exist-core/src/test/xquery/xquery3/transform/fnTransform33.xqm; exist-core/src/test/xquery/xquery3/transform/fnTransform5052.xqm; exist-core/src/test/xquery/xquery3/transform/fnTransformParams.xqm; exist-jetty-config/src/main/resources/webapp/controller.xql; extensions/modules/expathrepo/expathrepo-trigger-test/src/main/xar-resources/controller.xql; exist-core/src/test/java/org/exist/xquery/XmlnsUriEscapeTest.java; exist-core/src/test/java/org/exist/xquery/CompAttrConstructorErrorCodeTest.java; exist-core/src/test/java/org/exist/xquery/XQueryTest.java; exist-core/src/test/java/org/exist/xquery/XPathQueryTest.java; exist-core/src/test/java/org/exist/xquery/XQueryFunctionsTest.java; exist-core/src/test/java/org/exist/http/RESTServiceTest.java; extensions/modules/http-client/src/test/java/org/exist/xquery/modules/httpclient/SendRequestFunctionTest.java
extensions/exquery/modules/request/src/main/java/org/exist/extensions/exquery/modules/request/ParameterFunctions.java,org.exist.extensions.exquery.modules.request.ParameterFunctions,parameter-names,true,exist-core/src/test/java/org/exist/xquery/functions/request/GetParameterTest.java; exist-core/src/test/java/org/exist/http/urlrewrite/UrlRewritePipelineHttpTest.java
extensions/exquery/modules/request/src/main/java/org/exist/extensions/exquery/modules/request/ParameterFunctions.java,org.exist.extensions.exquery.modules.request.ParameterFunctions,parameter,true,exist-core/src/test/xquery/function.xql; exist-core/src/test/xquery/xquery3/function-arity-error.xqm; exist-core/src/test/xquery/xquery3/higher-order.xqm; exist-core/src/test/xquery/xquery3/transform/fnTransform5882.xqm; exist-jetty-config/src/main/resources/webapp/controller.xql; extensions/modules/persistentlogin/src/main/resources/org/exist/xquery/modules/persistentlogin/login.xql; exist-core/src/test/java/org/exist/xquery/functions/util/EvalTest.java; exist-core/src/test/java/org/exist/xquery/functions/request/GetUploadedFileHeadersTest.java; exist-core/src/test/java/org/exist/xquery/functions/request/GetParameterTest.java; exist-core/src/test/java/org/exist/http/RESTServiceTest.java; exist-core/src/test/java/org/exist/http/urlrewrite/UrlRewritePipelineHttpTest.java
extensions/exquery/modules/request/src/main/java/org/exist/extensions/exquery/modules/request/ConnectionFunctions.java,org.exist.extensions.exquery.modules.request.ConnectionFunctions,address,false,
extensions/exquery/modules/request/src/main/java/org/exist/extensions/exquery/modules/request/ConnectionFunctions.java,org.exist.extensions.exquery.modules.request.ConnectionFunctions,remote-hostname,false,
extensions/exquery/modules/request/src/main/java/org/exist/extensions/exquery/modules/request/ConnectionFunctions.java,org.exist.extensions.exquery.modules.request.ConnectionFunctions,remote-address,false,
extensions/exquery/modules/request/src/main/java/org/exist/extensions/exquery/modules/request/ConnectionFunctions.java,org.exist.extensions.exquery.modules.request.ConnectionFunctions,remote-port,false,
extensions/exquery/modules/request/src/main/java/org/exist/extensions/exquery/modules/request/GeneralFunctions.java,org.exist.extensions.exquery.modules.request.GeneralFunctions,method,true,exist-core/src/test/xquery/xquery3/serialize.xql; extensions/exquery/restxq/src/test/xquery/restxq/arrays.xq; exist-core/src/test/java/org/exist/xquery/functions/request/PatchTest.java; exist-core/src/test/java/org/exist/http/urlrewrite/UrlRewritePipelineHttpTest.java; extensions/exquery/restxq/src/test/java/org/exist/extensions/exquery/restxq/impl/MediaTypeIntegrationTest.java
extensions/exquery/modules/request/src/main/java/org/exist/extensions/exquery/modules/request/HeaderFunctions.java,org.exist.extensions.exquery.modules.request.HeaderFunctions,header-names,true,exist-core/src/test/java/org/exist/http/urlrewrite/UrlRewritePipelineHttpTest.java
extensions/exquery/modules/request/src/main/java/org/exist/extensions/exquery/modules/request/HeaderFunctions.java,org.exist.extensions.exquery.modules.request.HeaderFunctions,header,true,exist-jetty-config/src/main/resources/webapp/controller.xql; exist-core/src/test/java/org/exist/xquery/functions/request/GetHeaderTest.java; exist-core/src/test/java/org/exist/http/RESTServiceTest.java; exist-core/src/test/java/org/exist/http/urlrewrite/UrlRewritePipelineHttpTest.java
extensions/exquery/modules/request/src/main/java/org/exist/extensions/exquery/modules/request/CookieFunctions.java,org.exist.extensions.exquery.modules.request.CookieFunctions,cookie,true,extensions/modules/persistentlogin/src/main/resources/org/exist/xquery/modules/persistentlogin/login.xql
extensions/exquery/restxq/src/main/java/org/exist/extensions/exquery/restxq/impl/xquery/UriFunctions.java,org.exist.extensions.exquery.restxq.impl.xquery.UriFunctions,base-uri,true,exist-core/src/test/xquery/base-uri.xql; exist-core/src/test/xquery/indexing/indexes-base-uri.xq; exist-core/src/test/xquery/xquery3/higher-order.xqm; exist-core/src/test/xquery/xquery3/transform/fnTransform5052.xqm; exist-core/src/test/java/org/exist/xquery/XQueryTest.java
extensions/exquery/restxq/src/main/java/org/exist/extensions/exquery/restxq/impl/xquery/UriFunctions.java,org.exist.extensions.exquery.restxq.impl.xquery.UriFunctions,uri,true,exist-core/src/test/xquery/base-uri.xql; exist-core/src/test/xquery/document-nodes.xq; exist-core/src/test/xquery/fn.xql; exist-core/src/test/xquery/indexing/indexes-base-uri.xq; exist-core/src/test/xquery/unparsed-text.xql; exist-core/src/test/xquery/xquery3/copy-namespaces-no-inherit.xqm; exist-core/src/test/xquery/xquery3/copy-namespaces.xqm; exist-core/src/test/xquery/xquery3/fnCollationKey.xqm; exist-core/src/test/xquery/xquery3/fnRefs.xql; exist-core/src/test/xquery/xquery3/fnUriCollection.xqm; exist-core/src/test/xquery/xquery3/higher-order.xqm; exist-core/src/test/xquery/xquery3/transform/fnTransform33.xqm; exist-core/src/test/xquery/xquery3/transform/fnTransform5052.xqm; exist-core/src/test/xquery/xquery3/transform/fnTransformParams.xqm; exist-jetty-config/src/main/resources/webapp/controller.xql; extensions/modules/expathrepo/expathrepo-trigger-test/src/main/xar-resources/controller.xql; exist-core/src/test/java/org/exist/xquery/XmlnsUriEscapeTest.java; exist-core/src/test/java/org/exist/xquery/CompAttrConstructorErrorCodeTest.java; exist-core/src/test/java/org/exist/xquery/XQueryTest.java; exist-core/src/test/java/org/exist/xquery/XPathQueryTest.java; exist-core/src/test/java/org/exist/xquery/XQueryFunctionsTest.java; exist-core/src/test/java/org/exist/http/RESTServiceTest.java; extensions/modules/http-client/src/test/java/org/exist/xquery/modules/httpclient/SendRequestFunctionTest.java
extensions/exquery/restxq/src/main/java/org/exist/extensions/exquery/restxq/impl/xquery/exist/RegistryFunctions.java,org.exist.extensions.exquery.restxq.impl.xquery.exist.RegistryFunctions,find-resource-functions,false,
extensions/exquery/restxq/src/main/java/org/exist/extensions/exquery/restxq/impl/xquery/exist/RegistryFunctions.java,org.exist.extensions.exquery.restxq.impl.xquery.exist.RegistryFunctions,register-module,false,
extensions/exquery/restxq/src/main/java/org/exist/extensions/exquery/restxq/impl/xquery/exist/RegistryFunctions.java,org.exist.extensions.exquery.restxq.impl.xquery.exist.RegistryFunctions,deregister-module,false,
extensions/exquery/restxq/src/main/java/org/exist/extensions/exquery/restxq/impl/xquery/exist/RegistryFunctions.java,org.exist.extensions.exquery.restxq.impl.xquery.exist.RegistryFunctions,register-resource-function,false,
extensions/exquery/restxq/src/main/java/org/exist/extensions/exquery/restxq/impl/xquery/exist/RegistryFunctions.java,org.exist.extensions.exquery.restxq.impl.xquery.exist.RegistryFunctions,deregister-resource-function,false,
extensions/exquery/restxq/src/main/java/org/exist/extensions/exquery/restxq/impl/xquery/exist/RegistryFunctions.java,org.exist.extensions.exquery.restxq.impl.xquery.exist.RegistryFunctions,invalid-modules,false,
extensions/exquery/restxq/src/main/java/org/exist/extensions/exquery/restxq/impl/xquery/exist/RegistryFunctions.java,org.exist.extensions.exquery.restxq.impl.xquery.exist.RegistryFunctions,missing-dependencies,false,
extensions/exquery/restxq/src/main/java/org/exist/extensions/exquery/restxq/impl/xquery/exist/RegistryFunctions.java,org.exist.extensions.exquery.restxq.impl.xquery.exist.RegistryFunctions,dependencies,true,exist-core/src/test/xquery/xquery3/higher-order.xqm
extensions/exquery/restxq/src/main/java/org/exist/extensions/exquery/restxq/impl/xquery/exist/RegistryFunctions.java,org.exist.extensions.exquery.restxq.impl.xquery.exist.RegistryFunctions,missing-dependency,false,
extensions/exquery/restxq/src/main/java/org/exist/extensions/exquery/restxq/impl/xquery/exist/RegistryFunctions.java,org.exist.extensions.exquery.restxq.impl.xquery.exist.RegistryFunctions,required-by,false,
extensions/exquery/restxq/src/main/java/org/exist/extensions/exquery/restxq/impl/xquery/exist/RegistryFunctions.java,org.exist.extensions.exquery.restxq.impl.xquery.exist.RegistryFunctions,module,true,exist-core/src/test/xquery/inspect/inspect.xql; exist-core/src/test/xquery/securitymanager/id.xqm; exist-core/src/test/xquery/system/get-main-module-load-path.xqm; exist-core/src/test/xquery/system/get-module-load-path.xqm; exist-core/src/test/xquery/xqsuite/xqsuite-assertions-dynamic.xqm; exist-core/src/test/xquery/xquery3/higher-order.xqm; exist-core/src/test/xquery/xquery3/load-xquery-module.xql; exist-core/src/test/java/org/exist/xquery/StoredModuleTest.java; exist-core/src/test/java/org/exist/xquery/functions/inspect/InspectModuleTest.java
extensions/exquery/restxq/src/main/java/org/exist/extensions/exquery/restxq/impl/xquery/exist/RegistryFunctions.java,org.exist.extensions.exquery.restxq.impl.xquery.exist.RegistryFunctions,requires,false,
extensions/exquery/restxq/src/main/java/org/exist/extensions/exquery/restxq/impl/xquery/RegistryFunctions.java,org.exist.extensions.exquery.restxq.impl.xquery.RegistryFunctions,resource-functions,true,exist-core/src/test/xquery/xqsuite/xqsuite-assertions-dynamic.xqm; exist-docker/src/test/bats/03-xquery-spec.bats; extensions/exquery/restxq/src/test/java/org/exist/extensions/exquery/restxq/impl/AbstractIntegrationTest.java
extensions/exquery/restxq/src/main/java/org/exist/extensions/exquery/restxq/impl/xquery/RegistryFunctions.java,org.exist.extensions.exquery.restxq.impl.xquery.RegistryFunctions,resource-function,true,exist-core/src/test/xquery/xqsuite/xqsuite-assertions-dynamic.xqm
extensions/exquery/restxq/src/main/java/org/exist/extensions/exquery/restxq/impl/xquery/RegistryFunctions.java,org.exist.extensions.exquery.restxq.impl.xquery.RegistryFunctions,annotations,false,
extensions/exquery/restxq/src/main/java/org/exist/extensions/exquery/restxq/impl/xquery/RegistryFunctions.java,org.exist.extensions.exquery.restxq.impl.xquery.RegistryFunctions,segment,true,exist-core/src/test/xquery/xmldb/create-collection-tests.xql
extensions/exquery/restxq/src/main/java/org/exist/extensions/exquery/restxq/impl/xquery/RegistryFunctions.java,org.exist.extensions.exquery.restxq.impl.xquery.RegistryFunctions,internet-media-type,false,
extensions/exquery/restxq/src/main/java/org/exist/extensions/exquery/restxq/impl/xquery/RegistryFunctions.java,org.exist.extensions.exquery.restxq.impl.xquery.RegistryFunctions,identity,true,exist-core/src/test/xquery/xquery3/function-reference.xqm; exist-core/src/test/xquery/xquery3/generate-id.xqm
extensions/indexes/lucene/src/main/java/org/exist/xquery/modules/lucene/Index.java,org.exist.xquery.modules.lucene.Index,index,true,exist-core/src/test/xquery/arrays/arrays.xql; exist-core/src/test/xquery/xmldb/reindex-tests.xql; extensions/indexes/lucene/src/test/xquery/lucene/analyzers-diacritics.xql; extensions/indexes/lucene/src/test/xquery/lucene/analyzers-english.xql; extensions/indexes/lucene/src/test/xquery/lucene/analyzers-field.xqm; extensions/indexes/lucene/src/test/xquery/lucene/facet-drilldown-highlight.xqm; extensions/indexes/lucene/src/test/xquery/lucene/field-expression-context.xqm; extensions/indexes/lucene/src/test/xquery/lucene/for-variable.xql; extensions/indexes/lucene/src/test/xquery/lucene/ft-attr-context.xql; extensions/indexes/lucene/src/test/xquery/lucene/ft-edge.xqm; extensions/indexes/lucene/src/test/xquery/lucene/ft-facets.xqm; extensions/indexes/lucene/src/test/xquery/lucene/ft-field-types.xqm; extensions/indexes/lucene/src/test/xquery/lucene/ft-match.xql; extensions/indexes/lucene/src/test/xquery/lucene/ft-query-field.xqm; extensions/indexes/lucene/src/test/xquery/lucene/ft-query-forms.xqm; extensions/indexes/lucene/src/test/xquery/lucene/ft-search-binary.xqm; extensions/indexes/lucene/src/test/xquery/lucene/ignore-condition.xql; extensions/indexes/lucene/src/test/xquery/lucene/index-keys.xql; extensions/indexes/lucene/src/test/xquery/lucene/indirect-queries.xql; extensions/indexes/lucene/src/test/xquery/lucene/inline-ignore.xql; extensions/indexes/lucene/src/test/xquery/lucene/match-highlighting.xql; extensions/indexes/lucene/src/test/xquery/lucene/optimizer-ft.xql; extensions/indexes/lucene/src/test/xquery/lucene/parenthesized-context.xql; extensions/indexes/lucene/src/test/xquery/lucene/parenthesized-location-step.xql; extensions/indexes/lucene/src/test/xquery/lucene/reindex-second-store.xqm; extensions/indexes/lucene/src/test/xquery/lucene/self-axis-index.xqm; extensions/indexes/lucene/src/test/xquery/lucene/start-offset.xql; extensions/indexes/lucene/src/test/xquery/lucene/unicode-supplementary-lucene.xql; extensions/indexes/lucene/src/test/xquery/lucene/util-expand-highlight.xqm; extensions/indexes/lucene/src/test/xquery/lucene/vector-search.xqm; extensions/indexes/ngram/src/test/xquery/ngram/for-variable.xql; extensions/indexes/ngram/src/test/xquery/ngram/match-highlighting-ngram.xql; extensions/indexes/ngram/src/test/xquery/ngram/unicode-supplementary-ngram.xql; extensions/indexes/range/src/test/xquery/range/conditions.xql; extensions/indexes/range/src/test/xquery/range/field-type.xql; extensions/indexes/range/src/test/xquery/range/fields.xql; extensions/indexes/range/src/test/xquery/range/for-variable.xql; extensions/indexes/range/src/test/xquery/range/index-keys.xql; extensions/indexes/range/src/test/xquery/range/multi-collection-search.xqm; extensions/indexes/range/src/test/xquery/range/optimizer.xql; extensions/indexes/range/src/test/xquery/range/range.xql; extensions/indexes/range/src/test/xquery/range/types.xql; extensions/indexes/range/src/test/xquery/range/unicode-supplementary-range.xql; extensions/indexes/range/src/test/xquery/range/updates.xql; extensions/modules/file/src/test/resources/util/helper.xqm; exist-core/src/test/java/org/exist/xquery/StoredModuleTest.java; extensions/indexes/lucene/src/test/java/xquery/lucene/VectorSearchEmbeddingTest.java; extensions/indexes/lucene/src/test/java/org/exist/indexing/lucene/FacetPollutionJavaReproducerTest.java; extensions/indexes/vector-it/src/test/java/xquery/lucene/VectorSearchEmbeddingIT.java
extensions/indexes/lucene/src/main/java/org/exist/xquery/modules/lucene/Index.java,org.exist.xquery.modules.lucene.Index,close,true,exist-core/src/test/java/org/exist/xquery/value/BinaryValueFromFileSharedReferenceTest.java
extensions/indexes/lucene/src/main/java/org/exist/xquery/modules/lucene/Optimize.java,org.exist.xquery.modules.lucene.Optimize,optimize,true,extensions/indexes/range/src/test/xquery/range/conditions.xql; extensions/indexes/range/src/test/xquery/range/fields.xql; extensions/indexes/range/src/test/xquery/range/types.xql
extensions/indexes/lucene/src/main/java/org/exist/xquery/modules/lucene/LuceneIndexKeys.java,org.exist.xquery.modules.lucene.LuceneIndexKeys,index-keys-for-field,true,extensions/indexes/lucene/src/test/xquery/lucene/ft-facets.xqm; extensions/indexes/range/src/test/xquery/range/conditions.xql; extensions/indexes/range/src/test/xquery/range/index-keys.xql; extensions/indexes/range/src/test/xquery/range/prefixed-conditions.xql; extensions/indexes/range/src/test/java/org/exist/xquery/modules/range/Issue4074IndexKeysServletContextTest.java
extensions/indexes/lucene/src/main/java/org/exist/xquery/modules/lucene/InspectIndex.java,org.exist.xquery.modules.lucene.InspectIndex,has-index,false,
extensions/indexes/lucene/src/main/java/org/exist/xquery/modules/lucene/RemoveIndex.java,org.exist.xquery.modules.lucene.RemoveIndex,remove-index,false,
extensions/indexes/lucene/src/main/java/org/exist/xquery/modules/lucene/Score.java,org.exist.xquery.modules.lucene.Score,score,true,extensions/indexes/lucene/src/test/xquery/lucene/vector-search.xqm; extensions/indexes/lucene/src/test/java/org/exist/indexing/lucene/LuceneIndexTest.java; extensions/indexes/vector-it/src/test/java/xquery/lucene/VectorSearchEmbeddingIT.java
extensions/indexes/lucene/src/main/java/org/exist/xquery/modules/lucene/QueryVector.java,org.exist.xquery.modules.lucene.QueryVector,query-vector,true,extensions/indexes/lucene/src/test/xquery/lucene/vector-search.xqm; extensions/indexes/lucene/src/test/java/xquery/lucene/VectorSearchEmbeddingTest.java; extensions/indexes/vector-it/src/test/java/xquery/lucene/VectorSearchEmbeddingIT.java
extensions/indexes/lucene/src/main/java/org/exist/xquery/modules/lucene/Search.java,org.exist.xquery.modules.lucene.Search,search,true,extensions/indexes/lucene/src/test/xquery/lucene/analyzers-field.xqm; extensions/indexes/lucene/src/test/xquery/lucene/ft-edge.xqm; extensions/indexes/lucene/src/test/xquery/lucene/ft-search-binary.xqm; extensions/modules/jndi/jndiExample.xql; extensions/indexes/lucene/src/test/java/org/exist/indexing/lucene/FacetPollutionJavaReproducerTest.java
extensions/indexes/lucene/src/main/java/org/exist/xquery/modules/lucene/GetField.java,org.exist.xquery.modules.lucene.GetField,get-field,true,extensions/indexes/lucene/src/test/xquery/lucene/ft-edge.xqm; extensions/indexes/lucene/src/test/xquery/lucene/ft-search-binary.xqm
extensions/indexes/lucene/src/main/java/org/exist/xquery/modules/lucene/Field.java,org.exist.xquery.modules.lucene.Field,field,true,extensions/indexes/lucene/src/test/xquery/lucene/analyzers-field.xqm; extensions/indexes/lucene/src/test/xquery/lucene/for-variable.xql; extensions/indexes/lucene/src/test/xquery/lucene/ft-edge.xqm; extensions/indexes/lucene/src/test/xquery/lucene/ft-facets.xqm; extensions/indexes/lucene/src/test/xquery/lucene/ft-field-types.xqm; extensions/indexes/lucene/src/test/xquery/lucene/ft-match.xql; extensions/indexes/lucene/src/test/xquery/lucene/ft-query-field.xqm; extensions/indexes/lucene/src/test/xquery/lucene/ft-query-forms.xqm; extensions/indexes/lucene/src/test/xquery/lucene/ft-search-binary.xqm; extensions/indexes/lucene/src/test/xquery/lucene/self-axis-index.xqm; extensions/indexes/lucene/src/test/xquery/lucene/util-expand-highlight.xqm; extensions/indexes/lucene/src/test/xquery/lucene/vector-search.xqm; extensions/indexes/range/src/test/xquery/range/conditions.xql; extensions/indexes/range/src/test/xquery/range/index-keys.xql; extensions/indexes/range/src/test/xquery/range/optimizer.xql; extensions/indexes/range/src/test/xquery/range/prefixed-conditions.xql; extensions/indexes/range/src/test/xquery/range/range.xql; extensions/indexes/range/src/test/xquery/range/types.xql; extensions/indexes/lucene/src/test/java/org/exist/indexing/lucene/LuceneIndexTest.java; extensions/indexes/range/src/test/java/org/exist/xquery/modules/range/Issue4074IndexKeysServletContextTest.java
extensions/indexes/lucene/src/main/java/org/exist/xquery/modules/lucene/Field.java,org.exist.xquery.modules.lucene.Field,binary-field,true,extensions/indexes/lucene/src/test/xquery/lucene/ft-facets.xqm; extensions/indexes/lucene/src/test/xquery/lucene/ft-field-types.xqm; extensions/indexes/lucene/src/test/xquery/lucene/ft-query-field.xqm
extensions/indexes/lucene/src/main/java/org/exist/xquery/modules/lucene/Field.java,org.exist.xquery.modules.lucene.Field,highlight-field-matches,true,extensions/indexes/lucene/src/test/xquery/lucene/facet-drilldown-highlight.xqm; extensions/indexes/lucene/src/test/xquery/lucene/ft-facets.xqm; extensions/indexes/lucene/src/test/xquery/lucene/ft-match.xql
extensions/indexes/lucene/src/main/java/org/exist/xquery/modules/lucene/QueryFieldVector.java,org.exist.xquery.modules.lucene.QueryFieldVector,query-field-vector,true,extensions/indexes/lucene/src/test/xquery/lucene/field-expression-context.xqm; extensions/indexes/lucene/src/test/xquery/lucene/vector-search.xqm; extensions/indexes/vector-it/src/test/java/xquery/lucene/VectorSearchEmbeddingIT.java
extensions/indexes/lucene/src/main/java/org/exist/xquery/modules/lucene/Facets.java,org.exist.xquery.modules.lucene.Facets,facets,true,extensions/indexes/lucene/src/test/xquery/lucene/ft-facets.xqm; extensions/indexes/lucene/src/test/xquery/lucene/vector-search.xqm
extensions/indexes/ngram/src/main/java/org/exist/xquery/modules/ngram/HighlightMatches.java,org.exist.xquery.modules.ngram.HighlightMatches,filter-matches,false,
extensions/indexes/ngram/src/main/java/org/exist/xquery/modules/ngram/AddMatch.java,org.exist.xquery.modules.ngram.AddMatch,add-match,false,
extensions/indexes/range/src/main/java/org/exist/xquery/modules/range/Optimize.java,org.exist.xquery.modules.range.Optimize,optimize,true,extensions/indexes/range/src/test/xquery/range/conditions.xql; extensions/indexes/range/src/test/xquery/range/fields.xql; extensions/indexes/range/src/test/xquery/range/types.xql
extensions/indexes/range/src/main/java/org/exist/xquery/modules/range/IndexKeys.java,org.exist.xquery.modules.range.IndexKeys,index-keys-for-field,true,extensions/indexes/lucene/src/test/xquery/lucene/ft-facets.xqm; extensions/indexes/range/src/test/xquery/range/conditions.xql; extensions/indexes/range/src/test/xquery/range/index-keys.xql; extensions/indexes/range/src/test/xquery/range/prefixed-conditions.xql; extensions/indexes/range/src/test/java/org/exist/xquery/modules/range/Issue4074IndexKeysServletContextTest.java
extensions/indexes/sort/src/main/java/org/exist/xquery/modules/sort/GetIndex.java,org.exist.xquery.modules.sort.GetIndex,index,true,exist-core/src/test/xquery/arrays/arrays.xql; exist-core/src/test/xquery/xmldb/reindex-tests.xql; extensions/indexes/lucene/src/test/xquery/lucene/analyzers-diacritics.xql; extensions/indexes/lucene/src/test/xquery/lucene/analyzers-english.xql; extensions/indexes/lucene/src/test/xquery/lucene/analyzers-field.xqm; extensions/indexes/lucene/src/test/xquery/lucene/facet-drilldown-highlight.xqm; extensions/indexes/lucene/src/test/xquery/lucene/field-expression-context.xqm; extensions/indexes/lucene/src/test/xquery/lucene/for-variable.xql; extensions/indexes/lucene/src/test/xquery/lucene/ft-attr-context.xql; extensions/indexes/lucene/src/test/xquery/lucene/ft-edge.xqm; extensions/indexes/lucene/src/test/xquery/lucene/ft-facets.xqm; extensions/indexes/lucene/src/test/xquery/lucene/ft-field-types.xqm; extensions/indexes/lucene/src/test/xquery/lucene/ft-match.xql; extensions/indexes/lucene/src/test/xquery/lucene/ft-query-field.xqm; extensions/indexes/lucene/src/test/xquery/lucene/ft-query-forms.xqm; extensions/indexes/lucene/src/test/xquery/lucene/ft-search-binary.xqm; extensions/indexes/lucene/src/test/xquery/lucene/ignore-condition.xql; extensions/indexes/lucene/src/test/xquery/lucene/index-keys.xql; extensions/indexes/lucene/src/test/xquery/lucene/indirect-queries.xql; extensions/indexes/lucene/src/test/xquery/lucene/inline-ignore.xql; extensions/indexes/lucene/src/test/xquery/lucene/match-highlighting.xql; extensions/indexes/lucene/src/test/xquery/lucene/optimizer-ft.xql; extensions/indexes/lucene/src/test/xquery/lucene/parenthesized-context.xql; extensions/indexes/lucene/src/test/xquery/lucene/parenthesized-location-step.xql; extensions/indexes/lucene/src/test/xquery/lucene/reindex-second-store.xqm; extensions/indexes/lucene/src/test/xquery/lucene/self-axis-index.xqm; extensions/indexes/lucene/src/test/xquery/lucene/start-offset.xql; extensions/indexes/lucene/src/test/xquery/lucene/unicode-supplementary-lucene.xql; extensions/indexes/lucene/src/test/xquery/lucene/util-expand-highlight.xqm; extensions/indexes/lucene/src/test/xquery/lucene/vector-search.xqm; extensions/indexes/ngram/src/test/xquery/ngram/for-variable.xql; extensions/indexes/ngram/src/test/xquery/ngram/match-highlighting-ngram.xql; extensions/indexes/ngram/src/test/xquery/ngram/unicode-supplementary-ngram.xql; extensions/indexes/range/src/test/xquery/range/conditions.xql; extensions/indexes/range/src/test/xquery/range/field-type.xql; extensions/indexes/range/src/test/xquery/range/fields.xql; extensions/indexes/range/src/test/xquery/range/for-variable.xql; extensions/indexes/range/src/test/xquery/range/index-keys.xql; extensions/indexes/range/src/test/xquery/range/multi-collection-search.xqm; extensions/indexes/range/src/test/xquery/range/optimizer.xql; extensions/indexes/range/src/test/xquery/range/range.xql; extensions/indexes/range/src/test/xquery/range/types.xql; extensions/indexes/range/src/test/xquery/range/unicode-supplementary-range.xql; extensions/indexes/range/src/test/xquery/range/updates.xql; extensions/modules/file/src/test/resources/util/helper.xqm; exist-core/src/test/java/org/exist/xquery/StoredModuleTest.java; extensions/indexes/lucene/src/test/java/xquery/lucene/VectorSearchEmbeddingTest.java; extensions/indexes/lucene/src/test/java/org/exist/indexing/lucene/FacetPollutionJavaReproducerTest.java; extensions/indexes/vector-it/src/test/java/xquery/lucene/VectorSearchEmbeddingIT.java
extensions/indexes/sort/src/main/java/org/exist/xquery/modules/sort/RemoveIndex.java,org.exist.xquery.modules.sort.RemoveIndex,remove-index,false,
extensions/indexes/sort/src/main/java/org/exist/xquery/modules/sort/HasIndex.java,org.exist.xquery.modules.sort.HasIndex,has-index,false,
extensions/indexes/sort/src/main/java/org/exist/xquery/modules/sort/CreateOrderIndex.java,org.exist.xquery.modules.sort.CreateOrderIndex,create-index,true,extensions/indexes/lucene/src/test/xquery/lucene/ft-search-binary.xqm
extensions/indexes/sort/src/main/java/org/exist/xquery/modules/sort/CreateOrderIndex.java,org.exist.xquery.modules.sort.CreateOrderIndex,create-index-callback,false,
extensions/indexes/spatial/src/main/java/org/exist/xquery/modules/spatial/FunGeometricProperties.java,org.exist.xquery.modules.spatial.FunGeometricProperties,getWKT,true,extensions/indexes/spatial/src/test/java/org/exist/indexing/spatial/GMLIndexTest.java
extensions/indexes/spatial/src/main/java/org/exist/xquery/modules/spatial/FunGeometricProperties.java,org.exist.xquery.modules.spatial.FunGeometricProperties,getWKB,true,extensions/indexes/spatial/src/test/java/org/exist/indexing/spatial/GMLIndexTest.java
extensions/indexes/spatial/src/main/java/org/exist/xquery/modules/spatial/FunGeometricProperties.java,org.exist.xquery.modules.spatial.FunGeometricProperties,getMinX,true,extensions/indexes/spatial/src/test/java/org/exist/indexing/spatial/GMLIndexTest.java
extensions/indexes/spatial/src/main/java/org/exist/xquery/modules/spatial/FunGeometricProperties.java,org.exist.xquery.modules.spatial.FunGeometricProperties,getMaxX,true,extensions/indexes/spatial/src/test/java/org/exist/indexing/spatial/GMLIndexTest.java
extensions/indexes/spatial/src/main/java/org/exist/xquery/modules/spatial/FunGeometricProperties.java,org.exist.xquery.modules.spatial.FunGeometricProperties,getMinY,true,extensions/indexes/spatial/src/test/java/org/exist/indexing/spatial/GMLIndexTest.java
extensions/indexes/spatial/src/main/java/org/exist/xquery/modules/spatial/FunGeometricProperties.java,org.exist.xquery.modules.spatial.FunGeometricProperties,getMaxY,true,extensions/indexes/spatial/src/test/java/org/exist/indexing/spatial/GMLIndexTest.java
extensions/indexes/spatial/src/main/java/org/exist/xquery/modules/spatial/FunGeometricProperties.java,org.exist.xquery.modules.spatial.FunGeometricProperties,getCentroidX,true,extensions/indexes/spatial/src/test/java/org/exist/indexing/spatial/GMLIndexTest.java
extensions/indexes/spatial/src/main/java/org/exist/xquery/modules/spatial/FunGeometricProperties.java,org.exist.xquery.modules.spatial.FunGeometricProperties,getCentroidY,true,extensions/indexes/spatial/src/test/java/org/exist/indexing/spatial/GMLIndexTest.java
extensions/indexes/spatial/src/main/java/org/exist/xquery/modules/spatial/FunGeometricProperties.java,org.exist.xquery.modules.spatial.FunGeometricProperties,getArea,true,extensions/indexes/spatial/src/test/java/org/exist/indexing/spatial/GMLIndexTest.java
extensions/indexes/spatial/src/main/java/org/exist/xquery/modules/spatial/FunGeometricProperties.java,org.exist.xquery.modules.spatial.FunGeometricProperties,getEPSG4326WKT,true,extensions/indexes/spatial/src/test/java/org/exist/indexing/spatial/GMLIndexTest.java
extensions/indexes/spatial/src/main/java/org/exist/xquery/modules/spatial/FunGeometricProperties.java,org.exist.xquery.modules.spatial.FunGeometricProperties,getEPSG4326WKB,true,extensions/indexes/spatial/src/test/java/org/exist/indexing/spatial/GMLIndexTest.java
extensions/indexes/spatial/src/main/java/org/exist/xquery/modules/spatial/FunGeometricProperties.java,org.exist.xquery.modules.spatial.FunGeometricProperties,getEPSG4326MinX,true,extensions/indexes/spatial/src/test/java/org/exist/indexing/spatial/GMLIndexTest.java
extensions/indexes/spatial/src/main/java/org/exist/xquery/modules/spatial/FunGeometricProperties.java,org.exist.xquery.modules.spatial.FunGeometricProperties,getEPSG4326MaxX,true,extensions/indexes/spatial/src/test/java/org/exist/indexing/spatial/GMLIndexTest.java
extensions/indexes/spatial/src/main/java/org/exist/xquery/modules/spatial/FunGeometricProperties.java,org.exist.xquery.modules.spatial.FunGeometricProperties,getEPSG4326MinY,true,extensions/indexes/spatial/src/test/java/org/exist/indexing/spatial/GMLIndexTest.java
extensions/indexes/spatial/src/main/java/org/exist/xquery/modules/spatial/FunGeometricProperties.java,org.exist.xquery.modules.spatial.FunGeometricProperties,getEPSG4326MaxY,true,extensions/indexes/spatial/src/test/java/org/exist/indexing/spatial/GMLIndexTest.java
extensions/indexes/spatial/src/main/java/org/exist/xquery/modules/spatial/FunGeometricProperties.java,org.exist.xquery.modules.spatial.FunGeometricProperties,getEPSG4326CentroidX,true,extensions/indexes/spatial/src/test/java/org/exist/indexing/spatial/GMLIndexTest.java
extensions/indexes/spatial/src/main/java/org/exist/xquery/modules/spatial/FunGeometricProperties.java,org.exist.xquery.modules.spatial.FunGeometricProperties,getEPSG4326CentroidY,true,extensions/indexes/spatial/src/test/java/org/exist/indexing/spatial/GMLIndexTest.java
extensions/indexes/spatial/src/main/java/org/exist/xquery/modules/spatial/FunGeometricProperties.java,org.exist.xquery.modules.spatial.FunGeometricProperties,getEPSG4326Area,true,extensions/indexes/spatial/src/test/java/org/exist/indexing/spatial/GMLIndexTest.java
extensions/indexes/spatial/src/main/java/org/exist/xquery/modules/spatial/FunGeometricProperties.java,org.exist.xquery.modules.spatial.FunGeometricProperties,getSRS,true,extensions/indexes/spatial/src/test/java/org/exist/indexing/spatial/GMLIndexTest.java
extensions/indexes/spatial/src/main/java/org/exist/xquery/modules/spatial/FunGeometricProperties.java,org.exist.xquery.modules.spatial.FunGeometricProperties,getGeometryType,true,extensions/indexes/spatial/src/test/java/org/exist/indexing/spatial/GMLIndexTest.java
extensions/indexes/spatial/src/main/java/org/exist/xquery/modules/spatial/FunGeometricProperties.java,org.exist.xquery.modules.spatial.FunGeometricProperties,isClosed,true,extensions/indexes/spatial/src/test/java/org/exist/indexing/spatial/GMLIndexTest.java
extensions/indexes/spatial/src/main/java/org/exist/xquery/modules/spatial/FunGeometricProperties.java,org.exist.xquery.modules.spatial.FunGeometricProperties,isSimple,true,extensions/indexes/spatial/src/test/java/org/exist/indexing/spatial/GMLIndexTest.java
extensions/indexes/spatial/src/main/java/org/exist/xquery/modules/spatial/FunGeometricProperties.java,org.exist.xquery.modules.spatial.FunGeometricProperties,isValid,true,extensions/indexes/spatial/src/test/java/org/exist/indexing/spatial/GMLIndexTest.java
extensions/indexes/spatial/src/main/java/org/exist/xquery/modules/spatial/FunSpatialDistance.java,org.exist.xquery.modules.spatial.FunSpatialDistance,distance,true,extensions/indexes/spatial/src/test/java/org/exist/indexing/spatial/FunSpatialDistanceTest.java
extensions/indexes/spatial/src/main/java/org/exist/xquery/modules/spatial/FunGMLProducers.java,org.exist.xquery.modules.spatial.FunGMLProducers,transform,true,exist-core/src/test/xquery/transform/catalog.xql; exist-core/src/test/xquery/unicode.xqm; exist-core/src/test/xquery/xquery3/transform/doc-as-parameter.xqm; exist-core/src/test/xquery/xquery3/transform/fnTransform10.xqm; exist-core/src/test/xquery/xquery3/transform/fnTransform11.xqm; exist-core/src/test/xquery/xquery3/transform/fnTransform12.xqm; exist-core/src/test/xquery/xquery3/transform/fnTransform15.xqm; exist-core/src/test/xquery/xquery3/transform/fnTransform2-3.xqm; exist-core/src/test/xquery/xquery3/transform/fnTransform33.xqm; exist-core/src/test/xquery/xquery3/transform/fnTransform4-5.xqm; exist-core/src/test/xquery/xquery3/transform/fnTransform5.xqm; exist-core/src/test/xquery/xquery3/transform/fnTransform5052.xqm; exist-core/src/test/xquery/xquery3/transform/fnTransform52.xqm; exist-core/src/test/xquery/xquery3/transform/fnTransform53.xqm; exist-core/src/test/xquery/xquery3/transform/fnTransform5882.xqm; exist-core/src/test/xquery/xquery3/transform/fnTransform6065.xqm; exist-core/src/test/xquery/xquery3/transform/fnTransform63.xqm; exist-core/src/test/xquery/xquery3/transform/fnTransform66.xqm; exist-core/src/test/xquery/xquery3/transform/fnTransform67.xqm; exist-core/src/test/xquery/xquery3/transform/fnTransform68.xqm; exist-core/src/test/xquery/xquery3/transform/fnTransform71.xqm; exist-core/src/test/xquery/xquery3/transform/fnTransform74.xqm; exist-core/src/test/xquery/xquery3/transform/fnTransform79.xqm; exist-core/src/test/xquery/xquery3/transform/fnTransform7c.xqm; exist-core/src/test/xquery/xquery3/transform/fnTransform7e.xqm; exist-core/src/test/xquery/xquery3/transform/fnTransform82e.xqm; exist-core/src/test/xquery/xquery3/transform/fnTransform84.xqm; exist-core/src/test/xquery/xquery3/transform/fnTransform87.xqm; exist-core/src/test/xquery/xquery3/transform/fnTransformErr16.xqm; exist-core/src/test/xquery/xquery3/transform/fnTransformErr18.xqm; exist-core/src/test/xquery/xquery3/transform/fnTransformErr6.xqm; exist-core/src/test/xquery/xquery3/transform/fnTransformErr9.xqm; exist-core/src/test/xquery/xquery3/transform/fnTransformIssue4609.xqm; exist-core/src/test/xquery/xquery3/transform/fnTransformParams.xqm; exist-core/src/test/java/org/exist/xquery/TransformTest.java; exist-core/src/test/java/org/exist/xquery/XQueryTest.java; exist-core/src/test/java/org/exist/xquery/functions/transform/TransformTest.java; exist-core/src/test/java/org/exist/xquery/functions/transform/ImportLocalStylesheetTest.java; extensions/indexes/spatial/src/test/java/org/exist/indexing/spatial/GMLIndexTest.java
extensions/indexes/spatial/src/main/java/org/exist/xquery/modules/spatial/FunGMLProducers.java,org.exist.xquery.modules.spatial.FunGMLProducers,WKTtoGML,false,
extensions/indexes/spatial/src/main/java/org/exist/xquery/modules/spatial/FunGMLProducers.java,org.exist.xquery.modules.spatial.FunGMLProducers,buffer,true,extensions/indexes/spatial/src/test/java/org/exist/indexing/spatial/GMLIndexTest.java
extensions/indexes/spatial/src/main/java/org/exist/xquery/modules/spatial/FunGMLProducers.java,org.exist.xquery.modules.spatial.FunGMLProducers,getBbox,true,extensions/indexes/spatial/src/test/java/org/exist/indexing/spatial/GMLIndexTest.java
extensions/indexes/spatial/src/main/java/org/exist/xquery/modules/spatial/FunGMLProducers.java,org.exist.xquery.modules.spatial.FunGMLProducers,convexHull,true,extensions/indexes/spatial/src/test/java/org/exist/indexing/spatial/GMLIndexTest.java
extensions/indexes/spatial/src/main/java/org/exist/xquery/modules/spatial/FunGMLProducers.java,org.exist.xquery.modules.spatial.FunGMLProducers,boundary,true,extensions/indexes/spatial/src/test/java/org/exist/indexing/spatial/GMLIndexTest.java
extensions/indexes/spatial/src/main/java/org/exist/xquery/modules/spatial/FunGMLProducers.java,org.exist.xquery.modules.spatial.FunGMLProducers,intersection,true,extensions/indexes/spatial/src/test/java/org/exist/indexing/spatial/GMLIndexTest.java
extensions/indexes/spatial/src/main/java/org/exist/xquery/modules/spatial/FunGMLProducers.java,org.exist.xquery.modules.spatial.FunGMLProducers,union,true,extensions/indexes/lucene/src/test/xquery/lucene/ft-facets.xqm; extensions/indexes/spatial/src/test/java/org/exist/indexing/spatial/GMLIndexTest.java
extensions/indexes/spatial/src/main/java/org/exist/xquery/modules/spatial/FunGMLProducers.java,org.exist.xquery.modules.spatial.FunGMLProducers,difference,true,extensions/indexes/spatial/src/test/java/org/exist/indexing/spatial/GMLIndexTest.java
extensions/indexes/spatial/src/main/java/org/exist/xquery/modules/spatial/FunGMLProducers.java,org.exist.xquery.modules.spatial.FunGMLProducers,symetricDifference,true,extensions/indexes/spatial/src/test/java/org/exist/indexing/spatial/GMLIndexTest.java
extensions/indexes/spatial/src/main/java/org/exist/xquery/modules/spatial/FunSpatialSearch.java,org.exist.xquery.modules.spatial.FunSpatialSearch,equals,true,exist-core/src/main/resources/org/exist/xquery/lib/xqsuite/xqsuite.xql; extensions/indexes/range/src/test/xquery/range/optimizer.xql; extensions/indexes/range/src/test/xquery/range/types.xql; exist-core/src/test/java/org/exist/config/ConfiguratorUnregisterPerfTest.java; extensions/indexes/spatial/src/test/java/org/exist/indexing/spatial/GMLIndexTest.java
extensions/indexes/spatial/src/main/java/org/exist/xquery/modules/spatial/FunSpatialSearch.java,org.exist.xquery.modules.spatial.FunSpatialSearch,disjoint,true,extensions/indexes/spatial/src/test/java/org/exist/indexing/spatial/GMLIndexTest.java
extensions/indexes/spatial/src/main/java/org/exist/xquery/modules/spatial/FunSpatialSearch.java,org.exist.xquery.modules.spatial.FunSpatialSearch,intersects,true,extensions/indexes/spatial/src/test/java/org/exist/indexing/spatial/GMLIndexTest.java
extensions/indexes/spatial/src/main/java/org/exist/xquery/modules/spatial/FunSpatialSearch.java,org.exist.xquery.modules.spatial.FunSpatialSearch,touches,true,extensions/indexes/spatial/src/test/java/org/exist/indexing/spatial/GMLIndexTest.java
extensions/indexes/spatial/src/main/java/org/exist/xquery/modules/spatial/FunSpatialSearch.java,org.exist.xquery.modules.spatial.FunSpatialSearch,crosses,true,extensions/indexes/spatial/src/test/java/org/exist/indexing/spatial/GMLIndexTest.java
extensions/indexes/spatial/src/main/java/org/exist/xquery/modules/spatial/FunSpatialSearch.java,org.exist.xquery.modules.spatial.FunSpatialSearch,within,true,extensions/indexes/spatial/src/test/java/org/exist/indexing/spatial/GMLIndexTest.java
extensions/indexes/spatial/src/main/java/org/exist/xquery/modules/spatial/FunSpatialSearch.java,org.exist.xquery.modules.spatial.FunSpatialSearch,contains,true,exist-core/src/main/resources/org/exist/xquery/lib/xqsuite/xqsuite.xql; exist-core/src/test/xquery/collations.xq; exist-core/src/test/xquery/errors.xql; exist-core/src/test/xquery/fn.xql; exist-core/src/test/xquery/inspect/inspect.xql; exist-core/src/test/xquery/maps/mapKeySameKey.xqm; exist-core/src/test/xquery/maps/maps.xqm; exist-core/src/test/xquery/question-marks-in-contains-function.xql; exist-core/src/test/xquery/simple-map-predicate.xq; exist-core/src/test/xquery/unparsed-text.xql; exist-core/src/test/xquery/util/moduleDiscoveryTest.xql; exist-core/src/test/xquery/wrongArityErrorTest.xql; exist-core/src/test/xquery/xqsuite/custom-assertion.xqm; exist-core/src/test/xquery/xquery3/fnSerializeCharacterMaps.xqm; exist-core/src/test/xquery/xquery3/fnSerializeCharacterMaps026.xqm; exist-core/src/test/xquery/xquery3/fnSerializeCharacterMapsInvParam.xqm; exist-core/src/test/xquery/xquery3/serialize.xql; exist-core/src/test/xquery/xquery3/transform/fnTransform10.xqm; exist-core/src/test/xquery/xquery3/transform/fnTransform11.xqm; exist-core/src/test/xquery/xquery3/transform/fnTransform2-3.xqm; exist-core/src/test/xquery/xquery3/transform/fnTransform33.xqm; exist-core/src/test/xquery/xquery3/transform/fnTransform66.xqm; exist-core/src/test/xquery/xquery3/transform/fnTransform67.xqm; exist-core/src/test/xquery/xquery3/transform/fnTransform68.xqm; exist-core/src/test/xquery/xquery3/transform/fnTransform74.xqm; exist-core/src/test/xquery/xquery3/transform/fnTransformParams.xqm; extensions/indexes/indexes-integration-tests/src/test/xquery/indexing/tests/exist-matches.xqm; extensions/indexes/lucene/src/test/xquery/lucene/serialize.xql; extensions/indexes/lucene/src/test/xquery/lucene/util-expand-highlight.xqm; extensions/indexes/ngram/src/test/xquery/ngram/for-variable.xql; extensions/indexes/ngram/src/test/xquery/ngram/match-highlighting-ngram.xql; extensions/indexes/ngram/src/test/xquery/ngram/unicode-supplementary-ngram.xql; extensions/indexes/range/src/test/xquery/range/conditions.xql; extensions/indexes/range/src/test/xquery/range/multi-collection-search.xqm; extensions/indexes/range/src/test/xquery/range/optimizer.xql; extensions/indexes/range/src/test/xquery/range/range.xql; extensions/indexes/range/src/test/xquery/range/types.xql; extensions/modules/file/src/test/xquery/modules/file/directory-list.xqm; exist-core/src/test/java/org/exist/xmldb/ShutdownIT.java; exist-core/src/test/java/org/exist/xmldb/ResourceSetTest.java; exist-core/src/test/java/org/exist/xmldb/concurrent/action/ReplaceResourceAction.java; exist-core/src/test/java/org/exist/xmldb/concurrent/ConcurrentResourceTest2.java; exist-core/src/test/java/org/exist/xmldb/CollectionConfigurationTest.java; exist-core/src/test/java/org/exist/xquery/XQueryTest.java; exist-core/src/test/java/org/exist/xquery/XPathQueryTest.java; exist-core/src/test/java/org/exist/xquery/ContextDependencyRegressionTest.java; exist-core/src/test/java/org/exist/xquery/ValueIndexTest.java; exist-core/src/test/java/org/exist/xquery/UnionStepDistributionOptimizerTest.java; exist-core/src/test/java/org/exist/storage/RecoveryTest.java; exist-core/src/test/java/org/exist/storage/ShutdownTest.java; exist-core/src/test/java/org/exist/http/urlrewrite/URLRewriteContentLengthViewPipelineTest.java; exist-core/src/test/java/org/exist/dom/persistent/BasicNodeSetTest.java; extensions/indexes/ngram/src/test/java/org/exist/indexing/ngram/NGramContainsBenchmark.java; extensions/indexes/ngram/src/test/java/org/exist/indexing/ngram/CustomIndexTest.java; extensions/indexes/ngram/src/test/java/org/exist/indexing/ngram/MatchListenerTest.java; extensions/indexes/spatial/src/test/java/org/exist/indexing/spatial/GMLIndexTest.java; extensions/modules/http-client/src/test/java/org/exist/xquery/modules/httpclient/SendRequestFunctionTest.java
extensions/indexes/spatial/src/main/java/org/exist/xquery/modules/spatial/FunSpatialSearch.java,org.exist.xquery.modules.spatial.FunSpatialSearch,overlaps,true,extensions/indexes/spatial/src/test/java/org/exist/indexing/spatial/GMLIndexTest.java
extensions/modules/cache/src/main/java/org/exist/xquery/modules/cache/CacheFunctions.java,org.exist.xquery.modules.cache.CacheFunctions,create,true,exist-core/src/test/xquery/xquery3/higher-order.xqm; extensions/modules/cache/src/test/xquery/modules/cache/cache.xqm; extensions/modules/jndi/jndiExample.xql; exist-core/src/test/java/org/exist/xquery/functions/xmldb/XMLDBAuthenticateTest.java; exist-core/src/test/java/org/exist/xquery/functions/session/AttributeTest.java; exist-core/src/test/java/org/exist/xquery/NodeTypeTest.java; extensions/modules/counter/src/test/java/org/exist/xquery/modules/counter/CounterTest.java
extensions/modules/cache/src/main/java/org/exist/xquery/modules/cache/CacheFunctions.java,org.exist.xquery.modules.cache.CacheFunctions,names,true,exist-core/src/test/xquery/dates/format-dates.xql; exist-core/src/test/xquery/xquery3/serialize.xql; extensions/modules/cache/src/test/xquery/modules/cache/cache.xqm; exist-core/src/test/java/org/exist/xquery/functions/request/GetParameterTest.java; exist-core/src/test/java/org/exist/http/urlrewrite/UrlRewritePipelineHttpTest.java
extensions/modules/cache/src/main/java/org/exist/xquery/modules/cache/CacheFunctions.java,org.exist.xquery.modules.cache.CacheFunctions,put,true,exist-core/src/test/xquery/arrays/arrays.xql; exist-core/src/test/xquery/maps/maps.xqm; exist-core/src/test/xquery/xqsuite/xqsuite-assertions.resources.xqm.ignore; exist-core/src/test/xquery/xquery3/fnSerializeCharacterMaps.xqm; exist-core/src/test/xquery/xquery3/serialize.xql; extensions/modules/cache/src/test/xquery/modules/cache/cache.xqm; extensions/modules/cache/src/test/java/org/exist/xquery/modules/cache/LazyCacheTest.java; extensions/modules/cache/src/test/java/org/exist/xquery/modules/cache/NonLazyCacheTest.java
extensions/modules/cache/src/main/java/org/exist/xquery/modules/cache/CacheFunctions.java,org.exist.xquery.modules.cache.CacheFunctions,list,true,extensions/modules/cache/src/test/xquery/modules/cache/cache.xqm; extensions/modules/expathrepo/src/main/resources/org/exist/xquery/modules/expathrepo/repair.xql; extensions/modules/expathrepo/src/test/xquery/modules/expathrepo/deployment.xql; extensions/modules/expathrepo/src/test/xquery/modules/expathrepo/resource-available.xql; extensions/modules/file/src/test/resources/util/helper.xqm; extensions/modules/file/src/test/xquery/modules/file/directory-list.xqm; extensions/modules/mail/access_imap_mailbox_example.xql; extensions/modules/mail/get_messages_example.xql
extensions/modules/cache/src/main/java/org/exist/xquery/modules/cache/CacheFunctions.java,org.exist.xquery.modules.cache.CacheFunctions,keys,true,exist-core/src/main/resources/org/exist/xquery/lib/xqsuite/xqsuite.xql; exist-core/src/test/xquery/maps/maps.xqm; exist-core/src/test/xquery/util/moduleDiscoveryTest.xql; exist-core/src/test/xquery/xqsuite/custom-assertion.xqm; exist-core/src/test/xquery/xquery3/count.xqm; exist-core/src/test/xquery/xquery3/transform/fnTransform33.xqm; exist-core/src/test/xquery/xquery3/transform/fnTransformParams.xqm; extensions/indexes/lucene/src/test/xquery/lucene/ft-attr-context.xql; extensions/indexes/lucene/src/test/xquery/lucene/ft-facets.xqm; extensions/indexes/lucene/src/test/xquery/lucene/ft-query-forms.xqm; extensions/indexes/lucene/src/test/xquery/lucene/index-keys.xql; extensions/indexes/lucene/src/test/xquery/lucene/parenthesized-context.xql; extensions/indexes/lucene/src/test/xquery/lucene/unicode-supplementary-lucene.xql; extensions/indexes/ngram/src/test/xquery/ngram/unicode-supplementary-ngram.xql; extensions/indexes/range/src/test/xquery/range/index-keys.xql; extensions/indexes/range/src/test/xquery/range/unicode-supplementary-range.xql; extensions/modules/cache/src/test/xquery/modules/cache/cache.xqm; exist-core/src/test/java/org/exist/xquery/ValueIndexTest.java; exist-core/src/test/java/org/exist/xquery/functions/request/GetUploadedFileHeadersTest.java; extensions/indexes/ngram/src/test/java/org/exist/indexing/ngram/CustomIndexTest.java; extensions/indexes/spatial/src/test/java/org/exist/indexing/spatial/GMLIndexTest.java
extensions/modules/cache/src/main/java/org/exist/xquery/modules/cache/CacheFunctions.java,org.exist.xquery.modules.cache.CacheFunctions,get,true,exist-core/src/test/xquery/arrays/arrays.xql; exist-core/src/test/xquery/maps/mapKeySameKey.xqm; exist-core/src/test/xquery/maps/maps.xqm; exist-core/src/test/xquery/optimizer/expressions.xqm; exist-core/src/test/xquery/util/moduleDiscoveryTest.xql; exist-core/src/test/xquery/xquery3/bang.xql; exist-core/src/test/xquery/xquery3/filter-function-items-in-context.xql; exist-core/src/test/xquery/xquery3/fnSort.xql; extensions/modules/cache/src/test/xquery/modules/cache/cache.xqm; exist-core/src/test/java/org/exist/xquery/GeneralComparisonBenchmark.java; exist-core/src/test/java/org/exist/xquery/JavaFunctionsTest.java; exist-core/src/test/java/org/exist/xquery/VariablesTest.java; exist-core/src/test/java/org/exist/xquery/functions/map/MapEntryRegressionTest.java
extensions/modules/cache/src/main/java/org/exist/xquery/modules/cache/CacheFunctions.java,org.exist.xquery.modules.cache.CacheFunctions,remove,true,exist-core/src/main/resources/org/exist/xquery/lib/xqsuite/examples.xql; exist-core/src/test/xquery/arrays/arrays.xql; exist-core/src/test/xquery/axes-persistent-nodes.xqm; exist-core/src/test/xquery/axes.xql; exist-core/src/test/xquery/base-uri.xql; exist-core/src/test/xquery/binary-value.xqm; exist-core/src/test/xquery/collations.xq; exist-core/src/test/xquery/count.xql; exist-core/src/test/xquery/document-nodes.xq; exist-core/src/test/xquery/exceptOperator.xql; exist-core/src/test/xquery/fn-not.xq; exist-core/src/test/xquery/fn-position.xqm; exist-core/src/test/xquery/fn.xql; exist-core/src/test/xquery/guest.xql; exist-core/src/test/xquery/indexing/indexes-base-uri.xq; exist-core/src/test/xquery/inspect/inspect.xql; exist-core/src/test/xquery/last.xql; exist-core/src/test/xquery/logicalOp/andor.xql; exist-core/src/test/xquery/maps/maps.xqm; exist-core/src/test/xquery/npt.xqm; exist-core/src/test/xquery/optimizer/expressions.xqm; exist-core/src/test/xquery/optimizer/positional.xqm; exist-core/src/test/xquery/positional-nested.xql; exist-core/src/test/xquery/preceding-axis.xql; exist-core/src/test/xquery/question-marks-in-contains-function.xql; exist-core/src/test/xquery/securitymanager/id.xqm; exist-core/src/test/xquery/securitymanager/permission-error-codes.xqm; exist-core/src/test/xquery/simple-map-predicate.xq; exist-core/src/test/xquery/system/get-main-module-load-path.xqm; exist-core/src/test/xquery/system/get-module-load-path.xqm; exist-core/src/test/xquery/unicode.xqm; exist-core/src/test/xquery/unparsed-text.xql; exist-core/src/test/xquery/util/document-id.xqm; exist-core/src/test/xquery/util/get-fragment-between.xqm; exist-core/src/test/xquery/validation/jaxp.xql; exist-core/src/test/xquery/validation/jaxv.xql; exist-core/src/test/xquery/xmldb/copy-tests.xql; exist-core/src/test/xquery/xmldb/create-collection-tests.xql; exist-core/src/test/xquery/xmldb/last-modified.xql; exist-core/src/test/xquery/xmldb/permission-tests.xql; exist-core/src/test/xquery/xmldb/reindex-tests.xql; exist-core/src/test/xquery/xmldb/store-binary-tests.xql; exist-core/src/test/xquery/xmlid.xql; exist-core/src/test/xquery/xqsuite/custom-assertion.xqm; exist-core/src/test/xquery/xquery-update.xql; exist-core/src/test/xquery/xquery3/flwor.xql; exist-core/src/test/xquery/xquery3/fnExcept.xqm; exist-core/src/test/xquery/xquery3/fnIntersect.xqm; exist-core/src/test/xquery/xquery3/fnUriCollection.xqm; exist-core/src/test/xquery/xquery3/generate-id.xqm; exist-core/src/test/xquery/xquery3/higher-order.xqm; exist-core/src/test/xquery/xquery3/precedingFollowingAfterNot.xqm; exist-core/src/test/xquery/xquery3/serialize.xql; exist-core/src/test/xquery/xquery3/transform/doc-as-parameter.xqm; exist-core/src/test/xquery/xquery3/transform/fnTransform5052.xqm; exist-core/src/test/xquery/xquery3/transform/fnTransform5882.xqm; exist-core/src/test/xquery/xquery3/transform/fnTransform6065.xqm; exist-core/src/test/xquery/xquery3/xml-to-json.xql; extensions/exquery/restxq/src/test/xquery/restxq/arrays.xq; extensions/indexes/indexes-integration-tests/src/test/xquery/indexing/tests/exist-matches.xqm; extensions/indexes/lucene/src/test/xquery/lucene/analyzers-diacritics.xql; extensions/indexes/lucene/src/test/xquery/lucene/analyzers-english.xql; extensions/indexes/lucene/src/test/xquery/lucene/analyzers-field.xqm; extensions/indexes/lucene/src/test/xquery/lucene/facet-drilldown-highlight.xqm; extensions/indexes/lucene/src/test/xquery/lucene/field-expression-context.xqm; extensions/indexes/lucene/src/test/xquery/lucene/for-variable.xql; extensions/indexes/lucene/src/test/xquery/lucene/ft-attr-context.xql; extensions/indexes/lucene/src/test/xquery/lucene/ft-edge.xqm; extensions/indexes/lucene/src/test/xquery/lucene/ft-expand-highlight.xqm; extensions/indexes/lucene/src/test/xquery/lucene/ft-facets.xqm; extensions/indexes/lucene/src/test/xquery/lucene/ft-field-types.xqm; extensions/indexes/lucene/src/test/xquery/lucene/ft-match.xql; extensions/indexes/lucene/src/test/xquery/lucene/ft-query-field.xqm; extensions/indexes/lucene/src/test/xquery/lucene/ft-query-forms.xqm; extensions/indexes/lucene/src/test/xquery/lucene/ft-search-binary.xqm; extensions/indexes/lucene/src/test/xquery/lucene/ignore-condition.xql; extensions/indexes/lucene/src/test/xquery/lucene/index-keys.xql; extensions/indexes/lucene/src/test/xquery/lucene/indirect-queries.xql; extensions/indexes/lucene/src/test/xquery/lucene/inline-elements.xql; extensions/indexes/lucene/src/test/xquery/lucene/inline-ignore.xql; extensions/indexes/lucene/src/test/xquery/lucene/match-highlighting.xql; extensions/indexes/lucene/src/test/xquery/lucene/optimizer-ft.xql; extensions/indexes/lucene/src/test/xquery/lucene/parenthesized-context.xql; extensions/indexes/lucene/src/test/xquery/lucene/parenthesized-location-step.xql; extensions/indexes/lucene/src/test/xquery/lucene/reindex-second-store.xqm; extensions/indexes/lucene/src/test/xquery/lucene/self-axis-index.xqm; extensions/indexes/lucene/src/test/xquery/lucene/serialize.xql; extensions/indexes/lucene/src/test/xquery/lucene/start-offset.xql; extensions/indexes/lucene/src/test/xquery/lucene/unicode-supplementary-lucene.xql; extensions/indexes/lucene/src/test/xquery/lucene/util-expand-highlight.xqm; extensions/indexes/lucene/src/test/xquery/lucene/vector-search.xqm; extensions/indexes/ngram/src/test/xquery/ngram/for-variable.xql; extensions/indexes/ngram/src/test/xquery/ngram/match-highlighting-ngram.xql; extensions/indexes/ngram/src/test/xquery/ngram/unicode-supplementary-ngram.xql; extensions/indexes/range/src/test/xquery/range/conditions.xql; extensions/indexes/range/src/test/xquery/range/field-type.xql; extensions/indexes/range/src/test/xquery/range/fields.xql; extensions/indexes/range/src/test/xquery/range/for-variable.xql; extensions/indexes/range/src/test/xquery/range/index-keys.xql; extensions/indexes/range/src/test/xquery/range/multi-collection-search.xqm; extensions/indexes/range/src/test/xquery/range/optimizer.xql; extensions/indexes/range/src/test/xquery/range/prefixed-conditions.xql; extensions/indexes/range/src/test/xquery/range/range.xql; extensions/indexes/range/src/test/xquery/range/types.xql; extensions/indexes/range/src/test/xquery/range/unicode-supplementary-range.xql; extensions/indexes/range/src/test/xquery/range/updates.xql; extensions/modules/cache/src/test/xquery/modules/cache/cache.xqm; extensions/modules/expathrepo/src/main/resources/org/exist/xquery/modules/expathrepo/repair.xql; extensions/modules/expathrepo/src/test/xquery/modules/expathrepo/deployment.xql; extensions/modules/expathrepo/src/test/xquery/modules/expathrepo/resource-available.xql; extensions/modules/file/src/test/resources/util/helper.xqm; extensions/modules/image/src/test/xquery/modules/image/scale.xqm; extensions/modules/xmldiff/src/test/xquery/modules/xmldiff/compare.xqm; extensions/modules/xmldiff/src/test/xquery/modules/xmldiff/diff.xqm; exist-core/src/test/java/org/exist/xquery/SeqOpTest.java; exist-core/src/test/java/org/exist/xquery/DocumentUpdateTest.java; exist-core/src/test/java/org/exist/xquery/FollowingAxisPositionRegressionTest.java; exist-core/src/test/java/org/exist/xquery/IntersectElementReturnTypeTest.java; exist-core/src/test/java/org/exist/xquery/OptimizerTest.java; exist-core/src/test/java/org/exist/xquery/xqsuite/XQSuiteTearDownErrorTest.java; exist-core/src/test/java/org/exist/xquery/SelfAxisAttributeKindRegressionTest.java; exist-core/src/test/java/org/exist/xquery/AxisPerformanceRegressionTest.java; exist-core/src/test/java/org/exist/xquery/XPathQueryTest.java; exist-core/src/test/java/org/exist/xquery/PathExprAtomicRhsTest.java; exist-core/src/test/java/org/exist/xquery/SelfAxisProcessingInstructionRegressionTest.java; exist-core/src/test/java/org/exist/xquery/functions/fn/FunDeepEqualPerformanceTest.java; exist-core/src/test/java/org/exist/xquery/NodeTypeTest.java; exist-core/src/test/java/org/exist/security/XqueryApiTest.java; exist-core/src/test/java/org/exist/collections/ConcurrencyTest.java; extensions/indexes/vector-it/src/test/java/xquery/lucene/VectorSearchEmbeddingIT.java
extensions/modules/cache/src/main/java/org/exist/xquery/modules/cache/CacheFunctions.java,org.exist.xquery.modules.cache.CacheFunctions,clear,false,
extensions/modules/cache/src/main/java/org/exist/xquery/modules/cache/CacheFunctions.java,org.exist.xquery.modules.cache.CacheFunctions,cleanup,true,exist-core/src/test/xquery/arrays/arrays.xql; exist-core/src/test/xquery/axes.xql; exist-core/src/test/xquery/base-uri.xql; exist-core/src/test/xquery/collations.xq; exist-core/src/test/xquery/count.xql; exist-core/src/test/xquery/document-nodes.xq; exist-core/src/test/xquery/exceptOperator.xql; exist-core/src/test/xquery/fn.xql; exist-core/src/test/xquery/inspect/inspect.xql; exist-core/src/test/xquery/last.xql; exist-core/src/test/xquery/logicalOp/andor.xql; exist-core/src/test/xquery/npt.xqm; exist-core/src/test/xquery/optimizer/expressions.xqm; exist-core/src/test/xquery/optimizer/positional.xqm; exist-core/src/test/xquery/positional-nested.xql; exist-core/src/test/xquery/preceding-axis.xql; exist-core/src/test/xquery/securitymanager/id.xqm; exist-core/src/test/xquery/unicode.xqm; exist-core/src/test/xquery/unparsed-text.xql; exist-core/src/test/xquery/validation/jaxp.xql; exist-core/src/test/xquery/validation/jaxv.xql; exist-core/src/test/xquery/xmldb/copy-tests.xql; exist-core/src/test/xquery/xmldb/create-collection-tests.xql; exist-core/src/test/xquery/xmldb/last-modified.xql; exist-core/src/test/xquery/xmldb/permission-tests.xql; exist-core/src/test/xquery/xmlid.xql; exist-core/src/test/xquery/xquery3/flwor.xql; exist-core/src/test/xquery/xquery3/fnExcept.xqm; exist-core/src/test/xquery/xquery3/fnIntersect.xqm; exist-core/src/test/xquery/xquery3/fnUriCollection.xqm; exist-core/src/test/xquery/xquery3/generate-id.xqm; exist-core/src/test/xquery/xquery3/higher-order.xqm; exist-core/src/test/xquery/xquery3/transform/doc-as-parameter.xqm; exist-core/src/test/xquery/xquery3/transform/fnTransform6065.xqm; extensions/exquery/restxq/src/test/xquery/restxq/arrays.xq; extensions/indexes/lucene/src/test/xquery/lucene/ft-match.xql; extensions/indexes/lucene/src/test/xquery/lucene/inline-elements.xql; extensions/indexes/lucene/src/test/xquery/lucene/optimizer-ft.xql; extensions/indexes/range/src/test/xquery/range/conditions.xql; extensions/indexes/range/src/test/xquery/range/field-type.xql; extensions/indexes/range/src/test/xquery/range/fields.xql; extensions/indexes/range/src/test/xquery/range/index-keys.xql; extensions/indexes/range/src/test/xquery/range/optimizer.xql; extensions/indexes/range/src/test/xquery/range/prefixed-conditions.xql; extensions/indexes/range/src/test/xquery/range/range.xql; extensions/indexes/range/src/test/xquery/range/types.xql; extensions/indexes/range/src/test/xquery/range/updates.xql; extensions/modules/cache/src/test/xquery/modules/cache/cache.xqm; extensions/modules/expathrepo/src/test/xquery/modules/expathrepo/deployment.xql; extensions/modules/expathrepo/src/test/xquery/modules/expathrepo/resource-available.xql; extensions/modules/xmldiff/src/test/xquery/modules/xmldiff/compare.xqm; extensions/modules/xmldiff/src/test/xquery/modules/xmldiff/diff.xqm; exist-core/src/test/java/org/exist/xquery/xqsuite/XQSuiteTearDownErrorTest.java
extensions/modules/cache/src/main/java/org/exist/xquery/modules/cache/CacheFunctions.java,org.exist.xquery.modules.cache.CacheFunctions,destroy,true,extensions/modules/cache/src/test/xquery/modules/cache/cache.xqm; extensions/modules/counter/src/test/java/org/exist/xquery/modules/counter/CounterTest.java
extensions/modules/compression/src/main/java/org/exist/xquery/modules/compression/InflateFunction.java,org.exist.xquery.modules.compression.InflateFunction,inflate,true,extensions/modules/compression/example-deflate.xql
extensions/modules/compression/src/main/java/org/exist/xquery/modules/compression/UnTarFunction.java,org.exist.xquery.modules.compression.UnTarFunction,untar,true,extensions/modules/compression/example-untar.xql
extensions/modules/compression/src/main/java/org/exist/xquery/modules/compression/UnZipFunction.java,org.exist.xquery.modules.compression.UnZipFunction,unzip,true,extensions/modules/compression/example-unzip.xql; extensions/modules/compression/src/test/xquery/modules/compression/unzip-tests.xql
extensions/modules/compression/src/main/java/org/exist/xquery/modules/compression/UnGZipFunction.java,org.exist.xquery.modules.compression.UnGZipFunction,ungzip,false,
extensions/modules/compression/src/main/java/org/exist/xquery/modules/compression/TarFunction.java,org.exist.xquery.modules.compression.TarFunction,tar,true,extensions/modules/compression/example-untar.xql
extensions/modules/compression/src/main/java/org/exist/xquery/modules/compression/DeflateFunction.java,org.exist.xquery.modules.compression.DeflateFunction,deflate,true,extensions/modules/compression/example-deflate.xql
extensions/modules/compression/src/main/java/org/exist/xquery/modules/compression/GZipFunction.java,org.exist.xquery.modules.compression.GZipFunction,gzip,false,
extensions/modules/compression/src/main/java/org/exist/xquery/modules/compression/EntryFunctions.java,org.exist.xquery.modules.compression.EntryFunctions,no-filter,false,
extensions/modules/compression/src/main/java/org/exist/xquery/modules/compression/EntryFunctions.java,org.exist.xquery.modules.compression.EntryFunctions,fs-store-entry3,false,
extensions/modules/compression/src/main/java/org/exist/xquery/modules/compression/EntryFunctions.java,org.exist.xquery.modules.compression.EntryFunctions,fs-store-entry4,false,
extensions/modules/compression/src/main/java/org/exist/xquery/modules/compression/EntryFunctions.java,org.exist.xquery.modules.compression.EntryFunctions,db-store-entry3,false,
extensions/modules/compression/src/main/java/org/exist/xquery/modules/compression/EntryFunctions.java,org.exist.xquery.modules.compression.EntryFunctions,db-store-entry4,false,
extensions/modules/compression/src/main/java/org/exist/xquery/modules/compression/ZipFunction.java,org.exist.xquery.modules.compression.ZipFunction,zip,true,extensions/modules/compression/example-unzip.xql; extensions/modules/compression/src/test/xquery/modules/compression/unzip-tests.xql; extensions/modules/compression/src/test/xquery/modules/compression/zip-tests.xql; extensions/modules/expathrepo/src/main/resources/org/exist/xquery/modules/expathrepo/repair.xql; extensions/modules/expathrepo/src/test/xquery/modules/expathrepo/deployment.xql; extensions/modules/expathrepo/src/test/xquery/modules/expathrepo/resource-available.xql
extensions/modules/counter/src/main/java/org/exist/xquery/modules/counter/CounterFunctions.java,org.exist.xquery.modules.counter.CounterFunctions,create,true,exist-core/src/test/xquery/xquery3/higher-order.xqm; extensions/modules/cache/src/test/xquery/modules/cache/cache.xqm; extensions/modules/jndi/jndiExample.xql; exist-core/src/test/java/org/exist/xquery/functions/xmldb/XMLDBAuthenticateTest.java; exist-core/src/test/java/org/exist/xquery/functions/session/AttributeTest.java; exist-core/src/test/java/org/exist/xquery/NodeTypeTest.java; extensions/modules/counter/src/test/java/org/exist/xquery/modules/counter/CounterTest.java
extensions/modules/counter/src/main/java/org/exist/xquery/modules/counter/CounterFunctions.java,org.exist.xquery.modules.counter.CounterFunctions,next-value,true,extensions/modules/counter/src/test/java/org/exist/xquery/modules/counter/CounterTest.java
extensions/modules/counter/src/main/java/org/exist/xquery/modules/counter/CounterFunctions.java,org.exist.xquery.modules.counter.CounterFunctions,destroy,true,extensions/modules/cache/src/test/xquery/modules/cache/cache.xqm; extensions/modules/counter/src/test/java/org/exist/xquery/modules/counter/CounterTest.java
extensions/modules/cqlparser/src/main/java/org/exist/xquery/modules/cqlparser/ParseCQL.java,org.exist.xquery.modules.cqlparser.ParseCQL,parse-cql,false,
extensions/modules/example/src/main/java/org/exist/xquery/modules/example/EchoFunction.java,org.exist.xquery.modules.example.EchoFunction,echo,true,exist-core/src/test/resources/org/exist/xquery/external-classpath-library-module.xqm; exist-core/src/test/java/org/exist/xquery/XQueryTest.java
extensions/modules/exi/src/main/java/org/exist/xquery/modules/exi/EncodeExiFunction.java,org.exist.xquery.modules.exi.EncodeExiFunction,encode-from-xml,true,extensions/modules/exi/exi-functions-demo.xql
extensions/modules/exi/src/main/java/org/exist/xquery/modules/exi/DecodeExiFunction.java,org.exist.xquery.modules.exi.DecodeExiFunction,decode-to-xml,true,extensions/modules/exi/exi-functions-demo.xql
extensions/modules/expathrepo/expathrepo-trigger-test/src/main/java/org/exist/repo/ExampleFunctions.java,org.exist.repo.ExampleFunctions,hello-world,true,extensions/modules/expathrepo/expathrepo-trigger-test/src/main/xquery/example-module.xqm; extensions/modules/expathrepo/expathrepo-trigger-test/src/test/java/org/exist/repo/ExampleModuleTest.java
extensions/modules/expathrepo/expathrepo-trigger-test/src/main/java/org/exist/repo/ExampleFunctions.java,org.exist.repo.ExampleFunctions,say-hello,true,extensions/modules/expathrepo/expathrepo-trigger-test/src/main/xquery/example-module.xqm; extensions/modules/expathrepo/expathrepo-trigger-test/src/test/java/org/exist/repo/ExampleModuleTest.java
extensions/modules/expathrepo/expathrepo-trigger-test/src/main/java/org/exist/repo/ExampleFunctions.java,org.exist.repo.ExampleFunctions,add,true,exist-core/src/test/xquery/xquery3/dateTimeOverflow.xqm; exist-core/src/test/xquery/xquery3/higher-order.xqm; extensions/modules/expathrepo/expathrepo-trigger-test/src/main/xquery/example-module.xqm; exist-core/src/test/java/org/exist/xquery/JavaFunctionsTest.java; extensions/modules/expathrepo/expathrepo-trigger-test/src/test/java/org/exist/repo/ExampleModuleTest.java
extensions/modules/expathrepo/expathrepo-trigger-test/src/main/java/org/exist/repo/ExampleFunctions.java,org.exist.repo.ExampleFunctions,hello,true,extensions/modules/expathrepo/expathrepo-trigger-test/src/main/xquery/example-module.xqm; extensions/modules/http-client/src/test/xquery/http-client-tests.xql; exist-core/src/test/java/org/exist/xquery/StoredModuleTest.java; exist-core/src/test/java/org/exist/xquery/functions/util/EvalTest.java; exist-core/src/test/java/org/exist/xquery/AnnotationsTest.java; exist-core/src/test/java/org/exist/http/ws/EvalWebSocketEndpointTest.java; extensions/modules/expathrepo/expathrepo-trigger-test/src/test/java/org/exist/repo/ExampleModuleTest.java
extensions/modules/expathrepo/src/main/java/org/exist/xquery/modules/expathrepo/RemoveFunction.java,org.exist.xquery.modules.expathrepo.RemoveFunction,remove,true,exist-core/src/main/resources/org/exist/xquery/lib/xqsuite/examples.xql; exist-core/src/test/xquery/arrays/arrays.xql; exist-core/src/test/xquery/axes-persistent-nodes.xqm; exist-core/src/test/xquery/axes.xql; exist-core/src/test/xquery/base-uri.xql; exist-core/src/test/xquery/binary-value.xqm; exist-core/src/test/xquery/collations.xq; exist-core/src/test/xquery/count.xql; exist-core/src/test/xquery/document-nodes.xq; exist-core/src/test/xquery/exceptOperator.xql; exist-core/src/test/xquery/fn-not.xq; exist-core/src/test/xquery/fn-position.xqm; exist-core/src/test/xquery/fn.xql; exist-core/src/test/xquery/guest.xql; exist-core/src/test/xquery/indexing/indexes-base-uri.xq; exist-core/src/test/xquery/inspect/inspect.xql; exist-core/src/test/xquery/last.xql; exist-core/src/test/xquery/logicalOp/andor.xql; exist-core/src/test/xquery/maps/maps.xqm; exist-core/src/test/xquery/npt.xqm; exist-core/src/test/xquery/optimizer/expressions.xqm; exist-core/src/test/xquery/optimizer/positional.xqm; exist-core/src/test/xquery/positional-nested.xql; exist-core/src/test/xquery/preceding-axis.xql; exist-core/src/test/xquery/question-marks-in-contains-function.xql; exist-core/src/test/xquery/securitymanager/id.xqm; exist-core/src/test/xquery/securitymanager/permission-error-codes.xqm; exist-core/src/test/xquery/simple-map-predicate.xq; exist-core/src/test/xquery/system/get-main-module-load-path.xqm; exist-core/src/test/xquery/system/get-module-load-path.xqm; exist-core/src/test/xquery/unicode.xqm; exist-core/src/test/xquery/unparsed-text.xql; exist-core/src/test/xquery/util/document-id.xqm; exist-core/src/test/xquery/util/get-fragment-between.xqm; exist-core/src/test/xquery/validation/jaxp.xql; exist-core/src/test/xquery/validation/jaxv.xql; exist-core/src/test/xquery/xmldb/copy-tests.xql; exist-core/src/test/xquery/xmldb/create-collection-tests.xql; exist-core/src/test/xquery/xmldb/last-modified.xql; exist-core/src/test/xquery/xmldb/permission-tests.xql; exist-core/src/test/xquery/xmldb/reindex-tests.xql; exist-core/src/test/xquery/xmldb/store-binary-tests.xql; exist-core/src/test/xquery/xmlid.xql; exist-core/src/test/xquery/xqsuite/custom-assertion.xqm; exist-core/src/test/xquery/xquery-update.xql; exist-core/src/test/xquery/xquery3/flwor.xql; exist-core/src/test/xquery/xquery3/fnExcept.xqm; exist-core/src/test/xquery/xquery3/fnIntersect.xqm; exist-core/src/test/xquery/xquery3/fnUriCollection.xqm; exist-core/src/test/xquery/xquery3/generate-id.xqm; exist-core/src/test/xquery/xquery3/higher-order.xqm; exist-core/src/test/xquery/xquery3/precedingFollowingAfterNot.xqm; exist-core/src/test/xquery/xquery3/serialize.xql; exist-core/src/test/xquery/xquery3/transform/doc-as-parameter.xqm; exist-core/src/test/xquery/xquery3/transform/fnTransform5052.xqm; exist-core/src/test/xquery/xquery3/transform/fnTransform5882.xqm; exist-core/src/test/xquery/xquery3/transform/fnTransform6065.xqm; exist-core/src/test/xquery/xquery3/xml-to-json.xql; extensions/exquery/restxq/src/test/xquery/restxq/arrays.xq; extensions/indexes/indexes-integration-tests/src/test/xquery/indexing/tests/exist-matches.xqm; extensions/indexes/lucene/src/test/xquery/lucene/analyzers-diacritics.xql; extensions/indexes/lucene/src/test/xquery/lucene/analyzers-english.xql; extensions/indexes/lucene/src/test/xquery/lucene/analyzers-field.xqm; extensions/indexes/lucene/src/test/xquery/lucene/facet-drilldown-highlight.xqm; extensions/indexes/lucene/src/test/xquery/lucene/field-expression-context.xqm; extensions/indexes/lucene/src/test/xquery/lucene/for-variable.xql; extensions/indexes/lucene/src/test/xquery/lucene/ft-attr-context.xql; extensions/indexes/lucene/src/test/xquery/lucene/ft-edge.xqm; extensions/indexes/lucene/src/test/xquery/lucene/ft-expand-highlight.xqm; extensions/indexes/lucene/src/test/xquery/lucene/ft-facets.xqm; extensions/indexes/lucene/src/test/xquery/lucene/ft-field-types.xqm; extensions/indexes/lucene/src/test/xquery/lucene/ft-match.xql; extensions/indexes/lucene/src/test/xquery/lucene/ft-query-field.xqm; extensions/indexes/lucene/src/test/xquery/lucene/ft-query-forms.xqm; extensions/indexes/lucene/src/test/xquery/lucene/ft-search-binary.xqm; extensions/indexes/lucene/src/test/xquery/lucene/ignore-condition.xql; extensions/indexes/lucene/src/test/xquery/lucene/index-keys.xql; extensions/indexes/lucene/src/test/xquery/lucene/indirect-queries.xql; extensions/indexes/lucene/src/test/xquery/lucene/inline-elements.xql; extensions/indexes/lucene/src/test/xquery/lucene/inline-ignore.xql; extensions/indexes/lucene/src/test/xquery/lucene/match-highlighting.xql; extensions/indexes/lucene/src/test/xquery/lucene/optimizer-ft.xql; extensions/indexes/lucene/src/test/xquery/lucene/parenthesized-context.xql; extensions/indexes/lucene/src/test/xquery/lucene/parenthesized-location-step.xql; extensions/indexes/lucene/src/test/xquery/lucene/reindex-second-store.xqm; extensions/indexes/lucene/src/test/xquery/lucene/self-axis-index.xqm; extensions/indexes/lucene/src/test/xquery/lucene/serialize.xql; extensions/indexes/lucene/src/test/xquery/lucene/start-offset.xql; extensions/indexes/lucene/src/test/xquery/lucene/unicode-supplementary-lucene.xql; extensions/indexes/lucene/src/test/xquery/lucene/util-expand-highlight.xqm; extensions/indexes/lucene/src/test/xquery/lucene/vector-search.xqm; extensions/indexes/ngram/src/test/xquery/ngram/for-variable.xql; extensions/indexes/ngram/src/test/xquery/ngram/match-highlighting-ngram.xql; extensions/indexes/ngram/src/test/xquery/ngram/unicode-supplementary-ngram.xql; extensions/indexes/range/src/test/xquery/range/conditions.xql; extensions/indexes/range/src/test/xquery/range/field-type.xql; extensions/indexes/range/src/test/xquery/range/fields.xql; extensions/indexes/range/src/test/xquery/range/for-variable.xql; extensions/indexes/range/src/test/xquery/range/index-keys.xql; extensions/indexes/range/src/test/xquery/range/multi-collection-search.xqm; extensions/indexes/range/src/test/xquery/range/optimizer.xql; extensions/indexes/range/src/test/xquery/range/prefixed-conditions.xql; extensions/indexes/range/src/test/xquery/range/range.xql; extensions/indexes/range/src/test/xquery/range/types.xql; extensions/indexes/range/src/test/xquery/range/unicode-supplementary-range.xql; extensions/indexes/range/src/test/xquery/range/updates.xql; extensions/modules/cache/src/test/xquery/modules/cache/cache.xqm; extensions/modules/expathrepo/src/main/resources/org/exist/xquery/modules/expathrepo/repair.xql; extensions/modules/expathrepo/src/test/xquery/modules/expathrepo/deployment.xql; extensions/modules/expathrepo/src/test/xquery/modules/expathrepo/resource-available.xql; extensions/modules/file/src/test/resources/util/helper.xqm; extensions/modules/image/src/test/xquery/modules/image/scale.xqm; extensions/modules/xmldiff/src/test/xquery/modules/xmldiff/compare.xqm; extensions/modules/xmldiff/src/test/xquery/modules/xmldiff/diff.xqm; exist-core/src/test/java/org/exist/xquery/SeqOpTest.java; exist-core/src/test/java/org/exist/xquery/DocumentUpdateTest.java; exist-core/src/test/java/org/exist/xquery/FollowingAxisPositionRegressionTest.java; exist-core/src/test/java/org/exist/xquery/IntersectElementReturnTypeTest.java; exist-core/src/test/java/org/exist/xquery/OptimizerTest.java; exist-core/src/test/java/org/exist/xquery/xqsuite/XQSuiteTearDownErrorTest.java; exist-core/src/test/java/org/exist/xquery/SelfAxisAttributeKindRegressionTest.java; exist-core/src/test/java/org/exist/xquery/AxisPerformanceRegressionTest.java; exist-core/src/test/java/org/exist/xquery/XPathQueryTest.java; exist-core/src/test/java/org/exist/xquery/PathExprAtomicRhsTest.java; exist-core/src/test/java/org/exist/xquery/SelfAxisProcessingInstructionRegressionTest.java; exist-core/src/test/java/org/exist/xquery/functions/fn/FunDeepEqualPerformanceTest.java; exist-core/src/test/java/org/exist/xquery/NodeTypeTest.java; exist-core/src/test/java/org/exist/security/XqueryApiTest.java; exist-core/src/test/java/org/exist/collections/ConcurrencyTest.java; extensions/indexes/vector-it/src/test/java/xquery/lucene/VectorSearchEmbeddingIT.java
extensions/modules/expathrepo/src/main/java/org/exist/xquery/modules/expathrepo/InstallFunction.java,org.exist.xquery.modules.expathrepo.InstallFunction,install,true,extensions/modules/expathrepo/src/main/resources/org/exist/xquery/modules/expathrepo/repair.xql; extensions/modules/expathrepo/src/test/xquery/modules/expathrepo/deployment.xql
extensions/modules/expathrepo/src/main/java/org/exist/xquery/modules/expathrepo/InstallFunction.java,org.exist.xquery.modules.expathrepo.InstallFunction,install-from-db,true,extensions/modules/expathrepo/src/main/resources/org/exist/xquery/modules/expathrepo/repair.xql
extensions/modules/expathrepo/src/main/java/org/exist/xquery/modules/expathrepo/ListFunction.java,org.exist.xquery.modules.expathrepo.ListFunction,list,true,extensions/modules/cache/src/test/xquery/modules/cache/cache.xqm; extensions/modules/expathrepo/src/main/resources/org/exist/xquery/modules/expathrepo/repair.xql; extensions/modules/expathrepo/src/test/xquery/modules/expathrepo/deployment.xql; extensions/modules/expathrepo/src/test/xquery/modules/expathrepo/resource-available.xql; extensions/modules/file/src/test/resources/util/helper.xqm; extensions/modules/file/src/test/xquery/modules/file/directory-list.xqm; extensions/modules/mail/access_imap_mailbox_example.xql; extensions/modules/mail/get_messages_example.xql
extensions/modules/expathrepo/src/main/java/org/exist/xquery/modules/expathrepo/Deploy.java,org.exist.xquery.modules.expathrepo.Deploy,deploy,true,extensions/modules/expathrepo/src/test/xquery/modules/expathrepo/deployment.xql; extensions/modules/expathrepo/src/test/xquery/modules/expathrepo/resource-available.xql
extensions/modules/expathrepo/src/main/java/org/exist/xquery/modules/expathrepo/Deploy.java,org.exist.xquery.modules.expathrepo.Deploy,install-and-deploy,false,
extensions/modules/expathrepo/src/main/java/org/exist/xquery/modules/expathrepo/Deploy.java,org.exist.xquery.modules.expathrepo.Deploy,install-and-deploy-from-db,true,extensions/modules/expathrepo/src/test/xquery/modules/expathrepo/deployment.xql; extensions/modules/expathrepo/src/test/xquery/modules/expathrepo/resource-available.xql; extensions/modules/expathrepo/src/test/java/org/exist/repo/PackageTriggerIT.java
extensions/modules/expathrepo/src/main/java/org/exist/xquery/modules/expathrepo/Deploy.java,org.exist.xquery.modules.expathrepo.Deploy,undeploy,true,extensions/modules/expathrepo/src/test/xquery/modules/expathrepo/deployment.xql; extensions/modules/expathrepo/src/test/xquery/modules/expathrepo/resource-available.xql
extensions/modules/expathrepo/src/main/java/org/exist/xquery/modules/expathrepo/Deploy.java,org.exist.xquery.modules.expathrepo.Deploy,status,false,
extensions/modules/expathrepo/src/main/java/org/exist/xquery/modules/expathrepo/GetResource.java,org.exist.xquery.modules.expathrepo.GetResource,get-resource,true,extensions/modules/expathrepo/src/main/resources/org/exist/xquery/modules/expathrepo/repair.xql; extensions/modules/expathrepo/src/test/xquery/modules/expathrepo/deployment.xql
extensions/modules/expathrepo/src/main/java/org/exist/xquery/modules/expathrepo/ResourceAvailable.java,org.exist.xquery.modules.expathrepo.ResourceAvailable,resource-available,true,extensions/modules/expathrepo/src/test/xquery/modules/expathrepo/resource-available.xql
extensions/modules/expathrepo/src/main/java/org/exist/xquery/modules/expathrepo/GetAppRoot.java,org.exist.xquery.modules.expathrepo.GetAppRoot,get-root,true,exist-jetty-config/src/main/resources/webapp/controller.xql; extensions/modules/expathrepo/src/main/resources/org/exist/xquery/modules/expathrepo/repair.xql
extensions/modules/file/src/main/java/org/exist/xquery/modules/file/FileExists.java,org.exist.xquery.modules.file.FileExists,exists,true,exist-core/src/main/resources/org/exist/test/runner/xquery-discovery.xq; exist-core/src/main/resources/org/exist/xquery/lib/kwic.xql; exist-core/src/main/resources/org/exist/xquery/lib/xqsuite/examples.xql; exist-core/src/main/resources/org/exist/xquery/lib/xqsuite/xqsuite.xql; exist-core/src/test/xquery/axes-persistent-nodes.xqm; exist-core/src/test/xquery/errors.xql; exist-core/src/test/xquery/xqsuite/custom-assertion.xqm; exist-core/src/test/xquery/xquery3/castable-untyped-atomic.xqm; exist-core/src/test/xquery/xquery3/fn.xql; exist-core/src/test/xquery/xquery3/fnNilled.xqm; exist-core/src/test/xquery/xquery3/higher-order.xqm; exist-core/src/test/xquery/xquery3/precedingFollowingAfterNot.xqm; extensions/indexes/lucene/src/test/xquery/lucene/analyzers-english.xql; extensions/indexes/lucene/src/test/xquery/lucene/facet-drilldown-highlight.xqm; extensions/indexes/lucene/src/test/xquery/lucene/field-expression-context.xqm; extensions/indexes/lucene/src/test/xquery/lucene/ft-facets.xqm; extensions/indexes/lucene/src/test/xquery/lucene/ft-query-forms.xqm; extensions/indexes/range/src/test/xquery/range/multi-collection-search.xqm; extensions/modules/cache/src/test/xquery/modules/cache/cache.xqm; extensions/modules/expathrepo/src/main/resources/org/exist/xquery/modules/expathrepo/repair.xql; extensions/modules/expathrepo/src/test/xquery/modules/expathrepo/deployment.xql; extensions/modules/file/src/test/resources/util/helper.xqm; extensions/modules/persistentlogin/src/main/resources/org/exist/xquery/modules/persistentlogin/login.xql; exist-core/src/test/java/org/exist/xquery/XQueryTest.java; exist-core/src/test/java/org/exist/xquery/UnionStepDistributionOptimizerTest.java; exist-core/src/test/java/org/exist/xquery/XQueryFunctionsTest.java; exist-core/src/test/java/org/exist/xquery/functions/map/MapEntryRegressionTest.java; exist-core/src/test/java/org/exist/security/RestApiSecurityTest.java; exist-core/src/test/java/org/exist/security/XqueryApiTest.java; extensions/modules/http-client/src/test/java/org/exist/xquery/modules/httpclient/SendRequestFunctionTest.java
extensions/modules/file/src/main/java/org/exist/xquery/modules/file/FileIsDirectory.java,org.exist.xquery.modules.file.FileIsDirectory,is-directory,false,
extensions/modules/file/src/main/java/org/exist/xquery/modules/file/FileIsWriteable.java,org.exist.xquery.modules.file.FileIsWriteable,is-writeable,false,
extensions/modules/file/src/main/java/org/exist/xquery/modules/file/FileRead.java,org.exist.xquery.modules.file.FileRead,read,true,exist-core/src/test/resources/org/exist/performance/log2html.xql; extensions/modules/file/src/test/resources/util/helper.xqm; extensions/modules/file/src/test/xquery/modules/file/serialize.xqm
extensions/modules/file/src/main/java/org/exist/xquery/modules/file/Directory.java,org.exist.xquery.modules.file.Directory,list,true,extensions/modules/cache/src/test/xquery/modules/cache/cache.xqm; extensions/modules/expathrepo/src/main/resources/org/exist/xquery/modules/expathrepo/repair.xql; extensions/modules/expathrepo/src/test/xquery/modules/expathrepo/deployment.xql; extensions/modules/expathrepo/src/test/xquery/modules/expathrepo/resource-available.xql; extensions/modules/file/src/test/resources/util/helper.xqm; extensions/modules/file/src/test/xquery/modules/file/directory-list.xqm; extensions/modules/mail/access_imap_mailbox_example.xql; extensions/modules/mail/get_messages_example.xql
extensions/modules/file/src/main/java/org/exist/xquery/modules/file/Directory.java,org.exist.xquery.modules.file.Directory,unknown,true,exist-core/src/test/xquery/system/as-user.xqm; exist-core/src/test/xquery/xquery3/higher-order.xqm
extensions/modules/file/src/main/java/org/exist/xquery/modules/file/Directory.java,org.exist.xquery.modules.file.Directory,name,true,exist-core/src/main/resources/org/exist/test/runner/xquery-discovery.xq; exist-core/src/main/resources/org/exist/xquery/lib/kwic.xql; exist-core/src/main/resources/org/exist/xquery/lib/xqsuite/xqsuite.xql; exist-core/src/test/resources/org/exist/test/runner/failing-both.xqm; exist-core/src/test/xquery/arrays/arrays.xql; exist-core/src/test/xquery/axes.xql; exist-core/src/test/xquery/document-nodes.xq; exist-core/src/test/xquery/exceptOperator.xql; exist-core/src/test/xquery/maps/mapKeySameKey.xqm; exist-core/src/test/xquery/maps/maps.xqm; exist-core/src/test/xquery/namespaces.xql; exist-core/src/test/xquery/no-static-typing.xqm; exist-core/src/test/xquery/optimizer/expressions.xqm; exist-core/src/test/xquery/preceding-axis.xql; exist-core/src/test/xquery/simple-map-predicate.xq; exist-core/src/test/xquery/types.xql; exist-core/src/test/xquery/unicode.xqm; exist-core/src/test/xquery/util/document-id.xqm; exist-core/src/test/xquery/util/expand.xqm; exist-core/src/test/xquery/xmldb/copy-tests.xql; exist-core/src/test/xquery/xmldb/permission-tests.xql; exist-core/src/test/xquery/xqsuite/xqsuite-tests.xql; exist-core/src/test/xquery/xquery3/arrowop.xql; exist-core/src/test/xquery/xquery3/bang.xql; exist-core/src/test/xquery/xquery3/flwor.xql; exist-core/src/test/xquery/xquery3/fn.xql; exist-core/src/test/xquery/xquery3/fnElementWithId.xqm; exist-core/src/test/xquery/xquery3/fnId.xqm; exist-core/src/test/xquery/xquery3/fnSort.xql; exist-core/src/test/xquery/xquery3/higher-order.xqm; exist-core/src/test/xquery/xquery3/load-xquery-module.xql; exist-core/src/test/xquery/xquery3/serialize.xql; exist-core/src/test/xquery/xquery3/transform/fnTransform82e.xqm; exist-core/src/test/xquery/xquery3/transform/fnTransformParams.xqm; exist-jetty-config/src/main/resources/webapp/controller.xql; extensions/indexes/lucene/src/test/xquery/lucene/analyzers-field.xqm; extensions/indexes/lucene/src/test/xquery/lucene/field-expression-context.xqm; extensions/indexes/lucene/src/test/xquery/lucene/ft-edge.xqm; extensions/indexes/lucene/src/test/xquery/lucene/ft-query-forms.xqm; extensions/indexes/range/src/test/xquery/range/multi-collection-search.xqm; extensions/indexes/range/src/test/xquery/range/optimizer.xql; extensions/indexes/range/src/test/xquery/range/range.xql; extensions/modules/expathrepo/src/test/xquery/modules/expathrepo/deployment.xql; extensions/modules/http-client/src/test/xquery/http-client-tests.xql; extensions/modules/jndi/jndiExample.xql; exist-core/src/test/java/org/exist/xquery/AbstractDescendantOrSelfNodeKindTest.java; exist-core/src/test/java/org/exist/xquery/FollowingAxisPositionRegressionTest.java; exist-core/src/test/java/org/exist/xquery/IntersectElementReturnTypeTest.java; exist-core/src/test/java/org/exist/xquery/CompAttrConstructorErrorCodeTest.java; exist-core/src/test/java/org/exist/xquery/XQueryTest.java; exist-core/src/test/java/org/exist/xquery/XPathQueryTest.java; exist-core/src/test/java/org/exist/xquery/ContextDependencyRegressionTest.java; exist-core/src/test/java/org/exist/xquery/XQueryFunctionsTest.java; exist-core/src/test/java/org/exist/xquery/functions/request/GetUploadedFileHeadersTest.java; exist-core/src/test/java/org/exist/xquery/functions/transform/TransformTest.java; exist-core/src/test/java/org/exist/IndexerTest.java; exist-core/src/test/java/org/exist/xupdate/StressTest.java; exist-core/src/test/java/org/exist/http/urlrewrite/UrlRewritePipelineHttpTest.java; exist-core/src/test/java/org/exist/dom/persistent/BasicNodeSetTest.java; exist-core/src/test/java/org/exist/collections/ConcurrencyTest.java; extensions/indexes/lucene/src/test/java/org/exist/indexing/lucene/LuceneIndexTest.java; extensions/modules/http-client/src/test/java/org/exist/xquery/modules/httpclient/SendRequestFunctionTest.java
extensions/modules/file/src/main/java/org/exist/xquery/modules/file/Directory.java,org.exist.xquery.modules.file.Directory,size,true,exist-core/src/test/xquery/arrays/arrays.xql; exist-core/src/test/xquery/maps/maps.xqm; exist-core/src/test/xquery/xquery3/filter-function-items-in-context.xql; exist-core/src/test/xquery/xquery3/load-xquery-module.xql; extensions/indexes/lucene/src/test/xquery/lucene/vector-embed.xqm; extensions/indexes/range/src/test/xquery/range/index-keys.xql; exist-core/src/test/java/org/exist/xquery/functions/map/MapEntryRegressionTest.java
extensions/modules/file/src/main/java/org/exist/xquery/modules/file/Directory.java,org.exist.xquery.modules.file.Directory,human-size,false,
extensions/modules/file/src/main/java/org/exist/xquery/modules/file/Directory.java,org.exist.xquery.modules.file.Directory,modified,true,exist-core/src/test/xquery/xmldb/copy-tests.xql; exist-core/src/test/xquery/xmldb/last-modified.xql
extensions/modules/file/src/main/java/org/exist/xquery/modules/file/Directory.java,org.exist.xquery.modules.file.Directory,hidden,false,
extensions/modules/file/src/main/java/org/exist/xquery/modules/file/Directory.java,org.exist.xquery.modules.file.Directory,canRead,false,
extensions/modules/file/src/main/java/org/exist/xquery/modules/file/Directory.java,org.exist.xquery.modules.file.Directory,canWrite,false,
extensions/modules/file/src/main/java/org/exist/xquery/modules/file/DirectoryCreate.java,org.exist.xquery.modules.file.DirectoryCreate,mkdir,false,
extensions/modules/file/src/main/java/org/exist/xquery/modules/file/DirectoryCreate.java,org.exist.xquery.modules.file.DirectoryCreate,mkdirs,true,extensions/modules/file/src/test/resources/util/helper.xqm; extensions/modules/file/src/test/xquery/modules/file/serialize.xqm
extensions/modules/file/src/main/java/org/exist/xquery/modules/file/Sync.java,org.exist.xquery.modules.file.Sync,sync,true,extensions/modules/file/src/test/resources/util/helper.xqm; extensions/modules/file/src/test/xquery/modules/file/sync-serialize.xqm; extensions/modules/file/src/test/xquery/modules/file/sync.xqm; extensions/modules/file/src/test/xquery/modules/file/syncmod.xqm
extensions/modules/file/src/main/java/org/exist/xquery/modules/file/Sync.java,org.exist.xquery.modules.file.Sync,update,true,extensions/indexes/range/src/test/xquery/range/index-keys.xql; exist-core/src/test/java/org/exist/xmldb/concurrent/action/XQueryUpdateAction.java; exist-core/src/test/java/org/exist/xquery/XQueryTest.java; exist-core/src/test/java/org/exist/collections/triggers/XQueryTriggerTest.java
extensions/modules/file/src/main/java/org/exist/xquery/modules/file/Sync.java,org.exist.xquery.modules.file.Sync,delete,true,extensions/indexes/range/src/test/xquery/range/range.xql; extensions/modules/file/src/test/resources/util/helper.xqm; extensions/modules/jndi/jndiExample.xql
extensions/modules/file/src/main/java/org/exist/xquery/modules/file/Sync.java,org.exist.xquery.modules.file.Sync,error,true,exist-core/src/main/resources/org/exist/xquery/lib/xqsuite/xqsuite.xql; exist-core/src/test/resources/org/exist/test/runner/failing-both.xqm; exist-core/src/test/resources/org/exist/test/runner/failing-error.xqm; exist-core/src/test/xquery/errors.xql; exist-core/src/test/xquery/simple-map-predicate.xq; exist-core/src/test/xquery/xmldb/store-binary-tests.xql; exist-core/src/test/xquery/xqsuite/custom-assertion.xqm; exist-core/src/test/xquery/xqsuite/xqsuite-assertions-dynamic.xqm; exist-core/src/test/xquery/xqsuite/xqsuite-assertions-inline.xqm; exist-core/src/test/xquery/xqsuite/xqsuite-assertions.resources.xqm.ignore; exist-core/src/test/xquery/xquery3/fnSerializeCharacterMaps026.xqm; exist-core/src/test/xquery/xquery3/generate-id.xqm; extensions/indexes/lucene/src/test/xquery/lucene/vector-search.xqm; extensions/indexes/range/src/test/xquery/range/multi-collection-search.xqm; extensions/indexes/range/src/test/xquery/range/range.xql; extensions/modules/file/src/test/resources/util/helper.xqm; exist-core/src/test/java/org/exist/xquery/xqsuite/XQSuiteTearDownErrorTest.java; exist-core/src/test/java/org/exist/xquery/functions/util/EvalTest.java; exist-core/src/test/java/org/exist/xquery/functions/xquery3/TryCatchTest.java; exist-core/src/test/java/org/exist/collections/triggers/XQueryTrigger2Test.java; exist-core/src/test/java/org/exist/collections/triggers/XQueryTriggerTest.java
extensions/modules/file/src/main/java/org/exist/xquery/modules/file/Sync.java,org.exist.xquery.modules.file.Sync,collection,true,exist-core/src/main/resources/org/exist/xquery/lib/xqsuite/examples.xql; exist-core/src/main/resources/org/exist/xquery/lib/xqsuite/xqsuite.xql; exist-core/src/test/xquery/arrays/arrays.xql; exist-core/src/test/xquery/axes-persistent-nodes.xqm; exist-core/src/test/xquery/axes.xql; exist-core/src/test/xquery/base-uri.xql; exist-core/src/test/xquery/binary-value.xqm; exist-core/src/test/xquery/collations.xq; exist-core/src/test/xquery/count.xql; exist-core/src/test/xquery/document-nodes.xq; exist-core/src/test/xquery/exceptOperator.xql; exist-core/src/test/xquery/fn-not.xq; exist-core/src/test/xquery/fn-position.xqm; exist-core/src/test/xquery/fn.xql; exist-core/src/test/xquery/guest.xql; exist-core/src/test/xquery/indexing/indexes-base-uri.xq; exist-core/src/test/xquery/inspect/inspect.xql; exist-core/src/test/xquery/last.xql; exist-core/src/test/xquery/logicalOp/andor.xql; exist-core/src/test/xquery/npt.xqm; exist-core/src/test/xquery/optimizer/expressions.xqm; exist-core/src/test/xquery/optimizer/positional.xqm; exist-core/src/test/xquery/positional-nested.xql; exist-core/src/test/xquery/preceding-axis.xql; exist-core/src/test/xquery/question-marks-in-contains-function.xql; exist-core/src/test/xquery/securitymanager/id.xqm; exist-core/src/test/xquery/securitymanager/permission-error-codes.xqm; exist-core/src/test/xquery/simple-map-predicate.xq; exist-core/src/test/xquery/system/get-main-module-load-path.xqm; exist-core/src/test/xquery/system/get-module-load-path.xqm; exist-core/src/test/xquery/unicode.xqm; exist-core/src/test/xquery/unparsed-text.xql; exist-core/src/test/xquery/util/document-id.xqm; exist-core/src/test/xquery/util/get-fragment-between.xqm; exist-core/src/test/xquery/validation/jaxp.xql; exist-core/src/test/xquery/validation/jaxv.xql; exist-core/src/test/xquery/xmldb/copy-tests.xql; exist-core/src/test/xquery/xmldb/create-collection-tests.xql; exist-core/src/test/xquery/xmldb/last-modified.xql; exist-core/src/test/xquery/xmldb/permission-tests.xql; exist-core/src/test/xquery/xmldb/reindex-tests.xql; exist-core/src/test/xquery/xmldb/store-binary-tests.xql; exist-core/src/test/xquery/xmlid.xql; exist-core/src/test/xquery/xquery3/flwor.xql; exist-core/src/test/xquery/xquery3/fnExcept.xqm; exist-core/src/test/xquery/xquery3/fnIntersect.xqm; exist-core/src/test/xquery/xquery3/fnUriCollection.xqm; exist-core/src/test/xquery/xquery3/generate-id.xqm; exist-core/src/test/xquery/xquery3/higher-order.xqm; exist-core/src/test/xquery/xquery3/precedingFollowingAfterNot.xqm; exist-core/src/test/xquery/xquery3/serialize.xql; exist-core/src/test/xquery/xquery3/transform/doc-as-parameter.xqm; exist-core/src/test/xquery/xquery3/transform/fnTransform5052.xqm; exist-core/src/test/xquery/xquery3/transform/fnTransform5882.xqm; exist-core/src/test/xquery/xquery3/transform/fnTransform6065.xqm; exist-core/src/test/xquery/xquery3/transform/fnTransformIssue4609.xqm; exist-core/src/test/xquery/xquery3/xml-to-json.xql; exist-jetty-config/src/main/resources/webapp/controller.xql; extensions/exquery/restxq/src/test/xquery/restxq/arrays.xq; extensions/indexes/indexes-integration-tests/src/test/xquery/indexing/tests/exist-matches.xqm; extensions/indexes/lucene/src/test/xquery/lucene/analyzers-diacritics.xql; extensions/indexes/lucene/src/test/xquery/lucene/analyzers-english.xql; extensions/indexes/lucene/src/test/xquery/lucene/analyzers-field.xqm; extensions/indexes/lucene/src/test/xquery/lucene/facet-drilldown-highlight.xqm; extensions/indexes/lucene/src/test/xquery/lucene/field-expression-context.xqm; extensions/indexes/lucene/src/test/xquery/lucene/for-variable.xql; extensions/indexes/lucene/src/test/xquery/lucene/ft-attr-context.xql; extensions/indexes/lucene/src/test/xquery/lucene/ft-edge.xqm; extensions/indexes/lucene/src/test/xquery/lucene/ft-expand-highlight.xqm; extensions/indexes/lucene/src/test/xquery/lucene/ft-facets.xqm; extensions/indexes/lucene/src/test/xquery/lucene/ft-field-types.xqm; extensions/indexes/lucene/src/test/xquery/lucene/ft-match.xql; extensions/indexes/lucene/src/test/xquery/lucene/ft-query-field.xqm; extensions/indexes/lucene/src/test/xquery/lucene/ft-query-forms.xqm; extensions/indexes/lucene/src/test/xquery/lucene/ft-search-binary.xqm; extensions/indexes/lucene/src/test/xquery/lucene/ignore-condition.xql; extensions/indexes/lucene/src/test/xquery/lucene/index-keys.xql; extensions/indexes/lucene/src/test/xquery/lucene/indirect-queries.xql; extensions/indexes/lucene/src/test/xquery/lucene/inline-elements.xql; extensions/indexes/lucene/src/test/xquery/lucene/inline-ignore.xql; extensions/indexes/lucene/src/test/xquery/lucene/match-highlighting.xql; extensions/indexes/lucene/src/test/xquery/lucene/optimizer-ft.xql; extensions/indexes/lucene/src/test/xquery/lucene/parenthesized-context.xql; extensions/indexes/lucene/src/test/xquery/lucene/parenthesized-location-step.xql; extensions/indexes/lucene/src/test/xquery/lucene/reindex-second-store.xqm; extensions/indexes/lucene/src/test/xquery/lucene/self-axis-index.xqm; extensions/indexes/lucene/src/test/xquery/lucene/serialize.xql; extensions/indexes/lucene/src/test/xquery/lucene/start-offset.xql; extensions/indexes/lucene/src/test/xquery/lucene/unicode-supplementary-lucene.xql; extensions/indexes/lucene/src/test/xquery/lucene/util-expand-highlight.xqm; extensions/indexes/lucene/src/test/xquery/lucene/vector-search.xqm; extensions/indexes/ngram/src/test/xquery/ngram/for-variable.xql; extensions/indexes/ngram/src/test/xquery/ngram/match-highlighting-ngram.xql; extensions/indexes/ngram/src/test/xquery/ngram/unicode-supplementary-ngram.xql; extensions/indexes/range/src/test/xquery/range/conditions.xql; extensions/indexes/range/src/test/xquery/range/field-type.xql; extensions/indexes/range/src/test/xquery/range/fields.xql; extensions/indexes/range/src/test/xquery/range/for-variable.xql; extensions/indexes/range/src/test/xquery/range/index-keys.xql; extensions/indexes/range/src/test/xquery/range/multi-collection-search.xqm; extensions/indexes/range/src/test/xquery/range/optimizer.xql; extensions/indexes/range/src/test/xquery/range/prefixed-conditions.xql; extensions/indexes/range/src/test/xquery/range/range.xql; extensions/indexes/range/src/test/xquery/range/types.xql; extensions/indexes/range/src/test/xquery/range/unicode-supplementary-range.xql; extensions/indexes/range/src/test/xquery/range/updates.xql; extensions/modules/expathrepo/src/main/resources/org/exist/xquery/modules/expathrepo/repair.xql; extensions/modules/expathrepo/src/test/xquery/modules/expathrepo/deployment.xql; extensions/modules/expathrepo/src/test/xquery/modules/expathrepo/resource-available.xql; extensions/modules/file/src/test/resources/util/helper.xqm; extensions/modules/file/src/test/xquery/modules/file/sync-serialize.xqm; extensions/modules/image/src/test/xquery/modules/image/scale.xqm; extensions/modules/xmldiff/src/test/xquery/modules/xmldiff/compare.xqm; extensions/modules/xmldiff/src/test/xquery/modules/xmldiff/diff.xqm; exist-core/src/test/java/org/exist/xmldb/concurrent/action/XQueryUpdateAction.java; exist-core/src/test/java/org/exist/xmldb/concurrent/ConcurrentResourceTest3.java; exist-core/src/test/java/org/exist/xmldb/concurrent/ConcurrentResourceTest2.java; exist-core/src/test/java/org/exist/xquery/DocumentUpdateTest.java; exist-core/src/test/java/org/exist/xquery/xqsuite/XQSuiteTearDownErrorTest.java; exist-core/src/test/java/org/exist/xquery/XPathQueryTest.java; exist-core/src/test/java/org/exist/xquery/functions/validate/JingOnvdlTest.java; exist-core/src/test/java/org/exist/xquery/functions/fn/CollectionTest.java; exist-core/src/test/java/org/exist/xquery/NodeTypeTest.java; exist-core/src/test/java/org/exist/security/RestApiSecurityTest.java; exist-core/src/test/java/org/exist/security/XqueryApiTest.java; exist-core/src/test/java/org/exist/security/FnCollectionSecurityTest.java; exist-core/src/test/java/org/exist/security/SecurityManagerTest.java; exist-core/src/test/java/org/exist/storage/lock/ProtectedModeTest.java; exist-core/src/test/java/org/exist/storage/lock/DeadlockIT.java; exist-core/src/test/java/org/exist/xupdate/StressTest.java; exist-core/src/test/java/org/exist/dom/memtree/DOMIndexerTest.java; exist-core/src/test/java/org/exist/xmlrpc/MoveResourceTest.java; exist-core/src/test/java/org/exist/collections/triggers/XQueryTrigger2Test.java; exist-core/src/test/java/org/exist/collections/triggers/XQueryTriggerTest.java; exist-core/src/test/java/org/exist/collections/triggers/XQueryTriggerChainTest.java; exist-core/src/test/java/org/exist/collections/ConcurrencyTest.java; extensions/indexes/indexes-integration-tests/src/test/java/org/exist/indexing/EnforceIndexUseTest.java; extensions/indexes/lucene/src/test/java/xquery/lucene/VectorSearchEmbeddingTest.java; extensions/indexes/lucene/src/test/java/org/exist/indexing/lucene/SerializeAttrMatchesTest.java; extensions/indexes/ngram/src/test/java/org/exist/indexing/ngram/CustomIndexTest.java; extensions/indexes/range/src/test/java/org/exist/xquery/modules/range/ForBoundXmlIdRegressionTest.java; extensions/indexes/range/src/test/java/org/exist/xquery/modules/range/AttributeEqIndexConsistencyTest.java; extensions/indexes/vector-it/src/test/java/xquery/lucene/VectorSearchEmbeddingIT.java; extensions/modules/expathrepo/src/test/java/org/exist/repo/PackageTriggerIT.java
extensions/modules/file/src/main/java/org/exist/xquery/modules/file/Sync.java,org.exist.xquery.modules.file.Sync,dir,false,
extensions/modules/file/src/main/java/org/exist/xquery/modules/file/Sync.java,org.exist.xquery.modules.file.Sync,file,true,exist-docker/src/test/bats/04-webdav-litmus.bats; extensions/modules/file/src/test/xquery/modules/file/sync.xqm
extensions/modules/file/src/main/java/org/exist/xquery/modules/file/Sync.java,org.exist.xquery.modules.file.Sync,name,true,exist-core/src/main/resources/org/exist/test/runner/xquery-discovery.xq; exist-core/src/main/resources/org/exist/xquery/lib/kwic.xql; exist-core/src/main/resources/org/exist/xquery/lib/xqsuite/xqsuite.xql; exist-core/src/test/resources/org/exist/test/runner/failing-both.xqm; exist-core/src/test/xquery/arrays/arrays.xql; exist-core/src/test/xquery/axes.xql; exist-core/src/test/xquery/document-nodes.xq; exist-core/src/test/xquery/exceptOperator.xql; exist-core/src/test/xquery/maps/mapKeySameKey.xqm; exist-core/src/test/xquery/maps/maps.xqm; exist-core/src/test/xquery/namespaces.xql; exist-core/src/test/xquery/no-static-typing.xqm; exist-core/src/test/xquery/optimizer/expressions.xqm; exist-core/src/test/xquery/preceding-axis.xql; exist-core/src/test/xquery/simple-map-predicate.xq; exist-core/src/test/xquery/types.xql; exist-core/src/test/xquery/unicode.xqm; exist-core/src/test/xquery/util/document-id.xqm; exist-core/src/test/xquery/util/expand.xqm; exist-core/src/test/xquery/xmldb/copy-tests.xql; exist-core/src/test/xquery/xmldb/permission-tests.xql; exist-core/src/test/xquery/xqsuite/xqsuite-tests.xql; exist-core/src/test/xquery/xquery3/arrowop.xql; exist-core/src/test/xquery/xquery3/bang.xql; exist-core/src/test/xquery/xquery3/flwor.xql; exist-core/src/test/xquery/xquery3/fn.xql; exist-core/src/test/xquery/xquery3/fnElementWithId.xqm; exist-core/src/test/xquery/xquery3/fnId.xqm; exist-core/src/test/xquery/xquery3/fnSort.xql; exist-core/src/test/xquery/xquery3/higher-order.xqm; exist-core/src/test/xquery/xquery3/load-xquery-module.xql; exist-core/src/test/xquery/xquery3/serialize.xql; exist-core/src/test/xquery/xquery3/transform/fnTransform82e.xqm; exist-core/src/test/xquery/xquery3/transform/fnTransformParams.xqm; exist-jetty-config/src/main/resources/webapp/controller.xql; extensions/indexes/lucene/src/test/xquery/lucene/analyzers-field.xqm; extensions/indexes/lucene/src/test/xquery/lucene/field-expression-context.xqm; extensions/indexes/lucene/src/test/xquery/lucene/ft-edge.xqm; extensions/indexes/lucene/src/test/xquery/lucene/ft-query-forms.xqm; extensions/indexes/range/src/test/xquery/range/multi-collection-search.xqm; extensions/indexes/range/src/test/xquery/range/optimizer.xql; extensions/indexes/range/src/test/xquery/range/range.xql; extensions/modules/expathrepo/src/test/xquery/modules/expathrepo/deployment.xql; extensions/modules/http-client/src/test/xquery/http-client-tests.xql; extensions/modules/jndi/jndiExample.xql; exist-core/src/test/java/org/exist/xquery/AbstractDescendantOrSelfNodeKindTest.java; exist-core/src/test/java/org/exist/xquery/FollowingAxisPositionRegressionTest.java; exist-core/src/test/java/org/exist/xquery/IntersectElementReturnTypeTest.java; exist-core/src/test/java/org/exist/xquery/CompAttrConstructorErrorCodeTest.java; exist-core/src/test/java/org/exist/xquery/XQueryTest.java; exist-core/src/test/java/org/exist/xquery/XPathQueryTest.java; exist-core/src/test/java/org/exist/xquery/ContextDependencyRegressionTest.java; exist-core/src/test/java/org/exist/xquery/XQueryFunctionsTest.java; exist-core/src/test/java/org/exist/xquery/functions/request/GetUploadedFileHeadersTest.java; exist-core/src/test/java/org/exist/xquery/functions/transform/TransformTest.java; exist-core/src/test/java/org/exist/IndexerTest.java; exist-core/src/test/java/org/exist/xupdate/StressTest.java; exist-core/src/test/java/org/exist/http/urlrewrite/UrlRewritePipelineHttpTest.java; exist-core/src/test/java/org/exist/dom/persistent/BasicNodeSetTest.java; exist-core/src/test/java/org/exist/collections/ConcurrencyTest.java; extensions/indexes/lucene/src/test/java/org/exist/indexing/lucene/LuceneIndexTest.java; extensions/modules/http-client/src/test/java/org/exist/xquery/modules/httpclient/SendRequestFunctionTest.java
extensions/modules/file/src/main/java/org/exist/xquery/modules/file/Sync.java,org.exist.xquery.modules.file.Sync,type,true,exist-core/src/main/resources/org/exist/xquery/lib/xqsuite/xqsuite.xql; exist-core/src/test/xquery/arrays/arrays.xql; exist-core/src/test/xquery/dates/convert-dates.xqm; exist-core/src/test/xquery/integers.xq; exist-core/src/test/xquery/maps/maps.xqm; exist-core/src/test/xquery/types.xql; exist-core/src/test/xquery/xquery3/fnElementWithId.xqm; exist-core/src/test/xquery/xquery3/fnId.xqm; exist-core/src/test/xquery/xquery3/higher-order.xqm; exist-core/src/test/xquery/xquery3/json-to-xml.xql; exist-core/src/test/xquery/xquery3/load-xquery-module.xql; exist-core/src/test/xquery/xquery3/parse-xml-fragment.xqm; exist-core/src/test/xquery/xquery3/parse-xml.xqm; exist-core/src/test/xquery/xquery3/typeswitch.xql; extensions/indexes/lucene/src/test/xquery/lucene/ft-facets.xqm; extensions/indexes/lucene/src/test/xquery/lucene/ft-query-forms.xqm; extensions/indexes/range/src/test/xquery/range/types.xql; exist-core/src/test/java/org/exist/xmldb/CollectionConfigurationTest.java; exist-core/src/test/java/org/exist/xquery/ModuleImportTest.java; exist-core/src/test/java/org/exist/http/RESTServiceTest.java; extensions/exquery/restxq/src/test/java/org/exist/extensions/exquery/restxq/impl/MediaTypeIntegrationTest.java; extensions/modules/mail/src/test/java/org/exist/xquery/modules/mail/SendEmailIT.java
extensions/modules/file/src/main/java/org/exist/xquery/modules/file/Sync.java,org.exist.xquery.modules.file.Sync,modified,true,exist-core/src/test/xquery/xmldb/copy-tests.xql; exist-core/src/test/xquery/xmldb/last-modified.xql
extensions/modules/file/src/main/java/org/exist/xquery/modules/file/FileReadBinary.java,org.exist.xquery.modules.file.FileReadBinary,read-binary,true,extensions/modules/file/src/test/xquery/modules/file/binary-nested-in-map.xqm; extensions/modules/file/src/test/xquery/modules/file/read-binary.xqm; extensions/modules/file/src/test/xquery/modules/file/serialize.xqm; extensions/modules/image/src/test/xquery/modules/image/scale.xqm; extensions/modules/file/src/test/java/org/exist/xquery/modules/file/RestBinariesTest.java; extensions/modules/file/src/test/java/org/exist/xquery/modules/file/AbstractBinariesTest.java
extensions/modules/file/src/main/java/org/exist/xquery/modules/file/SerializeToFile.java,org.exist.xquery.modules.file.SerializeToFile,serialize,true,exist-core/src/main/resources/org/exist/xquery/lib/xqsuite/xqsuite.xql; exist-core/src/test/xquery/arrays/arrays.xql; exist-core/src/test/xquery/maps/maps.xqm; exist-core/src/test/xquery/maps/mapsLookup.xql; exist-core/src/test/xquery/xqsuite/custom-assertion.xqm; exist-core/src/test/xquery/xquery3/bindingConflict.xqm; exist-core/src/test/xquery/xquery3/fnSerializeCharacterMaps.xqm; exist-core/src/test/xquery/xquery3/fnSerializeCharacterMaps026.xqm; exist-core/src/test/xquery/xquery3/fnSerializeCharacterMapsInvParam.xqm; exist-core/src/test/xquery/xquery3/fnSerializeNewline.xqm; exist-core/src/test/xquery/xquery3/serialize.xql; exist-core/src/test/xquery/xquery3/transform/fnTransform5052.xqm; extensions/exquery/restxq/src/test/xquery/restxq/arrays.xq; extensions/indexes/lucene/src/test/xquery/lucene/serialize.xql; extensions/indexes/lucene/src/test/xquery/lucene/start-offset.xql; extensions/modules/file/src/test/xquery/modules/file/serialize.xqm; exist-core/src/test/java/org/exist/xinclude/W3CXIncludeTestSuite.java; exist-core/src/test/java/org/exist/util/serializer/HTML5FragmentTest.java; exist-core/src/test/java/org/exist/xquery/xqsuite/XQSuiteTearDownErrorTest.java; exist-core/src/test/java/org/exist/xquery/XPathQueryTest.java; exist-core/src/test/java/org/exist/xquery/functions/util/EvalTest.java; extensions/modules/mail/src/test/java/org/exist/xquery/modules/mail/SendEmailIT.java
extensions/modules/file/src/main/java/org/exist/xquery/modules/file/SerializeToFile.java,org.exist.xquery.modules.file.SerializeToFile,serialize-binary,true,extensions/modules/file/src/test/resources/util/helper.xqm; extensions/modules/file/src/test/xquery/modules/file/serialize.xqm; extensions/modules/file/src/test/xquery/modules/file/sync.xqm; extensions/modules/file/src/test/java/org/exist/xquery/modules/file/AbstractBinariesTest.java
extensions/modules/file/src/main/java/org/exist/xquery/modules/file/FileMove.java,org.exist.xquery.modules.file.FileMove,move,true,exist-core/src/main/resources/org/exist/xquery/lib/xqsuite/examples.xql; exist-core/src/test/xquery/arrays/arrays.xql; exist-core/src/test/xquery/axes-persistent-nodes.xqm; exist-core/src/test/xquery/axes.xql; exist-core/src/test/xquery/base-uri.xql; exist-core/src/test/xquery/binary-value.xqm; exist-core/src/test/xquery/collations.xq; exist-core/src/test/xquery/count.xql; exist-core/src/test/xquery/document-nodes.xq; exist-core/src/test/xquery/exceptOperator.xql; exist-core/src/test/xquery/fn-not.xq; exist-core/src/test/xquery/fn-position.xqm; exist-core/src/test/xquery/fn.xql; exist-core/src/test/xquery/guest.xql; exist-core/src/test/xquery/indexing/indexes-base-uri.xq; exist-core/src/test/xquery/inspect/inspect.xql; exist-core/src/test/xquery/last.xql; exist-core/src/test/xquery/logicalOp/andor.xql; exist-core/src/test/xquery/maps/maps.xqm; exist-core/src/test/xquery/npt.xqm; exist-core/src/test/xquery/optimizer/expressions.xqm; exist-core/src/test/xquery/optimizer/positional.xqm; exist-core/src/test/xquery/positional-nested.xql; exist-core/src/test/xquery/preceding-axis.xql; exist-core/src/test/xquery/question-marks-in-contains-function.xql; exist-core/src/test/xquery/securitymanager/id.xqm; exist-core/src/test/xquery/securitymanager/permission-error-codes.xqm; exist-core/src/test/xquery/simple-map-predicate.xq; exist-core/src/test/xquery/system/get-main-module-load-path.xqm; exist-core/src/test/xquery/system/get-module-load-path.xqm; exist-core/src/test/xquery/unicode.xqm; exist-core/src/test/xquery/unparsed-text.xql; exist-core/src/test/xquery/util/document-id.xqm; exist-core/src/test/xquery/util/get-fragment-between.xqm; exist-core/src/test/xquery/validation/jaxp.xql; exist-core/src/test/xquery/validation/jaxv.xql; exist-core/src/test/xquery/xmldb/copy-tests.xql; exist-core/src/test/xquery/xmldb/create-collection-tests.xql; exist-core/src/test/xquery/xmldb/last-modified.xql; exist-core/src/test/xquery/xmldb/permission-tests.xql; exist-core/src/test/xquery/xmldb/reindex-tests.xql; exist-core/src/test/xquery/xmldb/store-binary-tests.xql; exist-core/src/test/xquery/xmlid.xql; exist-core/src/test/xquery/xqsuite/custom-assertion.xqm; exist-core/src/test/xquery/xquery-update.xql; exist-core/src/test/xquery/xquery3/flwor.xql; exist-core/src/test/xquery/xquery3/fnExcept.xqm; exist-core/src/test/xquery/xquery3/fnIntersect.xqm; exist-core/src/test/xquery/xquery3/fnUriCollection.xqm; exist-core/src/test/xquery/xquery3/generate-id.xqm; exist-core/src/test/xquery/xquery3/higher-order.xqm; exist-core/src/test/xquery/xquery3/precedingFollowingAfterNot.xqm; exist-core/src/test/xquery/xquery3/serialize.xql; exist-core/src/test/xquery/xquery3/transform/doc-as-parameter.xqm; exist-core/src/test/xquery/xquery3/transform/fnTransform5052.xqm; exist-core/src/test/xquery/xquery3/transform/fnTransform5882.xqm; exist-core/src/test/xquery/xquery3/transform/fnTransform6065.xqm; exist-core/src/test/xquery/xquery3/xml-to-json.xql; extensions/exquery/restxq/src/test/xquery/restxq/arrays.xq; extensions/indexes/indexes-integration-tests/src/test/xquery/indexing/tests/exist-matches.xqm; extensions/indexes/lucene/src/test/xquery/lucene/analyzers-diacritics.xql; extensions/indexes/lucene/src/test/xquery/lucene/analyzers-english.xql; extensions/indexes/lucene/src/test/xquery/lucene/analyzers-field.xqm; extensions/indexes/lucene/src/test/xquery/lucene/facet-drilldown-highlight.xqm; extensions/indexes/lucene/src/test/xquery/lucene/field-expression-context.xqm; extensions/indexes/lucene/src/test/xquery/lucene/for-variable.xql; extensions/indexes/lucene/src/test/xquery/lucene/ft-attr-context.xql; extensions/indexes/lucene/src/test/xquery/lucene/ft-edge.xqm; extensions/indexes/lucene/src/test/xquery/lucene/ft-expand-highlight.xqm; extensions/indexes/lucene/src/test/xquery/lucene/ft-facets.xqm; extensions/indexes/lucene/src/test/xquery/lucene/ft-field-types.xqm; extensions/indexes/lucene/src/test/xquery/lucene/ft-match.xql; extensions/indexes/lucene/src/test/xquery/lucene/ft-query-field.xqm; extensions/indexes/lucene/src/test/xquery/lucene/ft-query-forms.xqm; extensions/indexes/lucene/src/test/xquery/lucene/ft-search-binary.xqm; extensions/indexes/lucene/src/test/xquery/lucene/ignore-condition.xql; extensions/indexes/lucene/src/test/xquery/lucene/index-keys.xql; extensions/indexes/lucene/src/test/xquery/lucene/indirect-queries.xql; extensions/indexes/lucene/src/test/xquery/lucene/inline-elements.xql; extensions/indexes/lucene/src/test/xquery/lucene/inline-ignore.xql; extensions/indexes/lucene/src/test/xquery/lucene/match-highlighting.xql; extensions/indexes/lucene/src/test/xquery/lucene/optimizer-ft.xql; extensions/indexes/lucene/src/test/xquery/lucene/parenthesized-context.xql; extensions/indexes/lucene/src/test/xquery/lucene/parenthesized-location-step.xql; extensions/indexes/lucene/src/test/xquery/lucene/reindex-second-store.xqm; extensions/indexes/lucene/src/test/xquery/lucene/self-axis-index.xqm; extensions/indexes/lucene/src/test/xquery/lucene/serialize.xql; extensions/indexes/lucene/src/test/xquery/lucene/start-offset.xql; extensions/indexes/lucene/src/test/xquery/lucene/unicode-supplementary-lucene.xql; extensions/indexes/lucene/src/test/xquery/lucene/util-expand-highlight.xqm; extensions/indexes/lucene/src/test/xquery/lucene/vector-search.xqm; extensions/indexes/ngram/src/test/xquery/ngram/for-variable.xql; extensions/indexes/ngram/src/test/xquery/ngram/match-highlighting-ngram.xql; extensions/indexes/ngram/src/test/xquery/ngram/unicode-supplementary-ngram.xql; extensions/indexes/range/src/test/xquery/range/conditions.xql; extensions/indexes/range/src/test/xquery/range/field-type.xql; extensions/indexes/range/src/test/xquery/range/fields.xql; extensions/indexes/range/src/test/xquery/range/for-variable.xql; extensions/indexes/range/src/test/xquery/range/index-keys.xql; extensions/indexes/range/src/test/xquery/range/multi-collection-search.xqm; extensions/indexes/range/src/test/xquery/range/optimizer.xql; extensions/indexes/range/src/test/xquery/range/prefixed-conditions.xql; extensions/indexes/range/src/test/xquery/range/range.xql; extensions/indexes/range/src/test/xquery/range/types.xql; extensions/indexes/range/src/test/xquery/range/unicode-supplementary-range.xql; extensions/indexes/range/src/test/xquery/range/updates.xql; extensions/modules/cache/src/test/xquery/modules/cache/cache.xqm; extensions/modules/expathrepo/src/main/resources/org/exist/xquery/modules/expathrepo/repair.xql; extensions/modules/expathrepo/src/test/xquery/modules/expathrepo/deployment.xql; extensions/modules/expathrepo/src/test/xquery/modules/expathrepo/resource-available.xql; extensions/modules/file/src/test/resources/util/helper.xqm; extensions/modules/image/src/test/xquery/modules/image/scale.xqm; extensions/modules/xmldiff/src/test/xquery/modules/xmldiff/compare.xqm; extensions/modules/xmldiff/src/test/xquery/modules/xmldiff/diff.xqm; exist-core/src/test/java/org/exist/xquery/SeqOpTest.java; exist-core/src/test/java/org/exist/xquery/DocumentUpdateTest.java; exist-core/src/test/java/org/exist/xquery/FollowingAxisPositionRegressionTest.java; exist-core/src/test/java/org/exist/xquery/IntersectElementReturnTypeTest.java; exist-core/src/test/java/org/exist/xquery/OptimizerTest.java; exist-core/src/test/java/org/exist/xquery/xqsuite/XQSuiteTearDownErrorTest.java; exist-core/src/test/java/org/exist/xquery/SelfAxisAttributeKindRegressionTest.java; exist-core/src/test/java/org/exist/xquery/AxisPerformanceRegressionTest.java; exist-core/src/test/java/org/exist/xquery/XPathQueryTest.java; exist-core/src/test/java/org/exist/xquery/PathExprAtomicRhsTest.java; exist-core/src/test/java/org/exist/xquery/SelfAxisProcessingInstructionRegressionTest.java; exist-core/src/test/java/org/exist/xquery/functions/fn/FunDeepEqualPerformanceTest.java; exist-core/src/test/java/org/exist/xquery/NodeTypeTest.java; exist-core/src/test/java/org/exist/security/XqueryApiTest.java; exist-core/src/test/java/org/exist/collections/triggers/XQueryTriggerChainTest.java; exist-core/src/test/java/org/exist/collections/ConcurrencyTest.java; extensions/indexes/vector-it/src/test/java/xquery/lucene/VectorSearchEmbeddingIT.java
extensions/modules/file/src/main/java/org/exist/xquery/modules/file/FileReadUnicode.java,org.exist.xquery.modules.file.FileReadUnicode,read-unicode,false,
extensions/modules/file/src/main/java/org/exist/xquery/modules/file/FileIsReadable.java,org.exist.xquery.modules.file.FileIsReadable,is-readable,false,
extensions/modules/file/src/main/java/org/exist/xquery/modules/file/FileDelete.java,org.exist.xquery.modules.file.FileDelete,delete,true,extensions/indexes/range/src/test/xquery/range/range.xql; extensions/modules/file/src/test/resources/util/helper.xqm; extensions/modules/jndi/jndiExample.xql
extensions/modules/file/src/main/java/org/exist/xquery/modules/file/DirectoryList.java,org.exist.xquery.modules.file.DirectoryList,directory-list,true,extensions/modules/file/src/test/xquery/modules/file/directory-list.xqm
extensions/modules/file/src/main/java/org/exist/xquery/modules/file/DirectoryList.java,org.exist.xquery.modules.file.DirectoryList,file,true,exist-docker/src/test/bats/04-webdav-litmus.bats; extensions/modules/file/src/test/xquery/modules/file/sync.xqm
extensions/modules/file/src/main/java/org/exist/xquery/modules/file/DirectoryList.java,org.exist.xquery.modules.file.DirectoryList,list,true,extensions/modules/cache/src/test/xquery/modules/cache/cache.xqm; extensions/modules/expathrepo/src/main/resources/org/exist/xquery/modules/expathrepo/repair.xql; extensions/modules/expathrepo/src/test/xquery/modules/expathrepo/deployment.xql; extensions/modules/expathrepo/src/test/xquery/modules/expathrepo/resource-available.xql; extensions/modules/file/src/test/resources/util/helper.xqm; extensions/modules/file/src/test/xquery/modules/file/directory-list.xqm; extensions/modules/mail/access_imap_mailbox_example.xql; extensions/modules/mail/get_messages_example.xql
extensions/modules/file/src/main/java/org/exist/xquery/modules/file/DirectoryList.java,org.exist.xquery.modules.file.DirectoryList,directory,true,extensions/modules/file/src/test/xquery/modules/file/binary-nested-in-map.xqm; extensions/modules/file/src/test/xquery/modules/file/read-binary.xqm; extensions/modules/file/src/test/xquery/modules/file/serialize.xqm; extensions/modules/file/src/test/xquery/modules/file/sync-serialize.xqm; extensions/modules/file/src/test/xquery/modules/file/sync.xqm; extensions/modules/file/src/test/xquery/modules/file/syncmod.xqm
extensions/modules/file/src/main/java/org/exist/xquery/modules/file/DirectoryList.java,org.exist.xquery.modules.file.DirectoryList,name,true,exist-core/src/main/resources/org/exist/test/runner/xquery-discovery.xq; exist-core/src/main/resources/org/exist/xquery/lib/kwic.xql; exist-core/src/main/resources/org/exist/xquery/lib/xqsuite/xqsuite.xql; exist-core/src/test/resources/org/exist/test/runner/failing-both.xqm; exist-core/src/test/xquery/arrays/arrays.xql; exist-core/src/test/xquery/axes.xql; exist-core/src/test/xquery/document-nodes.xq; exist-core/src/test/xquery/exceptOperator.xql; exist-core/src/test/xquery/maps/mapKeySameKey.xqm; exist-core/src/test/xquery/maps/maps.xqm; exist-core/src/test/xquery/namespaces.xql; exist-core/src/test/xquery/no-static-typing.xqm; exist-core/src/test/xquery/optimizer/expressions.xqm; exist-core/src/test/xquery/preceding-axis.xql; exist-core/src/test/xquery/simple-map-predicate.xq; exist-core/src/test/xquery/types.xql; exist-core/src/test/xquery/unicode.xqm; exist-core/src/test/xquery/util/document-id.xqm; exist-core/src/test/xquery/util/expand.xqm; exist-core/src/test/xquery/xmldb/copy-tests.xql; exist-core/src/test/xquery/xmldb/permission-tests.xql; exist-core/src/test/xquery/xqsuite/xqsuite-tests.xql; exist-core/src/test/xquery/xquery3/arrowop.xql; exist-core/src/test/xquery/xquery3/bang.xql; exist-core/src/test/xquery/xquery3/flwor.xql; exist-core/src/test/xquery/xquery3/fn.xql; exist-core/src/test/xquery/xquery3/fnElementWithId.xqm; exist-core/src/test/xquery/xquery3/fnId.xqm; exist-core/src/test/xquery/xquery3/fnSort.xql; exist-core/src/test/xquery/xquery3/higher-order.xqm; exist-core/src/test/xquery/xquery3/load-xquery-module.xql; exist-core/src/test/xquery/xquery3/serialize.xql; exist-core/src/test/xquery/xquery3/transform/fnTransform82e.xqm; exist-core/src/test/xquery/xquery3/transform/fnTransformParams.xqm; exist-jetty-config/src/main/resources/webapp/controller.xql; extensions/indexes/lucene/src/test/xquery/lucene/analyzers-field.xqm; extensions/indexes/lucene/src/test/xquery/lucene/field-expression-context.xqm; extensions/indexes/lucene/src/test/xquery/lucene/ft-edge.xqm; extensions/indexes/lucene/src/test/xquery/lucene/ft-query-forms.xqm; extensions/indexes/range/src/test/xquery/range/multi-collection-search.xqm; extensions/indexes/range/src/test/xquery/range/optimizer.xql; extensions/indexes/range/src/test/xquery/range/range.xql; extensions/modules/expathrepo/src/test/xquery/modules/expathrepo/deployment.xql; extensions/modules/http-client/src/test/xquery/http-client-tests.xql; extensions/modules/jndi/jndiExample.xql; exist-core/src/test/java/org/exist/xquery/AbstractDescendantOrSelfNodeKindTest.java; exist-core/src/test/java/org/exist/xquery/FollowingAxisPositionRegressionTest.java; exist-core/src/test/java/org/exist/xquery/IntersectElementReturnTypeTest.java; exist-core/src/test/java/org/exist/xquery/CompAttrConstructorErrorCodeTest.java; exist-core/src/test/java/org/exist/xquery/XQueryTest.java; exist-core/src/test/java/org/exist/xquery/XPathQueryTest.java; exist-core/src/test/java/org/exist/xquery/ContextDependencyRegressionTest.java; exist-core/src/test/java/org/exist/xquery/XQueryFunctionsTest.java; exist-core/src/test/java/org/exist/xquery/functions/request/GetUploadedFileHeadersTest.java; exist-core/src/test/java/org/exist/xquery/functions/transform/TransformTest.java; exist-core/src/test/java/org/exist/IndexerTest.java; exist-core/src/test/java/org/exist/xupdate/StressTest.java; exist-core/src/test/java/org/exist/http/urlrewrite/UrlRewritePipelineHttpTest.java; exist-core/src/test/java/org/exist/dom/persistent/BasicNodeSetTest.java; exist-core/src/test/java/org/exist/collections/ConcurrencyTest.java; extensions/indexes/lucene/src/test/java/org/exist/indexing/lucene/LuceneIndexTest.java; extensions/modules/http-client/src/test/java/org/exist/xquery/modules/httpclient/SendRequestFunctionTest.java
extensions/modules/file/src/main/java/org/exist/xquery/modules/file/DirectoryList.java,org.exist.xquery.modules.file.DirectoryList,size,true,exist-core/src/test/xquery/arrays/arrays.xql; exist-core/src/test/xquery/maps/maps.xqm; exist-core/src/test/xquery/xquery3/filter-function-items-in-context.xql; exist-core/src/test/xquery/xquery3/load-xquery-module.xql; extensions/indexes/lucene/src/test/xquery/lucene/vector-embed.xqm; extensions/indexes/range/src/test/xquery/range/index-keys.xql; exist-core/src/test/java/org/exist/xquery/functions/map/MapEntryRegressionTest.java
extensions/modules/file/src/main/java/org/exist/xquery/modules/file/DirectoryList.java,org.exist.xquery.modules.file.DirectoryList,human-size,false,
extensions/modules/file/src/main/java/org/exist/xquery/modules/file/DirectoryList.java,org.exist.xquery.modules.file.DirectoryList,modified,true,exist-core/src/test/xquery/xmldb/copy-tests.xql; exist-core/src/test/xquery/xmldb/last-modified.xql
extensions/modules/file/src/main/java/org/exist/xquery/modules/file/DirectoryList.java,org.exist.xquery.modules.file.DirectoryList,subdir,false,
extensions/modules/image/src/main/java/org/exist/xquery/modules/image/GetThumbnailsFunction.java,org.exist.xquery.modules.image.GetThumbnailsFunction,thumbnail,false,
extensions/modules/image/src/main/java/org/exist/xquery/modules/image/GetHeightFunction.java,org.exist.xquery.modules.image.GetHeightFunction,get-height,false,
extensions/modules/image/src/main/java/org/exist/xquery/modules/image/ScaleFunction.java,org.exist.xquery.modules.image.ScaleFunction,scale,true,extensions/modules/image/src/test/xquery/modules/image/scale.xqm
extensions/modules/image/src/main/java/org/exist/xquery/modules/image/GetWidthFunction.java,org.exist.xquery.modules.image.GetWidthFunction,get-width,false,
extensions/modules/image/src/main/java/org/exist/xquery/modules/image/CropFunction.java,org.exist.xquery.modules.image.CropFunction,crop,false,
extensions/modules/jndi/src/main/java/org/exist/xquery/modules/jndi/SearchFunction.java,org.exist.xquery.modules.jndi.SearchFunction,search,true,extensions/indexes/lucene/src/test/xquery/lucene/analyzers-field.xqm; extensions/indexes/lucene/src/test/xquery/lucene/ft-edge.xqm; extensions/indexes/lucene/src/test/xquery/lucene/ft-search-binary.xqm; extensions/modules/jndi/jndiExample.xql; extensions/indexes/lucene/src/test/java/org/exist/indexing/lucene/FacetPollutionJavaReproducerTest.java
extensions/modules/jndi/src/main/java/org/exist/xquery/modules/jndi/SearchFunction.java,org.exist.xquery.modules.jndi.SearchFunction,dsml,false,
extensions/modules/jndi/src/main/java/org/exist/xquery/modules/jndi/SearchFunction.java,org.exist.xquery.modules.jndi.SearchFunction,dn,false,
extensions/modules/jndi/src/main/java/org/exist/xquery/modules/jndi/SearchFunction.java,org.exist.xquery.modules.jndi.SearchFunction,directory-entries,false,
extensions/modules/jndi/src/main/java/org/exist/xquery/modules/jndi/SearchFunction.java,org.exist.xquery.modules.jndi.SearchFunction,entry,true,exist-core/src/main/resources/org/exist/xquery/lib/xqsuite/xqsuite.xql; exist-core/src/test/xquery/maps/mapKeySameKey.xqm; exist-core/src/test/xquery/maps/maps.xqm; exist-core/src/test/xquery/optimizer/expressions.xqm; exist-core/src/test/xquery/xquery3/serialize.xql; extensions/indexes/lucene/src/test/xquery/lucene/unicode-supplementary-lucene.xql; extensions/indexes/ngram/src/test/xquery/ngram/unicode-supplementary-ngram.xql; extensions/indexes/range/src/test/xquery/range/unicode-supplementary-range.xql; exist-core/src/test/java/org/exist/xquery/functions/map/MapEntryRegressionTest.java
extensions/modules/jndi/src/main/java/org/exist/xquery/modules/jndi/SearchFunction.java,org.exist.xquery.modules.jndi.SearchFunction,objectclass,false,
extensions/modules/jndi/src/main/java/org/exist/xquery/modules/jndi/SearchFunction.java,org.exist.xquery.modules.jndi.SearchFunction,oc-value,false,
extensions/modules/jndi/src/main/java/org/exist/xquery/modules/jndi/SearchFunction.java,org.exist.xquery.modules.jndi.SearchFunction,attr,true,exist-core/src/test/xquery/comments.xql; exist-core/src/test/xquery/xquery3/bindingConflict.xqm; extensions/indexes/lucene/src/test/xquery/lucene/parenthesized-context.xql; extensions/modules/xmldiff/src/test/xquery/modules/xmldiff/compare.xqm
extensions/modules/jndi/src/main/java/org/exist/xquery/modules/jndi/SearchFunction.java,org.exist.xquery.modules.jndi.SearchFunction,name,true,exist-core/src/main/resources/org/exist/test/runner/xquery-discovery.xq; exist-core/src/main/resources/org/exist/xquery/lib/kwic.xql; exist-core/src/main/resources/org/exist/xquery/lib/xqsuite/xqsuite.xql; exist-core/src/test/resources/org/exist/test/runner/failing-both.xqm; exist-core/src/test/xquery/arrays/arrays.xql; exist-core/src/test/xquery/axes.xql; exist-core/src/test/xquery/document-nodes.xq; exist-core/src/test/xquery/exceptOperator.xql; exist-core/src/test/xquery/maps/mapKeySameKey.xqm; exist-core/src/test/xquery/maps/maps.xqm; exist-core/src/test/xquery/namespaces.xql; exist-core/src/test/xquery/no-static-typing.xqm; exist-core/src/test/xquery/optimizer/expressions.xqm; exist-core/src/test/xquery/preceding-axis.xql; exist-core/src/test/xquery/simple-map-predicate.xq; exist-core/src/test/xquery/types.xql; exist-core/src/test/xquery/unicode.xqm; exist-core/src/test/xquery/util/document-id.xqm; exist-core/src/test/xquery/util/expand.xqm; exist-core/src/test/xquery/xmldb/copy-tests.xql; exist-core/src/test/xquery/xmldb/permission-tests.xql; exist-core/src/test/xquery/xqsuite/xqsuite-tests.xql; exist-core/src/test/xquery/xquery3/arrowop.xql; exist-core/src/test/xquery/xquery3/bang.xql; exist-core/src/test/xquery/xquery3/flwor.xql; exist-core/src/test/xquery/xquery3/fn.xql; exist-core/src/test/xquery/xquery3/fnElementWithId.xqm; exist-core/src/test/xquery/xquery3/fnId.xqm; exist-core/src/test/xquery/xquery3/fnSort.xql; exist-core/src/test/xquery/xquery3/higher-order.xqm; exist-core/src/test/xquery/xquery3/load-xquery-module.xql; exist-core/src/test/xquery/xquery3/serialize.xql; exist-core/src/test/xquery/xquery3/transform/fnTransform82e.xqm; exist-core/src/test/xquery/xquery3/transform/fnTransformParams.xqm; exist-jetty-config/src/main/resources/webapp/controller.xql; extensions/indexes/lucene/src/test/xquery/lucene/analyzers-field.xqm; extensions/indexes/lucene/src/test/xquery/lucene/field-expression-context.xqm; extensions/indexes/lucene/src/test/xquery/lucene/ft-edge.xqm; extensions/indexes/lucene/src/test/xquery/lucene/ft-query-forms.xqm; extensions/indexes/range/src/test/xquery/range/multi-collection-search.xqm; extensions/indexes/range/src/test/xquery/range/optimizer.xql; extensions/indexes/range/src/test/xquery/range/range.xql; extensions/modules/expathrepo/src/test/xquery/modules/expathrepo/deployment.xql; extensions/modules/http-client/src/test/xquery/http-client-tests.xql; extensions/modules/jndi/jndiExample.xql; exist-core/src/test/java/org/exist/xquery/AbstractDescendantOrSelfNodeKindTest.java; exist-core/src/test/java/org/exist/xquery/FollowingAxisPositionRegressionTest.java; exist-core/src/test/java/org/exist/xquery/IntersectElementReturnTypeTest.java; exist-core/src/test/java/org/exist/xquery/CompAttrConstructorErrorCodeTest.java; exist-core/src/test/java/org/exist/xquery/XQueryTest.java; exist-core/src/test/java/org/exist/xquery/XPathQueryTest.java; exist-core/src/test/java/org/exist/xquery/ContextDependencyRegressionTest.java; exist-core/src/test/java/org/exist/xquery/XQueryFunctionsTest.java; exist-core/src/test/java/org/exist/xquery/functions/request/GetUploadedFileHeadersTest.java; exist-core/src/test/java/org/exist/xquery/functions/transform/TransformTest.java; exist-core/src/test/java/org/exist/IndexerTest.java; exist-core/src/test/java/org/exist/xupdate/StressTest.java; exist-core/src/test/java/org/exist/http/urlrewrite/UrlRewritePipelineHttpTest.java; exist-core/src/test/java/org/exist/dom/persistent/BasicNodeSetTest.java; exist-core/src/test/java/org/exist/collections/ConcurrencyTest.java; extensions/indexes/lucene/src/test/java/org/exist/indexing/lucene/LuceneIndexTest.java; extensions/modules/http-client/src/test/java/org/exist/xquery/modules/httpclient/SendRequestFunctionTest.java
extensions/modules/jndi/src/main/java/org/exist/xquery/modules/jndi/SearchFunction.java,org.exist.xquery.modules.jndi.SearchFunction,value,true,exist-core/src/main/resources/org/exist/xquery/lib/xqsuite/xqsuite.xql; exist-core/src/test/xquery/xqsuite/custom-assertion.xqm; exist-core/src/test/xquery/xqsuite/xqsuite-tests.xql; exist-core/src/test/xquery/xquery3/concat.xql; exist-core/src/test/xquery/xquery3/empty-computed-constructor.xqm; exist-core/src/test/xquery/xquery3/json-to-xml.xql; exist-core/src/test/xquery/xquery3/xml-to-json.xql; extensions/indexes/range/src/test/xquery/range/range.xql; extensions/modules/cache/src/test/xquery/modules/cache/cache.xqm; extensions/modules/persistentlogin/src/main/resources/org/exist/xquery/modules/persistentlogin/login.xql; exist-core/src/test/java/org/exist/xquery/XQueryTest.java; exist-core/src/test/java/org/exist/xquery/DeepEqualTest.java; extensions/modules/counter/src/test/java/org/exist/xquery/modules/counter/CounterTest.java
extensions/modules/jndi/src/main/java/org/exist/xquery/modules/jndi/ModifyFunction.java,org.exist.xquery.modules.jndi.ModifyFunction,modify,true,extensions/modules/jndi/jndiExample.xql
extensions/modules/jndi/src/main/java/org/exist/xquery/modules/jndi/CloseContextFunction.java,org.exist.xquery.modules.jndi.CloseContextFunction,close-context,true,extensions/modules/jndi/jndiExample.xql
extensions/modules/jndi/src/main/java/org/exist/xquery/modules/jndi/DeleteFunction.java,org.exist.xquery.modules.jndi.DeleteFunction,delete,true,extensions/indexes/range/src/test/xquery/range/range.xql; extensions/modules/file/src/test/resources/util/helper.xqm; extensions/modules/jndi/jndiExample.xql
extensions/modules/jndi/src/main/java/org/exist/xquery/modules/jndi/GetDirContextFunction.java,org.exist.xquery.modules.jndi.GetDirContextFunction,get-dir-context,true,extensions/modules/jndi/jndiExample.xql
extensions/modules/jndi/src/main/java/org/exist/xquery/modules/jndi/CreateFunction.java,org.exist.xquery.modules.jndi.CreateFunction,create,true,exist-core/src/test/xquery/xquery3/higher-order.xqm; extensions/modules/cache/src/test/xquery/modules/cache/cache.xqm; extensions/modules/jndi/jndiExample.xql; exist-core/src/test/java/org/exist/xquery/functions/xmldb/XMLDBAuthenticateTest.java; exist-core/src/test/java/org/exist/xquery/functions/session/AttributeTest.java; exist-core/src/test/java/org/exist/xquery/NodeTypeTest.java; extensions/modules/counter/src/test/java/org/exist/xquery/modules/counter/CounterTest.java
extensions/modules/jndi/src/main/java/org/exist/xquery/modules/jndi/RenameFunction.java,org.exist.xquery.modules.jndi.RenameFunction,rename,true,exist-core/src/test/xquery/xmldb/permission-tests.xql; extensions/modules/jndi/jndiExample.xql
extensions/modules/mail/src/main/java/org/exist/xquery/modules/mail/MailStoreFunctions.java,org.exist.xquery.modules.mail.MailStoreFunctions,get-mail-store,true,extensions/modules/mail/access_imap_mailbox_example.xql; extensions/modules/mail/get_messages_example.xql
extensions/modules/mail/src/main/java/org/exist/xquery/modules/mail/MailStoreFunctions.java,org.exist.xquery.modules.mail.MailStoreFunctions,close-mail-store,true,extensions/modules/mail/access_imap_mailbox_example.xql; extensions/modules/mail/get_messages_example.xql
extensions/modules/mail/src/main/java/org/exist/xquery/modules/mail/MailSessionFunctions.java,org.exist.xquery.modules.mail.MailSessionFunctions,get-mail-session,true,extensions/modules/mail/access_imap_mailbox_example.xql; extensions/modules/mail/get_messages_example.xql; extensions/modules/mail/send-email_javamail.xql; extensions/modules/mail/src/test/java/org/exist/xquery/modules/mail/SendEmailIT.java
extensions/modules/mail/src/main/java/org/exist/xquery/modules/mail/MessageFunctions.java,org.exist.xquery.modules.mail.MessageFunctions,get-messages,true,extensions/modules/mail/get_messages_example.xql
extensions/modules/mail/src/main/java/org/exist/xquery/modules/mail/MessageFunctions.java,org.exist.xquery.modules.mail.MessageFunctions,messages,true,extensions/modules/mail/get_messages_example.xql
extensions/modules/mail/src/main/java/org/exist/xquery/modules/mail/MessageFunctions.java,org.exist.xquery.modules.mail.MessageFunctions,message,false,
extensions/modules/mail/src/main/java/org/exist/xquery/modules/mail/MessageFunctions.java,org.exist.xquery.modules.mail.MessageFunctions,number,true,exist-core/src/test/xquery/numbers/format-numbers.xql; exist-core/src/test/xquery/numbers/nan.xq; exist-core/src/test/xquery/positional.xql; exist-core/src/test/xquery/xquery3/bang.xql; exist-core/src/test/xquery/xquery3/fnRandomNumberGenerator.xql; exist-core/src/test/xquery/xquery3/fnSort.xql; exist-core/src/test/xquery/xquery3/transform/fnTransform87.xqm; exist-core/src/test/xquery/xquery3/typeswitch.xql; exist-core/src/test/xquery/xquery3/xml-to-json.xql; extensions/indexes/lucene/src/test/xquery/lucene/self-axis-index.xqm; exist-core/src/test/java/org/exist/xquery/ExpressionVisitorTraversalTest.java; exist-core/src/test/java/org/exist/xquery/XPathQueryTest.java; exist-core/src/test/java/org/exist/xquery/OrderByCountClauseTest.java; exist-core/src/test/java/org/exist/xquery/functions/map/MapEntryRegressionTest.java; exist-core/src/test/java/org/exist/xquery/functions/fn/FunNumberTest.java; exist-core/src/test/java/org/exist/xquery/PathExprDedupTest.java
extensions/modules/mail/src/main/java/org/exist/xquery/modules/mail/MessageFunctions.java,org.exist.xquery.modules.mail.MessageFunctions,subject,true,extensions/indexes/lucene/src/test/xquery/lucene/ft-facets.xqm
extensions/modules/mail/src/main/java/org/exist/xquery/modules/mail/MessageFunctions.java,org.exist.xquery.modules.mail.MessageFunctions,sent,true,exist-core/src/test/xquery/inspect/inspect.xql; exist-core/src/test/xquery/xquery3/fn.xql; extensions/indexes/lucene/src/test/xquery/lucene/vector-search.xqm
extensions/modules/mail/src/main/java/org/exist/xquery/modules/mail/MessageFunctions.java,org.exist.xquery.modules.mail.MessageFunctions,received,false,
extensions/modules/mail/src/main/java/org/exist/xquery/modules/mail/MessageFunctions.java,org.exist.xquery.modules.mail.MessageFunctions,recipients,false,
extensions/modules/mail/src/main/java/org/exist/xquery/modules/mail/MessageFunctions.java,org.exist.xquery.modules.mail.MessageFunctions,flags,false,
extensions/modules/mail/src/main/java/org/exist/xquery/modules/mail/MessageFunctions.java,org.exist.xquery.modules.mail.MessageFunctions,flag,true,exist-core/src/test/xquery/xquery3/analyze-string.xqm; exist-core/src/test/xquery/xquery3/matches.xqm; exist-core/src/test/xquery/xquery3/replace.xqm
extensions/modules/mail/src/main/java/org/exist/xquery/modules/mail/MessageFunctions.java,org.exist.xquery.modules.mail.MessageFunctions,type,true,exist-core/src/main/resources/org/exist/xquery/lib/xqsuite/xqsuite.xql; exist-core/src/test/xquery/arrays/arrays.xql; exist-core/src/test/xquery/dates/convert-dates.xqm; exist-core/src/test/xquery/integers.xq; exist-core/src/test/xquery/maps/maps.xqm; exist-core/src/test/xquery/types.xql; exist-core/src/test/xquery/xquery3/fnElementWithId.xqm; exist-core/src/test/xquery/xquery3/fnId.xqm; exist-core/src/test/xquery/xquery3/higher-order.xqm; exist-core/src/test/xquery/xquery3/json-to-xml.xql; exist-core/src/test/xquery/xquery3/load-xquery-module.xql; exist-core/src/test/xquery/xquery3/parse-xml-fragment.xqm; exist-core/src/test/xquery/xquery3/parse-xml.xqm; exist-core/src/test/xquery/xquery3/typeswitch.xql; extensions/indexes/lucene/src/test/xquery/lucene/ft-facets.xqm; extensions/indexes/lucene/src/test/xquery/lucene/ft-query-forms.xqm; extensions/indexes/range/src/test/xquery/range/types.xql; exist-core/src/test/java/org/exist/xmldb/CollectionConfigurationTest.java; exist-core/src/test/java/org/exist/xquery/ModuleImportTest.java; exist-core/src/test/java/org/exist/http/RESTServiceTest.java; extensions/exquery/restxq/src/test/java/org/exist/extensions/exquery/restxq/impl/MediaTypeIntegrationTest.java; extensions/modules/mail/src/test/java/org/exist/xquery/modules/mail/SendEmailIT.java
extensions/modules/mail/src/main/java/org/exist/xquery/modules/mail/MessageFunctions.java,org.exist.xquery.modules.mail.MessageFunctions,value,true,exist-core/src/main/resources/org/exist/xquery/lib/xqsuite/xqsuite.xql; exist-core/src/test/xquery/xqsuite/custom-assertion.xqm; exist-core/src/test/xquery/xqsuite/xqsuite-tests.xql; exist-core/src/test/xquery/xquery3/concat.xql; exist-core/src/test/xquery/xquery3/empty-computed-constructor.xqm; exist-core/src/test/xquery/xquery3/json-to-xml.xql; exist-core/src/test/xquery/xquery3/xml-to-json.xql; extensions/indexes/range/src/test/xquery/range/range.xql; extensions/modules/cache/src/test/xquery/modules/cache/cache.xqm; extensions/modules/persistentlogin/src/main/resources/org/exist/xquery/modules/persistentlogin/login.xql; exist-core/src/test/java/org/exist/xquery/XQueryTest.java; exist-core/src/test/java/org/exist/xquery/DeepEqualTest.java; extensions/modules/counter/src/test/java/org/exist/xquery/modules/counter/CounterTest.java
extensions/modules/mail/src/main/java/org/exist/xquery/modules/mail/MessageFunctions.java,org.exist.xquery.modules.mail.MessageFunctions,personal,false,
extensions/modules/mail/src/main/java/org/exist/xquery/modules/mail/MessageFunctions.java,org.exist.xquery.modules.mail.MessageFunctions,mime-type,true,extensions/modules/mail/src/test/java/org/exist/xquery/modules/mail/SendEmailIT.java
extensions/modules/mail/src/main/java/org/exist/xquery/modules/mail/MessageFunctions.java,org.exist.xquery.modules.mail.MessageFunctions,text,true,exist-core/src/main/resources/org/exist/xquery/lib/kwic.xql; exist-core/src/main/resources/org/exist/xquery/lib/xqsuite/xqsuite.xql; exist-core/src/test/xquery/axes.xql; exist-core/src/test/xquery/exceptOperator.xql; exist-core/src/test/xquery/fn.xql; exist-core/src/test/xquery/no-static-typing.xqm; exist-core/src/test/xquery/node-tests.xqm; exist-core/src/test/xquery/optimizer/expressions.xqm; exist-core/src/test/xquery/optimizer/positional.xqm; exist-core/src/test/xquery/preceding-axis.xql; exist-core/src/test/xquery/root.xq; exist-core/src/test/xquery/transform/catalog.xql; exist-core/src/test/xquery/unparsed-text.xql; exist-core/src/test/xquery/util/eval-with-context.xql; exist-core/src/test/xquery/util/expand.xqm; exist-core/src/test/xquery/xmldb/reindex-tests.xql; exist-core/src/test/xquery/xqsuite/xqsuite-tests.xql; exist-core/src/test/xquery/xquery3/arrowop.xql; exist-core/src/test/xquery/xquery3/bang.xql; exist-core/src/test/xquery/xquery3/fnPath.xqm; exist-core/src/test/xquery/xquery3/fnSerializeCharacterMaps.xqm; exist-core/src/test/xquery/xquery3/fnSort.xql; exist-core/src/test/xquery/xquery3/higher-order.xqm; exist-core/src/test/xquery/xquery3/serialize.xql; exist-core/src/test/xquery/xquery3/switch.xqm; exist-core/src/test/xquery/xquery3/transform/fnTransform53.xqm; exist-core/src/test/xquery/xquery3/transform/fnTransformParams.xqm; extensions/indexes/lucene/src/test/xquery/lucene/analyzers-english.xql; extensions/indexes/lucene/src/test/xquery/lucene/analyzers-field.xqm; extensions/indexes/lucene/src/test/xquery/lucene/for-variable.xql; extensions/indexes/lucene/src/test/xquery/lucene/ft-attr-context.xql; extensions/indexes/lucene/src/test/xquery/lucene/ft-facets.xqm; extensions/indexes/lucene/src/test/xquery/lucene/ft-query-field.xqm; extensions/indexes/lucene/src/test/xquery/lucene/ft-query-forms.xqm; extensions/indexes/lucene/src/test/xquery/lucene/ft-search-binary.xqm; extensions/indexes/lucene/src/test/xquery/lucene/index-keys.xql; extensions/indexes/lucene/src/test/xquery/lucene/optimizer-ft.xql; extensions/indexes/ngram/src/test/xquery/ngram/match-highlighting-ngram.xql; extensions/indexes/range/src/test/xquery/range/conditions.xql; extensions/indexes/range/src/test/xquery/range/index-keys.xql; extensions/indexes/range/src/test/xquery/range/optimizer.xql; extensions/indexes/range/src/test/xquery/range/range.xql; extensions/modules/jndi/jndiExample.xql; exist-core/src/test/java/org/exist/xmldb/DOMTest.java; exist-core/src/test/java/org/exist/xmldb/ResourceTest.java; exist-core/src/test/java/org/exist/xmldb/ShutdownIT.java; exist-core/src/test/java/org/exist/xmldb/concurrent/action/ReplaceResourceAction.java; exist-core/src/test/java/org/exist/xmldb/concurrent/action/ValueAppendAction.java; exist-core/src/test/java/org/exist/xmldb/concurrent/action/TextUpdateAction.java; exist-core/src/test/java/org/exist/xmldb/LocalXMLResourceDOMTest.java; exist-core/src/test/java/org/exist/xquery/AbstractDescendantOrSelfNodeKindTest.java; exist-core/src/test/java/org/exist/xquery/DocumentUpdateTest.java; exist-core/src/test/java/org/exist/xquery/FollowingAxisPositionRegressionTest.java; exist-core/src/test/java/org/exist/xquery/OptimizerTest.java; exist-core/src/test/java/org/exist/xquery/XQueryTest.java; exist-core/src/test/java/org/exist/xquery/XPathQueryTest.java; exist-core/src/test/java/org/exist/xquery/DeepEqualTest.java; exist-core/src/test/java/org/exist/xquery/XQueryFunctionsTest.java; exist-core/src/test/java/org/exist/xquery/functions/validate/TournamentSchemaLanguageComparisonTest.java; exist-core/src/test/java/org/exist/xquery/functions/validate/NativeSchemaJaxpCatalogGapTest.java; exist-core/src/test/java/org/exist/xquery/functions/validate/JaxpXsdCatalogTest.java; exist-core/src/test/java/org/exist/xquery/functions/validate/JaxpDtdCatalogTest.java; exist-core/src/test/java/org/exist/xquery/functions/validate/JingOnvdlTest.java; exist-core/src/test/java/org/exist/xquery/functions/validate/ParseXsdNokTest.java; exist-core/src/test/java/org/exist/xquery/functions/validate/JingSchematronTest.java; exist-core/src/test/java/org/exist/xquery/functions/validate/JingXsdTest.java; exist-core/src/test/java/org/exist/xquery/functions/validate/ParseDtdNokTest.java; exist-core/src/test/java/org/exist/xquery/functions/validate/JaxvTest.java; exist-core/src/test/java/org/exist/xquery/functions/validate/JingRelaxNgTest.java; exist-core/src/test/java/org/exist/xquery/functions/util/EvalTest.java; exist-core/src/test/java/org/exist/xquery/functions/fn/FunUnparsedTextTest.java; exist-core/src/test/java/org/exist/xquery/functions/fn/FunSubSequenceTest.java; exist-core/src/test/java/org/exist/xquery/XQueryUpdateTest.java; exist-core/src/test/java/org/exist/storage/RangeIndexUpdateTest.java; exist-core/src/test/java/org/exist/http/RESTServiceTest.java; exist-core/src/test/java/org/exist/http/urlrewrite/UrlRewritePipelineHttpTest.java; exist-core/src/test/java/org/exist/http/urlrewrite/URLRewriteContentLengthViewPipelineTest.java; exist-core/src/test/java/org/exist/numbering/DLNStorageTest.java; exist-core/src/test/java/org/exist/dom/persistent/BasicNodeSetTest.java; exist-core/src/test/java/org/exist/Indexer2Test.java; exist-core/src/test/java/org/exist/collections/triggers/XQueryTrigger2Test.java; exist-core/src/test/java/org/exist/collections/triggers/XQueryTriggerTest.java; extensions/indexes/lucene/src/test/java/org/exist/indexing/lucene/LuceneIndexTest.java; extensions/indexes/ngram/src/test/java/org/exist/indexing/ngram/CustomIndexTest.java; extensions/indexes/ngram/src/test/java/org/exist/indexing/ngram/MatchListenerTest.java
extensions/modules/mail/src/main/java/org/exist/xquery/modules/mail/MessageFunctions.java,org.exist.xquery.modules.mail.MessageFunctions,xhtml,false,
extensions/modules/mail/src/main/java/org/exist/xquery/modules/mail/MessageFunctions.java,org.exist.xquery.modules.mail.MessageFunctions,attachment,false,
extensions/modules/mail/src/main/java/org/exist/xquery/modules/mail/MessageFunctions.java,org.exist.xquery.modules.mail.MessageFunctions,filename,false,
extensions/modules/mail/src/main/java/org/exist/xquery/modules/mail/MessageFunctions.java,org.exist.xquery.modules.mail.MessageFunctions,inline,true,exist-core/src/test/xquery/arrays/arrays.xql; exist-core/src/test/xquery/function.xql; exist-core/src/test/xquery/system/as-user.xqm; exist-core/src/test/xquery/xquery3/arrowop.xql; exist-core/src/test/xquery/xquery3/fnRefs.xql; exist-core/src/test/xquery/xquery3/higher-order.xqm; extensions/indexes/lucene/src/test/xquery/lucene/inline-elements.xql; exist-core/src/test/java/org/exist/xquery/CleanupTest.java; exist-core/src/test/java/org/exist/xquery/functions/util/EvalTest.java
extensions/modules/mail/src/main/java/org/exist/xquery/modules/mail/MessageFunctions.java,org.exist.xquery.modules.mail.MessageFunctions,content-id,false,
extensions/modules/mail/src/main/java/org/exist/xquery/modules/mail/MessageFunctions.java,org.exist.xquery.modules.mail.MessageFunctions,other,true,extensions/exquery/restxq/src/test/java/org/exist/extensions/exquery/restxq/impl/LibraryCircularDependencyIntegrationTest.java
extensions/modules/mail/src/main/java/org/exist/xquery/modules/mail/MessageFunctions.java,org.exist.xquery.modules.mail.MessageFunctions,disposition,false,
extensions/modules/mail/src/main/java/org/exist/xquery/modules/mail/MessageFunctions.java,org.exist.xquery.modules.mail.MessageFunctions,encoding,true,exist-core/src/test/xquery/unparsed-text.xql; exist-core/src/test/xquery/xmldb/store-binary-tests.xql
extensions/modules/mail/src/main/java/org/exist/xquery/modules/mail/SendEmailFunction.java,org.exist.xquery.modules.mail.SendEmailFunction,send-email,true,extensions/modules/mail/send-email_javamail.xql; extensions/modules/mail/send-email_sendmail.xql; extensions/modules/mail/send-email_smtp.xql; extensions/modules/mail/src/test/java/org/exist/xquery/modules/mail/SendEmailIT.java
extensions/modules/mail/src/main/java/org/exist/xquery/modules/mail/MessageListFunctions.java,org.exist.xquery.modules.mail.MessageListFunctions,get-message-list,true,extensions/modules/mail/access_imap_mailbox_example.xql; extensions/modules/mail/get_messages_example.xql
extensions/modules/mail/src/main/java/org/exist/xquery/modules/mail/MessageListFunctions.java,org.exist.xquery.modules.mail.MessageListFunctions,search-message-list,true,extensions/modules/mail/access_imap_mailbox_example.xql; extensions/modules/mail/get_messages_example.xql
extensions/modules/mail/src/main/java/org/exist/xquery/modules/mail/MessageListFunctions.java,org.exist.xquery.modules.mail.MessageListFunctions,get-message-list-as-xml,true,extensions/modules/mail/access_imap_mailbox_example.xql; extensions/modules/mail/get_messages_example.xql
extensions/modules/mail/src/main/java/org/exist/xquery/modules/mail/MessageListFunctions.java,org.exist.xquery.modules.mail.MessageListFunctions,close-message-list,true,extensions/modules/mail/access_imap_mailbox_example.xql; extensions/modules/mail/get_messages_example.xql
extensions/modules/mail/src/main/java/org/exist/xquery/modules/mail/MessageListFunctions.java,org.exist.xquery.modules.mail.MessageListFunctions,messages,true,extensions/modules/mail/get_messages_example.xql
extensions/modules/mail/src/main/java/org/exist/xquery/modules/mail/MessageListFunctions.java,org.exist.xquery.modules.mail.MessageListFunctions,count,true,exist-core/src/main/resources/org/exist/xquery/lib/xqsuite/examples.xql; exist-core/src/main/resources/org/exist/xquery/lib/xqsuite/xqsuite.xql; exist-core/src/test/resources/org/exist/performance/log2html.xql; exist-core/src/test/xquery/arrays/arrays.xql; exist-core/src/test/xquery/axes.xql; exist-core/src/test/xquery/boolean-sequences.xq; exist-core/src/test/xquery/count.xql; exist-core/src/test/xquery/fn-not.xq; exist-core/src/test/xquery/fn.xql; exist-core/src/test/xquery/inspect/inspect.xql; exist-core/src/test/xquery/maps/maps.xqm; exist-core/src/test/xquery/namespaces.xql; exist-core/src/test/xquery/optimizer/positional.xqm; exist-core/src/test/xquery/order-by.xqm; exist-core/src/test/xquery/question-marks-in-contains-function.xql; exist-core/src/test/xquery/securitymanager/id.xqm; exist-core/src/test/xquery/simple-map-predicate.xq; exist-core/src/test/xquery/unparsed-text.xql; exist-core/src/test/xquery/util/eval-with-context.xql; exist-core/src/test/xquery/util/moduleDiscoveryTest.xql; exist-core/src/test/xquery/validation/jaxp.xql; exist-core/src/test/xquery/xmldb/permission-tests.xql; exist-core/src/test/xquery/xmlid.xql; exist-core/src/test/xquery/xqsuite/custom-assertion.xqm; exist-core/src/test/xquery/xquery3/arrowop.xql; exist-core/src/test/xquery/xquery3/bang.xql; exist-core/src/test/xquery/xquery3/computed-namespace-constructor.xql; exist-core/src/test/xquery/xquery3/concat.xql; exist-core/src/test/xquery/xquery3/copy-namespaces-no-inherit.xqm; exist-core/src/test/xquery/xquery3/copy-namespaces.xqm; exist-core/src/test/xquery/xquery3/filter-function-items-in-context.xql; exist-core/src/test/xquery/xquery3/flwor.xql; exist-core/src/test/xquery/xquery3/fnElementWithId.xqm; exist-core/src/test/xquery/xquery3/fnId.xqm; exist-core/src/test/xquery/xquery3/fnRefs.xql; exist-core/src/test/xquery/xquery3/fnSort.xql; exist-core/src/test/xquery/xquery3/groupby.xql; exist-core/src/test/xquery/xquery3/higher-order.xqm; exist-core/src/test/xquery/xquery3/parse-xml-fragment.xqm; exist-core/src/test/xquery/xquery3/parse-xml.xqm; exist-core/src/test/xquery/xquery3/strconstr.xql; exist-core/src/test/xquery/xquery3/transform/fnTransform63.xqm; extensions/indexes/indexes-integration-tests/src/test/xquery/indexing/tests/exist-matches.xqm; extensions/indexes/lucene/src/test/xquery/lucene/analyzers-diacritics.xql; extensions/indexes/lucene/src/test/xquery/lucene/analyzers-field.xqm; extensions/indexes/lucene/src/test/xquery/lucene/facet-drilldown-highlight.xqm; extensions/indexes/lucene/src/test/xquery/lucene/for-variable.xql; extensions/indexes/lucene/src/test/xquery/lucene/ft-edge.xqm; extensions/indexes/lucene/src/test/xquery/lucene/ft-expand-highlight.xqm; extensions/indexes/lucene/src/test/xquery/lucene/ft-facets.xqm; extensions/indexes/lucene/src/test/xquery/lucene/ft-field-types.xqm; extensions/indexes/lucene/src/test/xquery/lucene/ft-match.xql; extensions/indexes/lucene/src/test/xquery/lucene/ft-query-field.xqm; extensions/indexes/lucene/src/test/xquery/lucene/ft-query-forms.xqm; extensions/indexes/lucene/src/test/xquery/lucene/ft-search-binary.xqm; extensions/indexes/lucene/src/test/xquery/lucene/ignore-condition.xql; extensions/indexes/lucene/src/test/xquery/lucene/index-keys.xql; extensions/indexes/lucene/src/test/xquery/lucene/inline-elements.xql; extensions/indexes/lucene/src/test/xquery/lucene/optimizer-ft.xql; extensions/indexes/lucene/src/test/xquery/lucene/parenthesized-context.xql; extensions/indexes/lucene/src/test/xquery/lucene/reindex-second-store.xqm; extensions/indexes/lucene/src/test/xquery/lucene/self-axis-index.xqm; extensions/indexes/lucene/src/test/xquery/lucene/unicode-supplementary-lucene.xql; extensions/indexes/lucene/src/test/xquery/lucene/util-expand-highlight.xqm; extensions/indexes/lucene/src/test/xquery/lucene/vector-embed.xqm; extensions/indexes/lucene/src/test/xquery/lucene/vector-search.xqm; extensions/indexes/ngram/src/test/xquery/ngram/for-variable.xql; extensions/indexes/ngram/src/test/xquery/ngram/match-highlighting-ngram.xql; extensions/indexes/ngram/src/test/xquery/ngram/unicode-supplementary-ngram.xql; extensions/indexes/range/src/test/xquery/range/conditions.xql; extensions/indexes/range/src/test/xquery/range/fields.xql; extensions/indexes/range/src/test/xquery/range/for-variable.xql; extensions/indexes/range/src/test/xquery/range/index-keys.xql; extensions/indexes/range/src/test/xquery/range/multi-collection-search.xqm; extensions/indexes/range/src/test/xquery/range/optimizer.xql; extensions/indexes/range/src/test/xquery/range/prefixed-conditions.xql; extensions/indexes/range/src/test/xquery/range/range.xql; extensions/indexes/range/src/test/xquery/range/unicode-supplementary-range.xql; extensions/indexes/range/src/test/xquery/range/updates.xql; extensions/modules/cache/src/test/xquery/modules/cache/cache.xqm; extensions/modules/file/src/test/resources/util/helper.xqm; extensions/debuggee/src/test/java/org/exist/debugger/DebuggerTest.java; exist-core/src/test/java/org/exist/xmldb/ResourceTest.java; exist-core/src/test/java/org/exist/xquery/AbstractDescendantOrSelfNodeKindTest.java; exist-core/src/test/java/org/exist/xquery/DocumentUpdateTest.java; exist-core/src/test/java/org/exist/xquery/OrderByClauseMemoryBenchmark.java; exist-core/src/test/java/org/exist/xquery/AbsolutePathTests.java; exist-core/src/test/java/org/exist/xquery/GeneralComparisonBenchmark.java; exist-core/src/test/java/org/exist/xquery/OptimizerTest.java; exist-core/src/test/java/org/exist/xquery/SelfAxisAttributeKindRegressionTest.java; exist-core/src/test/java/org/exist/xquery/OrderByClauseBenchmark.java; exist-core/src/test/java/org/exist/xquery/XQueryTest.java; exist-core/src/test/java/org/exist/xquery/AxisPerformanceRegressionTest.java; exist-core/src/test/java/org/exist/xquery/XPathQueryTest.java; exist-core/src/test/java/org/exist/xquery/DescendantOrSelfWithNonLocationStepTest.java; exist-core/src/test/java/org/exist/xquery/PathExprAtomicRhsTest.java; exist-core/src/test/java/org/exist/xquery/SelfAxisProcessingInstructionRegressionTest.java; exist-core/src/test/java/org/exist/xquery/UnionStepDistributionOptimizerTest.java; exist-core/src/test/java/org/exist/xquery/functions/validate/NativeSchemaJaxpCatalogGapTest.java; exist-core/src/test/java/org/exist/xquery/functions/util/EvalTest.java; exist-core/src/test/java/org/exist/xquery/functions/system/GetRunningXQueriesTest.java; exist-core/src/test/java/org/exist/xquery/functions/securitymanager/AccountManagementFunctionRemoveAccountTest.java; exist-core/src/test/java/org/exist/xquery/functions/request/GetUploadedFileHeadersTest.java; exist-core/src/test/java/org/exist/xquery/functions/fn/FunIndexOfPerformanceTest.java; exist-core/src/test/java/org/exist/xquery/functions/fn/FunSubSequenceTest.java; exist-core/src/test/java/org/exist/xquery/functions/transform/TransformTest.java; exist-core/src/test/java/org/exist/xquery/RootNodeContextItemDependencyTest.java; exist-core/src/test/java/org/exist/xquery/XQueryUpdateTest.java; exist-core/src/test/java/org/exist/xquery/PathExprDedupTest.java; exist-core/src/test/java/org/exist/security/RestApiSecurityTest.java; exist-core/src/test/java/org/exist/security/XqueryApiTest.java; exist-core/src/test/java/org/exist/storage/RenameTest.java; exist-core/src/test/java/org/exist/storage/ReplaceTest.java; exist-core/src/test/java/org/exist/storage/AppendTest.java; exist-core/src/test/java/org/exist/storage/RemoveTest.java; exist-core/src/test/java/org/exist/storage/UpdateRecoverTest.java; exist-core/src/test/java/org/exist/storage/UpdateTest.java; exist-core/src/test/java/org/exist/storage/UpdateAttributeTest.java; exist-core/src/test/java/org/exist/dom/memtree/MemtreeInXQueryTest.java; extensions/indexes/lucene/src/test/java/xquery/lucene/VectorSearchEmbeddingTest.java; extensions/indexes/lucene/src/test/java/org/exist/indexing/lucene/LuceneMatchListenerTest.java; extensions/indexes/ngram/src/test/java/org/exist/indexing/ngram/NGramContainsBenchmark.java; extensions/indexes/ngram/src/test/java/org/exist/indexing/ngram/MatchListenerTest.java; extensions/indexes/range/src/test/java/org/exist/xquery/modules/range/AttributeEqIndexConsistencyTest.java; extensions/indexes/vector-it/src/test/java/xquery/lucene/VectorSearchEmbeddingIT.java; extensions/modules/file/src/test/java/org/exist/xquery/modules/file/AbstractBinariesTest.java; extensions/modules/http-client/src/test/java/org/exist/xquery/modules/httpclient/SendRequestFunctionTest.java
extensions/modules/mail/src/main/java/org/exist/xquery/modules/mail/MessageListFunctions.java,org.exist.xquery.modules.mail.MessageListFunctions,message,false,
extensions/modules/mail/src/main/java/org/exist/xquery/modules/mail/MessageListFunctions.java,org.exist.xquery.modules.mail.MessageListFunctions,number,true,exist-core/src/test/xquery/numbers/format-numbers.xql; exist-core/src/test/xquery/numbers/nan.xq; exist-core/src/test/xquery/positional.xql; exist-core/src/test/xquery/xquery3/bang.xql; exist-core/src/test/xquery/xquery3/fnRandomNumberGenerator.xql; exist-core/src/test/xquery/xquery3/fnSort.xql; exist-core/src/test/xquery/xquery3/transform/fnTransform87.xqm; exist-core/src/test/xquery/xquery3/typeswitch.xql; exist-core/src/test/xquery/xquery3/xml-to-json.xql; extensions/indexes/lucene/src/test/xquery/lucene/self-axis-index.xqm; exist-core/src/test/java/org/exist/xquery/ExpressionVisitorTraversalTest.java; exist-core/src/test/java/org/exist/xquery/XPathQueryTest.java; exist-core/src/test/java/org/exist/xquery/OrderByCountClauseTest.java; exist-core/src/test/java/org/exist/xquery/functions/map/MapEntryRegressionTest.java; exist-core/src/test/java/org/exist/xquery/functions/fn/FunNumberTest.java; exist-core/src/test/java/org/exist/xquery/PathExprDedupTest.java
extensions/modules/mail/src/main/java/org/exist/xquery/modules/mail/MessageListFunctions.java,org.exist.xquery.modules.mail.MessageListFunctions,sent,true,exist-core/src/test/xquery/inspect/inspect.xql; exist-core/src/test/xquery/xquery3/fn.xql; extensions/indexes/lucene/src/test/xquery/lucene/vector-search.xqm
extensions/modules/mail/src/main/java/org/exist/xquery/modules/mail/MessageListFunctions.java,org.exist.xquery.modules.mail.MessageListFunctions,received,false,
extensions/modules/mail/src/main/java/org/exist/xquery/modules/mail/MessageListFunctions.java,org.exist.xquery.modules.mail.MessageListFunctions,from,false,
extensions/modules/mail/src/main/java/org/exist/xquery/modules/mail/MessageListFunctions.java,org.exist.xquery.modules.mail.MessageListFunctions,recipients,false,
extensions/modules/mail/src/main/java/org/exist/xquery/modules/mail/MessageListFunctions.java,org.exist.xquery.modules.mail.MessageListFunctions,recipient,false,
extensions/modules/mail/src/main/java/org/exist/xquery/modules/mail/MessageListFunctions.java,org.exist.xquery.modules.mail.MessageListFunctions,type,true,exist-core/src/main/resources/org/exist/xquery/lib/xqsuite/xqsuite.xql; exist-core/src/test/xquery/arrays/arrays.xql; exist-core/src/test/xquery/dates/convert-dates.xqm; exist-core/src/test/xquery/integers.xq; exist-core/src/test/xquery/maps/maps.xqm; exist-core/src/test/xquery/types.xql; exist-core/src/test/xquery/xquery3/fnElementWithId.xqm; exist-core/src/test/xquery/xquery3/fnId.xqm; exist-core/src/test/xquery/xquery3/higher-order.xqm; exist-core/src/test/xquery/xquery3/json-to-xml.xql; exist-core/src/test/xquery/xquery3/load-xquery-module.xql; exist-core/src/test/xquery/xquery3/parse-xml-fragment.xqm; exist-core/src/test/xquery/xquery3/parse-xml.xqm; exist-core/src/test/xquery/xquery3/typeswitch.xql; extensions/indexes/lucene/src/test/xquery/lucene/ft-facets.xqm; extensions/indexes/lucene/src/test/xquery/lucene/ft-query-forms.xqm; extensions/indexes/range/src/test/xquery/range/types.xql; exist-core/src/test/java/org/exist/xmldb/CollectionConfigurationTest.java; exist-core/src/test/java/org/exist/xquery/ModuleImportTest.java; exist-core/src/test/java/org/exist/http/RESTServiceTest.java; extensions/exquery/restxq/src/test/java/org/exist/extensions/exquery/restxq/impl/MediaTypeIntegrationTest.java; extensions/modules/mail/src/test/java/org/exist/xquery/modules/mail/SendEmailIT.java
extensions/modules/mail/src/main/java/org/exist/xquery/modules/mail/MessageListFunctions.java,org.exist.xquery.modules.mail.MessageListFunctions,flags,false,
extensions/modules/mail/src/main/java/org/exist/xquery/modules/mail/MessageListFunctions.java,org.exist.xquery.modules.mail.MessageListFunctions,flag,true,exist-core/src/test/xquery/xquery3/analyze-string.xqm; exist-core/src/test/xquery/xquery3/matches.xqm; exist-core/src/test/xquery/xquery3/replace.xqm
extensions/modules/mail/src/main/java/org/exist/xquery/modules/mail/MessageListFunctions.java,org.exist.xquery.modules.mail.MessageListFunctions,value,true,exist-core/src/main/resources/org/exist/xquery/lib/xqsuite/xqsuite.xql; exist-core/src/test/xquery/xqsuite/custom-assertion.xqm; exist-core/src/test/xquery/xqsuite/xqsuite-tests.xql; exist-core/src/test/xquery/xquery3/concat.xql; exist-core/src/test/xquery/xquery3/empty-computed-constructor.xqm; exist-core/src/test/xquery/xquery3/json-to-xml.xql; exist-core/src/test/xquery/xquery3/xml-to-json.xql; extensions/indexes/range/src/test/xquery/range/range.xql; extensions/modules/cache/src/test/xquery/modules/cache/cache.xqm; extensions/modules/persistentlogin/src/main/resources/org/exist/xquery/modules/persistentlogin/login.xql; exist-core/src/test/java/org/exist/xquery/XQueryTest.java; exist-core/src/test/java/org/exist/xquery/DeepEqualTest.java; extensions/modules/counter/src/test/java/org/exist/xquery/modules/counter/CounterTest.java
extensions/modules/mail/src/main/java/org/exist/xquery/modules/mail/MessageListFunctions.java,org.exist.xquery.modules.mail.MessageListFunctions,headers,true,extensions/modules/http-client/src/test/xquery/http-client-tests.xql; exist-core/src/test/java/org/exist/xquery/functions/request/GetUploadedFileHeadersTest.java
extensions/modules/mail/src/main/java/org/exist/xquery/modules/mail/MessageListFunctions.java,org.exist.xquery.modules.mail.MessageListFunctions,header,true,exist-jetty-config/src/main/resources/webapp/controller.xql; exist-core/src/test/java/org/exist/xquery/functions/request/GetHeaderTest.java; exist-core/src/test/java/org/exist/http/RESTServiceTest.java; exist-core/src/test/java/org/exist/http/urlrewrite/UrlRewritePipelineHttpTest.java
extensions/modules/mail/src/main/java/org/exist/xquery/modules/mail/MessageListFunctions.java,org.exist.xquery.modules.mail.MessageListFunctions,name,true,exist-core/src/main/resources/org/exist/test/runner/xquery-discovery.xq; exist-core/src/main/resources/org/exist/xquery/lib/kwic.xql; exist-core/src/main/resources/org/exist/xquery/lib/xqsuite/xqsuite.xql; exist-core/src/test/resources/org/exist/test/runner/failing-both.xqm; exist-core/src/test/xquery/arrays/arrays.xql; exist-core/src/test/xquery/axes.xql; exist-core/src/test/xquery/document-nodes.xq; exist-core/src/test/xquery/exceptOperator.xql; exist-core/src/test/xquery/maps/mapKeySameKey.xqm; exist-core/src/test/xquery/maps/maps.xqm; exist-core/src/test/xquery/namespaces.xql; exist-core/src/test/xquery/no-static-typing.xqm; exist-core/src/test/xquery/optimizer/expressions.xqm; exist-core/src/test/xquery/preceding-axis.xql; exist-core/src/test/xquery/simple-map-predicate.xq; exist-core/src/test/xquery/types.xql; exist-core/src/test/xquery/unicode.xqm; exist-core/src/test/xquery/util/document-id.xqm; exist-core/src/test/xquery/util/expand.xqm; exist-core/src/test/xquery/xmldb/copy-tests.xql; exist-core/src/test/xquery/xmldb/permission-tests.xql; exist-core/src/test/xquery/xqsuite/xqsuite-tests.xql; exist-core/src/test/xquery/xquery3/arrowop.xql; exist-core/src/test/xquery/xquery3/bang.xql; exist-core/src/test/xquery/xquery3/flwor.xql; exist-core/src/test/xquery/xquery3/fn.xql; exist-core/src/test/xquery/xquery3/fnElementWithId.xqm; exist-core/src/test/xquery/xquery3/fnId.xqm; exist-core/src/test/xquery/xquery3/fnSort.xql; exist-core/src/test/xquery/xquery3/higher-order.xqm; exist-core/src/test/xquery/xquery3/load-xquery-module.xql; exist-core/src/test/xquery/xquery3/serialize.xql; exist-core/src/test/xquery/xquery3/transform/fnTransform82e.xqm; exist-core/src/test/xquery/xquery3/transform/fnTransformParams.xqm; exist-jetty-config/src/main/resources/webapp/controller.xql; extensions/indexes/lucene/src/test/xquery/lucene/analyzers-field.xqm; extensions/indexes/lucene/src/test/xquery/lucene/field-expression-context.xqm; extensions/indexes/lucene/src/test/xquery/lucene/ft-edge.xqm; extensions/indexes/lucene/src/test/xquery/lucene/ft-query-forms.xqm; extensions/indexes/range/src/test/xquery/range/multi-collection-search.xqm; extensions/indexes/range/src/test/xquery/range/optimizer.xql; extensions/indexes/range/src/test/xquery/range/range.xql; extensions/modules/expathrepo/src/test/xquery/modules/expathrepo/deployment.xql; extensions/modules/http-client/src/test/xquery/http-client-tests.xql; extensions/modules/jndi/jndiExample.xql; exist-core/src/test/java/org/exist/xquery/AbstractDescendantOrSelfNodeKindTest.java; exist-core/src/test/java/org/exist/xquery/FollowingAxisPositionRegressionTest.java; exist-core/src/test/java/org/exist/xquery/IntersectElementReturnTypeTest.java; exist-core/src/test/java/org/exist/xquery/CompAttrConstructorErrorCodeTest.java; exist-core/src/test/java/org/exist/xquery/XQueryTest.java; exist-core/src/test/java/org/exist/xquery/XPathQueryTest.java; exist-core/src/test/java/org/exist/xquery/ContextDependencyRegressionTest.java; exist-core/src/test/java/org/exist/xquery/XQueryFunctionsTest.java; exist-core/src/test/java/org/exist/xquery/functions/request/GetUploadedFileHeadersTest.java; exist-core/src/test/java/org/exist/xquery/functions/transform/TransformTest.java; exist-core/src/test/java/org/exist/IndexerTest.java; exist-core/src/test/java/org/exist/xupdate/StressTest.java; exist-core/src/test/java/org/exist/http/urlrewrite/UrlRewritePipelineHttpTest.java; exist-core/src/test/java/org/exist/dom/persistent/BasicNodeSetTest.java; exist-core/src/test/java/org/exist/collections/ConcurrencyTest.java; extensions/indexes/lucene/src/test/java/org/exist/indexing/lucene/LuceneIndexTest.java; extensions/modules/http-client/src/test/java/org/exist/xquery/modules/httpclient/SendRequestFunctionTest.java
extensions/modules/mail/src/main/java/org/exist/xquery/modules/mail/MessageListFunctions.java,org.exist.xquery.modules.mail.MessageListFunctions,subject,true,extensions/indexes/lucene/src/test/xquery/lucene/ft-facets.xqm
extensions/modules/mail/src/main/java/org/exist/xquery/modules/mail/MailFolderFunctions.java,org.exist.xquery.modules.mail.MailFolderFunctions,get-mail-folder,true,extensions/modules/mail/access_imap_mailbox_example.xql; extensions/modules/mail/get_messages_example.xql
extensions/modules/mail/src/main/java/org/exist/xquery/modules/mail/MailFolderFunctions.java,org.exist.xquery.modules.mail.MailFolderFunctions,close-mail-folder,true,extensions/modules/mail/access_imap_mailbox_example.xql; extensions/modules/mail/get_messages_example.xql
extensions/modules/persistentlogin/src/main/java/org/exist/xquery/modules/persistentlogin/PersistentLoginFunctions.java,org.exist.xquery.modules.persistentlogin.PersistentLoginFunctions,register,true,extensions/modules/persistentlogin/src/main/resources/org/exist/xquery/modules/persistentlogin/login.xql
extensions/modules/persistentlogin/src/main/java/org/exist/xquery/modules/persistentlogin/PersistentLoginFunctions.java,org.exist.xquery.modules.persistentlogin.PersistentLoginFunctions,login,true,extensions/modules/persistentlogin/src/main/resources/org/exist/xquery/modules/persistentlogin/login.xql; exist-core/src/test/java/org/exist/xmldb/TreeLevelOrderTest.java; exist-core/src/test/java/org/exist/xquery/XQueryTest.java; exist-core/src/test/java/org/exist/xquery/functions/xmldb/XMLDBAuthenticateTest.java; exist-core/src/test/java/org/exist/xquery/NodeTypeTest.java; exist-core/src/test/java/org/exist/collections/triggers/XQueryTrigger2Test.java; exist-core/src/test/java/org/exist/collections/triggers/XQueryTriggerTest.java
extensions/modules/persistentlogin/src/main/java/org/exist/xquery/modules/persistentlogin/PersistentLoginFunctions.java,org.exist.xquery.modules.persistentlogin.PersistentLoginFunctions,invalidate,true,extensions/modules/persistentlogin/src/main/resources/org/exist/xquery/modules/persistentlogin/login.xql; exist-core/src/test/java/org/exist/xquery/functions/xmldb/XMLDBAuthenticateTest.java; exist-core/src/test/java/org/exist/xquery/functions/session/AttributeTest.java
extensions/modules/process/src/main/java/org/exist/xquery/modules/process/Execute.java,org.exist.xquery.modules.process.Execute,execute,true,extensions/modules/sql-oracle/src/main/resources/org/exist/xquery/modules/oracle/oracle-example.xql; exist-core/src/test/java/org/exist/xquery/StoredModuleTest.java; extensions/modules/sql/src/test/java/org/exist/xquery/modules/sql/ExecuteIT.java
extensions/modules/process/src/main/java/org/exist/xquery/modules/process/Execute.java,org.exist.xquery.modules.process.Execute,execution,true,extensions/indexes/lucene/src/test/xquery/lucene/vector-search.xqm
extensions/modules/process/src/main/java/org/exist/xquery/modules/process/Execute.java,org.exist.xquery.modules.process.Execute,commandline,false,
extensions/modules/process/src/main/java/org/exist/xquery/modules/process/Execute.java,org.exist.xquery.modules.process.Execute,stdout,false,
extensions/modules/process/src/main/java/org/exist/xquery/modules/process/Execute.java,org.exist.xquery.modules.process.Execute,line,true,exist-core/src/test/xquery/arrays/arrays.xql; exist-core/src/test/xquery/function.xql; exist-core/src/test/xquery/system/as-user.xqm; exist-core/src/test/xquery/xquery3/arrowop.xql; exist-core/src/test/xquery/xquery3/fnRefs.xql; exist-core/src/test/xquery/xquery3/higher-order.xqm; extensions/indexes/lucene/src/test/xquery/lucene/field-expression-context.xqm; extensions/indexes/lucene/src/test/xquery/lucene/inline-elements.xql; extensions/indexes/lucene/src/test/xquery/lucene/util-expand-highlight.xqm; extensions/modules/file/src/test/xquery/modules/file/serialize.xqm; exist-core/src/test/java/org/exist/xquery/CleanupTest.java; exist-core/src/test/java/org/exist/xquery/functions/util/EvalTest.java
extensions/modules/scheduler/src/main/java/org/exist/xquery/modules/scheduler/ResumeScheduledJob.java,org.exist.xquery.modules.scheduler.ResumeScheduledJob,resume-scheduled-job,false,
extensions/modules/scheduler/src/main/java/org/exist/xquery/modules/scheduler/GetScheduledJobs.java,org.exist.xquery.modules.scheduler.GetScheduledJobs,get-scheduled-jobs,false,
extensions/modules/scheduler/src/main/java/org/exist/xquery/modules/scheduler/DeleteScheduledJob.java,org.exist.xquery.modules.scheduler.DeleteScheduledJob,delete-scheduled-job,false,
extensions/modules/scheduler/src/main/java/org/exist/xquery/modules/scheduler/PauseScheduledJob.java,org.exist.xquery.modules.scheduler.PauseScheduledJob,pause-scheduled-job,false,
extensions/modules/scheduler/src/main/java/org/exist/xquery/modules/scheduler/ScheduleFunctions.java,org.exist.xquery.modules.scheduler.ScheduleFunctions,schedule-java-cron-job,false,
extensions/modules/scheduler/src/main/java/org/exist/xquery/modules/scheduler/ScheduleFunctions.java,org.exist.xquery.modules.scheduler.ScheduleFunctions,schedule-java-periodic-job,false,
extensions/modules/scheduler/src/main/java/org/exist/xquery/modules/scheduler/ScheduleFunctions.java,org.exist.xquery.modules.scheduler.ScheduleFunctions,schedule-xquery-cron-job,false,
extensions/modules/scheduler/src/main/java/org/exist/xquery/modules/scheduler/ScheduleFunctions.java,org.exist.xquery.modules.scheduler.ScheduleFunctions,schedule-xquery-periodic-job,false,
extensions/modules/simpleql/src/main/java/org/exist/xquery/modules/simpleql/ParseSimpleQL.java,org.exist.xquery.modules.simpleql.ParseSimpleQL,parse-simpleql,false,
extensions/modules/sql-oracle/src/main/java/org/exist/xquery/modules/oracle/ExecuteFunction.java,org.exist.xquery.modules.oracle.ExecuteFunction,execute,true,extensions/modules/sql-oracle/src/main/resources/org/exist/xquery/modules/oracle/oracle-example.xql; exist-core/src/test/java/org/exist/xquery/StoredModuleTest.java; extensions/modules/sql/src/test/java/org/exist/xquery/modules/sql/ExecuteIT.java
extensions/modules/sql-oracle/src/main/java/org/exist/xquery/modules/oracle/ExecuteFunction.java,org.exist.xquery.modules.oracle.ExecuteFunction,result,true,exist-core/src/main/resources/org/exist/xquery/lib/xqsuite/xqsuite.xql; exist-core/src/test/xquery/maps/maps.xqm; exist-core/src/test/xquery/xquery3/transform/fnTransform66.xqm; exist-core/src/test/xquery/xquery3/transform/fnTransform74.xqm; exist-core/src/test/xquery/xquery3/transform/fnTransform79.xqm; exist-core/src/test/xquery/xquery3/transform/fnTransform87.xqm; extensions/indexes/lucene/src/test/xquery/lucene/analyzers-field.xqm; extensions/indexes/lucene/src/test/xquery/lucene/ft-query-forms.xqm; extensions/indexes/range/src/test/xquery/range/conditions.xql; extensions/modules/file/src/test/resources/util/helper.xqm; extensions/modules/file/src/test/xquery/modules/file/sync.xqm; extensions/modules/file/src/test/xquery/modules/file/syncmod.xqm; exist-core/src/test/java/org/exist/xquery/DeepEqualTest.java; exist-core/src/test/java/org/exist/xquery/functions/map/MapEntryRegressionTest.java
extensions/modules/sql-oracle/src/main/java/org/exist/xquery/modules/oracle/ExecuteFunction.java,org.exist.xquery.modules.oracle.ExecuteFunction,count,true,exist-core/src/main/resources/org/exist/xquery/lib/xqsuite/examples.xql; exist-core/src/main/resources/org/exist/xquery/lib/xqsuite/xqsuite.xql; exist-core/src/test/resources/org/exist/performance/log2html.xql; exist-core/src/test/xquery/arrays/arrays.xql; exist-core/src/test/xquery/axes.xql; exist-core/src/test/xquery/boolean-sequences.xq; exist-core/src/test/xquery/count.xql; exist-core/src/test/xquery/fn-not.xq; exist-core/src/test/xquery/fn.xql; exist-core/src/test/xquery/inspect/inspect.xql; exist-core/src/test/xquery/maps/maps.xqm; exist-core/src/test/xquery/namespaces.xql; exist-core/src/test/xquery/optimizer/positional.xqm; exist-core/src/test/xquery/order-by.xqm; exist-core/src/test/xquery/question-marks-in-contains-function.xql; exist-core/src/test/xquery/securitymanager/id.xqm; exist-core/src/test/xquery/simple-map-predicate.xq; exist-core/src/test/xquery/unparsed-text.xql; exist-core/src/test/xquery/util/eval-with-context.xql; exist-core/src/test/xquery/util/moduleDiscoveryTest.xql; exist-core/src/test/xquery/validation/jaxp.xql; exist-core/src/test/xquery/xmldb/permission-tests.xql; exist-core/src/test/xquery/xmlid.xql; exist-core/src/test/xquery/xqsuite/custom-assertion.xqm; exist-core/src/test/xquery/xquery3/arrowop.xql; exist-core/src/test/xquery/xquery3/bang.xql; exist-core/src/test/xquery/xquery3/computed-namespace-constructor.xql; exist-core/src/test/xquery/xquery3/concat.xql; exist-core/src/test/xquery/xquery3/copy-namespaces-no-inherit.xqm; exist-core/src/test/xquery/xquery3/copy-namespaces.xqm; exist-core/src/test/xquery/xquery3/filter-function-items-in-context.xql; exist-core/src/test/xquery/xquery3/flwor.xql; exist-core/src/test/xquery/xquery3/fnElementWithId.xqm; exist-core/src/test/xquery/xquery3/fnId.xqm; exist-core/src/test/xquery/xquery3/fnRefs.xql; exist-core/src/test/xquery/xquery3/fnSort.xql; exist-core/src/test/xquery/xquery3/groupby.xql; exist-core/src/test/xquery/xquery3/higher-order.xqm; exist-core/src/test/xquery/xquery3/parse-xml-fragment.xqm; exist-core/src/test/xquery/xquery3/parse-xml.xqm; exist-core/src/test/xquery/xquery3/strconstr.xql; exist-core/src/test/xquery/xquery3/transform/fnTransform63.xqm; extensions/indexes/indexes-integration-tests/src/test/xquery/indexing/tests/exist-matches.xqm; extensions/indexes/lucene/src/test/xquery/lucene/analyzers-diacritics.xql; extensions/indexes/lucene/src/test/xquery/lucene/analyzers-field.xqm; extensions/indexes/lucene/src/test/xquery/lucene/facet-drilldown-highlight.xqm; extensions/indexes/lucene/src/test/xquery/lucene/for-variable.xql; extensions/indexes/lucene/src/test/xquery/lucene/ft-edge.xqm; extensions/indexes/lucene/src/test/xquery/lucene/ft-expand-highlight.xqm; extensions/indexes/lucene/src/test/xquery/lucene/ft-facets.xqm; extensions/indexes/lucene/src/test/xquery/lucene/ft-field-types.xqm; extensions/indexes/lucene/src/test/xquery/lucene/ft-match.xql; extensions/indexes/lucene/src/test/xquery/lucene/ft-query-field.xqm; extensions/indexes/lucene/src/test/xquery/lucene/ft-query-forms.xqm; extensions/indexes/lucene/src/test/xquery/lucene/ft-search-binary.xqm; extensions/indexes/lucene/src/test/xquery/lucene/ignore-condition.xql; extensions/indexes/lucene/src/test/xquery/lucene/index-keys.xql; extensions/indexes/lucene/src/test/xquery/lucene/inline-elements.xql; extensions/indexes/lucene/src/test/xquery/lucene/optimizer-ft.xql; extensions/indexes/lucene/src/test/xquery/lucene/parenthesized-context.xql; extensions/indexes/lucene/src/test/xquery/lucene/reindex-second-store.xqm; extensions/indexes/lucene/src/test/xquery/lucene/self-axis-index.xqm; extensions/indexes/lucene/src/test/xquery/lucene/unicode-supplementary-lucene.xql; extensions/indexes/lucene/src/test/xquery/lucene/util-expand-highlight.xqm; extensions/indexes/lucene/src/test/xquery/lucene/vector-embed.xqm; extensions/indexes/lucene/src/test/xquery/lucene/vector-search.xqm; extensions/indexes/ngram/src/test/xquery/ngram/for-variable.xql; extensions/indexes/ngram/src/test/xquery/ngram/match-highlighting-ngram.xql; extensions/indexes/ngram/src/test/xquery/ngram/unicode-supplementary-ngram.xql; extensions/indexes/range/src/test/xquery/range/conditions.xql; extensions/indexes/range/src/test/xquery/range/fields.xql; extensions/indexes/range/src/test/xquery/range/for-variable.xql; extensions/indexes/range/src/test/xquery/range/index-keys.xql; extensions/indexes/range/src/test/xquery/range/multi-collection-search.xqm; extensions/indexes/range/src/test/xquery/range/optimizer.xql; extensions/indexes/range/src/test/xquery/range/prefixed-conditions.xql; extensions/indexes/range/src/test/xquery/range/range.xql; extensions/indexes/range/src/test/xquery/range/unicode-supplementary-range.xql; extensions/indexes/range/src/test/xquery/range/updates.xql; extensions/modules/cache/src/test/xquery/modules/cache/cache.xqm; extensions/modules/file/src/test/resources/util/helper.xqm; extensions/debuggee/src/test/java/org/exist/debugger/DebuggerTest.java; exist-core/src/test/java/org/exist/xmldb/ResourceTest.java; exist-core/src/test/java/org/exist/xquery/AbstractDescendantOrSelfNodeKindTest.java; exist-core/src/test/java/org/exist/xquery/DocumentUpdateTest.java; exist-core/src/test/java/org/exist/xquery/OrderByClauseMemoryBenchmark.java; exist-core/src/test/java/org/exist/xquery/AbsolutePathTests.java; exist-core/src/test/java/org/exist/xquery/GeneralComparisonBenchmark.java; exist-core/src/test/java/org/exist/xquery/OptimizerTest.java; exist-core/src/test/java/org/exist/xquery/SelfAxisAttributeKindRegressionTest.java; exist-core/src/test/java/org/exist/xquery/OrderByClauseBenchmark.java; exist-core/src/test/java/org/exist/xquery/XQueryTest.java; exist-core/src/test/java/org/exist/xquery/AxisPerformanceRegressionTest.java; exist-core/src/test/java/org/exist/xquery/XPathQueryTest.java; exist-core/src/test/java/org/exist/xquery/DescendantOrSelfWithNonLocationStepTest.java; exist-core/src/test/java/org/exist/xquery/PathExprAtomicRhsTest.java; exist-core/src/test/java/org/exist/xquery/SelfAxisProcessingInstructionRegressionTest.java; exist-core/src/test/java/org/exist/xquery/UnionStepDistributionOptimizerTest.java; exist-core/src/test/java/org/exist/xquery/functions/validate/NativeSchemaJaxpCatalogGapTest.java; exist-core/src/test/java/org/exist/xquery/functions/util/EvalTest.java; exist-core/src/test/java/org/exist/xquery/functions/system/GetRunningXQueriesTest.java; exist-core/src/test/java/org/exist/xquery/functions/securitymanager/AccountManagementFunctionRemoveAccountTest.java; exist-core/src/test/java/org/exist/xquery/functions/request/GetUploadedFileHeadersTest.java; exist-core/src/test/java/org/exist/xquery/functions/fn/FunIndexOfPerformanceTest.java; exist-core/src/test/java/org/exist/xquery/functions/fn/FunSubSequenceTest.java; exist-core/src/test/java/org/exist/xquery/functions/transform/TransformTest.java; exist-core/src/test/java/org/exist/xquery/RootNodeContextItemDependencyTest.java; exist-core/src/test/java/org/exist/xquery/XQueryUpdateTest.java; exist-core/src/test/java/org/exist/xquery/PathExprDedupTest.java; exist-core/src/test/java/org/exist/security/RestApiSecurityTest.java; exist-core/src/test/java/org/exist/security/XqueryApiTest.java; exist-core/src/test/java/org/exist/storage/RenameTest.java; exist-core/src/test/java/org/exist/storage/ReplaceTest.java; exist-core/src/test/java/org/exist/storage/AppendTest.java; exist-core/src/test/java/org/exist/storage/RemoveTest.java; exist-core/src/test/java/org/exist/storage/UpdateRecoverTest.java; exist-core/src/test/java/org/exist/storage/UpdateTest.java; exist-core/src/test/java/org/exist/storage/UpdateAttributeTest.java; exist-core/src/test/java/org/exist/dom/memtree/MemtreeInXQueryTest.java; extensions/indexes/lucene/src/test/java/xquery/lucene/VectorSearchEmbeddingTest.java; extensions/indexes/lucene/src/test/java/org/exist/indexing/lucene/LuceneMatchListenerTest.java; extensions/indexes/ngram/src/test/java/org/exist/indexing/ngram/NGramContainsBenchmark.java; extensions/indexes/ngram/src/test/java/org/exist/indexing/ngram/MatchListenerTest.java; extensions/indexes/range/src/test/java/org/exist/xquery/modules/range/AttributeEqIndexConsistencyTest.java; extensions/indexes/vector-it/src/test/java/xquery/lucene/VectorSearchEmbeddingIT.java; extensions/modules/file/src/test/java/org/exist/xquery/modules/file/AbstractBinariesTest.java; extensions/modules/http-client/src/test/java/org/exist/xquery/modules/httpclient/SendRequestFunctionTest.java
extensions/modules/sql-oracle/src/main/java/org/exist/xquery/modules/oracle/ExecuteFunction.java,org.exist.xquery.modules.oracle.ExecuteFunction,row,true,exist-core/src/test/xquery/xquery3/arrowop.xql
extensions/modules/sql-oracle/src/main/java/org/exist/xquery/modules/oracle/ExecuteFunction.java,org.exist.xquery.modules.oracle.ExecuteFunction,index,true,exist-core/src/test/xquery/arrays/arrays.xql; exist-core/src/test/xquery/xmldb/reindex-tests.xql; extensions/indexes/lucene/src/test/xquery/lucene/analyzers-diacritics.xql; extensions/indexes/lucene/src/test/xquery/lucene/analyzers-english.xql; extensions/indexes/lucene/src/test/xquery/lucene/analyzers-field.xqm; extensions/indexes/lucene/src/test/xquery/lucene/facet-drilldown-highlight.xqm; extensions/indexes/lucene/src/test/xquery/lucene/field-expression-context.xqm; extensions/indexes/lucene/src/test/xquery/lucene/for-variable.xql; extensions/indexes/lucene/src/test/xquery/lucene/ft-attr-context.xql; extensions/indexes/lucene/src/test/xquery/lucene/ft-edge.xqm; extensions/indexes/lucene/src/test/xquery/lucene/ft-facets.xqm; extensions/indexes/lucene/src/test/xquery/lucene/ft-field-types.xqm; extensions/indexes/lucene/src/test/xquery/lucene/ft-match.xql; extensions/indexes/lucene/src/test/xquery/lucene/ft-query-field.xqm; extensions/indexes/lucene/src/test/xquery/lucene/ft-query-forms.xqm; extensions/indexes/lucene/src/test/xquery/lucene/ft-search-binary.xqm; extensions/indexes/lucene/src/test/xquery/lucene/ignore-condition.xql; extensions/indexes/lucene/src/test/xquery/lucene/index-keys.xql; extensions/indexes/lucene/src/test/xquery/lucene/indirect-queries.xql; extensions/indexes/lucene/src/test/xquery/lucene/inline-ignore.xql; extensions/indexes/lucene/src/test/xquery/lucene/match-highlighting.xql; extensions/indexes/lucene/src/test/xquery/lucene/optimizer-ft.xql; extensions/indexes/lucene/src/test/xquery/lucene/parenthesized-context.xql; extensions/indexes/lucene/src/test/xquery/lucene/parenthesized-location-step.xql; extensions/indexes/lucene/src/test/xquery/lucene/reindex-second-store.xqm; extensions/indexes/lucene/src/test/xquery/lucene/self-axis-index.xqm; extensions/indexes/lucene/src/test/xquery/lucene/start-offset.xql; extensions/indexes/lucene/src/test/xquery/lucene/unicode-supplementary-lucene.xql; extensions/indexes/lucene/src/test/xquery/lucene/util-expand-highlight.xqm; extensions/indexes/lucene/src/test/xquery/lucene/vector-search.xqm; extensions/indexes/ngram/src/test/xquery/ngram/for-variable.xql; extensions/indexes/ngram/src/test/xquery/ngram/match-highlighting-ngram.xql; extensions/indexes/ngram/src/test/xquery/ngram/unicode-supplementary-ngram.xql; extensions/indexes/range/src/test/xquery/range/conditions.xql; extensions/indexes/range/src/test/xquery/range/field-type.xql; extensions/indexes/range/src/test/xquery/range/fields.xql; extensions/indexes/range/src/test/xquery/range/for-variable.xql; extensions/indexes/range/src/test/xquery/range/index-keys.xql; extensions/indexes/range/src/test/xquery/range/multi-collection-search.xqm; extensions/indexes/range/src/test/xquery/range/optimizer.xql; extensions/indexes/range/src/test/xquery/range/range.xql; extensions/indexes/range/src/test/xquery/range/types.xql; extensions/indexes/range/src/test/xquery/range/unicode-supplementary-range.xql; extensions/indexes/range/src/test/xquery/range/updates.xql; extensions/modules/file/src/test/resources/util/helper.xqm; exist-core/src/test/java/org/exist/xquery/StoredModuleTest.java; extensions/indexes/lucene/src/test/java/xquery/lucene/VectorSearchEmbeddingTest.java; extensions/indexes/lucene/src/test/java/org/exist/indexing/lucene/FacetPollutionJavaReproducerTest.java; extensions/indexes/vector-it/src/test/java/xquery/lucene/VectorSearchEmbeddingIT.java
extensions/modules/sql-oracle/src/main/java/org/exist/xquery/modules/oracle/ExecuteFunction.java,org.exist.xquery.modules.oracle.ExecuteFunction,field,true,extensions/indexes/lucene/src/test/xquery/lucene/analyzers-field.xqm; extensions/indexes/lucene/src/test/xquery/lucene/for-variable.xql; extensions/indexes/lucene/src/test/xquery/lucene/ft-edge.xqm; extensions/indexes/lucene/src/test/xquery/lucene/ft-facets.xqm; extensions/indexes/lucene/src/test/xquery/lucene/ft-field-types.xqm; extensions/indexes/lucene/src/test/xquery/lucene/ft-match.xql; extensions/indexes/lucene/src/test/xquery/lucene/ft-query-field.xqm; extensions/indexes/lucene/src/test/xquery/lucene/ft-query-forms.xqm; extensions/indexes/lucene/src/test/xquery/lucene/ft-search-binary.xqm; extensions/indexes/lucene/src/test/xquery/lucene/self-axis-index.xqm; extensions/indexes/lucene/src/test/xquery/lucene/util-expand-highlight.xqm; extensions/indexes/lucene/src/test/xquery/lucene/vector-search.xqm; extensions/indexes/range/src/test/xquery/range/conditions.xql; extensions/indexes/range/src/test/xquery/range/index-keys.xql; extensions/indexes/range/src/test/xquery/range/optimizer.xql; extensions/indexes/range/src/test/xquery/range/prefixed-conditions.xql; extensions/indexes/range/src/test/xquery/range/range.xql; extensions/indexes/range/src/test/xquery/range/types.xql; extensions/indexes/lucene/src/test/java/org/exist/indexing/lucene/LuceneIndexTest.java; extensions/indexes/range/src/test/java/org/exist/xquery/modules/range/Issue4074IndexKeysServletContextTest.java
extensions/modules/sql-oracle/src/main/java/org/exist/xquery/modules/oracle/ExecuteFunction.java,org.exist.xquery.modules.oracle.ExecuteFunction,name,true,exist-core/src/main/resources/org/exist/test/runner/xquery-discovery.xq; exist-core/src/main/resources/org/exist/xquery/lib/kwic.xql; exist-core/src/main/resources/org/exist/xquery/lib/xqsuite/xqsuite.xql; exist-core/src/test/resources/org/exist/test/runner/failing-both.xqm; exist-core/src/test/xquery/arrays/arrays.xql; exist-core/src/test/xquery/axes.xql; exist-core/src/test/xquery/document-nodes.xq; exist-core/src/test/xquery/exceptOperator.xql; exist-core/src/test/xquery/maps/mapKeySameKey.xqm; exist-core/src/test/xquery/maps/maps.xqm; exist-core/src/test/xquery/namespaces.xql; exist-core/src/test/xquery/no-static-typing.xqm; exist-core/src/test/xquery/optimizer/expressions.xqm; exist-core/src/test/xquery/preceding-axis.xql; exist-core/src/test/xquery/simple-map-predicate.xq; exist-core/src/test/xquery/types.xql; exist-core/src/test/xquery/unicode.xqm; exist-core/src/test/xquery/util/document-id.xqm; exist-core/src/test/xquery/util/expand.xqm; exist-core/src/test/xquery/xmldb/copy-tests.xql; exist-core/src/test/xquery/xmldb/permission-tests.xql; exist-core/src/test/xquery/xqsuite/xqsuite-tests.xql; exist-core/src/test/xquery/xquery3/arrowop.xql; exist-core/src/test/xquery/xquery3/bang.xql; exist-core/src/test/xquery/xquery3/flwor.xql; exist-core/src/test/xquery/xquery3/fn.xql; exist-core/src/test/xquery/xquery3/fnElementWithId.xqm; exist-core/src/test/xquery/xquery3/fnId.xqm; exist-core/src/test/xquery/xquery3/fnSort.xql; exist-core/src/test/xquery/xquery3/higher-order.xqm; exist-core/src/test/xquery/xquery3/load-xquery-module.xql; exist-core/src/test/xquery/xquery3/serialize.xql; exist-core/src/test/xquery/xquery3/transform/fnTransform82e.xqm; exist-core/src/test/xquery/xquery3/transform/fnTransformParams.xqm; exist-jetty-config/src/main/resources/webapp/controller.xql; extensions/indexes/lucene/src/test/xquery/lucene/analyzers-field.xqm; extensions/indexes/lucene/src/test/xquery/lucene/field-expression-context.xqm; extensions/indexes/lucene/src/test/xquery/lucene/ft-edge.xqm; extensions/indexes/lucene/src/test/xquery/lucene/ft-query-forms.xqm; extensions/indexes/range/src/test/xquery/range/multi-collection-search.xqm; extensions/indexes/range/src/test/xquery/range/optimizer.xql; extensions/indexes/range/src/test/xquery/range/range.xql; extensions/modules/expathrepo/src/test/xquery/modules/expathrepo/deployment.xql; extensions/modules/http-client/src/test/xquery/http-client-tests.xql; extensions/modules/jndi/jndiExample.xql; exist-core/src/test/java/org/exist/xquery/AbstractDescendantOrSelfNodeKindTest.java; exist-core/src/test/java/org/exist/xquery/FollowingAxisPositionRegressionTest.java; exist-core/src/test/java/org/exist/xquery/IntersectElementReturnTypeTest.java; exist-core/src/test/java/org/exist/xquery/CompAttrConstructorErrorCodeTest.java; exist-core/src/test/java/org/exist/xquery/XQueryTest.java; exist-core/src/test/java/org/exist/xquery/XPathQueryTest.java; exist-core/src/test/java/org/exist/xquery/ContextDependencyRegressionTest.java; exist-core/src/test/java/org/exist/xquery/XQueryFunctionsTest.java; exist-core/src/test/java/org/exist/xquery/functions/request/GetUploadedFileHeadersTest.java; exist-core/src/test/java/org/exist/xquery/functions/transform/TransformTest.java; exist-core/src/test/java/org/exist/IndexerTest.java; exist-core/src/test/java/org/exist/xupdate/StressTest.java; exist-core/src/test/java/org/exist/http/urlrewrite/UrlRewritePipelineHttpTest.java; exist-core/src/test/java/org/exist/dom/persistent/BasicNodeSetTest.java; exist-core/src/test/java/org/exist/collections/ConcurrencyTest.java; extensions/indexes/lucene/src/test/java/org/exist/indexing/lucene/LuceneIndexTest.java; extensions/modules/http-client/src/test/java/org/exist/xquery/modules/httpclient/SendRequestFunctionTest.java
extensions/modules/sql-oracle/src/main/java/org/exist/xquery/modules/oracle/ExecuteFunction.java,org.exist.xquery.modules.oracle.ExecuteFunction,type,true,exist-core/src/main/resources/org/exist/xquery/lib/xqsuite/xqsuite.xql; exist-core/src/test/xquery/arrays/arrays.xql; exist-core/src/test/xquery/dates/convert-dates.xqm; exist-core/src/test/xquery/integers.xq; exist-core/src/test/xquery/maps/maps.xqm; exist-core/src/test/xquery/types.xql; exist-core/src/test/xquery/xquery3/fnElementWithId.xqm; exist-core/src/test/xquery/xquery3/fnId.xqm; exist-core/src/test/xquery/xquery3/higher-order.xqm; exist-core/src/test/xquery/xquery3/json-to-xml.xql; exist-core/src/test/xquery/xquery3/load-xquery-module.xql; exist-core/src/test/xquery/xquery3/parse-xml-fragment.xqm; exist-core/src/test/xquery/xquery3/parse-xml.xqm; exist-core/src/test/xquery/xquery3/typeswitch.xql; extensions/indexes/lucene/src/test/xquery/lucene/ft-facets.xqm; extensions/indexes/lucene/src/test/xquery/lucene/ft-query-forms.xqm; extensions/indexes/range/src/test/xquery/range/types.xql; exist-core/src/test/java/org/exist/xmldb/CollectionConfigurationTest.java; exist-core/src/test/java/org/exist/xquery/ModuleImportTest.java; exist-core/src/test/java/org/exist/http/RESTServiceTest.java; extensions/exquery/restxq/src/test/java/org/exist/extensions/exquery/restxq/impl/MediaTypeIntegrationTest.java; extensions/modules/mail/src/test/java/org/exist/xquery/modules/mail/SendEmailIT.java
extensions/modules/sql-oracle/src/main/java/org/exist/xquery/modules/oracle/ExecuteFunction.java,org.exist.xquery.modules.oracle.ExecuteFunction,null,true,exist-core/src/test/xquery/xquery3/xml-to-json.xql
extensions/modules/sql-oracle/src/main/java/org/exist/xquery/modules/oracle/ExecuteFunction.java,org.exist.xquery.modules.oracle.ExecuteFunction,exception,true,extensions/indexes/lucene/src/test/xquery/lucene/ft-edge.xqm; extensions/indexes/lucene/src/test/xquery/lucene/ft-query-field.xqm
extensions/modules/sql-oracle/src/main/java/org/exist/xquery/modules/oracle/ExecuteFunction.java,org.exist.xquery.modules.oracle.ExecuteFunction,recoverable,false,
extensions/modules/sql-oracle/src/main/java/org/exist/xquery/modules/oracle/ExecuteFunction.java,org.exist.xquery.modules.oracle.ExecuteFunction,state,false,
extensions/modules/sql-oracle/src/main/java/org/exist/xquery/modules/oracle/ExecuteFunction.java,org.exist.xquery.modules.oracle.ExecuteFunction,message,false,
extensions/modules/sql-oracle/src/main/java/org/exist/xquery/modules/oracle/ExecuteFunction.java,org.exist.xquery.modules.oracle.ExecuteFunction,stack-trace,false,
extensions/modules/sql-oracle/src/main/java/org/exist/xquery/modules/oracle/ExecuteFunction.java,org.exist.xquery.modules.oracle.ExecuteFunction,oracle,false,
extensions/modules/sql-oracle/src/main/java/org/exist/xquery/modules/oracle/ExecuteFunction.java,org.exist.xquery.modules.oracle.ExecuteFunction,xquery,false,
extensions/modules/sql-oracle/src/main/java/org/exist/xquery/modules/oracle/ExecuteFunction.java,org.exist.xquery.modules.oracle.ExecuteFunction,line,true,exist-core/src/test/xquery/arrays/arrays.xql; exist-core/src/test/xquery/function.xql; exist-core/src/test/xquery/system/as-user.xqm; exist-core/src/test/xquery/xquery3/arrowop.xql; exist-core/src/test/xquery/xquery3/fnRefs.xql; exist-core/src/test/xquery/xquery3/higher-order.xqm; extensions/indexes/lucene/src/test/xquery/lucene/field-expression-context.xqm; extensions/indexes/lucene/src/test/xquery/lucene/inline-elements.xql; extensions/indexes/lucene/src/test/xquery/lucene/util-expand-highlight.xqm; extensions/modules/file/src/test/xquery/modules/file/serialize.xqm; exist-core/src/test/java/org/exist/xquery/CleanupTest.java; exist-core/src/test/java/org/exist/xquery/functions/util/EvalTest.java
extensions/modules/sql-oracle/src/main/java/org/exist/xquery/modules/oracle/ExecuteFunction.java,org.exist.xquery.modules.oracle.ExecuteFunction,column,false,
extensions/modules/sql/src/main/java/org/exist/xquery/modules/sql/ExecuteFunction.java,org.exist.xquery.modules.sql.ExecuteFunction,execute,true,extensions/modules/sql-oracle/src/main/resources/org/exist/xquery/modules/oracle/oracle-example.xql; exist-core/src/test/java/org/exist/xquery/StoredModuleTest.java; extensions/modules/sql/src/test/java/org/exist/xquery/modules/sql/ExecuteIT.java
extensions/modules/sql/src/main/java/org/exist/xquery/modules/sql/ExecuteFunction.java,org.exist.xquery.modules.sql.ExecuteFunction,result,true,exist-core/src/main/resources/org/exist/xquery/lib/xqsuite/xqsuite.xql; exist-core/src/test/xquery/maps/maps.xqm; exist-core/src/test/xquery/xquery3/transform/fnTransform66.xqm; exist-core/src/test/xquery/xquery3/transform/fnTransform74.xqm; exist-core/src/test/xquery/xquery3/transform/fnTransform79.xqm; exist-core/src/test/xquery/xquery3/transform/fnTransform87.xqm; extensions/indexes/lucene/src/test/xquery/lucene/analyzers-field.xqm; extensions/indexes/lucene/src/test/xquery/lucene/ft-query-forms.xqm; extensions/indexes/range/src/test/xquery/range/conditions.xql; extensions/modules/file/src/test/resources/util/helper.xqm; extensions/modules/file/src/test/xquery/modules/file/sync.xqm; extensions/modules/file/src/test/xquery/modules/file/syncmod.xqm; exist-core/src/test/java/org/exist/xquery/DeepEqualTest.java; exist-core/src/test/java/org/exist/xquery/functions/map/MapEntryRegressionTest.java
extensions/modules/sql/src/main/java/org/exist/xquery/modules/sql/ExecuteFunction.java,org.exist.xquery.modules.sql.ExecuteFunction,count,true,exist-core/src/main/resources/org/exist/xquery/lib/xqsuite/examples.xql; exist-core/src/main/resources/org/exist/xquery/lib/xqsuite/xqsuite.xql; exist-core/src/test/resources/org/exist/performance/log2html.xql; exist-core/src/test/xquery/arrays/arrays.xql; exist-core/src/test/xquery/axes.xql; exist-core/src/test/xquery/boolean-sequences.xq; exist-core/src/test/xquery/count.xql; exist-core/src/test/xquery/fn-not.xq; exist-core/src/test/xquery/fn.xql; exist-core/src/test/xquery/inspect/inspect.xql; exist-core/src/test/xquery/maps/maps.xqm; exist-core/src/test/xquery/namespaces.xql; exist-core/src/test/xquery/optimizer/positional.xqm; exist-core/src/test/xquery/order-by.xqm; exist-core/src/test/xquery/question-marks-in-contains-function.xql; exist-core/src/test/xquery/securitymanager/id.xqm; exist-core/src/test/xquery/simple-map-predicate.xq; exist-core/src/test/xquery/unparsed-text.xql; exist-core/src/test/xquery/util/eval-with-context.xql; exist-core/src/test/xquery/util/moduleDiscoveryTest.xql; exist-core/src/test/xquery/validation/jaxp.xql; exist-core/src/test/xquery/xmldb/permission-tests.xql; exist-core/src/test/xquery/xmlid.xql; exist-core/src/test/xquery/xqsuite/custom-assertion.xqm; exist-core/src/test/xquery/xquery3/arrowop.xql; exist-core/src/test/xquery/xquery3/bang.xql; exist-core/src/test/xquery/xquery3/computed-namespace-constructor.xql; exist-core/src/test/xquery/xquery3/concat.xql; exist-core/src/test/xquery/xquery3/copy-namespaces-no-inherit.xqm; exist-core/src/test/xquery/xquery3/copy-namespaces.xqm; exist-core/src/test/xquery/xquery3/filter-function-items-in-context.xql; exist-core/src/test/xquery/xquery3/flwor.xql; exist-core/src/test/xquery/xquery3/fnElementWithId.xqm; exist-core/src/test/xquery/xquery3/fnId.xqm; exist-core/src/test/xquery/xquery3/fnRefs.xql; exist-core/src/test/xquery/xquery3/fnSort.xql; exist-core/src/test/xquery/xquery3/groupby.xql; exist-core/src/test/xquery/xquery3/higher-order.xqm; exist-core/src/test/xquery/xquery3/parse-xml-fragment.xqm; exist-core/src/test/xquery/xquery3/parse-xml.xqm; exist-core/src/test/xquery/xquery3/strconstr.xql; exist-core/src/test/xquery/xquery3/transform/fnTransform63.xqm; extensions/indexes/indexes-integration-tests/src/test/xquery/indexing/tests/exist-matches.xqm; extensions/indexes/lucene/src/test/xquery/lucene/analyzers-diacritics.xql; extensions/indexes/lucene/src/test/xquery/lucene/analyzers-field.xqm; extensions/indexes/lucene/src/test/xquery/lucene/facet-drilldown-highlight.xqm; extensions/indexes/lucene/src/test/xquery/lucene/for-variable.xql; extensions/indexes/lucene/src/test/xquery/lucene/ft-edge.xqm; extensions/indexes/lucene/src/test/xquery/lucene/ft-expand-highlight.xqm; extensions/indexes/lucene/src/test/xquery/lucene/ft-facets.xqm; extensions/indexes/lucene/src/test/xquery/lucene/ft-field-types.xqm; extensions/indexes/lucene/src/test/xquery/lucene/ft-match.xql; extensions/indexes/lucene/src/test/xquery/lucene/ft-query-field.xqm; extensions/indexes/lucene/src/test/xquery/lucene/ft-query-forms.xqm; extensions/indexes/lucene/src/test/xquery/lucene/ft-search-binary.xqm; extensions/indexes/lucene/src/test/xquery/lucene/ignore-condition.xql; extensions/indexes/lucene/src/test/xquery/lucene/index-keys.xql; extensions/indexes/lucene/src/test/xquery/lucene/inline-elements.xql; extensions/indexes/lucene/src/test/xquery/lucene/optimizer-ft.xql; extensions/indexes/lucene/src/test/xquery/lucene/parenthesized-context.xql; extensions/indexes/lucene/src/test/xquery/lucene/reindex-second-store.xqm; extensions/indexes/lucene/src/test/xquery/lucene/self-axis-index.xqm; extensions/indexes/lucene/src/test/xquery/lucene/unicode-supplementary-lucene.xql; extensions/indexes/lucene/src/test/xquery/lucene/util-expand-highlight.xqm; extensions/indexes/lucene/src/test/xquery/lucene/vector-embed.xqm; extensions/indexes/lucene/src/test/xquery/lucene/vector-search.xqm; extensions/indexes/ngram/src/test/xquery/ngram/for-variable.xql; extensions/indexes/ngram/src/test/xquery/ngram/match-highlighting-ngram.xql; extensions/indexes/ngram/src/test/xquery/ngram/unicode-supplementary-ngram.xql; extensions/indexes/range/src/test/xquery/range/conditions.xql; extensions/indexes/range/src/test/xquery/range/fields.xql; extensions/indexes/range/src/test/xquery/range/for-variable.xql; extensions/indexes/range/src/test/xquery/range/index-keys.xql; extensions/indexes/range/src/test/xquery/range/multi-collection-search.xqm; extensions/indexes/range/src/test/xquery/range/optimizer.xql; extensions/indexes/range/src/test/xquery/range/prefixed-conditions.xql; extensions/indexes/range/src/test/xquery/range/range.xql; extensions/indexes/range/src/test/xquery/range/unicode-supplementary-range.xql; extensions/indexes/range/src/test/xquery/range/updates.xql; extensions/modules/cache/src/test/xquery/modules/cache/cache.xqm; extensions/modules/file/src/test/resources/util/helper.xqm; extensions/debuggee/src/test/java/org/exist/debugger/DebuggerTest.java; exist-core/src/test/java/org/exist/xmldb/ResourceTest.java; exist-core/src/test/java/org/exist/xquery/AbstractDescendantOrSelfNodeKindTest.java; exist-core/src/test/java/org/exist/xquery/DocumentUpdateTest.java; exist-core/src/test/java/org/exist/xquery/OrderByClauseMemoryBenchmark.java; exist-core/src/test/java/org/exist/xquery/AbsolutePathTests.java; exist-core/src/test/java/org/exist/xquery/GeneralComparisonBenchmark.java; exist-core/src/test/java/org/exist/xquery/OptimizerTest.java; exist-core/src/test/java/org/exist/xquery/SelfAxisAttributeKindRegressionTest.java; exist-core/src/test/java/org/exist/xquery/OrderByClauseBenchmark.java; exist-core/src/test/java/org/exist/xquery/XQueryTest.java; exist-core/src/test/java/org/exist/xquery/AxisPerformanceRegressionTest.java; exist-core/src/test/java/org/exist/xquery/XPathQueryTest.java; exist-core/src/test/java/org/exist/xquery/DescendantOrSelfWithNonLocationStepTest.java; exist-core/src/test/java/org/exist/xquery/PathExprAtomicRhsTest.java; exist-core/src/test/java/org/exist/xquery/SelfAxisProcessingInstructionRegressionTest.java; exist-core/src/test/java/org/exist/xquery/UnionStepDistributionOptimizerTest.java; exist-core/src/test/java/org/exist/xquery/functions/validate/NativeSchemaJaxpCatalogGapTest.java; exist-core/src/test/java/org/exist/xquery/functions/util/EvalTest.java; exist-core/src/test/java/org/exist/xquery/functions/system/GetRunningXQueriesTest.java; exist-core/src/test/java/org/exist/xquery/functions/securitymanager/AccountManagementFunctionRemoveAccountTest.java; exist-core/src/test/java/org/exist/xquery/functions/request/GetUploadedFileHeadersTest.java; exist-core/src/test/java/org/exist/xquery/functions/fn/FunIndexOfPerformanceTest.java; exist-core/src/test/java/org/exist/xquery/functions/fn/FunSubSequenceTest.java; exist-core/src/test/java/org/exist/xquery/functions/transform/TransformTest.java; exist-core/src/test/java/org/exist/xquery/RootNodeContextItemDependencyTest.java; exist-core/src/test/java/org/exist/xquery/XQueryUpdateTest.java; exist-core/src/test/java/org/exist/xquery/PathExprDedupTest.java; exist-core/src/test/java/org/exist/security/RestApiSecurityTest.java; exist-core/src/test/java/org/exist/security/XqueryApiTest.java; exist-core/src/test/java/org/exist/storage/RenameTest.java; exist-core/src/test/java/org/exist/storage/ReplaceTest.java; exist-core/src/test/java/org/exist/storage/AppendTest.java; exist-core/src/test/java/org/exist/storage/RemoveTest.java; exist-core/src/test/java/org/exist/storage/UpdateRecoverTest.java; exist-core/src/test/java/org/exist/storage/UpdateTest.java; exist-core/src/test/java/org/exist/storage/UpdateAttributeTest.java; exist-core/src/test/java/org/exist/dom/memtree/MemtreeInXQueryTest.java; extensions/indexes/lucene/src/test/java/xquery/lucene/VectorSearchEmbeddingTest.java; extensions/indexes/lucene/src/test/java/org/exist/indexing/lucene/LuceneMatchListenerTest.java; extensions/indexes/ngram/src/test/java/org/exist/indexing/ngram/NGramContainsBenchmark.java; extensions/indexes/ngram/src/test/java/org/exist/indexing/ngram/MatchListenerTest.java; extensions/indexes/range/src/test/java/org/exist/xquery/modules/range/AttributeEqIndexConsistencyTest.java; extensions/indexes/vector-it/src/test/java/xquery/lucene/VectorSearchEmbeddingIT.java; extensions/modules/file/src/test/java/org/exist/xquery/modules/file/AbstractBinariesTest.java; extensions/modules/http-client/src/test/java/org/exist/xquery/modules/httpclient/SendRequestFunctionTest.java
extensions/modules/sql/src/main/java/org/exist/xquery/modules/sql/ExecuteFunction.java,org.exist.xquery.modules.sql.ExecuteFunction,updateCount,false,
extensions/modules/sql/src/main/java/org/exist/xquery/modules/sql/ExecuteFunction.java,org.exist.xquery.modules.sql.ExecuteFunction,row,true,exist-core/src/test/xquery/xquery3/arrowop.xql
extensions/modules/sql/src/main/java/org/exist/xquery/modules/sql/ExecuteFunction.java,org.exist.xquery.modules.sql.ExecuteFunction,index,true,exist-core/src/test/xquery/arrays/arrays.xql; exist-core/src/test/xquery/xmldb/reindex-tests.xql; extensions/indexes/lucene/src/test/xquery/lucene/analyzers-diacritics.xql; extensions/indexes/lucene/src/test/xquery/lucene/analyzers-english.xql; extensions/indexes/lucene/src/test/xquery/lucene/analyzers-field.xqm; extensions/indexes/lucene/src/test/xquery/lucene/facet-drilldown-highlight.xqm; extensions/indexes/lucene/src/test/xquery/lucene/field-expression-context.xqm; extensions/indexes/lucene/src/test/xquery/lucene/for-variable.xql; extensions/indexes/lucene/src/test/xquery/lucene/ft-attr-context.xql; extensions/indexes/lucene/src/test/xquery/lucene/ft-edge.xqm; extensions/indexes/lucene/src/test/xquery/lucene/ft-facets.xqm; extensions/indexes/lucene/src/test/xquery/lucene/ft-field-types.xqm; extensions/indexes/lucene/src/test/xquery/lucene/ft-match.xql; extensions/indexes/lucene/src/test/xquery/lucene/ft-query-field.xqm; extensions/indexes/lucene/src/test/xquery/lucene/ft-query-forms.xqm; extensions/indexes/lucene/src/test/xquery/lucene/ft-search-binary.xqm; extensions/indexes/lucene/src/test/xquery/lucene/ignore-condition.xql; extensions/indexes/lucene/src/test/xquery/lucene/index-keys.xql; extensions/indexes/lucene/src/test/xquery/lucene/indirect-queries.xql; extensions/indexes/lucene/src/test/xquery/lucene/inline-ignore.xql; extensions/indexes/lucene/src/test/xquery/lucene/match-highlighting.xql; extensions/indexes/lucene/src/test/xquery/lucene/optimizer-ft.xql; extensions/indexes/lucene/src/test/xquery/lucene/parenthesized-context.xql; extensions/indexes/lucene/src/test/xquery/lucene/parenthesized-location-step.xql; extensions/indexes/lucene/src/test/xquery/lucene/reindex-second-store.xqm; extensions/indexes/lucene/src/test/xquery/lucene/self-axis-index.xqm; extensions/indexes/lucene/src/test/xquery/lucene/start-offset.xql; extensions/indexes/lucene/src/test/xquery/lucene/unicode-supplementary-lucene.xql; extensions/indexes/lucene/src/test/xquery/lucene/util-expand-highlight.xqm; extensions/indexes/lucene/src/test/xquery/lucene/vector-search.xqm; extensions/indexes/ngram/src/test/xquery/ngram/for-variable.xql; extensions/indexes/ngram/src/test/xquery/ngram/match-highlighting-ngram.xql; extensions/indexes/ngram/src/test/xquery/ngram/unicode-supplementary-ngram.xql; extensions/indexes/range/src/test/xquery/range/conditions.xql; extensions/indexes/range/src/test/xquery/range/field-type.xql; extensions/indexes/range/src/test/xquery/range/fields.xql; extensions/indexes/range/src/test/xquery/range/for-variable.xql; extensions/indexes/range/src/test/xquery/range/index-keys.xql; extensions/indexes/range/src/test/xquery/range/multi-collection-search.xqm; extensions/indexes/range/src/test/xquery/range/optimizer.xql; extensions/indexes/range/src/test/xquery/range/range.xql; extensions/indexes/range/src/test/xquery/range/types.xql; extensions/indexes/range/src/test/xquery/range/unicode-supplementary-range.xql; extensions/indexes/range/src/test/xquery/range/updates.xql; extensions/modules/file/src/test/resources/util/helper.xqm; exist-core/src/test/java/org/exist/xquery/StoredModuleTest.java; extensions/indexes/lucene/src/test/java/xquery/lucene/VectorSearchEmbeddingTest.java; extensions/indexes/lucene/src/test/java/org/exist/indexing/lucene/FacetPollutionJavaReproducerTest.java; extensions/indexes/vector-it/src/test/java/xquery/lucene/VectorSearchEmbeddingIT.java
extensions/modules/sql/src/main/java/org/exist/xquery/modules/sql/ExecuteFunction.java,org.exist.xquery.modules.sql.ExecuteFunction,field,true,extensions/indexes/lucene/src/test/xquery/lucene/analyzers-field.xqm; extensions/indexes/lucene/src/test/xquery/lucene/for-variable.xql; extensions/indexes/lucene/src/test/xquery/lucene/ft-edge.xqm; extensions/indexes/lucene/src/test/xquery/lucene/ft-facets.xqm; extensions/indexes/lucene/src/test/xquery/lucene/ft-field-types.xqm; extensions/indexes/lucene/src/test/xquery/lucene/ft-match.xql; extensions/indexes/lucene/src/test/xquery/lucene/ft-query-field.xqm; extensions/indexes/lucene/src/test/xquery/lucene/ft-query-forms.xqm; extensions/indexes/lucene/src/test/xquery/lucene/ft-search-binary.xqm; extensions/indexes/lucene/src/test/xquery/lucene/self-axis-index.xqm; extensions/indexes/lucene/src/test/xquery/lucene/util-expand-highlight.xqm; extensions/indexes/lucene/src/test/xquery/lucene/vector-search.xqm; extensions/indexes/range/src/test/xquery/range/conditions.xql; extensions/indexes/range/src/test/xquery/range/index-keys.xql; extensions/indexes/range/src/test/xquery/range/optimizer.xql; extensions/indexes/range/src/test/xquery/range/prefixed-conditions.xql; extensions/indexes/range/src/test/xquery/range/range.xql; extensions/indexes/range/src/test/xquery/range/types.xql; extensions/indexes/lucene/src/test/java/org/exist/indexing/lucene/LuceneIndexTest.java; extensions/indexes/range/src/test/java/org/exist/xquery/modules/range/Issue4074IndexKeysServletContextTest.java
extensions/modules/sql/src/main/java/org/exist/xquery/modules/sql/ExecuteFunction.java,org.exist.xquery.modules.sql.ExecuteFunction,name,true,exist-core/src/main/resources/org/exist/test/runner/xquery-discovery.xq; exist-core/src/main/resources/org/exist/xquery/lib/kwic.xql; exist-core/src/main/resources/org/exist/xquery/lib/xqsuite/xqsuite.xql; exist-core/src/test/resources/org/exist/test/runner/failing-both.xqm; exist-core/src/test/xquery/arrays/arrays.xql; exist-core/src/test/xquery/axes.xql; exist-core/src/test/xquery/document-nodes.xq; exist-core/src/test/xquery/exceptOperator.xql; exist-core/src/test/xquery/maps/mapKeySameKey.xqm; exist-core/src/test/xquery/maps/maps.xqm; exist-core/src/test/xquery/namespaces.xql; exist-core/src/test/xquery/no-static-typing.xqm; exist-core/src/test/xquery/optimizer/expressions.xqm; exist-core/src/test/xquery/preceding-axis.xql; exist-core/src/test/xquery/simple-map-predicate.xq; exist-core/src/test/xquery/types.xql; exist-core/src/test/xquery/unicode.xqm; exist-core/src/test/xquery/util/document-id.xqm; exist-core/src/test/xquery/util/expand.xqm; exist-core/src/test/xquery/xmldb/copy-tests.xql; exist-core/src/test/xquery/xmldb/permission-tests.xql; exist-core/src/test/xquery/xqsuite/xqsuite-tests.xql; exist-core/src/test/xquery/xquery3/arrowop.xql; exist-core/src/test/xquery/xquery3/bang.xql; exist-core/src/test/xquery/xquery3/flwor.xql; exist-core/src/test/xquery/xquery3/fn.xql; exist-core/src/test/xquery/xquery3/fnElementWithId.xqm; exist-core/src/test/xquery/xquery3/fnId.xqm; exist-core/src/test/xquery/xquery3/fnSort.xql; exist-core/src/test/xquery/xquery3/higher-order.xqm; exist-core/src/test/xquery/xquery3/load-xquery-module.xql; exist-core/src/test/xquery/xquery3/serialize.xql; exist-core/src/test/xquery/xquery3/transform/fnTransform82e.xqm; exist-core/src/test/xquery/xquery3/transform/fnTransformParams.xqm; exist-jetty-config/src/main/resources/webapp/controller.xql; extensions/indexes/lucene/src/test/xquery/lucene/analyzers-field.xqm; extensions/indexes/lucene/src/test/xquery/lucene/field-expression-context.xqm; extensions/indexes/lucene/src/test/xquery/lucene/ft-edge.xqm; extensions/indexes/lucene/src/test/xquery/lucene/ft-query-forms.xqm; extensions/indexes/range/src/test/xquery/range/multi-collection-search.xqm; extensions/indexes/range/src/test/xquery/range/optimizer.xql; extensions/indexes/range/src/test/xquery/range/range.xql; extensions/modules/expathrepo/src/test/xquery/modules/expathrepo/deployment.xql; extensions/modules/http-client/src/test/xquery/http-client-tests.xql; extensions/modules/jndi/jndiExample.xql; exist-core/src/test/java/org/exist/xquery/AbstractDescendantOrSelfNodeKindTest.java; exist-core/src/test/java/org/exist/xquery/FollowingAxisPositionRegressionTest.java; exist-core/src/test/java/org/exist/xquery/IntersectElementReturnTypeTest.java; exist-core/src/test/java/org/exist/xquery/CompAttrConstructorErrorCodeTest.java; exist-core/src/test/java/org/exist/xquery/XQueryTest.java; exist-core/src/test/java/org/exist/xquery/XPathQueryTest.java; exist-core/src/test/java/org/exist/xquery/ContextDependencyRegressionTest.java; exist-core/src/test/java/org/exist/xquery/XQueryFunctionsTest.java; exist-core/src/test/java/org/exist/xquery/functions/request/GetUploadedFileHeadersTest.java; exist-core/src/test/java/org/exist/xquery/functions/transform/TransformTest.java; exist-core/src/test/java/org/exist/IndexerTest.java; exist-core/src/test/java/org/exist/xupdate/StressTest.java; exist-core/src/test/java/org/exist/http/urlrewrite/UrlRewritePipelineHttpTest.java; exist-core/src/test/java/org/exist/dom/persistent/BasicNodeSetTest.java; exist-core/src/test/java/org/exist/collections/ConcurrencyTest.java; extensions/indexes/lucene/src/test/java/org/exist/indexing/lucene/LuceneIndexTest.java; extensions/modules/http-client/src/test/java/org/exist/xquery/modules/httpclient/SendRequestFunctionTest.java
extensions/modules/sql/src/main/java/org/exist/xquery/modules/sql/ExecuteFunction.java,org.exist.xquery.modules.sql.ExecuteFunction,type,true,exist-core/src/main/resources/org/exist/xquery/lib/xqsuite/xqsuite.xql; exist-core/src/test/xquery/arrays/arrays.xql; exist-core/src/test/xquery/dates/convert-dates.xqm; exist-core/src/test/xquery/integers.xq; exist-core/src/test/xquery/maps/maps.xqm; exist-core/src/test/xquery/types.xql; exist-core/src/test/xquery/xquery3/fnElementWithId.xqm; exist-core/src/test/xquery/xquery3/fnId.xqm; exist-core/src/test/xquery/xquery3/higher-order.xqm; exist-core/src/test/xquery/xquery3/json-to-xml.xql; exist-core/src/test/xquery/xquery3/load-xquery-module.xql; exist-core/src/test/xquery/xquery3/parse-xml-fragment.xqm; exist-core/src/test/xquery/xquery3/parse-xml.xqm; exist-core/src/test/xquery/xquery3/typeswitch.xql; extensions/indexes/lucene/src/test/xquery/lucene/ft-facets.xqm; extensions/indexes/lucene/src/test/xquery/lucene/ft-query-forms.xqm; extensions/indexes/range/src/test/xquery/range/types.xql; exist-core/src/test/java/org/exist/xmldb/CollectionConfigurationTest.java; exist-core/src/test/java/org/exist/xquery/ModuleImportTest.java; exist-core/src/test/java/org/exist/http/RESTServiceTest.java; extensions/exquery/restxq/src/test/java/org/exist/extensions/exquery/restxq/impl/MediaTypeIntegrationTest.java; extensions/modules/mail/src/test/java/org/exist/xquery/modules/mail/SendEmailIT.java
extensions/modules/sql/src/main/java/org/exist/xquery/modules/sql/ExecuteFunction.java,org.exist.xquery.modules.sql.ExecuteFunction,null,true,exist-core/src/test/xquery/xquery3/xml-to-json.xql
extensions/modules/sql/src/main/java/org/exist/xquery/modules/sql/ExecuteFunction.java,org.exist.xquery.modules.sql.ExecuteFunction,exception,true,extensions/indexes/lucene/src/test/xquery/lucene/ft-edge.xqm; extensions/indexes/lucene/src/test/xquery/lucene/ft-query-field.xqm
extensions/modules/sql/src/main/java/org/exist/xquery/modules/sql/ExecuteFunction.java,org.exist.xquery.modules.sql.ExecuteFunction,recoverable,false,
extensions/modules/sql/src/main/java/org/exist/xquery/modules/sql/ExecuteFunction.java,org.exist.xquery.modules.sql.ExecuteFunction,state,false,
extensions/modules/sql/src/main/java/org/exist/xquery/modules/sql/ExecuteFunction.java,org.exist.xquery.modules.sql.ExecuteFunction,message,false,
extensions/modules/sql/src/main/java/org/exist/xquery/modules/sql/ExecuteFunction.java,org.exist.xquery.modules.sql.ExecuteFunction,stack-trace,false,
extensions/modules/sql/src/main/java/org/exist/xquery/modules/sql/ExecuteFunction.java,org.exist.xquery.modules.sql.ExecuteFunction,sql,false,
extensions/modules/sql/src/main/java/org/exist/xquery/modules/sql/ExecuteFunction.java,org.exist.xquery.modules.sql.ExecuteFunction,parameters,true,exist-core/src/test/xquery/xquery3/fnSort.xql
extensions/modules/sql/src/main/java/org/exist/xquery/modules/sql/ExecuteFunction.java,org.exist.xquery.modules.sql.ExecuteFunction,param,true,exist-core/src/test/xquery/xquery3/fnNilled.xqm; exist-docker/src/test/bats/03-xquery-spec.bats
extensions/modules/sql/src/main/java/org/exist/xquery/modules/sql/ExecuteFunction.java,org.exist.xquery.modules.sql.ExecuteFunction,xquery,false,
extensions/modules/sql/src/main/java/org/exist/xquery/modules/sql/ExecuteFunction.java,org.exist.xquery.modules.sql.ExecuteFunction,line,true,exist-core/src/test/xquery/arrays/arrays.xql; exist-core/src/test/xquery/function.xql; exist-core/src/test/xquery/system/as-user.xqm; exist-core/src/test/xquery/xquery3/arrowop.xql; exist-core/src/test/xquery/xquery3/fnRefs.xql; exist-core/src/test/xquery/xquery3/higher-order.xqm; extensions/indexes/lucene/src/test/xquery/lucene/field-expression-context.xqm; extensions/indexes/lucene/src/test/xquery/lucene/inline-elements.xql; extensions/indexes/lucene/src/test/xquery/lucene/util-expand-highlight.xqm; extensions/modules/file/src/test/xquery/modules/file/serialize.xqm; exist-core/src/test/java/org/exist/xquery/CleanupTest.java; exist-core/src/test/java/org/exist/xquery/functions/util/EvalTest.java
extensions/modules/sql/src/main/java/org/exist/xquery/modules/sql/ExecuteFunction.java,org.exist.xquery.modules.sql.ExecuteFunction,column,false,
extensions/modules/sql/src/main/java/org/exist/xquery/modules/sql/CloseConnectionFunction.java,org.exist.xquery.modules.sql.CloseConnectionFunction,close-connection,true,extensions/modules/sql/src/test/java/org/exist/xquery/modules/sql/ConnectionIT.java
extensions/modules/sql/src/main/java/org/exist/xquery/modules/sql/PrepareFunction.java,org.exist.xquery.modules.sql.PrepareFunction,prepare,true,exist-core/src/test/java/org/exist/xquery/NodeTypeTest.java
extensions/modules/sql/src/main/java/org/exist/xquery/modules/sql/GetConnectionFunction.java,org.exist.xquery.modules.sql.GetConnectionFunction,get-connection,true,extensions/modules/sql-oracle/src/main/resources/org/exist/xquery/modules/oracle/oracle-example.xql; extensions/modules/sql/src/test/java/org/exist/xquery/modules/sql/ConnectionIT.java; extensions/modules/sql/src/test/java/org/exist/xquery/modules/sql/ExecuteIT.java
extensions/modules/sql/src/main/java/org/exist/xquery/modules/sql/GetConnectionFunction.java,org.exist.xquery.modules.sql.GetConnectionFunction,get-connection-from-pool,true,extensions/modules/sql/src/test/java/org/exist/xquery/modules/sql/ConnectionPoolIT.java
extensions/modules/sql/src/main/java/org/exist/xquery/modules/sql/GetJNDIConnectionFunction.java,org.exist.xquery.modules.sql.GetJNDIConnectionFunction,get-jndi-connection,true,extensions/modules/sql/src/test/java/org/exist/xquery/modules/sql/JndiConnectionIT.java; extensions/modules/sql/src/test/java/org/exist/xquery/modules/sql/ImplicitConnectionCloseIT.java
extensions/modules/xmldiff/src/main/java/org/exist/xquery/modules/xmldiff/Compare.java,org.exist.xquery.modules.xmldiff.Compare,compare,true,exist-core/src/test/xquery/namespaces.xql; exist-core/src/test/xquery/xquery3/xml-to-json.xql; extensions/modules/xmldiff/src/test/xquery/modules/xmldiff/compare.xqm; exist-core/src/test/java/org/exist/util/serializer/HtmlSerializerBenchmarkTest.java; exist-core/src/test/java/org/exist/xquery/XQueryFunctionsTest.java
extensions/modules/xmldiff/src/main/java/org/exist/xquery/modules/xmldiff/Compare.java,org.exist.xquery.modules.xmldiff.Compare,diff,true,extensions/modules/xmldiff/src/test/xquery/modules/xmldiff/diff.xqm
extensions/modules/xslfo/src/main/java/org/exist/xquery/modules/xslfo/RenderFunction.java,org.exist.xquery.modules.xslfo.RenderFunction,render,true,extensions/modules/xslfo/src/test/java/org/exist/xquery/modules/xslfo/ApacheFopTest.java
extensions/security/ldap/src/main/java/org/exist/security/realm/ldap/xquery/AccountFunctions.java,org.exist.security.realm.ldap.xquery.AccountFunctions,update-account,false,
extensions/vector/src/main/java/org/exist/xquery/modules/vector/EmbedBatch.java,org.exist.xquery.modules.vector.EmbedBatch,embed-batch,true,extensions/indexes/lucene/src/test/xquery/lucene/vector-embed.xqm; extensions/indexes/vector-it/src/test/java/xquery/lucene/VectorSearchEmbeddingIT.java
extensions/vector/src/main/java/org/exist/xquery/modules/vector/Diagnostics.java,org.exist.xquery.modules.vector.Diagnostics,diagnostics,true,extensions/indexes/vector-it/src/test/java/xquery/lucene/VectorSearchEmbeddingIT.java
extensions/vector/src/main/java/org/exist/xquery/modules/vector/Diagnostics.java,org.exist.xquery.modules.vector.Diagnostics,model,true,exist-core/src/test/xquery/xquery3/closure-in-maps.xql
extensions/vector/src/main/java/org/exist/xquery/modules/vector/Diagnostics.java,org.exist.xquery.modules.vector.Diagnostics,id,true,exist-core/src/test/xquery/arrays/arrays.xql; exist-core/src/test/xquery/logicalOp/andor.xql; exist-core/src/test/xquery/node-tests.xqm; exist-core/src/test/xquery/securitymanager/id.xqm; exist-core/src/test/xquery/system/as-user.xqm; exist-core/src/test/xquery/util/document-id.xqm; exist-core/src/test/xquery/validation/jaxp.xql; exist-core/src/test/xquery/validation/jaxv.xql; exist-core/src/test/xquery/xmlid.xql; exist-core/src/test/xquery/xquery3/fnElementWithId.xqm; exist-core/src/test/xquery/xquery3/fnId.xqm; exist-core/src/test/xquery/xquery3/fnPath.xqm; exist-core/src/test/xquery/xquery3/generate-id.xqm; extensions/indexes/lucene/src/test/xquery/lucene/ft-query-forms.xqm; extensions/indexes/lucene/src/test/xquery/lucene/self-axis-index.xqm; extensions/indexes/range/src/test/xquery/range/fields.xql; extensions/modules/file/src/test/resources/util/helper.xqm; exist-core/src/test/java/org/exist/xquery/update/UpdateValueTest.java; exist-core/src/test/java/org/exist/xquery/update/UpdateInsertTest.java; exist-core/src/test/java/org/exist/xquery/XQueryTest.java; exist-core/src/test/java/org/exist/xquery/XPathQueryTest.java; exist-core/src/test/java/org/exist/xquery/functions/xmldb/XMLDBAuthenticateTest.java; exist-core/src/test/java/org/exist/xquery/functions/securitymanager/PermissionsFunctionChmodTest.java; exist-core/src/test/java/org/exist/xquery/functions/securitymanager/PermissionsFunctionChownTest.java; exist-core/src/test/java/org/exist/http/RESTServiceTest.java; exist-core/src/test/java/org/exist/collections/triggers/XQueryTriggerSetGidTest.java; exist-core/src/test/java/org/exist/collections/triggers/XQueryTriggerSetUidTest.java; exist-core/src/test/java/org/exist/collections/triggers/XQueryTriggerChainTest.java; extensions/indexes/spatial/src/test/java/org/exist/indexing/spatial/GMLIndexTest.java; extensions/modules/persistentlogin/src/test/java/org/exist/xquery/modules/persistentlogin/LoginModuleIT.java
extensions/vector/src/main/java/org/exist/xquery/modules/vector/Diagnostics.java,org.exist.xquery.modules.vector.Diagnostics,source,true,exist-core/src/test/xquery/indexing/indexes-base-uri.xq; exist-core/src/test/xquery/xmldb/copy-tests.xql; exist-core/src/test/xquery/xmldb/permission-tests.xql; exist-core/src/test/xquery/xquery3/fnUriCollection.xqm; extensions/indexes/lucene/src/test/xquery/lucene/ft-query-field.xqm; extensions/modules/compression/src/test/xquery/modules/compression/zip-tests.xql; extensions/modules/expathrepo/src/main/resources/org/exist/xquery/modules/expathrepo/repair.xql; extensions/modules/expathrepo/src/test/xquery/modules/expathrepo/deployment.xql; extensions/modules/expathrepo/src/test/xquery/modules/expathrepo/resource-available.xql; extensions/modules/file/src/test/resources/util/helper.xqm; extensions/modules/file/src/test/xquery/modules/file/sync-serialize.xqm; extensions/modules/file/src/test/xquery/modules/file/syncmod.xqm; exist-core/src/test/java/org/exist/xmldb/CreateCollectionsTest.java; exist-core/src/test/java/org/exist/xquery/RestBinariesTest.java; exist-core/src/test/java/org/exist/collections/triggers/XQueryTriggerChainTest.java
extensions/vector/src/main/java/org/exist/xquery/modules/vector/Diagnostics.java,org.exist.xquery.modules.vector.Diagnostics,path,true,exist-core/src/main/resources/org/exist/xquery/lib/xqsuite/examples.xql; exist-core/src/test/xquery/axes.xql; exist-core/src/test/xquery/npt.xqm; exist-core/src/test/xquery/positional-nested.xql; exist-core/src/test/xquery/system/get-main-module-load-path.xqm; exist-core/src/test/xquery/system/get-module-load-path.xqm; exist-core/src/test/xquery/unparsed-text.xql; exist-core/src/test/xquery/util/document-id.xqm; exist-core/src/test/xquery/xmldb/create-collection-tests.xql; exist-core/src/test/xquery/xqsuite/xqsuite-tests.xql; exist-core/src/test/xquery/xquery3/bang.xql; exist-core/src/test/xquery/xquery3/fnPath.xqm; exist-core/src/test/xquery/xquery3/higher-order.xqm; exist-core/src/test/xquery/xquery3/load-xquery-module.xql; exist-docker/src/test/bats/03-xquery-spec.bats; extensions/exquery/restxq/src/test/xquery/restxq/arrays.xq; extensions/indexes/lucene/src/test/xquery/lucene/ft-edge.xqm; extensions/indexes/lucene/src/test/xquery/lucene/ft-facets.xqm; extensions/indexes/lucene/src/test/xquery/lucene/ft-query-forms.xqm; extensions/modules/file/src/test/resources/util/helper.xqm; extensions/modules/persistentlogin/src/main/resources/org/exist/xquery/modules/persistentlogin/login.xql; exist-core/src/test/java/org/exist/xquery/DocumentUpdateTest.java; exist-core/src/test/java/org/exist/xquery/functions/inspect/InspectModuleTest.java; exist-core/src/test/java/org/exist/http/RESTServiceTest.java; extensions/exquery/restxq/src/test/java/org/exist/extensions/exquery/restxq/impl/LibraryCircularDependencyIntegrationTest.java; extensions/exquery/restxq/src/test/java/org/exist/extensions/exquery/restxq/impl/MediaTypeIntegrationTest.java
extensions/vector/src/main/java/org/exist/xquery/modules/vector/Diagnostics.java,org.exist.xquery.modules.vector.Diagnostics,dimension,false,
extensions/vector/src/main/java/org/exist/xquery/modules/vector/Diagnostics.java,org.exist.xquery.modules.vector.Diagnostics,status,false,
extensions/vector/src/main/java/org/exist/xquery/modules/vector/Diagnostics.java,org.exist.xquery.modules.vector.Diagnostics,provider,false,
extensions/vector/src/main/java/org/exist/xquery/modules/vector/Diagnostics.java,org.exist.xquery.modules.vector.Diagnostics,message,false,
extensions/vector/src/main/java/org/exist/xquery/modules/vector/Models.java,org.exist.xquery.modules.vector.Models,models,true,extensions/indexes/lucene/src/test/xquery/lucene/vector-embed.xqm
extensions/vector/src/main/java/org/exist/xquery/modules/vector/Embed.java,org.exist.xquery.modules.vector.Embed,embed,true,extensions/indexes/lucene/src/test/xquery/lucene/vector-embed.xqm; extensions/indexes/lucene/src/test/xquery/lucene/vector-search.xqm; extensions/indexes/lucene/src/test/java/xquery/lucene/VectorSearchEmbeddingTest.java; extensions/indexes/vector-it/src/test/java/xquery/lucene/VectorSearchEmbeddingIT.java
extensions/xqdoc/src/main/java/org/exist/xqdoc/xquery/Scan.java,org.exist.xqdoc.xquery.Scan,scan,false,
